  0
SECTION
  2
HEADER
  9
$ANGBASE
  50
0.0
  9
$ANGDIR
  70
1
  9
$MEASUREMENT
  70
0
  9
$INSUNITS
  70
1
  0
ENDSEC
  0
SECTION
  2
TABLES
  0
TABLE
  2
LTYPE
  70
4
  0
LTYPE
  5
40F
  2
CONTINUOUS
  70
0
  3
Solid line
  72
65
  73
0
  40
0.0
  0
LTYPE
  5
410
  2
DASHDOT
 70
0
  3
Dash Dot ____ _ ____ _
 72
65
 73
4
 40
2.0
 49
1.25
 49
-0.25
 49
0.25
 49
-0.25
  0
LTYPE
  5
411
  2
DASHED
 70
0
  3
Dashed __ __ __ __ __
 72
65
 73
2
 40
0.75
 49
0.5
 49
-0.25
  0
LTYPE
  5
43B
  2
DOTTED
 70
0
  3
Dotted .  .  .  .
 72
65
 73
2
 40
0.2
 49
0.0
 49
-0.2
  0
ENDTAB
  0
TABLE
  2
STYLE
  70
4
  0
STYLE
  2
KICAD
  70
0
  40
0
  41
1
  42
1
  50
0
  71
0
  3
isocp.shx
  0
STYLE
  2
KICADB
  70
0
  40
0
  41
1
  42
1
  50
0
  71
0
  3
isocp.shx
  0
STYLE
  2
KICADI
  70
0
  40
0
  41
1
  42
1
  50
15
  71
0
  3
isocp.shx
  0
STYLE
  2
KICADBI
  70
0
  40
0
  41
1
  42
1
  50
15
  71
0
  3
isocp.shx
  0
ENDTAB
  0
TABLE
  2
LAYER
  70
1
  0
LAYER
  2
BLACK
  70
0
  62
250
  6
CONTINUOUS
  0
ENDTAB
  0
ENDSEC
  0
SECTION
  2
ENTITIES
0
LINE
8
BLACK
6
CONTINUOUS
10
0.8165800787401575
20
-2.0878663779527558
11
0.8172187007874016
21
-2.0882931102362203
0
LINE
8
BLACK
6
CONTINUOUS
10
0.8172187007874016
20
-2.0882931102362203
11
0.8176454330708661
21
-2.0889317322834646
0
LINE
8
BLACK
6
CONTINUOUS
10
0.8176454330708661
20
-2.0889317322834646
11
0.8177952755905512
21
-2.0896850393700785
0
LINE
8
BLACK
6
CONTINUOUS
10
0.8177952755905512
20
-2.0896850393700785
11
0.8177952755905512
21
-2.1496850393700786
0
LINE
8
BLACK
6
CONTINUOUS
10
0.8177952755905512
20
-2.1496850393700786
11
0.8176454330708661
21
-2.150438346456693
0
LINE
8
BLACK
6
CONTINUOUS
10
0.8176454330708661
20
-2.150438346456693
11
0.8172187007874016
21
-2.1510769685039368
0
LINE
8
BLACK
6
CONTINUOUS
10
0.8172187007874016
20
-2.1510769685039368
11
0.8165800787401575
21
-2.1515037007874014
0
LINE
8
BLACK
6
CONTINUOUS
10
0.8165800787401575
20
-2.1515037007874014
11
0.8158267716535433
21
-2.1516535433070865
0
LINE
8
BLACK
6
CONTINUOUS
10
0.8158267716535433
20
-2.1516535433070865
11
0.7558267716535433
21
-2.1516535433070865
0
LINE
8
BLACK
6
CONTINUOUS
10
0.7558267716535433
20
-2.1516535433070865
11
0.7550734645669291
21
-2.1515037007874014
0
LINE
8
BLACK
6
CONTINUOUS
10
0.7550734645669291
20
-2.1515037007874014
11
0.7544348425196851
21
-2.1510769685039368
0
LINE
8
BLACK
6
CONTINUOUS
10
0.7544348425196851
20
-2.1510769685039368
11
0.7540081102362205
21
-2.150438346456693
0
LINE
8
BLACK
6
CONTINUOUS
10
0.7540081102362205
20
-2.150438346456693
11
0.7538582677165354
21
-2.1496850393700786
0
LINE
8
BLACK
6
CONTINUOUS
10
0.7538582677165354
20
-2.1496850393700786
11
0.7538582677165354
21
-2.0896850393700785
0
LINE
8
BLACK
6
CONTINUOUS
10
0.7538582677165354
20
-2.0896850393700785
11
0.7540081102362205
21
-2.0889317322834646
0
LINE
8
BLACK
6
CONTINUOUS
10
0.7540081102362205
20
-2.0889317322834646
11
0.7544348425196851
21
-2.0882931102362203
0
LINE
8
BLACK
6
CONTINUOUS
10
0.7544348425196851
20
-2.0882931102362203
11
0.7550734645669291
21
-2.0878663779527558
0
LINE
8
BLACK
6
CONTINUOUS
10
0.7550734645669291
20
-2.0878663779527558
11
0.7558267716535433
21
-2.0877165354330707
0
LINE
8
BLACK
6
CONTINUOUS
10
0.7558267716535433
20
-2.0877165354330707
11
0.8158267716535433
21
-2.0877165354330707
0
LINE
8
BLACK
6
CONTINUOUS
10
0.8158267716535433
20
-2.0877165354330707
11
0.8165800787401575
21
-2.0878663779527558
0
LINE
8
BLACK
6
CONTINUOUS
10
0.9165800787401575
20
-2.0878663779527558
11
0.9172187007874015
21
-2.0882931102362203
0
LINE
8
BLACK
6
CONTINUOUS
10
0.9172187007874015
20
-2.0882931102362203
11
0.9176454330708661
21
-2.0889317322834646
0
LINE
8
BLACK
6
CONTINUOUS
10
0.9176454330708661
20
-2.0889317322834646
11
0.9177952755905512
21
-2.0896850393700785
0
LINE
8
BLACK
6
CONTINUOUS
10
0.9177952755905512
20
-2.0896850393700785
11
0.9177952755905512
21
-2.1496850393700786
0
LINE
8
BLACK
6
CONTINUOUS
10
0.9177952755905512
20
-2.1496850393700786
11
0.9176454330708661
21
-2.150438346456693
0
LINE
8
BLACK
6
CONTINUOUS
10
0.9176454330708661
20
-2.150438346456693
11
0.9172187007874015
21
-2.1510769685039368
0
LINE
8
BLACK
6
CONTINUOUS
10
0.9172187007874015
20
-2.1510769685039368
11
0.9165800787401575
21
-2.1515037007874014
0
LINE
8
BLACK
6
CONTINUOUS
10
0.9165800787401575
20
-2.1515037007874014
11
0.9158267716535433
21
-2.1516535433070865
0
LINE
8
BLACK
6
CONTINUOUS
10
0.9158267716535433
20
-2.1516535433070865
11
0.8558267716535433
21
-2.1516535433070865
0
LINE
8
BLACK
6
CONTINUOUS
10
0.8558267716535433
20
-2.1516535433070865
11
0.8550734645669291
21
-2.1515037007874014
0
LINE
8
BLACK
6
CONTINUOUS
10
0.8550734645669291
20
-2.1515037007874014
11
0.854434842519685
21
-2.1510769685039368
0
LINE
8
BLACK
6
CONTINUOUS
10
0.854434842519685
20
-2.1510769685039368
11
0.8540081102362205
21
-2.150438346456693
0
LINE
8
BLACK
6
CONTINUOUS
10
0.8540081102362205
20
-2.150438346456693
11
0.8538582677165354
21
-2.1496850393700786
0
LINE
8
BLACK
6
CONTINUOUS
10
0.8538582677165354
20
-2.1496850393700786
11
0.8538582677165354
21
-2.0896850393700785
0
LINE
8
BLACK
6
CONTINUOUS
10
0.8538582677165354
20
-2.0896850393700785
11
0.8540081102362205
21
-2.0889317322834646
0
LINE
8
BLACK
6
CONTINUOUS
10
0.8540081102362205
20
-2.0889317322834646
11
0.854434842519685
21
-2.0882931102362203
0
LINE
8
BLACK
6
CONTINUOUS
10
0.854434842519685
20
-2.0882931102362203
11
0.8550734645669291
21
-2.0878663779527558
0
LINE
8
BLACK
6
CONTINUOUS
10
0.8550734645669291
20
-2.0878663779527558
11
0.8558267716535433
21
-2.0877165354330707
0
LINE
8
BLACK
6
CONTINUOUS
10
0.8558267716535433
20
-2.0877165354330707
11
0.9158267716535433
21
-2.0877165354330707
0
LINE
8
BLACK
6
CONTINUOUS
10
0.9158267716535433
20
-2.0877165354330707
11
0.9165800787401575
21
-2.0878663779527558
0
LINE
8
BLACK
6
CONTINUOUS
10
0.8165800787401575
20
-1.9878663779527559
11
0.8172187007874016
21
-1.9882931102362205
0
LINE
8
BLACK
6
CONTINUOUS
10
0.8172187007874016
20
-1.9882931102362205
11
0.8176454330708661
21
-1.9889317322834645
0
LINE
8
BLACK
6
CONTINUOUS
10
0.8176454330708661
20
-1.9889317322834645
11
0.8177952755905512
21
-1.9896850393700787
0
LINE
8
BLACK
6
CONTINUOUS
10
0.8177952755905512
20
-1.9896850393700787
11
0.8177952755905512
21
-2.0496850393700785
0
LINE
8
BLACK
6
CONTINUOUS
10
0.8177952755905512
20
-2.0496850393700785
11
0.8176454330708661
21
-2.0504383464566929
0
LINE
8
BLACK
6
CONTINUOUS
10
0.8176454330708661
20
-2.0504383464566929
11
0.8172187007874016
21
-2.0510769685039372
0
LINE
8
BLACK
6
CONTINUOUS
10
0.8172187007874016
20
-2.0510769685039372
11
0.8165800787401575
21
-2.0515037007874017
0
LINE
8
BLACK
6
CONTINUOUS
10
0.8165800787401575
20
-2.0515037007874017
11
0.8158267716535433
21
-2.0516535433070864
0
LINE
8
BLACK
6
CONTINUOUS
10
0.8158267716535433
20
-2.0516535433070864
11
0.7558267716535433
21
-2.0516535433070864
0
LINE
8
BLACK
6
CONTINUOUS
10
0.7558267716535433
20
-2.0516535433070864
11
0.7550734645669291
21
-2.0515037007874017
0
LINE
8
BLACK
6
CONTINUOUS
10
0.7550734645669291
20
-2.0515037007874017
11
0.7544348425196851
21
-2.0510769685039372
0
LINE
8
BLACK
6
CONTINUOUS
10
0.7544348425196851
20
-2.0510769685039372
11
0.7540081102362205
21
-2.0504383464566929
0
LINE
8
BLACK
6
CONTINUOUS
10
0.7540081102362205
20
-2.0504383464566929
11
0.7538582677165354
21
-2.0496850393700785
0
LINE
8
BLACK
6
CONTINUOUS
10
0.7538582677165354
20
-2.0496850393700785
11
0.7538582677165354
21
-1.9896850393700787
0
LINE
8
BLACK
6
CONTINUOUS
10
0.7538582677165354
20
-1.9896850393700787
11
0.7540081102362205
21
-1.9889317322834645
0
LINE
8
BLACK
6
CONTINUOUS
10
0.7540081102362205
20
-1.9889317322834645
11
0.7544348425196851
21
-1.9882931102362205
0
LINE
8
BLACK
6
CONTINUOUS
10
0.7544348425196851
20
-1.9882931102362205
11
0.7550734645669291
21
-1.9878663779527559
0
LINE
8
BLACK
6
CONTINUOUS
10
0.7550734645669291
20
-1.9878663779527559
11
0.7558267716535433
21
-1.9877165354330708
0
LINE
8
BLACK
6
CONTINUOUS
10
0.7558267716535433
20
-1.9877165354330708
11
0.8158267716535433
21
-1.9877165354330708
0
LINE
8
BLACK
6
CONTINUOUS
10
0.8158267716535433
20
-1.9877165354330708
11
0.8165800787401575
21
-1.9878663779527559
0
LINE
8
BLACK
6
CONTINUOUS
10
0.9165800787401575
20
-1.9878663779527559
11
0.9172187007874015
21
-1.9882931102362205
0
LINE
8
BLACK
6
CONTINUOUS
10
0.9172187007874015
20
-1.9882931102362205
11
0.9176454330708661
21
-1.9889317322834645
0
LINE
8
BLACK
6
CONTINUOUS
10
0.9176454330708661
20
-1.9889317322834645
11
0.9177952755905512
21
-1.9896850393700787
0
LINE
8
BLACK
6
CONTINUOUS
10
0.9177952755905512
20
-1.9896850393700787
11
0.9177952755905512
21
-2.0496850393700785
0
LINE
8
BLACK
6
CONTINUOUS
10
0.9177952755905512
20
-2.0496850393700785
11
0.9176454330708661
21
-2.0504383464566929
0
LINE
8
BLACK
6
CONTINUOUS
10
0.9176454330708661
20
-2.0504383464566929
11
0.9172187007874015
21
-2.0510769685039372
0
LINE
8
BLACK
6
CONTINUOUS
10
0.9172187007874015
20
-2.0510769685039372
11
0.9165800787401575
21
-2.0515037007874017
0
LINE
8
BLACK
6
CONTINUOUS
10
0.9165800787401575
20
-2.0515037007874017
11
0.9158267716535433
21
-2.0516535433070864
0
LINE
8
BLACK
6
CONTINUOUS
10
0.9158267716535433
20
-2.0516535433070864
11
0.8558267716535433
21
-2.0516535433070864
0
LINE
8
BLACK
6
CONTINUOUS
10
0.8558267716535433
20
-2.0516535433070864
11
0.8550734645669291
21
-2.0515037007874017
0
LINE
8
BLACK
6
CONTINUOUS
10
0.8550734645669291
20
-2.0515037007874017
11
0.854434842519685
21
-2.0510769685039372
0
LINE
8
BLACK
6
CONTINUOUS
10
0.854434842519685
20
-2.0510769685039372
11
0.8540081102362205
21
-2.0504383464566929
0
LINE
8
BLACK
6
CONTINUOUS
10
0.8540081102362205
20
-2.0504383464566929
11
0.8538582677165354
21
-2.0496850393700785
0
LINE
8
BLACK
6
CONTINUOUS
10
0.8538582677165354
20
-2.0496850393700785
11
0.8538582677165354
21
-1.9896850393700787
0
LINE
8
BLACK
6
CONTINUOUS
10
0.8538582677165354
20
-1.9896850393700787
11
0.8540081102362205
21
-1.9889317322834645
0
LINE
8
BLACK
6
CONTINUOUS
10
0.8540081102362205
20
-1.9889317322834645
11
0.854434842519685
21
-1.9882931102362205
0
LINE
8
BLACK
6
CONTINUOUS
10
0.854434842519685
20
-1.9882931102362205
11
0.8550734645669291
21
-1.9878663779527559
0
LINE
8
BLACK
6
CONTINUOUS
10
0.8550734645669291
20
-1.9878663779527559
11
0.8558267716535433
21
-1.9877165354330708
0
LINE
8
BLACK
6
CONTINUOUS
10
0.8558267716535433
20
-1.9877165354330708
11
0.9158267716535433
21
-1.9877165354330708
0
LINE
8
BLACK
6
CONTINUOUS
10
0.9158267716535433
20
-1.9877165354330708
11
0.9165800787401575
21
-1.9878663779527559
0
LINE
8
BLACK
6
CONTINUOUS
10
-0.4192466929133858
20
-1.9866852755905511
11
-0.4186080708661417
21
-1.9871120078740157
0
LINE
8
BLACK
6
CONTINUOUS
10
-0.4186080708661417
20
-1.9871120078740157
11
-0.4181813385826771
21
-1.9877506299212597
0
LINE
8
BLACK
6
CONTINUOUS
10
-0.4181813385826771
20
-1.9877506299212597
11
-0.4180314960629921
21
-1.9885039370078739
0
LINE
8
BLACK
6
CONTINUOUS
10
-0.4180314960629921
20
-1.9885039370078739
11
-0.4180314960629921
21
-2.0485039370078741
0
LINE
8
BLACK
6
CONTINUOUS
10
-0.4180314960629921
20
-2.0485039370078741
11
-0.4181813385826771
21
-2.0492572440944881
0
LINE
8
BLACK
6
CONTINUOUS
10
-0.4181813385826771
20
-2.0492572440944881
11
-0.4186080708661417
21
-2.0498958661417324
0
LINE
8
BLACK
6
CONTINUOUS
10
-0.4186080708661417
20
-2.0498958661417324
11
-0.4192466929133858
21
-2.0503225984251969
0
LINE
8
BLACK
6
CONTINUOUS
10
-0.4192466929133858
20
-2.0503225984251969
11
-0.42
21
-2.050472440944882
0
LINE
8
BLACK
6
CONTINUOUS
10
-0.42
20
-2.050472440944882
11
-0.48
21
-2.050472440944882
0
LINE
8
BLACK
6
CONTINUOUS
10
-0.48
20
-2.050472440944882
11
-0.4807533070866142
21
-2.0503225984251969
0
LINE
8
BLACK
6
CONTINUOUS
10
-0.4807533070866142
20
-2.0503225984251969
11
-0.4813919291338583
21
-2.0498958661417324
0
LINE
8
BLACK
6
CONTINUOUS
10
-0.4813919291338583
20
-2.0498958661417324
11
-0.4818186614173228
21
-2.0492572440944881
0
LINE
8
BLACK
6
CONTINUOUS
10
-0.4818186614173228
20
-2.0492572440944881
11
-0.4819685039370079
21
-2.0485039370078741
0
LINE
8
BLACK
6
CONTINUOUS
10
-0.4819685039370079
20
-2.0485039370078741
11
-0.4819685039370079
21
-1.9885039370078739
0
LINE
8
BLACK
6
CONTINUOUS
10
-0.4819685039370079
20
-1.9885039370078739
11
-0.4818186614173228
21
-1.9877506299212597
0
LINE
8
BLACK
6
CONTINUOUS
10
-0.4818186614173228
20
-1.9877506299212597
11
-0.4813919291338583
21
-1.9871120078740157
0
LINE
8
BLACK
6
CONTINUOUS
10
-0.4813919291338583
20
-1.9871120078740157
11
-0.4807533070866142
21
-1.9866852755905511
0
LINE
8
BLACK
6
CONTINUOUS
10
-0.4807533070866142
20
-1.9866852755905511
11
-0.48
21
-1.986535433070866
0
LINE
8
BLACK
6
CONTINUOUS
10
-0.48
20
-1.986535433070866
11
-0.42
21
-1.986535433070866
0
LINE
8
BLACK
6
CONTINUOUS
10
-0.42
20
-1.986535433070866
11
-0.4192466929133858
21
-1.9866852755905511
0
LINE
8
BLACK
6
CONTINUOUS
10
-0.3192466929133858
20
-1.9866852755905511
11
-0.3186080708661417
21
-1.9871120078740157
0
LINE
8
BLACK
6
CONTINUOUS
10
-0.3186080708661417
20
-1.9871120078740157
11
-0.3181813385826772
21
-1.9877506299212597
0
LINE
8
BLACK
6
CONTINUOUS
10
-0.3181813385826772
20
-1.9877506299212597
11
-0.3180314960629921
21
-1.9885039370078739
0
LINE
8
BLACK
6
CONTINUOUS
10
-0.3180314960629921
20
-1.9885039370078739
11
-0.3180314960629921
21
-2.0485039370078741
0
LINE
8
BLACK
6
CONTINUOUS
10
-0.3180314960629921
20
-2.0485039370078741
11
-0.3181813385826772
21
-2.0492572440944881
0
LINE
8
BLACK
6
CONTINUOUS
10
-0.3181813385826772
20
-2.0492572440944881
11
-0.3186080708661417
21
-2.0498958661417324
0
LINE
8
BLACK
6
CONTINUOUS
10
-0.3186080708661417
20
-2.0498958661417324
11
-0.3192466929133858
21
-2.0503225984251969
0
LINE
8
BLACK
6
CONTINUOUS
10
-0.3192466929133858
20
-2.0503225984251969
11
-0.32
21
-2.050472440944882
0
LINE
8
BLACK
6
CONTINUOUS
10
-0.32
20
-2.050472440944882
11
-0.38
21
-2.050472440944882
0
LINE
8
BLACK
6
CONTINUOUS
10
-0.38
20
-2.050472440944882
11
-0.3807533070866141
21
-2.0503225984251969
0
LINE
8
BLACK
6
CONTINUOUS
10
-0.3807533070866141
20
-2.0503225984251969
11
-0.3813919291338583
21
-2.0498958661417324
0
LINE
8
BLACK
6
CONTINUOUS
10
-0.3813919291338583
20
-2.0498958661417324
11
-0.3818186614173228
21
-2.0492572440944881
0
LINE
8
BLACK
6
CONTINUOUS
10
-0.3818186614173228
20
-2.0492572440944881
11
-0.3819685039370079
21
-2.0485039370078741
0
LINE
8
BLACK
6
CONTINUOUS
10
-0.3819685039370079
20
-2.0485039370078741
11
-0.3819685039370079
21
-1.9885039370078739
0
LINE
8
BLACK
6
CONTINUOUS
10
-0.3819685039370079
20
-1.9885039370078739
11
-0.3818186614173228
21
-1.9877506299212597
0
LINE
8
BLACK
6
CONTINUOUS
10
-0.3818186614173228
20
-1.9877506299212597
11
-0.3813919291338583
21
-1.9871120078740157
0
LINE
8
BLACK
6
CONTINUOUS
10
-0.3813919291338583
20
-1.9871120078740157
11
-0.3807533070866141
21
-1.9866852755905511
0
LINE
8
BLACK
6
CONTINUOUS
10
-0.3807533070866141
20
-1.9866852755905511
11
-0.38
21
-1.986535433070866
0
LINE
8
BLACK
6
CONTINUOUS
10
-0.38
20
-1.986535433070866
11
-0.32
21
-1.986535433070866
0
LINE
8
BLACK
6
CONTINUOUS
10
-0.32
20
-1.986535433070866
11
-0.3192466929133858
21
-1.9866852755905511
0
LINE
8
BLACK
6
CONTINUOUS
10
-0.2192466929133858
20
-1.9866852755905511
11
-0.2186080708661417
21
-1.9871120078740157
0
LINE
8
BLACK
6
CONTINUOUS
10
-0.2186080708661417
20
-1.9871120078740157
11
-0.2181813385826772
21
-1.9877506299212597
0
LINE
8
BLACK
6
CONTINUOUS
10
-0.2181813385826772
20
-1.9877506299212597
11
-0.2180314960629921
21
-1.9885039370078739
0
LINE
8
BLACK
6
CONTINUOUS
10
-0.2180314960629921
20
-1.9885039370078739
11
-0.2180314960629921
21
-2.0485039370078741
0
LINE
8
BLACK
6
CONTINUOUS
10
-0.2180314960629921
20
-2.0485039370078741
11
-0.2181813385826772
21
-2.0492572440944881
0
LINE
8
BLACK
6
CONTINUOUS
10
-0.2181813385826772
20
-2.0492572440944881
11
-0.2186080708661417
21
-2.0498958661417324
0
LINE
8
BLACK
6
CONTINUOUS
10
-0.2186080708661417
20
-2.0498958661417324
11
-0.2192466929133858
21
-2.0503225984251969
0
LINE
8
BLACK
6
CONTINUOUS
10
-0.2192466929133858
20
-2.0503225984251969
11
-0.22
21
-2.050472440944882
0
LINE
8
BLACK
6
CONTINUOUS
10
-0.22
20
-2.050472440944882
11
-0.28
21
-2.050472440944882
0
LINE
8
BLACK
6
CONTINUOUS
10
-0.28
20
-2.050472440944882
11
-0.2807533070866142
21
-2.0503225984251969
0
LINE
8
BLACK
6
CONTINUOUS
10
-0.2807533070866142
20
-2.0503225984251969
11
-0.2813919291338582
21
-2.0498958661417324
0
LINE
8
BLACK
6
CONTINUOUS
10
-0.2813919291338582
20
-2.0498958661417324
11
-0.2818186614173228
21
-2.0492572440944881
0
LINE
8
BLACK
6
CONTINUOUS
10
-0.2818186614173228
20
-2.0492572440944881
11
-0.2819685039370078
21
-2.0485039370078741
0
LINE
8
BLACK
6
CONTINUOUS
10
-0.2819685039370078
20
-2.0485039370078741
11
-0.2819685039370078
21
-1.9885039370078739
0
LINE
8
BLACK
6
CONTINUOUS
10
-0.2819685039370078
20
-1.9885039370078739
11
-0.2818186614173228
21
-1.9877506299212597
0
LINE
8
BLACK
6
CONTINUOUS
10
-0.2818186614173228
20
-1.9877506299212597
11
-0.2813919291338582
21
-1.9871120078740157
0
LINE
8
BLACK
6
CONTINUOUS
10
-0.2813919291338582
20
-1.9871120078740157
11
-0.2807533070866142
21
-1.9866852755905511
0
LINE
8
BLACK
6
CONTINUOUS
10
-0.2807533070866142
20
-1.9866852755905511
11
-0.28
21
-1.986535433070866
0
LINE
8
BLACK
6
CONTINUOUS
10
-0.28
20
-1.986535433070866
11
-0.22
21
-1.986535433070866
0
LINE
8
BLACK
6
CONTINUOUS
10
-0.22
20
-1.986535433070866
11
-0.2192466929133858
21
-1.9866852755905511
0
LINE
8
BLACK
6
CONTINUOUS
10
-0.1192466929133858
20
-1.9866852755905511
11
-0.1186080708661417
21
-1.9871120078740157
0
LINE
8
BLACK
6
CONTINUOUS
10
-0.1186080708661417
20
-1.9871120078740157
11
-0.1181813385826772
21
-1.9877506299212597
0
LINE
8
BLACK
6
CONTINUOUS
10
-0.1181813385826772
20
-1.9877506299212597
11
-0.1180314960629921
21
-1.9885039370078739
0
LINE
8
BLACK
6
CONTINUOUS
10
-0.1180314960629921
20
-1.9885039370078739
11
-0.1180314960629921
21
-2.0485039370078741
0
LINE
8
BLACK
6
CONTINUOUS
10
-0.1180314960629921
20
-2.0485039370078741
11
-0.1181813385826772
21
-2.0492572440944881
0
LINE
8
BLACK
6
CONTINUOUS
10
-0.1181813385826772
20
-2.0492572440944881
11
-0.1186080708661417
21
-2.0498958661417324
0
LINE
8
BLACK
6
CONTINUOUS
10
-0.1186080708661417
20
-2.0498958661417324
11
-0.1192466929133858
21
-2.0503225984251969
0
LINE
8
BLACK
6
CONTINUOUS
10
-0.1192466929133858
20
-2.0503225984251969
11
-0.12
21
-2.050472440944882
0
LINE
8
BLACK
6
CONTINUOUS
10
-0.12
20
-2.050472440944882
11
-0.18
21
-2.050472440944882
0
LINE
8
BLACK
6
CONTINUOUS
10
-0.18
20
-2.050472440944882
11
-0.1807533070866142
21
-2.0503225984251969
0
LINE
8
BLACK
6
CONTINUOUS
10
-0.1807533070866142
20
-2.0503225984251969
11
-0.1813919291338583
21
-2.0498958661417324
0
LINE
8
BLACK
6
CONTINUOUS
10
-0.1813919291338583
20
-2.0498958661417324
11
-0.1818186614173228
21
-2.0492572440944881
0
LINE
8
BLACK
6
CONTINUOUS
10
-0.1818186614173228
20
-2.0492572440944881
11
-0.1819685039370079
21
-2.0485039370078741
0
LINE
8
BLACK
6
CONTINUOUS
10
-0.1819685039370079
20
-2.0485039370078741
11
-0.1819685039370079
21
-1.9885039370078739
0
LINE
8
BLACK
6
CONTINUOUS
10
-0.1819685039370079
20
-1.9885039370078739
11
-0.1818186614173228
21
-1.9877506299212597
0
LINE
8
BLACK
6
CONTINUOUS
10
-0.1818186614173228
20
-1.9877506299212597
11
-0.1813919291338583
21
-1.9871120078740157
0
LINE
8
BLACK
6
CONTINUOUS
10
-0.1813919291338583
20
-1.9871120078740157
11
-0.1807533070866142
21
-1.9866852755905511
0
LINE
8
BLACK
6
CONTINUOUS
10
-0.1807533070866142
20
-1.9866852755905511
11
-0.18
21
-1.986535433070866
0
LINE
8
BLACK
6
CONTINUOUS
10
-0.18
20
-1.986535433070866
11
-0.12
21
-1.986535433070866
0
LINE
8
BLACK
6
CONTINUOUS
10
-0.12
20
-1.986535433070866
11
-0.1192466929133858
21
-1.9866852755905511
0
LINE
8
BLACK
6
CONTINUOUS
10
-0.0192466929133858
20
-1.9866852755905511
11
-0.0186080708661417
21
-1.9871120078740157
0
LINE
8
BLACK
6
CONTINUOUS
10
-0.0186080708661417
20
-1.9871120078740157
11
-0.0181813385826772
21
-1.9877506299212597
0
LINE
8
BLACK
6
CONTINUOUS
10
-0.0181813385826772
20
-1.9877506299212597
11
-0.0180314960629921
21
-1.9885039370078739
0
LINE
8
BLACK
6
CONTINUOUS
10
-0.0180314960629921
20
-1.9885039370078739
11
-0.0180314960629921
21
-2.0485039370078741
0
LINE
8
BLACK
6
CONTINUOUS
10
-0.0180314960629921
20
-2.0485039370078741
11
-0.0181813385826772
21
-2.0492572440944881
0
LINE
8
BLACK
6
CONTINUOUS
10
-0.0181813385826772
20
-2.0492572440944881
11
-0.0186080708661417
21
-2.0498958661417324
0
LINE
8
BLACK
6
CONTINUOUS
10
-0.0186080708661417
20
-2.0498958661417324
11
-0.0192466929133858
21
-2.0503225984251969
0
LINE
8
BLACK
6
CONTINUOUS
10
-0.0192466929133858
20
-2.0503225984251969
11
-0.02
21
-2.050472440944882
0
LINE
8
BLACK
6
CONTINUOUS
10
-0.02
20
-2.050472440944882
11
-0.08
21
-2.050472440944882
0
LINE
8
BLACK
6
CONTINUOUS
10
-0.08
20
-2.050472440944882
11
-0.0807533070866142
21
-2.0503225984251969
0
LINE
8
BLACK
6
CONTINUOUS
10
-0.0807533070866142
20
-2.0503225984251969
11
-0.0813919291338583
21
-2.0498958661417324
0
LINE
8
BLACK
6
CONTINUOUS
10
-0.0813919291338583
20
-2.0498958661417324
11
-0.0818186614173228
21
-2.0492572440944881
0
LINE
8
BLACK
6
CONTINUOUS
10
-0.0818186614173228
20
-2.0492572440944881
11
-0.0819685039370079
21
-2.0485039370078741
0
LINE
8
BLACK
6
CONTINUOUS
10
-0.0819685039370079
20
-2.0485039370078741
11
-0.0819685039370079
21
-1.9885039370078739
0
LINE
8
BLACK
6
CONTINUOUS
10
-0.0819685039370079
20
-1.9885039370078739
11
-0.0818186614173228
21
-1.9877506299212597
0
LINE
8
BLACK
6
CONTINUOUS
10
-0.0818186614173228
20
-1.9877506299212597
11
-0.0813919291338583
21
-1.9871120078740157
0
LINE
8
BLACK
6
CONTINUOUS
10
-0.0813919291338583
20
-1.9871120078740157
11
-0.0807533070866142
21
-1.9866852755905511
0
LINE
8
BLACK
6
CONTINUOUS
10
-0.0807533070866142
20
-1.9866852755905511
11
-0.08
21
-1.986535433070866
0
LINE
8
BLACK
6
CONTINUOUS
10
-0.08
20
-1.986535433070866
11
-0.02
21
-1.986535433070866
0
LINE
8
BLACK
6
CONTINUOUS
10
-0.02
20
-1.986535433070866
11
-0.0192466929133858
21
-1.9866852755905511
0
LINE
8
BLACK
6
CONTINUOUS
10
0.0807533070866142
20
-1.9866852755905511
11
0.0813919291338583
21
-1.9871120078740157
0
LINE
8
BLACK
6
CONTINUOUS
10
0.0813919291338583
20
-1.9871120078740157
11
0.0818186614173228
21
-1.9877506299212597
0
LINE
8
BLACK
6
CONTINUOUS
10
0.0818186614173228
20
-1.9877506299212597
11
0.0819685039370079
21
-1.9885039370078739
0
LINE
8
BLACK
6
CONTINUOUS
10
0.0819685039370079
20
-1.9885039370078739
11
0.0819685039370079
21
-2.0485039370078741
0
LINE
8
BLACK
6
CONTINUOUS
10
0.0819685039370079
20
-2.0485039370078741
11
0.0818186614173228
21
-2.0492572440944881
0
LINE
8
BLACK
6
CONTINUOUS
10
0.0818186614173228
20
-2.0492572440944881
11
0.0813919291338583
21
-2.0498958661417324
0
LINE
8
BLACK
6
CONTINUOUS
10
0.0813919291338583
20
-2.0498958661417324
11
0.0807533070866142
21
-2.0503225984251969
0
LINE
8
BLACK
6
CONTINUOUS
10
0.0807533070866142
20
-2.0503225984251969
11
0.08
21
-2.050472440944882
0
LINE
8
BLACK
6
CONTINUOUS
10
0.08
20
-2.050472440944882
11
0.02
21
-2.050472440944882
0
LINE
8
BLACK
6
CONTINUOUS
10
0.02
20
-2.050472440944882
11
0.0192466929133858
21
-2.0503225984251969
0
LINE
8
BLACK
6
CONTINUOUS
10
0.0192466929133858
20
-2.0503225984251969
11
0.0186080708661417
21
-2.0498958661417324
0
LINE
8
BLACK
6
CONTINUOUS
10
0.0186080708661417
20
-2.0498958661417324
11
0.0181813385826772
21
-2.0492572440944881
0
LINE
8
BLACK
6
CONTINUOUS
10
0.0181813385826772
20
-2.0492572440944881
11
0.0180314960629921
21
-2.0485039370078741
0
LINE
8
BLACK
6
CONTINUOUS
10
0.0180314960629921
20
-2.0485039370078741
11
0.0180314960629921
21
-1.9885039370078739
0
LINE
8
BLACK
6
CONTINUOUS
10
0.0180314960629921
20
-1.9885039370078739
11
0.0181813385826772
21
-1.9877506299212597
0
LINE
8
BLACK
6
CONTINUOUS
10
0.0181813385826772
20
-1.9877506299212597
11
0.0186080708661417
21
-1.9871120078740157
0
LINE
8
BLACK
6
CONTINUOUS
10
0.0186080708661417
20
-1.9871120078740157
11
0.0192466929133858
21
-1.9866852755905511
0
LINE
8
BLACK
6
CONTINUOUS
10
0.0192466929133858
20
-1.9866852755905511
11
0.02
21
-1.986535433070866
0
LINE
8
BLACK
6
CONTINUOUS
10
0.02
20
-1.986535433070866
11
0.08
21
-1.986535433070866
0
LINE
8
BLACK
6
CONTINUOUS
10
0.08
20
-1.986535433070866
11
0.0807533070866142
21
-1.9866852755905511
0
LINE
8
BLACK
6
CONTINUOUS
10
0.1807533070866142
20
-1.9866852755905511
11
0.1813919291338583
21
-1.9871120078740157
0
LINE
8
BLACK
6
CONTINUOUS
10
0.1813919291338583
20
-1.9871120078740157
11
0.1818186614173228
21
-1.9877506299212597
0
LINE
8
BLACK
6
CONTINUOUS
10
0.1818186614173228
20
-1.9877506299212597
11
0.1819685039370079
21
-1.9885039370078739
0
LINE
8
BLACK
6
CONTINUOUS
10
0.1819685039370079
20
-1.9885039370078739
11
0.1819685039370079
21
-2.0485039370078741
0
LINE
8
BLACK
6
CONTINUOUS
10
0.1819685039370079
20
-2.0485039370078741
11
0.1818186614173228
21
-2.0492572440944881
0
LINE
8
BLACK
6
CONTINUOUS
10
0.1818186614173228
20
-2.0492572440944881
11
0.1813919291338583
21
-2.0498958661417324
0
LINE
8
BLACK
6
CONTINUOUS
10
0.1813919291338583
20
-2.0498958661417324
11
0.1807533070866142
21
-2.0503225984251969
0
LINE
8
BLACK
6
CONTINUOUS
10
0.1807533070866142
20
-2.0503225984251969
11
0.18
21
-2.050472440944882
0
LINE
8
BLACK
6
CONTINUOUS
10
0.18
20
-2.050472440944882
11
0.12
21
-2.050472440944882
0
LINE
8
BLACK
6
CONTINUOUS
10
0.12
20
-2.050472440944882
11
0.1192466929133858
21
-2.0503225984251969
0
LINE
8
BLACK
6
CONTINUOUS
10
0.1192466929133858
20
-2.0503225984251969
11
0.1186080708661417
21
-2.0498958661417324
0
LINE
8
BLACK
6
CONTINUOUS
10
0.1186080708661417
20
-2.0498958661417324
11
0.1181813385826772
21
-2.0492572440944881
0
LINE
8
BLACK
6
CONTINUOUS
10
0.1181813385826772
20
-2.0492572440944881
11
0.1180314960629921
21
-2.0485039370078741
0
LINE
8
BLACK
6
CONTINUOUS
10
0.1180314960629921
20
-2.0485039370078741
11
0.1180314960629921
21
-1.9885039370078739
0
LINE
8
BLACK
6
CONTINUOUS
10
0.1180314960629921
20
-1.9885039370078739
11
0.1181813385826772
21
-1.9877506299212597
0
LINE
8
BLACK
6
CONTINUOUS
10
0.1181813385826772
20
-1.9877506299212597
11
0.1186080708661417
21
-1.9871120078740157
0
LINE
8
BLACK
6
CONTINUOUS
10
0.1186080708661417
20
-1.9871120078740157
11
0.1192466929133858
21
-1.9866852755905511
0
LINE
8
BLACK
6
CONTINUOUS
10
0.1192466929133858
20
-1.9866852755905511
11
0.12
21
-1.986535433070866
0
LINE
8
BLACK
6
CONTINUOUS
10
0.12
20
-1.986535433070866
11
0.18
21
-1.986535433070866
0
LINE
8
BLACK
6
CONTINUOUS
10
0.18
20
-1.986535433070866
11
0.1807533070866142
21
-1.9866852755905511
0
LINE
8
BLACK
6
CONTINUOUS
10
0.2807533070866142
20
-1.9866852755905511
11
0.2813919291338582
21
-1.9871120078740157
0
LINE
8
BLACK
6
CONTINUOUS
10
0.2813919291338582
20
-1.9871120078740157
11
0.2818186614173228
21
-1.9877506299212597
0
LINE
8
BLACK
6
CONTINUOUS
10
0.2818186614173228
20
-1.9877506299212597
11
0.2819685039370078
21
-1.9885039370078739
0
LINE
8
BLACK
6
CONTINUOUS
10
0.2819685039370078
20
-1.9885039370078739
11
0.2819685039370078
21
-2.0485039370078741
0
LINE
8
BLACK
6
CONTINUOUS
10
0.2819685039370078
20
-2.0485039370078741
11
0.2818186614173228
21
-2.0492572440944881
0
LINE
8
BLACK
6
CONTINUOUS
10
0.2818186614173228
20
-2.0492572440944881
11
0.2813919291338582
21
-2.0498958661417324
0
LINE
8
BLACK
6
CONTINUOUS
10
0.2813919291338582
20
-2.0498958661417324
11
0.2807533070866142
21
-2.0503225984251969
0
LINE
8
BLACK
6
CONTINUOUS
10
0.2807533070866142
20
-2.0503225984251969
11
0.28
21
-2.050472440944882
0
LINE
8
BLACK
6
CONTINUOUS
10
0.28
20
-2.050472440944882
11
0.22
21
-2.050472440944882
0
LINE
8
BLACK
6
CONTINUOUS
10
0.22
20
-2.050472440944882
11
0.2192466929133858
21
-2.0503225984251969
0
LINE
8
BLACK
6
CONTINUOUS
10
0.2192466929133858
20
-2.0503225984251969
11
0.2186080708661417
21
-2.0498958661417324
0
LINE
8
BLACK
6
CONTINUOUS
10
0.2186080708661417
20
-2.0498958661417324
11
0.2181813385826772
21
-2.0492572440944881
0
LINE
8
BLACK
6
CONTINUOUS
10
0.2181813385826772
20
-2.0492572440944881
11
0.2180314960629921
21
-2.0485039370078741
0
LINE
8
BLACK
6
CONTINUOUS
10
0.2180314960629921
20
-2.0485039370078741
11
0.2180314960629921
21
-1.9885039370078739
0
LINE
8
BLACK
6
CONTINUOUS
10
0.2180314960629921
20
-1.9885039370078739
11
0.2181813385826772
21
-1.9877506299212597
0
LINE
8
BLACK
6
CONTINUOUS
10
0.2181813385826772
20
-1.9877506299212597
11
0.2186080708661417
21
-1.9871120078740157
0
LINE
8
BLACK
6
CONTINUOUS
10
0.2186080708661417
20
-1.9871120078740157
11
0.2192466929133858
21
-1.9866852755905511
0
LINE
8
BLACK
6
CONTINUOUS
10
0.2192466929133858
20
-1.9866852755905511
11
0.22
21
-1.986535433070866
0
LINE
8
BLACK
6
CONTINUOUS
10
0.22
20
-1.986535433070866
11
0.28
21
-1.986535433070866
0
LINE
8
BLACK
6
CONTINUOUS
10
0.28
20
-1.986535433070866
11
0.2807533070866142
21
-1.9866852755905511
0
LINE
8
BLACK
6
CONTINUOUS
10
0.3807533070866141
20
-1.9866852755905511
11
0.3813919291338583
21
-1.9871120078740157
0
LINE
8
BLACK
6
CONTINUOUS
10
0.3813919291338583
20
-1.9871120078740157
11
0.3818186614173228
21
-1.9877506299212597
0
LINE
8
BLACK
6
CONTINUOUS
10
0.3818186614173228
20
-1.9877506299212597
11
0.3819685039370079
21
-1.9885039370078739
0
LINE
8
BLACK
6
CONTINUOUS
10
0.3819685039370079
20
-1.9885039370078739
11
0.3819685039370079
21
-2.0485039370078741
0
LINE
8
BLACK
6
CONTINUOUS
10
0.3819685039370079
20
-2.0485039370078741
11
0.3818186614173228
21
-2.0492572440944881
0
LINE
8
BLACK
6
CONTINUOUS
10
0.3818186614173228
20
-2.0492572440944881
11
0.3813919291338583
21
-2.0498958661417324
0
LINE
8
BLACK
6
CONTINUOUS
10
0.3813919291338583
20
-2.0498958661417324
11
0.3807533070866141
21
-2.0503225984251969
0
LINE
8
BLACK
6
CONTINUOUS
10
0.3807533070866141
20
-2.0503225984251969
11
0.38
21
-2.050472440944882
0
LINE
8
BLACK
6
CONTINUOUS
10
0.38
20
-2.050472440944882
11
0.32
21
-2.050472440944882
0
LINE
8
BLACK
6
CONTINUOUS
10
0.32
20
-2.050472440944882
11
0.3192466929133858
21
-2.0503225984251969
0
LINE
8
BLACK
6
CONTINUOUS
10
0.3192466929133858
20
-2.0503225984251969
11
0.3186080708661417
21
-2.0498958661417324
0
LINE
8
BLACK
6
CONTINUOUS
10
0.3186080708661417
20
-2.0498958661417324
11
0.3181813385826772
21
-2.0492572440944881
0
LINE
8
BLACK
6
CONTINUOUS
10
0.3181813385826772
20
-2.0492572440944881
11
0.3180314960629921
21
-2.0485039370078741
0
LINE
8
BLACK
6
CONTINUOUS
10
0.3180314960629921
20
-2.0485039370078741
11
0.3180314960629921
21
-1.9885039370078739
0
LINE
8
BLACK
6
CONTINUOUS
10
0.3180314960629921
20
-1.9885039370078739
11
0.3181813385826772
21
-1.9877506299212597
0
LINE
8
BLACK
6
CONTINUOUS
10
0.3181813385826772
20
-1.9877506299212597
11
0.3186080708661417
21
-1.9871120078740157
0
LINE
8
BLACK
6
CONTINUOUS
10
0.3186080708661417
20
-1.9871120078740157
11
0.3192466929133858
21
-1.9866852755905511
0
LINE
8
BLACK
6
CONTINUOUS
10
0.3192466929133858
20
-1.9866852755905511
11
0.32
21
-1.986535433070866
0
LINE
8
BLACK
6
CONTINUOUS
10
0.32
20
-1.986535433070866
11
0.38
21
-1.986535433070866
0
LINE
8
BLACK
6
CONTINUOUS
10
0.38
20
-1.986535433070866
11
0.3807533070866141
21
-1.9866852755905511
0
LINE
8
BLACK
6
CONTINUOUS
10
0.4807533070866142
20
-1.9866852755905511
11
0.4813919291338583
21
-1.9871120078740157
0
LINE
8
BLACK
6
CONTINUOUS
10
0.4813919291338583
20
-1.9871120078740157
11
0.4818186614173228
21
-1.9877506299212597
0
LINE
8
BLACK
6
CONTINUOUS
10
0.4818186614173228
20
-1.9877506299212597
11
0.4819685039370079
21
-1.9885039370078739
0
LINE
8
BLACK
6
CONTINUOUS
10
0.4819685039370079
20
-1.9885039370078739
11
0.4819685039370079
21
-2.0485039370078741
0
LINE
8
BLACK
6
CONTINUOUS
10
0.4819685039370079
20
-2.0485039370078741
11
0.4818186614173228
21
-2.0492572440944881
0
LINE
8
BLACK
6
CONTINUOUS
10
0.4818186614173228
20
-2.0492572440944881
11
0.4813919291338583
21
-2.0498958661417324
0
LINE
8
BLACK
6
CONTINUOUS
10
0.4813919291338583
20
-2.0498958661417324
11
0.4807533070866142
21
-2.0503225984251969
0
LINE
8
BLACK
6
CONTINUOUS
10
0.4807533070866142
20
-2.0503225984251969
11
0.48
21
-2.050472440944882
0
LINE
8
BLACK
6
CONTINUOUS
10
0.48
20
-2.050472440944882
11
0.42
21
-2.050472440944882
0
LINE
8
BLACK
6
CONTINUOUS
10
0.42
20
-2.050472440944882
11
0.4192466929133858
21
-2.0503225984251969
0
LINE
8
BLACK
6
CONTINUOUS
10
0.4192466929133858
20
-2.0503225984251969
11
0.4186080708661417
21
-2.0498958661417324
0
LINE
8
BLACK
6
CONTINUOUS
10
0.4186080708661417
20
-2.0498958661417324
11
0.4181813385826771
21
-2.0492572440944881
0
LINE
8
BLACK
6
CONTINUOUS
10
0.4181813385826771
20
-2.0492572440944881
11
0.4180314960629921
21
-2.0485039370078741
0
LINE
8
BLACK
6
CONTINUOUS
10
0.4180314960629921
20
-2.0485039370078741
11
0.4180314960629921
21
-1.9885039370078739
0
LINE
8
BLACK
6
CONTINUOUS
10
0.4180314960629921
20
-1.9885039370078739
11
0.4181813385826771
21
-1.9877506299212597
0
LINE
8
BLACK
6
CONTINUOUS
10
0.4181813385826771
20
-1.9877506299212597
11
0.4186080708661417
21
-1.9871120078740157
0
LINE
8
BLACK
6
CONTINUOUS
10
0.4186080708661417
20
-1.9871120078740157
11
0.4192466929133858
21
-1.9866852755905511
0
LINE
8
BLACK
6
CONTINUOUS
10
0.4192466929133858
20
-1.9866852755905511
11
0.42
21
-1.986535433070866
0
LINE
8
BLACK
6
CONTINUOUS
10
0.42
20
-1.986535433070866
11
0.48
21
-1.986535433070866
0
LINE
8
BLACK
6
CONTINUOUS
10
0.48
20
-1.986535433070866
11
0.4807533070866142
21
-1.9866852755905511
0
LINE
8
BLACK
6
CONTINUOUS
10
0.8165800787401575
20
-1.8878663779527558
11
0.8172187007874016
21
-1.8882931102362204
0
LINE
8
BLACK
6
CONTINUOUS
10
0.8172187007874016
20
-1.8882931102362204
11
0.8176454330708661
21
-1.8889317322834644
0
LINE
8
BLACK
6
CONTINUOUS
10
0.8176454330708661
20
-1.8889317322834644
11
0.8177952755905512
21
-1.8896850393700786
0
LINE
8
BLACK
6
CONTINUOUS
10
0.8177952755905512
20
-1.8896850393700786
11
0.8177952755905512
21
-1.9496850393700786
0
LINE
8
BLACK
6
CONTINUOUS
10
0.8177952755905512
20
-1.9496850393700786
11
0.8176454330708661
21
-1.9504383464566928
0
LINE
8
BLACK
6
CONTINUOUS
10
0.8176454330708661
20
-1.9504383464566928
11
0.8172187007874016
21
-1.9510769685039369
0
LINE
8
BLACK
6
CONTINUOUS
10
0.8172187007874016
20
-1.9510769685039369
11
0.8165800787401575
21
-1.9515037007874014
0
LINE
8
BLACK
6
CONTINUOUS
10
0.8165800787401575
20
-1.9515037007874014
11
0.8158267716535433
21
-1.9516535433070865
0
LINE
8
BLACK
6
CONTINUOUS
10
0.8158267716535433
20
-1.9516535433070865
11
0.7558267716535433
21
-1.9516535433070865
0
LINE
8
BLACK
6
CONTINUOUS
10
0.7558267716535433
20
-1.9516535433070865
11
0.7550734645669291
21
-1.9515037007874014
0
LINE
8
BLACK
6
CONTINUOUS
10
0.7550734645669291
20
-1.9515037007874014
11
0.7544348425196851
21
-1.9510769685039369
0
LINE
8
BLACK
6
CONTINUOUS
10
0.7544348425196851
20
-1.9510769685039369
11
0.7540081102362205
21
-1.9504383464566928
0
LINE
8
BLACK
6
CONTINUOUS
10
0.7540081102362205
20
-1.9504383464566928
11
0.7538582677165354
21
-1.9496850393700786
0
LINE
8
BLACK
6
CONTINUOUS
10
0.7538582677165354
20
-1.9496850393700786
11
0.7538582677165354
21
-1.8896850393700786
0
LINE
8
BLACK
6
CONTINUOUS
10
0.7538582677165354
20
-1.8896850393700786
11
0.7540081102362205
21
-1.8889317322834644
0
LINE
8
BLACK
6
CONTINUOUS
10
0.7540081102362205
20
-1.8889317322834644
11
0.7544348425196851
21
-1.8882931102362204
0
LINE
8
BLACK
6
CONTINUOUS
10
0.7544348425196851
20
-1.8882931102362204
11
0.7550734645669291
21
-1.8878663779527558
0
LINE
8
BLACK
6
CONTINUOUS
10
0.7550734645669291
20
-1.8878663779527558
11
0.7558267716535433
21
-1.8877165354330707
0
LINE
8
BLACK
6
CONTINUOUS
10
0.7558267716535433
20
-1.8877165354330707
11
0.8158267716535433
21
-1.8877165354330707
0
LINE
8
BLACK
6
CONTINUOUS
10
0.8158267716535433
20
-1.8877165354330707
11
0.8165800787401575
21
-1.8878663779527558
0
LINE
8
BLACK
6
CONTINUOUS
10
0.9165800787401575
20
-1.8878663779527558
11
0.9172187007874015
21
-1.8882931102362204
0
LINE
8
BLACK
6
CONTINUOUS
10
0.9172187007874015
20
-1.8882931102362204
11
0.9176454330708661
21
-1.8889317322834644
0
LINE
8
BLACK
6
CONTINUOUS
10
0.9176454330708661
20
-1.8889317322834644
11
0.9177952755905512
21
-1.8896850393700786
0
LINE
8
BLACK
6
CONTINUOUS
10
0.9177952755905512
20
-1.8896850393700786
11
0.9177952755905512
21
-1.9496850393700786
0
LINE
8
BLACK
6
CONTINUOUS
10
0.9177952755905512
20
-1.9496850393700786
11
0.9176454330708661
21
-1.9504383464566928
0
LINE
8
BLACK
6
CONTINUOUS
10
0.9176454330708661
20
-1.9504383464566928
11
0.9172187007874015
21
-1.9510769685039369
0
LINE
8
BLACK
6
CONTINUOUS
10
0.9172187007874015
20
-1.9510769685039369
11
0.9165800787401575
21
-1.9515037007874014
0
LINE
8
BLACK
6
CONTINUOUS
10
0.9165800787401575
20
-1.9515037007874014
11
0.9158267716535433
21
-1.9516535433070865
0
LINE
8
BLACK
6
CONTINUOUS
10
0.9158267716535433
20
-1.9516535433070865
11
0.8558267716535433
21
-1.9516535433070865
0
LINE
8
BLACK
6
CONTINUOUS
10
0.8558267716535433
20
-1.9516535433070865
11
0.8550734645669291
21
-1.9515037007874014
0
LINE
8
BLACK
6
CONTINUOUS
10
0.8550734645669291
20
-1.9515037007874014
11
0.854434842519685
21
-1.9510769685039369
0
LINE
8
BLACK
6
CONTINUOUS
10
0.854434842519685
20
-1.9510769685039369
11
0.8540081102362205
21
-1.9504383464566928
0
LINE
8
BLACK
6
CONTINUOUS
10
0.8540081102362205
20
-1.9504383464566928
11
0.8538582677165354
21
-1.9496850393700786
0
LINE
8
BLACK
6
CONTINUOUS
10
0.8538582677165354
20
-1.9496850393700786
11
0.8538582677165354
21
-1.8896850393700786
0
LINE
8
BLACK
6
CONTINUOUS
10
0.8538582677165354
20
-1.8896850393700786
11
0.8540081102362205
21
-1.8889317322834644
0
LINE
8
BLACK
6
CONTINUOUS
10
0.8540081102362205
20
-1.8889317322834644
11
0.854434842519685
21
-1.8882931102362204
0
LINE
8
BLACK
6
CONTINUOUS
10
0.854434842519685
20
-1.8882931102362204
11
0.8550734645669291
21
-1.8878663779527558
0
LINE
8
BLACK
6
CONTINUOUS
10
0.8550734645669291
20
-1.8878663779527558
11
0.8558267716535433
21
-1.8877165354330707
0
LINE
8
BLACK
6
CONTINUOUS
10
0.8558267716535433
20
-1.8877165354330707
11
0.9158267716535433
21
-1.8877165354330707
0
LINE
8
BLACK
6
CONTINUOUS
10
0.9158267716535433
20
-1.8877165354330707
11
0.9165800787401575
21
-1.8878663779527558
0
LINE
8
BLACK
6
CONTINUOUS
10
-0.4192466929133858
20
-1.8866852755905512
11
-0.4186080708661417
21
-1.8871120078740158
0
LINE
8
BLACK
6
CONTINUOUS
10
-0.4186080708661417
20
-1.8871120078740158
11
-0.4181813385826771
21
-1.8877506299212599
0
LINE
8
BLACK
6
CONTINUOUS
10
-0.4181813385826771
20
-1.8877506299212599
11
-0.4180314960629921
21
-1.888503937007874
0
LINE
8
BLACK
6
CONTINUOUS
10
-0.4180314960629921
20
-1.888503937007874
11
-0.4180314960629921
21
-1.9485039370078741
0
LINE
8
BLACK
6
CONTINUOUS
10
-0.4180314960629921
20
-1.9485039370078741
11
-0.4181813385826771
21
-1.9492572440944882
0
LINE
8
BLACK
6
CONTINUOUS
10
-0.4181813385826771
20
-1.9492572440944882
11
-0.4186080708661417
21
-1.9498958661417323
0
LINE
8
BLACK
6
CONTINUOUS
10
-0.4186080708661417
20
-1.9498958661417323
11
-0.4192466929133858
21
-1.9503225984251968
0
LINE
8
BLACK
6
CONTINUOUS
10
-0.4192466929133858
20
-1.9503225984251968
11
-0.42
21
-1.9504724409448819
0
LINE
8
BLACK
6
CONTINUOUS
10
-0.42
20
-1.9504724409448819
11
-0.48
21
-1.9504724409448819
0
LINE
8
BLACK
6
CONTINUOUS
10
-0.48
20
-1.9504724409448819
11
-0.4807533070866142
21
-1.9503225984251968
0
LINE
8
BLACK
6
CONTINUOUS
10
-0.4807533070866142
20
-1.9503225984251968
11
-0.4813919291338583
21
-1.9498958661417323
0
LINE
8
BLACK
6
CONTINUOUS
10
-0.4813919291338583
20
-1.9498958661417323
11
-0.4818186614173228
21
-1.9492572440944882
0
LINE
8
BLACK
6
CONTINUOUS
10
-0.4818186614173228
20
-1.9492572440944882
11
-0.4819685039370079
21
-1.9485039370078741
0
LINE
8
BLACK
6
CONTINUOUS
10
-0.4819685039370079
20
-1.9485039370078741
11
-0.4819685039370079
21
-1.888503937007874
0
LINE
8
BLACK
6
CONTINUOUS
10
-0.4819685039370079
20
-1.888503937007874
11
-0.4818186614173228
21
-1.8877506299212599
0
LINE
8
BLACK
6
CONTINUOUS
10
-0.4818186614173228
20
-1.8877506299212599
11
-0.4813919291338583
21
-1.8871120078740158
0
LINE
8
BLACK
6
CONTINUOUS
10
-0.4813919291338583
20
-1.8871120078740158
11
-0.4807533070866142
21
-1.8866852755905512
0
LINE
8
BLACK
6
CONTINUOUS
10
-0.4807533070866142
20
-1.8866852755905512
11
-0.48
21
-1.8865354330708661
0
LINE
8
BLACK
6
CONTINUOUS
10
-0.48
20
-1.8865354330708661
11
-0.42
21
-1.8865354330708661
0
LINE
8
BLACK
6
CONTINUOUS
10
-0.42
20
-1.8865354330708661
11
-0.4192466929133858
21
-1.8866852755905512
0
LINE
8
BLACK
6
CONTINUOUS
10
-0.3192466929133858
20
-1.8866852755905512
11
-0.3186080708661417
21
-1.8871120078740158
0
LINE
8
BLACK
6
CONTINUOUS
10
-0.3186080708661417
20
-1.8871120078740158
11
-0.3181813385826772
21
-1.8877506299212599
0
LINE
8
BLACK
6
CONTINUOUS
10
-0.3181813385826772
20
-1.8877506299212599
11
-0.3180314960629921
21
-1.888503937007874
0
LINE
8
BLACK
6
CONTINUOUS
10
-0.3180314960629921
20
-1.888503937007874
11
-0.3180314960629921
21
-1.9485039370078741
0
LINE
8
BLACK
6
CONTINUOUS
10
-0.3180314960629921
20
-1.9485039370078741
11
-0.3181813385826772
21
-1.9492572440944882
0
LINE
8
BLACK
6
CONTINUOUS
10
-0.3181813385826772
20
-1.9492572440944882
11
-0.3186080708661417
21
-1.9498958661417323
0
LINE
8
BLACK
6
CONTINUOUS
10
-0.3186080708661417
20
-1.9498958661417323
11
-0.3192466929133858
21
-1.9503225984251968
0
LINE
8
BLACK
6
CONTINUOUS
10
-0.3192466929133858
20
-1.9503225984251968
11
-0.32
21
-1.9504724409448819
0
LINE
8
BLACK
6
CONTINUOUS
10
-0.32
20
-1.9504724409448819
11
-0.38
21
-1.9504724409448819
0
LINE
8
BLACK
6
CONTINUOUS
10
-0.38
20
-1.9504724409448819
11
-0.3807533070866141
21
-1.9503225984251968
0
LINE
8
BLACK
6
CONTINUOUS
10
-0.3807533070866141
20
-1.9503225984251968
11
-0.3813919291338583
21
-1.9498958661417323
0
LINE
8
BLACK
6
CONTINUOUS
10
-0.3813919291338583
20
-1.9498958661417323
11
-0.3818186614173228
21
-1.9492572440944882
0
LINE
8
BLACK
6
CONTINUOUS
10
-0.3818186614173228
20
-1.9492572440944882
11
-0.3819685039370079
21
-1.9485039370078741
0
LINE
8
BLACK
6
CONTINUOUS
10
-0.3819685039370079
20
-1.9485039370078741
11
-0.3819685039370079
21
-1.888503937007874
0
LINE
8
BLACK
6
CONTINUOUS
10
-0.3819685039370079
20
-1.888503937007874
11
-0.3818186614173228
21
-1.8877506299212599
0
LINE
8
BLACK
6
CONTINUOUS
10
-0.3818186614173228
20
-1.8877506299212599
11
-0.3813919291338583
21
-1.8871120078740158
0
LINE
8
BLACK
6
CONTINUOUS
10
-0.3813919291338583
20
-1.8871120078740158
11
-0.3807533070866141
21
-1.8866852755905512
0
LINE
8
BLACK
6
CONTINUOUS
10
-0.3807533070866141
20
-1.8866852755905512
11
-0.38
21
-1.8865354330708661
0
LINE
8
BLACK
6
CONTINUOUS
10
-0.38
20
-1.8865354330708661
11
-0.32
21
-1.8865354330708661
0
LINE
8
BLACK
6
CONTINUOUS
10
-0.32
20
-1.8865354330708661
11
-0.3192466929133858
21
-1.8866852755905512
0
LINE
8
BLACK
6
CONTINUOUS
10
-0.2192466929133858
20
-1.8866852755905512
11
-0.2186080708661417
21
-1.8871120078740158
0
LINE
8
BLACK
6
CONTINUOUS
10
-0.2186080708661417
20
-1.8871120078740158
11
-0.2181813385826772
21
-1.8877506299212599
0
LINE
8
BLACK
6
CONTINUOUS
10
-0.2181813385826772
20
-1.8877506299212599
11
-0.2180314960629921
21
-1.888503937007874
0
LINE
8
BLACK
6
CONTINUOUS
10
-0.2180314960629921
20
-1.888503937007874
11
-0.2180314960629921
21
-1.9485039370078741
0
LINE
8
BLACK
6
CONTINUOUS
10
-0.2180314960629921
20
-1.9485039370078741
11
-0.2181813385826772
21
-1.9492572440944882
0
LINE
8
BLACK
6
CONTINUOUS
10
-0.2181813385826772
20
-1.9492572440944882
11
-0.2186080708661417
21
-1.9498958661417323
0
LINE
8
BLACK
6
CONTINUOUS
10
-0.2186080708661417
20
-1.9498958661417323
11
-0.2192466929133858
21
-1.9503225984251968
0
LINE
8
BLACK
6
CONTINUOUS
10
-0.2192466929133858
20
-1.9503225984251968
11
-0.22
21
-1.9504724409448819
0
LINE
8
BLACK
6
CONTINUOUS
10
-0.22
20
-1.9504724409448819
11
-0.28
21
-1.9504724409448819
0
LINE
8
BLACK
6
CONTINUOUS
10
-0.28
20
-1.9504724409448819
11
-0.2807533070866142
21
-1.9503225984251968
0
LINE
8
BLACK
6
CONTINUOUS
10
-0.2807533070866142
20
-1.9503225984251968
11
-0.2813919291338582
21
-1.9498958661417323
0
LINE
8
BLACK
6
CONTINUOUS
10
-0.2813919291338582
20
-1.9498958661417323
11
-0.2818186614173228
21
-1.9492572440944882
0
LINE
8
BLACK
6
CONTINUOUS
10
-0.2818186614173228
20
-1.9492572440944882
11
-0.2819685039370078
21
-1.9485039370078741
0
LINE
8
BLACK
6
CONTINUOUS
10
-0.2819685039370078
20
-1.9485039370078741
11
-0.2819685039370078
21
-1.888503937007874
0
LINE
8
BLACK
6
CONTINUOUS
10
-0.2819685039370078
20
-1.888503937007874
11
-0.2818186614173228
21
-1.8877506299212599
0
LINE
8
BLACK
6
CONTINUOUS
10
-0.2818186614173228
20
-1.8877506299212599
11
-0.2813919291338582
21
-1.8871120078740158
0
LINE
8
BLACK
6
CONTINUOUS
10
-0.2813919291338582
20
-1.8871120078740158
11
-0.2807533070866142
21
-1.8866852755905512
0
LINE
8
BLACK
6
CONTINUOUS
10
-0.2807533070866142
20
-1.8866852755905512
11
-0.28
21
-1.8865354330708661
0
LINE
8
BLACK
6
CONTINUOUS
10
-0.28
20
-1.8865354330708661
11
-0.22
21
-1.8865354330708661
0
LINE
8
BLACK
6
CONTINUOUS
10
-0.22
20
-1.8865354330708661
11
-0.2192466929133858
21
-1.8866852755905512
0
LINE
8
BLACK
6
CONTINUOUS
10
-0.1192466929133858
20
-1.8866852755905512
11
-0.1186080708661417
21
-1.8871120078740158
0
LINE
8
BLACK
6
CONTINUOUS
10
-0.1186080708661417
20
-1.8871120078740158
11
-0.1181813385826772
21
-1.8877506299212599
0
LINE
8
BLACK
6
CONTINUOUS
10
-0.1181813385826772
20
-1.8877506299212599
11
-0.1180314960629921
21
-1.888503937007874
0
LINE
8
BLACK
6
CONTINUOUS
10
-0.1180314960629921
20
-1.888503937007874
11
-0.1180314960629921
21
-1.9485039370078741
0
LINE
8
BLACK
6
CONTINUOUS
10
-0.1180314960629921
20
-1.9485039370078741
11
-0.1181813385826772
21
-1.9492572440944882
0
LINE
8
BLACK
6
CONTINUOUS
10
-0.1181813385826772
20
-1.9492572440944882
11
-0.1186080708661417
21
-1.9498958661417323
0
LINE
8
BLACK
6
CONTINUOUS
10
-0.1186080708661417
20
-1.9498958661417323
11
-0.1192466929133858
21
-1.9503225984251968
0
LINE
8
BLACK
6
CONTINUOUS
10
-0.1192466929133858
20
-1.9503225984251968
11
-0.12
21
-1.9504724409448819
0
LINE
8
BLACK
6
CONTINUOUS
10
-0.12
20
-1.9504724409448819
11
-0.18
21
-1.9504724409448819
0
LINE
8
BLACK
6
CONTINUOUS
10
-0.18
20
-1.9504724409448819
11
-0.1807533070866142
21
-1.9503225984251968
0
LINE
8
BLACK
6
CONTINUOUS
10
-0.1807533070866142
20
-1.9503225984251968
11
-0.1813919291338583
21
-1.9498958661417323
0
LINE
8
BLACK
6
CONTINUOUS
10
-0.1813919291338583
20
-1.9498958661417323
11
-0.1818186614173228
21
-1.9492572440944882
0
LINE
8
BLACK
6
CONTINUOUS
10
-0.1818186614173228
20
-1.9492572440944882
11
-0.1819685039370079
21
-1.9485039370078741
0
LINE
8
BLACK
6
CONTINUOUS
10
-0.1819685039370079
20
-1.9485039370078741
11
-0.1819685039370079
21
-1.888503937007874
0
LINE
8
BLACK
6
CONTINUOUS
10
-0.1819685039370079
20
-1.888503937007874
11
-0.1818186614173228
21
-1.8877506299212599
0
LINE
8
BLACK
6
CONTINUOUS
10
-0.1818186614173228
20
-1.8877506299212599
11
-0.1813919291338583
21
-1.8871120078740158
0
LINE
8
BLACK
6
CONTINUOUS
10
-0.1813919291338583
20
-1.8871120078740158
11
-0.1807533070866142
21
-1.8866852755905512
0
LINE
8
BLACK
6
CONTINUOUS
10
-0.1807533070866142
20
-1.8866852755905512
11
-0.18
21
-1.8865354330708661
0
LINE
8
BLACK
6
CONTINUOUS
10
-0.18
20
-1.8865354330708661
11
-0.12
21
-1.8865354330708661
0
LINE
8
BLACK
6
CONTINUOUS
10
-0.12
20
-1.8865354330708661
11
-0.1192466929133858
21
-1.8866852755905512
0
LINE
8
BLACK
6
CONTINUOUS
10
-0.0192466929133858
20
-1.8866852755905512
11
-0.0186080708661417
21
-1.8871120078740158
0
LINE
8
BLACK
6
CONTINUOUS
10
-0.0186080708661417
20
-1.8871120078740158
11
-0.0181813385826772
21
-1.8877506299212599
0
LINE
8
BLACK
6
CONTINUOUS
10
-0.0181813385826772
20
-1.8877506299212599
11
-0.0180314960629921
21
-1.888503937007874
0
LINE
8
BLACK
6
CONTINUOUS
10
-0.0180314960629921
20
-1.888503937007874
11
-0.0180314960629921
21
-1.9485039370078741
0
LINE
8
BLACK
6
CONTINUOUS
10
-0.0180314960629921
20
-1.9485039370078741
11
-0.0181813385826772
21
-1.9492572440944882
0
LINE
8
BLACK
6
CONTINUOUS
10
-0.0181813385826772
20
-1.9492572440944882
11
-0.0186080708661417
21
-1.9498958661417323
0
LINE
8
BLACK
6
CONTINUOUS
10
-0.0186080708661417
20
-1.9498958661417323
11
-0.0192466929133858
21
-1.9503225984251968
0
LINE
8
BLACK
6
CONTINUOUS
10
-0.0192466929133858
20
-1.9503225984251968
11
-0.02
21
-1.9504724409448819
0
LINE
8
BLACK
6
CONTINUOUS
10
-0.02
20
-1.9504724409448819
11
-0.08
21
-1.9504724409448819
0
LINE
8
BLACK
6
CONTINUOUS
10
-0.08
20
-1.9504724409448819
11
-0.0807533070866142
21
-1.9503225984251968
0
LINE
8
BLACK
6
CONTINUOUS
10
-0.0807533070866142
20
-1.9503225984251968
11
-0.0813919291338583
21
-1.9498958661417323
0
LINE
8
BLACK
6
CONTINUOUS
10
-0.0813919291338583
20
-1.9498958661417323
11
-0.0818186614173228
21
-1.9492572440944882
0
LINE
8
BLACK
6
CONTINUOUS
10
-0.0818186614173228
20
-1.9492572440944882
11
-0.0819685039370079
21
-1.9485039370078741
0
LINE
8
BLACK
6
CONTINUOUS
10
-0.0819685039370079
20
-1.9485039370078741
11
-0.0819685039370079
21
-1.888503937007874
0
LINE
8
BLACK
6
CONTINUOUS
10
-0.0819685039370079
20
-1.888503937007874
11
-0.0818186614173228
21
-1.8877506299212599
0
LINE
8
BLACK
6
CONTINUOUS
10
-0.0818186614173228
20
-1.8877506299212599
11
-0.0813919291338583
21
-1.8871120078740158
0
LINE
8
BLACK
6
CONTINUOUS
10
-0.0813919291338583
20
-1.8871120078740158
11
-0.0807533070866142
21
-1.8866852755905512
0
LINE
8
BLACK
6
CONTINUOUS
10
-0.0807533070866142
20
-1.8866852755905512
11
-0.08
21
-1.8865354330708661
0
LINE
8
BLACK
6
CONTINUOUS
10
-0.08
20
-1.8865354330708661
11
-0.02
21
-1.8865354330708661
0
LINE
8
BLACK
6
CONTINUOUS
10
-0.02
20
-1.8865354330708661
11
-0.0192466929133858
21
-1.8866852755905512
0
LINE
8
BLACK
6
CONTINUOUS
10
0.0807533070866142
20
-1.8866852755905512
11
0.0813919291338583
21
-1.8871120078740158
0
LINE
8
BLACK
6
CONTINUOUS
10
0.0813919291338583
20
-1.8871120078740158
11
0.0818186614173228
21
-1.8877506299212599
0
LINE
8
BLACK
6
CONTINUOUS
10
0.0818186614173228
20
-1.8877506299212599
11
0.0819685039370079
21
-1.888503937007874
0
LINE
8
BLACK
6
CONTINUOUS
10
0.0819685039370079
20
-1.888503937007874
11
0.0819685039370079
21
-1.9485039370078741
0
LINE
8
BLACK
6
CONTINUOUS
10
0.0819685039370079
20
-1.9485039370078741
11
0.0818186614173228
21
-1.9492572440944882
0
LINE
8
BLACK
6
CONTINUOUS
10
0.0818186614173228
20
-1.9492572440944882
11
0.0813919291338583
21
-1.9498958661417323
0
LINE
8
BLACK
6
CONTINUOUS
10
0.0813919291338583
20
-1.9498958661417323
11
0.0807533070866142
21
-1.9503225984251968
0
LINE
8
BLACK
6
CONTINUOUS
10
0.0807533070866142
20
-1.9503225984251968
11
0.08
21
-1.9504724409448819
0
LINE
8
BLACK
6
CONTINUOUS
10
0.08
20
-1.9504724409448819
11
0.02
21
-1.9504724409448819
0
LINE
8
BLACK
6
CONTINUOUS
10
0.02
20
-1.9504724409448819
11
0.0192466929133858
21
-1.9503225984251968
0
LINE
8
BLACK
6
CONTINUOUS
10
0.0192466929133858
20
-1.9503225984251968
11
0.0186080708661417
21
-1.9498958661417323
0
LINE
8
BLACK
6
CONTINUOUS
10
0.0186080708661417
20
-1.9498958661417323
11
0.0181813385826772
21
-1.9492572440944882
0
LINE
8
BLACK
6
CONTINUOUS
10
0.0181813385826772
20
-1.9492572440944882
11
0.0180314960629921
21
-1.9485039370078741
0
LINE
8
BLACK
6
CONTINUOUS
10
0.0180314960629921
20
-1.9485039370078741
11
0.0180314960629921
21
-1.888503937007874
0
LINE
8
BLACK
6
CONTINUOUS
10
0.0180314960629921
20
-1.888503937007874
11
0.0181813385826772
21
-1.8877506299212599
0
LINE
8
BLACK
6
CONTINUOUS
10
0.0181813385826772
20
-1.8877506299212599
11
0.0186080708661417
21
-1.8871120078740158
0
LINE
8
BLACK
6
CONTINUOUS
10
0.0186080708661417
20
-1.8871120078740158
11
0.0192466929133858
21
-1.8866852755905512
0
LINE
8
BLACK
6
CONTINUOUS
10
0.0192466929133858
20
-1.8866852755905512
11
0.02
21
-1.8865354330708661
0
LINE
8
BLACK
6
CONTINUOUS
10
0.02
20
-1.8865354330708661
11
0.08
21
-1.8865354330708661
0
LINE
8
BLACK
6
CONTINUOUS
10
0.08
20
-1.8865354330708661
11
0.0807533070866142
21
-1.8866852755905512
0
LINE
8
BLACK
6
CONTINUOUS
10
0.1807533070866142
20
-1.8866852755905512
11
0.1813919291338583
21
-1.8871120078740158
0
LINE
8
BLACK
6
CONTINUOUS
10
0.1813919291338583
20
-1.8871120078740158
11
0.1818186614173228
21
-1.8877506299212599
0
LINE
8
BLACK
6
CONTINUOUS
10
0.1818186614173228
20
-1.8877506299212599
11
0.1819685039370079
21
-1.888503937007874
0
LINE
8
BLACK
6
CONTINUOUS
10
0.1819685039370079
20
-1.888503937007874
11
0.1819685039370079
21
-1.9485039370078741
0
LINE
8
BLACK
6
CONTINUOUS
10
0.1819685039370079
20
-1.9485039370078741
11
0.1818186614173228
21
-1.9492572440944882
0
LINE
8
BLACK
6
CONTINUOUS
10
0.1818186614173228
20
-1.9492572440944882
11
0.1813919291338583
21
-1.9498958661417323
0
LINE
8
BLACK
6
CONTINUOUS
10
0.1813919291338583
20
-1.9498958661417323
11
0.1807533070866142
21
-1.9503225984251968
0
LINE
8
BLACK
6
CONTINUOUS
10
0.1807533070866142
20
-1.9503225984251968
11
0.18
21
-1.9504724409448819
0
LINE
8
BLACK
6
CONTINUOUS
10
0.18
20
-1.9504724409448819
11
0.12
21
-1.9504724409448819
0
LINE
8
BLACK
6
CONTINUOUS
10
0.12
20
-1.9504724409448819
11
0.1192466929133858
21
-1.9503225984251968
0
LINE
8
BLACK
6
CONTINUOUS
10
0.1192466929133858
20
-1.9503225984251968
11
0.1186080708661417
21
-1.9498958661417323
0
LINE
8
BLACK
6
CONTINUOUS
10
0.1186080708661417
20
-1.9498958661417323
11
0.1181813385826772
21
-1.9492572440944882
0
LINE
8
BLACK
6
CONTINUOUS
10
0.1181813385826772
20
-1.9492572440944882
11
0.1180314960629921
21
-1.9485039370078741
0
LINE
8
BLACK
6
CONTINUOUS
10
0.1180314960629921
20
-1.9485039370078741
11
0.1180314960629921
21
-1.888503937007874
0
LINE
8
BLACK
6
CONTINUOUS
10
0.1180314960629921
20
-1.888503937007874
11
0.1181813385826772
21
-1.8877506299212599
0
LINE
8
BLACK
6
CONTINUOUS
10
0.1181813385826772
20
-1.8877506299212599
11
0.1186080708661417
21
-1.8871120078740158
0
LINE
8
BLACK
6
CONTINUOUS
10
0.1186080708661417
20
-1.8871120078740158
11
0.1192466929133858
21
-1.8866852755905512
0
LINE
8
BLACK
6
CONTINUOUS
10
0.1192466929133858
20
-1.8866852755905512
11
0.12
21
-1.8865354330708661
0
LINE
8
BLACK
6
CONTINUOUS
10
0.12
20
-1.8865354330708661
11
0.18
21
-1.8865354330708661
0
LINE
8
BLACK
6
CONTINUOUS
10
0.18
20
-1.8865354330708661
11
0.1807533070866142
21
-1.8866852755905512
0
LINE
8
BLACK
6
CONTINUOUS
10
0.2807533070866142
20
-1.8866852755905512
11
0.2813919291338582
21
-1.8871120078740158
0
LINE
8
BLACK
6
CONTINUOUS
10
0.2813919291338582
20
-1.8871120078740158
11
0.2818186614173228
21
-1.8877506299212599
0
LINE
8
BLACK
6
CONTINUOUS
10
0.2818186614173228
20
-1.8877506299212599
11
0.2819685039370078
21
-1.888503937007874
0
LINE
8
BLACK
6
CONTINUOUS
10
0.2819685039370078
20
-1.888503937007874
11
0.2819685039370078
21
-1.9485039370078741
0
LINE
8
BLACK
6
CONTINUOUS
10
0.2819685039370078
20
-1.9485039370078741
11
0.2818186614173228
21
-1.9492572440944882
0
LINE
8
BLACK
6
CONTINUOUS
10
0.2818186614173228
20
-1.9492572440944882
11
0.2813919291338582
21
-1.9498958661417323
0
LINE
8
BLACK
6
CONTINUOUS
10
0.2813919291338582
20
-1.9498958661417323
11
0.2807533070866142
21
-1.9503225984251968
0
LINE
8
BLACK
6
CONTINUOUS
10
0.2807533070866142
20
-1.9503225984251968
11
0.28
21
-1.9504724409448819
0
LINE
8
BLACK
6
CONTINUOUS
10
0.28
20
-1.9504724409448819
11
0.22
21
-1.9504724409448819
0
LINE
8
BLACK
6
CONTINUOUS
10
0.22
20
-1.9504724409448819
11
0.2192466929133858
21
-1.9503225984251968
0
LINE
8
BLACK
6
CONTINUOUS
10
0.2192466929133858
20
-1.9503225984251968
11
0.2186080708661417
21
-1.9498958661417323
0
LINE
8
BLACK
6
CONTINUOUS
10
0.2186080708661417
20
-1.9498958661417323
11
0.2181813385826772
21
-1.9492572440944882
0
LINE
8
BLACK
6
CONTINUOUS
10
0.2181813385826772
20
-1.9492572440944882
11
0.2180314960629921
21
-1.9485039370078741
0
LINE
8
BLACK
6
CONTINUOUS
10
0.2180314960629921
20
-1.9485039370078741
11
0.2180314960629921
21
-1.888503937007874
0
LINE
8
BLACK
6
CONTINUOUS
10
0.2180314960629921
20
-1.888503937007874
11
0.2181813385826772
21
-1.8877506299212599
0
LINE
8
BLACK
6
CONTINUOUS
10
0.2181813385826772
20
-1.8877506299212599
11
0.2186080708661417
21
-1.8871120078740158
0
LINE
8
BLACK
6
CONTINUOUS
10
0.2186080708661417
20
-1.8871120078740158
11
0.2192466929133858
21
-1.8866852755905512
0
LINE
8
BLACK
6
CONTINUOUS
10
0.2192466929133858
20
-1.8866852755905512
11
0.22
21
-1.8865354330708661
0
LINE
8
BLACK
6
CONTINUOUS
10
0.22
20
-1.8865354330708661
11
0.28
21
-1.8865354330708661
0
LINE
8
BLACK
6
CONTINUOUS
10
0.28
20
-1.8865354330708661
11
0.2807533070866142
21
-1.8866852755905512
0
LINE
8
BLACK
6
CONTINUOUS
10
0.3807533070866141
20
-1.8866852755905512
11
0.3813919291338583
21
-1.8871120078740158
0
LINE
8
BLACK
6
CONTINUOUS
10
0.3813919291338583
20
-1.8871120078740158
11
0.3818186614173228
21
-1.8877506299212599
0
LINE
8
BLACK
6
CONTINUOUS
10
0.3818186614173228
20
-1.8877506299212599
11
0.3819685039370079
21
-1.888503937007874
0
LINE
8
BLACK
6
CONTINUOUS
10
0.3819685039370079
20
-1.888503937007874
11
0.3819685039370079
21
-1.9485039370078741
0
LINE
8
BLACK
6
CONTINUOUS
10
0.3819685039370079
20
-1.9485039370078741
11
0.3818186614173228
21
-1.9492572440944882
0
LINE
8
BLACK
6
CONTINUOUS
10
0.3818186614173228
20
-1.9492572440944882
11
0.3813919291338583
21
-1.9498958661417323
0
LINE
8
BLACK
6
CONTINUOUS
10
0.3813919291338583
20
-1.9498958661417323
11
0.3807533070866141
21
-1.9503225984251968
0
LINE
8
BLACK
6
CONTINUOUS
10
0.3807533070866141
20
-1.9503225984251968
11
0.38
21
-1.9504724409448819
0
LINE
8
BLACK
6
CONTINUOUS
10
0.38
20
-1.9504724409448819
11
0.32
21
-1.9504724409448819
0
LINE
8
BLACK
6
CONTINUOUS
10
0.32
20
-1.9504724409448819
11
0.3192466929133858
21
-1.9503225984251968
0
LINE
8
BLACK
6
CONTINUOUS
10
0.3192466929133858
20
-1.9503225984251968
11
0.3186080708661417
21
-1.9498958661417323
0
LINE
8
BLACK
6
CONTINUOUS
10
0.3186080708661417
20
-1.9498958661417323
11
0.3181813385826772
21
-1.9492572440944882
0
LINE
8
BLACK
6
CONTINUOUS
10
0.3181813385826772
20
-1.9492572440944882
11
0.3180314960629921
21
-1.9485039370078741
0
LINE
8
BLACK
6
CONTINUOUS
10
0.3180314960629921
20
-1.9485039370078741
11
0.3180314960629921
21
-1.888503937007874
0
LINE
8
BLACK
6
CONTINUOUS
10
0.3180314960629921
20
-1.888503937007874
11
0.3181813385826772
21
-1.8877506299212599
0
LINE
8
BLACK
6
CONTINUOUS
10
0.3181813385826772
20
-1.8877506299212599
11
0.3186080708661417
21
-1.8871120078740158
0
LINE
8
BLACK
6
CONTINUOUS
10
0.3186080708661417
20
-1.8871120078740158
11
0.3192466929133858
21
-1.8866852755905512
0
LINE
8
BLACK
6
CONTINUOUS
10
0.3192466929133858
20
-1.8866852755905512
11
0.32
21
-1.8865354330708661
0
LINE
8
BLACK
6
CONTINUOUS
10
0.32
20
-1.8865354330708661
11
0.38
21
-1.8865354330708661
0
LINE
8
BLACK
6
CONTINUOUS
10
0.38
20
-1.8865354330708661
11
0.3807533070866141
21
-1.8866852755905512
0
LINE
8
BLACK
6
CONTINUOUS
10
0.4807533070866142
20
-1.8866852755905512
11
0.4813919291338583
21
-1.8871120078740158
0
LINE
8
BLACK
6
CONTINUOUS
10
0.4813919291338583
20
-1.8871120078740158
11
0.4818186614173228
21
-1.8877506299212599
0
LINE
8
BLACK
6
CONTINUOUS
10
0.4818186614173228
20
-1.8877506299212599
11
0.4819685039370079
21
-1.888503937007874
0
LINE
8
BLACK
6
CONTINUOUS
10
0.4819685039370079
20
-1.888503937007874
11
0.4819685039370079
21
-1.9485039370078741
0
LINE
8
BLACK
6
CONTINUOUS
10
0.4819685039370079
20
-1.9485039370078741
11
0.4818186614173228
21
-1.9492572440944882
0
LINE
8
BLACK
6
CONTINUOUS
10
0.4818186614173228
20
-1.9492572440944882
11
0.4813919291338583
21
-1.9498958661417323
0
LINE
8
BLACK
6
CONTINUOUS
10
0.4813919291338583
20
-1.9498958661417323
11
0.4807533070866142
21
-1.9503225984251968
0
LINE
8
BLACK
6
CONTINUOUS
10
0.4807533070866142
20
-1.9503225984251968
11
0.48
21
-1.9504724409448819
0
LINE
8
BLACK
6
CONTINUOUS
10
0.48
20
-1.9504724409448819
11
0.42
21
-1.9504724409448819
0
LINE
8
BLACK
6
CONTINUOUS
10
0.42
20
-1.9504724409448819
11
0.4192466929133858
21
-1.9503225984251968
0
LINE
8
BLACK
6
CONTINUOUS
10
0.4192466929133858
20
-1.9503225984251968
11
0.4186080708661417
21
-1.9498958661417323
0
LINE
8
BLACK
6
CONTINUOUS
10
0.4186080708661417
20
-1.9498958661417323
11
0.4181813385826771
21
-1.9492572440944882
0
LINE
8
BLACK
6
CONTINUOUS
10
0.4181813385826771
20
-1.9492572440944882
11
0.4180314960629921
21
-1.9485039370078741
0
LINE
8
BLACK
6
CONTINUOUS
10
0.4180314960629921
20
-1.9485039370078741
11
0.4180314960629921
21
-1.888503937007874
0
LINE
8
BLACK
6
CONTINUOUS
10
0.4180314960629921
20
-1.888503937007874
11
0.4181813385826771
21
-1.8877506299212599
0
LINE
8
BLACK
6
CONTINUOUS
10
0.4181813385826771
20
-1.8877506299212599
11
0.4186080708661417
21
-1.8871120078740158
0
LINE
8
BLACK
6
CONTINUOUS
10
0.4186080708661417
20
-1.8871120078740158
11
0.4192466929133858
21
-1.8866852755905512
0
LINE
8
BLACK
6
CONTINUOUS
10
0.4192466929133858
20
-1.8866852755905512
11
0.42
21
-1.8865354330708661
0
LINE
8
BLACK
6
CONTINUOUS
10
0.42
20
-1.8865354330708661
11
0.48
21
-1.8865354330708661
0
LINE
8
BLACK
6
CONTINUOUS
10
0.48
20
-1.8865354330708661
11
0.4807533070866142
21
-1.8866852755905512
0
LINE
8
BLACK
6
CONTINUOUS
10
0.4554600393700787
20
-1.769014527559055
11
0.459430748031496
21
-1.7707677559055117
0
LINE
8
BLACK
6
CONTINUOUS
10
0.459430748031496
20
-1.7707677559055117
11
0.4624999606299213
21
-1.773836968503937
0
LINE
8
BLACK
6
CONTINUOUS
10
0.4624999606299213
20
-1.773836968503937
11
0.464253188976378
21
-1.7778076771653544
0
LINE
8
BLACK
6
CONTINUOUS
10
0.464253188976378
20
-1.7778076771653544
11
0.4645669291338583
21
-1.780511811023622
0
LINE
8
BLACK
6
CONTINUOUS
10
0.4645669291338583
20
-1.780511811023622
11
0.4645669291338583
21
-1.8179133858267715
0
LINE
8
BLACK
6
CONTINUOUS
10
0.4645669291338583
20
-1.8179133858267715
11
0.464253188976378
21
-1.8206175196850394
0
LINE
8
BLACK
6
CONTINUOUS
10
0.464253188976378
20
-1.8206175196850394
11
0.4624999606299213
21
-1.8245882283464567
0
LINE
8
BLACK
6
CONTINUOUS
10
0.4624999606299213
20
-1.8245882283464567
11
0.459430748031496
21
-1.8276574409448818
0
LINE
8
BLACK
6
CONTINUOUS
10
0.459430748031496
20
-1.8276574409448818
11
0.4554600393700787
21
-1.8294106692913386
0
LINE
8
BLACK
6
CONTINUOUS
10
0.4554600393700787
20
-1.8294106692913386
11
0.452755905511811
21
-1.8297244094488188
0
LINE
8
BLACK
6
CONTINUOUS
10
0.452755905511811
20
-1.8297244094488188
11
0.4330708661417323
21
-1.8297244094488188
0
LINE
8
BLACK
6
CONTINUOUS
10
0.4330708661417323
20
-1.8297244094488188
11
0.4303667322834646
21
-1.8294106692913386
0
LINE
8
BLACK
6
CONTINUOUS
10
0.4303667322834646
20
-1.8294106692913386
11
0.4263960236220473
21
-1.8276574409448818
0
LINE
8
BLACK
6
CONTINUOUS
10
0.4263960236220473
20
-1.8276574409448818
11
0.423326811023622
21
-1.8245882283464567
0
LINE
8
BLACK
6
CONTINUOUS
10
0.423326811023622
20
-1.8245882283464567
11
0.4215735826771653
21
-1.8206175196850394
0
LINE
8
BLACK
6
CONTINUOUS
10
0.4215735826771653
20
-1.8206175196850394
11
0.421259842519685
21
-1.8179133858267715
0
LINE
8
BLACK
6
CONTINUOUS
10
0.421259842519685
20
-1.8179133858267715
11
0.421259842519685
21
-1.780511811023622
0
LINE
8
BLACK
6
CONTINUOUS
10
0.421259842519685
20
-1.780511811023622
11
0.4215735826771653
21
-1.7778076771653544
0
LINE
8
BLACK
6
CONTINUOUS
10
0.4215735826771653
20
-1.7778076771653544
11
0.423326811023622
21
-1.773836968503937
0
LINE
8
BLACK
6
CONTINUOUS
10
0.423326811023622
20
-1.773836968503937
11
0.4263960236220473
21
-1.7707677559055117
0
LINE
8
BLACK
6
CONTINUOUS
10
0.4263960236220473
20
-1.7707677559055117
11
0.4303667322834646
21
-1.769014527559055
0
LINE
8
BLACK
6
CONTINUOUS
10
0.4303667322834646
20
-1.769014527559055
11
0.4330708661417323
21
-1.7687007874015748
0
LINE
8
BLACK
6
CONTINUOUS
10
0.4330708661417323
20
-1.7687007874015748
11
0.452755905511811
21
-1.7687007874015748
0
LINE
8
BLACK
6
CONTINUOUS
10
0.452755905511811
20
-1.7687007874015748
11
0.4554600393700787
21
-1.769014527559055
0
LINE
8
BLACK
6
CONTINUOUS
10
0.5302631889763779
20
-1.769014527559055
11
0.5342338976377953
21
-1.7707677559055117
0
LINE
8
BLACK
6
CONTINUOUS
10
0.5342338976377953
20
-1.7707677559055117
11
0.5373031102362205
21
-1.773836968503937
0
LINE
8
BLACK
6
CONTINUOUS
10
0.5373031102362205
20
-1.773836968503937
11
0.5390563385826772
21
-1.7778076771653544
0
LINE
8
BLACK
6
CONTINUOUS
10
0.5390563385826772
20
-1.7778076771653544
11
0.5393700787401575
21
-1.780511811023622
0
LINE
8
BLACK
6
CONTINUOUS
10
0.5393700787401575
20
-1.780511811023622
11
0.5393700787401575
21
-1.8179133858267715
0
LINE
8
BLACK
6
CONTINUOUS
10
0.5393700787401575
20
-1.8179133858267715
11
0.5390563385826772
21
-1.8206175196850394
0
LINE
8
BLACK
6
CONTINUOUS
10
0.5390563385826772
20
-1.8206175196850394
11
0.5373031102362205
21
-1.8245882283464567
0
LINE
8
BLACK
6
CONTINUOUS
10
0.5373031102362205
20
-1.8245882283464567
11
0.5342338976377953
21
-1.8276574409448818
0
LINE
8
BLACK
6
CONTINUOUS
10
0.5342338976377953
20
-1.8276574409448818
11
0.5302631889763779
21
-1.8294106692913386
0
LINE
8
BLACK
6
CONTINUOUS
10
0.5302631889763779
20
-1.8294106692913386
11
0.5275590551181102
21
-1.8297244094488188
0
LINE
8
BLACK
6
CONTINUOUS
10
0.5275590551181102
20
-1.8297244094488188
11
0.5078740157480315
21
-1.8297244094488188
0
LINE
8
BLACK
6
CONTINUOUS
10
0.5078740157480315
20
-1.8297244094488188
11
0.5051698818897637
21
-1.8294106692913386
0
LINE
8
BLACK
6
CONTINUOUS
10
0.5051698818897637
20
-1.8294106692913386
11
0.5011991732283464
21
-1.8276574409448818
0
LINE
8
BLACK
6
CONTINUOUS
10
0.5011991732283464
20
-1.8276574409448818
11
0.4981299606299213
21
-1.8245882283464567
0
LINE
8
BLACK
6
CONTINUOUS
10
0.4981299606299213
20
-1.8245882283464567
11
0.4963767322834646
21
-1.8206175196850394
0
LINE
8
BLACK
6
CONTINUOUS
10
0.4963767322834646
20
-1.8206175196850394
11
0.4960629921259843
21
-1.8179133858267715
0
LINE
8
BLACK
6
CONTINUOUS
10
0.4960629921259843
20
-1.8179133858267715
11
0.4960629921259843
21
-1.780511811023622
0
LINE
8
BLACK
6
CONTINUOUS
10
0.4960629921259843
20
-1.780511811023622
11
0.4963767322834646
21
-1.7778076771653544
0
LINE
8
BLACK
6
CONTINUOUS
10
0.4963767322834646
20
-1.7778076771653544
11
0.4981299606299213
21
-1.773836968503937
0
LINE
8
BLACK
6
CONTINUOUS
10
0.4981299606299213
20
-1.773836968503937
11
0.5011991732283464
21
-1.7707677559055117
0
LINE
8
BLACK
6
CONTINUOUS
10
0.5011991732283464
20
-1.7707677559055117
11
0.5051698818897637
21
-1.769014527559055
0
LINE
8
BLACK
6
CONTINUOUS
10
0.5051698818897637
20
-1.769014527559055
11
0.5078740157480315
21
-1.7687007874015748
0
LINE
8
BLACK
6
CONTINUOUS
10
0.5078740157480315
20
-1.7687007874015748
11
0.5275590551181102
21
-1.7687007874015748
0
LINE
8
BLACK
6
CONTINUOUS
10
0.5275590551181102
20
-1.7687007874015748
11
0.5302631889763779
21
-1.769014527559055
0
LINE
8
BLACK
6
CONTINUOUS
10
-0.3260360236220473
20
-1.7498216141732283
11
-0.3220653149606299
21
-1.7515748425196851
0
LINE
8
BLACK
6
CONTINUOUS
10
-0.3220653149606299
20
-1.7515748425196851
11
-0.3189961023622047
21
-1.7546440551181102
0
LINE
8
BLACK
6
CONTINUOUS
10
-0.3189961023622047
20
-1.7546440551181102
11
-0.317242874015748
21
-1.7586147637795275
0
LINE
8
BLACK
6
CONTINUOUS
10
-0.317242874015748
20
-1.7586147637795275
11
-0.3169291338582677
21
-1.7613188976377951
0
LINE
8
BLACK
6
CONTINUOUS
10
-0.3169291338582677
20
-1.7613188976377951
11
-0.3169291338582677
21
-1.781988188976378
0
LINE
8
BLACK
6
CONTINUOUS
10
-0.3169291338582677
20
-1.781988188976378
11
-0.317242874015748
21
-1.7846923228346456
0
LINE
8
BLACK
6
CONTINUOUS
10
-0.317242874015748
20
-1.7846923228346456
11
-0.3189961023622047
21
-1.788663031496063
0
LINE
8
BLACK
6
CONTINUOUS
10
-0.3189961023622047
20
-1.788663031496063
11
-0.3220653149606299
21
-1.7917322440944881
0
LINE
8
BLACK
6
CONTINUOUS
10
-0.3220653149606299
20
-1.7917322440944881
11
-0.3260360236220473
21
-1.7934854724409448
0
LINE
8
BLACK
6
CONTINUOUS
10
-0.3260360236220473
20
-1.7934854724409448
11
-0.3287401574803149
21
-1.7937992125984252
0
LINE
8
BLACK
6
CONTINUOUS
10
-0.3287401574803149
20
-1.7937992125984252
11
-0.3641732283464567
21
-1.7937992125984252
0
LINE
8
BLACK
6
CONTINUOUS
10
-0.3641732283464567
20
-1.7937992125984252
11
-0.3668773622047244
21
-1.7934854724409448
0
LINE
8
BLACK
6
CONTINUOUS
10
-0.3668773622047244
20
-1.7934854724409448
11
-0.3708480708661417
21
-1.7917322440944881
0
LINE
8
BLACK
6
CONTINUOUS
10
-0.3708480708661417
20
-1.7917322440944881
11
-0.3739172834645669
21
-1.788663031496063
0
LINE
8
BLACK
6
CONTINUOUS
10
-0.3739172834645669
20
-1.788663031496063
11
-0.3756705118110236
21
-1.7846923228346456
0
LINE
8
BLACK
6
CONTINUOUS
10
-0.3756705118110236
20
-1.7846923228346456
11
-0.3759842519685039
21
-1.781988188976378
0
LINE
8
BLACK
6
CONTINUOUS
10
-0.3759842519685039
20
-1.781988188976378
11
-0.3759842519685039
21
-1.7613188976377951
0
LINE
8
BLACK
6
CONTINUOUS
10
-0.3759842519685039
20
-1.7613188976377951
11
-0.3756705118110236
21
-1.7586147637795275
0
LINE
8
BLACK
6
CONTINUOUS
10
-0.3756705118110236
20
-1.7586147637795275
11
-0.3739172834645669
21
-1.7546440551181102
0
LINE
8
BLACK
6
CONTINUOUS
10
-0.3739172834645669
20
-1.7546440551181102
11
-0.3708480708661417
21
-1.7515748425196851
0
LINE
8
BLACK
6
CONTINUOUS
10
-0.3708480708661417
20
-1.7515748425196851
11
-0.3668773622047244
21
-1.7498216141732283
0
LINE
8
BLACK
6
CONTINUOUS
10
-0.3668773622047244
20
-1.7498216141732283
11
-0.3641732283464567
21
-1.7495078740157479
0
LINE
8
BLACK
6
CONTINUOUS
10
-0.3641732283464567
20
-1.7495078740157479
11
-0.3287401574803149
21
-1.7495078740157479
0
LINE
8
BLACK
6
CONTINUOUS
10
-0.3287401574803149
20
-1.7495078740157479
11
-0.3260360236220473
21
-1.7498216141732283
0
LINE
8
BLACK
6
CONTINUOUS
10
-0.2276108267716535
20
-1.7498216141732283
11
-0.2236401181102362
21
-1.7515748425196851
0
LINE
8
BLACK
6
CONTINUOUS
10
-0.2236401181102362
20
-1.7515748425196851
11
-0.220570905511811
21
-1.7546440551181102
0
LINE
8
BLACK
6
CONTINUOUS
10
-0.220570905511811
20
-1.7546440551181102
11
-0.2188176771653543
21
-1.7586147637795275
0
LINE
8
BLACK
6
CONTINUOUS
10
-0.2188176771653543
20
-1.7586147637795275
11
-0.218503937007874
21
-1.7613188976377951
0
LINE
8
BLACK
6
CONTINUOUS
10
-0.218503937007874
20
-1.7613188976377951
11
-0.218503937007874
21
-1.781988188976378
0
LINE
8
BLACK
6
CONTINUOUS
10
-0.218503937007874
20
-1.781988188976378
11
-0.2188176771653543
21
-1.7846923228346456
0
LINE
8
BLACK
6
CONTINUOUS
10
-0.2188176771653543
20
-1.7846923228346456
11
-0.220570905511811
21
-1.788663031496063
0
LINE
8
BLACK
6
CONTINUOUS
10
-0.220570905511811
20
-1.788663031496063
11
-0.2236401181102362
21
-1.7917322440944881
0
LINE
8
BLACK
6
CONTINUOUS
10
-0.2236401181102362
20
-1.7917322440944881
11
-0.2276108267716535
21
-1.7934854724409448
0
LINE
8
BLACK
6
CONTINUOUS
10
-0.2276108267716535
20
-1.7934854724409448
11
-0.2303149606299213
21
-1.7937992125984252
0
LINE
8
BLACK
6
CONTINUOUS
10
-0.2303149606299213
20
-1.7937992125984252
11
-0.265748031496063
21
-1.7937992125984252
0
LINE
8
BLACK
6
CONTINUOUS
10
-0.265748031496063
20
-1.7937992125984252
11
-0.2684521653543307
21
-1.7934854724409448
0
LINE
8
BLACK
6
CONTINUOUS
10
-0.2684521653543307
20
-1.7934854724409448
11
-0.2724228740157481
21
-1.7917322440944881
0
LINE
8
BLACK
6
CONTINUOUS
10
-0.2724228740157481
20
-1.7917322440944881
11
-0.2754920866141732
21
-1.788663031496063
0
LINE
8
BLACK
6
CONTINUOUS
10
-0.2754920866141732
20
-1.788663031496063
11
-0.2772453149606299
21
-1.7846923228346456
0
LINE
8
BLACK
6
CONTINUOUS
10
-0.2772453149606299
20
-1.7846923228346456
11
-0.2775590551181102
21
-1.781988188976378
0
LINE
8
BLACK
6
CONTINUOUS
10
-0.2775590551181102
20
-1.781988188976378
11
-0.2775590551181102
21
-1.7613188976377951
0
LINE
8
BLACK
6
CONTINUOUS
10
-0.2775590551181102
20
-1.7613188976377951
11
-0.2772453149606299
21
-1.7586147637795275
0
LINE
8
BLACK
6
CONTINUOUS
10
-0.2772453149606299
20
-1.7586147637795275
11
-0.2754920866141732
21
-1.7546440551181102
0
LINE
8
BLACK
6
CONTINUOUS
10
-0.2754920866141732
20
-1.7546440551181102
11
-0.2724228740157481
21
-1.7515748425196851
0
LINE
8
BLACK
6
CONTINUOUS
10
-0.2724228740157481
20
-1.7515748425196851
11
-0.2684521653543307
21
-1.7498216141732283
0
LINE
8
BLACK
6
CONTINUOUS
10
-0.2684521653543307
20
-1.7498216141732283
11
-0.265748031496063
21
-1.7495078740157479
0
LINE
8
BLACK
6
CONTINUOUS
10
-0.265748031496063
20
-1.7495078740157479
11
-0.2303149606299213
21
-1.7495078740157479
0
LINE
8
BLACK
6
CONTINUOUS
10
-0.2303149606299213
20
-1.7495078740157479
11
-0.2276108267716535
21
-1.7498216141732283
0
LINE
8
BLACK
6
CONTINUOUS
10
-0.1291856299212598
20
-1.7498216141732283
11
-0.1252149212598425
21
-1.7515748425196851
0
LINE
8
BLACK
6
CONTINUOUS
10
-0.1252149212598425
20
-1.7515748425196851
11
-0.1221457086614173
21
-1.7546440551181102
0
LINE
8
BLACK
6
CONTINUOUS
10
-0.1221457086614173
20
-1.7546440551181102
11
-0.1203924803149606
21
-1.7586147637795275
0
LINE
8
BLACK
6
CONTINUOUS
10
-0.1203924803149606
20
-1.7586147637795275
11
-0.1200787401574803
21
-1.7613188976377951
0
LINE
8
BLACK
6
CONTINUOUS
10
-0.1200787401574803
20
-1.7613188976377951
11
-0.1200787401574803
21
-1.781988188976378
0
LINE
8
BLACK
6
CONTINUOUS
10
-0.1200787401574803
20
-1.781988188976378
11
-0.1203924803149606
21
-1.7846923228346456
0
LINE
8
BLACK
6
CONTINUOUS
10
-0.1203924803149606
20
-1.7846923228346456
11
-0.1221457086614173
21
-1.788663031496063
0
LINE
8
BLACK
6
CONTINUOUS
10
-0.1221457086614173
20
-1.788663031496063
11
-0.1252149212598425
21
-1.7917322440944881
0
LINE
8
BLACK
6
CONTINUOUS
10
-0.1252149212598425
20
-1.7917322440944881
11
-0.1291856299212598
21
-1.7934854724409448
0
LINE
8
BLACK
6
CONTINUOUS
10
-0.1291856299212598
20
-1.7934854724409448
11
-0.1318897637795275
21
-1.7937992125984252
0
LINE
8
BLACK
6
CONTINUOUS
10
-0.1318897637795275
20
-1.7937992125984252
11
-0.1673228346456693
21
-1.7937992125984252
0
LINE
8
BLACK
6
CONTINUOUS
10
-0.1673228346456693
20
-1.7937992125984252
11
-0.170026968503937
21
-1.7934854724409448
0
LINE
8
BLACK
6
CONTINUOUS
10
-0.170026968503937
20
-1.7934854724409448
11
-0.1739976771653543
21
-1.7917322440944881
0
LINE
8
BLACK
6
CONTINUOUS
10
-0.1739976771653543
20
-1.7917322440944881
11
-0.1770668897637795
21
-1.788663031496063
0
LINE
8
BLACK
6
CONTINUOUS
10
-0.1770668897637795
20
-1.788663031496063
11
-0.1788201181102362
21
-1.7846923228346456
0
LINE
8
BLACK
6
CONTINUOUS
10
-0.1788201181102362
20
-1.7846923228346456
11
-0.1791338582677165
21
-1.781988188976378
0
LINE
8
BLACK
6
CONTINUOUS
10
-0.1791338582677165
20
-1.781988188976378
11
-0.1791338582677165
21
-1.7613188976377951
0
LINE
8
BLACK
6
CONTINUOUS
10
-0.1791338582677165
20
-1.7613188976377951
11
-0.1788201181102362
21
-1.7586147637795275
0
LINE
8
BLACK
6
CONTINUOUS
10
-0.1788201181102362
20
-1.7586147637795275
11
-0.1770668897637795
21
-1.7546440551181102
0
LINE
8
BLACK
6
CONTINUOUS
10
-0.1770668897637795
20
-1.7546440551181102
11
-0.1739976771653543
21
-1.7515748425196851
0
LINE
8
BLACK
6
CONTINUOUS
10
-0.1739976771653543
20
-1.7515748425196851
11
-0.170026968503937
21
-1.7498216141732283
0
LINE
8
BLACK
6
CONTINUOUS
10
-0.170026968503937
20
-1.7498216141732283
11
-0.1673228346456693
21
-1.7495078740157479
0
LINE
8
BLACK
6
CONTINUOUS
10
-0.1673228346456693
20
-1.7495078740157479
11
-0.1318897637795275
21
-1.7495078740157479
0
LINE
8
BLACK
6
CONTINUOUS
10
-0.1318897637795275
20
-1.7495078740157479
11
-0.1291856299212598
21
-1.7498216141732283
0
LINE
8
BLACK
6
CONTINUOUS
10
-0.0228864173228346
20
-1.7498216141732283
11
-0.0189157086614173
21
-1.7515748425196851
0
LINE
8
BLACK
6
CONTINUOUS
10
-0.0189157086614173
20
-1.7515748425196851
11
-0.0158464960629921
21
-1.7546440551181102
0
LINE
8
BLACK
6
CONTINUOUS
10
-0.0158464960629921
20
-1.7546440551181102
11
-0.0140932677165354
21
-1.7586147637795275
0
LINE
8
BLACK
6
CONTINUOUS
10
-0.0140932677165354
20
-1.7586147637795275
11
-0.0137795275590551
21
-1.7613188976377951
0
LINE
8
BLACK
6
CONTINUOUS
10
-0.0137795275590551
20
-1.7613188976377951
11
-0.0137795275590551
21
-1.781988188976378
0
LINE
8
BLACK
6
CONTINUOUS
10
-0.0137795275590551
20
-1.781988188976378
11
-0.0140932677165354
21
-1.7846923228346456
0
LINE
8
BLACK
6
CONTINUOUS
10
-0.0140932677165354
20
-1.7846923228346456
11
-0.0158464960629921
21
-1.788663031496063
0
LINE
8
BLACK
6
CONTINUOUS
10
-0.0158464960629921
20
-1.788663031496063
11
-0.0189157086614173
21
-1.7917322440944881
0
LINE
8
BLACK
6
CONTINUOUS
10
-0.0189157086614173
20
-1.7917322440944881
11
-0.0228864173228346
21
-1.7934854724409448
0
LINE
8
BLACK
6
CONTINUOUS
10
-0.0228864173228346
20
-1.7934854724409448
11
-0.0255905511811024
21
-1.7937992125984252
0
LINE
8
BLACK
6
CONTINUOUS
10
-0.0255905511811024
20
-1.7937992125984252
11
-0.0610236220472441
21
-1.7937992125984252
0
LINE
8
BLACK
6
CONTINUOUS
10
-0.0610236220472441
20
-1.7937992125984252
11
-0.0637277559055118
21
-1.7934854724409448
0
LINE
8
BLACK
6
CONTINUOUS
10
-0.0637277559055118
20
-1.7934854724409448
11
-0.0676984645669291
21
-1.7917322440944881
0
LINE
8
BLACK
6
CONTINUOUS
10
-0.0676984645669291
20
-1.7917322440944881
11
-0.0707676771653543
21
-1.788663031496063
0
LINE
8
BLACK
6
CONTINUOUS
10
-0.0707676771653543
20
-1.788663031496063
11
-0.072520905511811
21
-1.7846923228346456
0
LINE
8
BLACK
6
CONTINUOUS
10
-0.072520905511811
20
-1.7846923228346456
11
-0.0728346456692913
21
-1.781988188976378
0
LINE
8
BLACK
6
CONTINUOUS
10
-0.0728346456692913
20
-1.781988188976378
11
-0.0728346456692913
21
-1.7613188976377951
0
LINE
8
BLACK
6
CONTINUOUS
10
-0.0728346456692913
20
-1.7613188976377951
11
-0.072520905511811
21
-1.7586147637795275
0
LINE
8
BLACK
6
CONTINUOUS
10
-0.072520905511811
20
-1.7586147637795275
11
-0.0707676771653543
21
-1.7546440551181102
0
LINE
8
BLACK
6
CONTINUOUS
10
-0.0707676771653543
20
-1.7546440551181102
11
-0.0676984645669291
21
-1.7515748425196851
0
LINE
8
BLACK
6
CONTINUOUS
10
-0.0676984645669291
20
-1.7515748425196851
11
-0.0637277559055118
21
-1.7498216141732283
0
LINE
8
BLACK
6
CONTINUOUS
10
-0.0637277559055118
20
-1.7498216141732283
11
-0.0610236220472441
21
-1.7495078740157479
0
LINE
8
BLACK
6
CONTINUOUS
10
-0.0610236220472441
20
-1.7495078740157479
11
-0.0255905511811024
21
-1.7495078740157479
0
LINE
8
BLACK
6
CONTINUOUS
10
-0.0255905511811024
20
-1.7495078740157479
11
-0.0228864173228346
21
-1.7498216141732283
0
LINE
8
BLACK
6
CONTINUOUS
10
0.4593970472440945
20
-1.6784633464566929
11
0.4633677559055118
21
-1.6802165748031497
0
LINE
8
BLACK
6
CONTINUOUS
10
0.4633677559055118
20
-1.6802165748031497
11
0.466436968503937
21
-1.6832857874015748
0
LINE
8
BLACK
6
CONTINUOUS
10
0.466436968503937
20
-1.6832857874015748
11
0.4681901968503937
21
-1.6872564960629921
0
LINE
8
BLACK
6
CONTINUOUS
10
0.4681901968503937
20
-1.6872564960629921
11
0.468503937007874
21
-1.6899606299212597
0
LINE
8
BLACK
6
CONTINUOUS
10
0.468503937007874
20
-1.6899606299212597
11
0.468503937007874
21
-1.7273622047244095
0
LINE
8
BLACK
6
CONTINUOUS
10
0.468503937007874
20
-1.7273622047244095
11
0.4681901968503937
21
-1.7300663385826771
0
LINE
8
BLACK
6
CONTINUOUS
10
0.4681901968503937
20
-1.7300663385826771
11
0.466436968503937
21
-1.7340370472440945
0
LINE
8
BLACK
6
CONTINUOUS
10
0.466436968503937
20
-1.7340370472440945
11
0.4633677559055118
21
-1.7371062598425195
0
LINE
8
BLACK
6
CONTINUOUS
10
0.4633677559055118
20
-1.7371062598425195
11
0.4593970472440945
21
-1.7388594881889763
0
LINE
8
BLACK
6
CONTINUOUS
10
0.4593970472440945
20
-1.7388594881889763
11
0.4566929133858267
21
-1.7391732283464567
0
LINE
8
BLACK
6
CONTINUOUS
10
0.4566929133858267
20
-1.7391732283464567
11
0.437007874015748
21
-1.7391732283464567
0
LINE
8
BLACK
6
CONTINUOUS
10
0.437007874015748
20
-1.7391732283464567
11
0.4343037401574803
21
-1.7388594881889763
0
LINE
8
BLACK
6
CONTINUOUS
10
0.4343037401574803
20
-1.7388594881889763
11
0.430333031496063
21
-1.7371062598425195
0
LINE
8
BLACK
6
CONTINUOUS
10
0.430333031496063
20
-1.7371062598425195
11
0.4272638188976378
21
-1.7340370472440945
0
LINE
8
BLACK
6
CONTINUOUS
10
0.4272638188976378
20
-1.7340370472440945
11
0.4255105905511811
21
-1.7300663385826771
0
LINE
8
BLACK
6
CONTINUOUS
10
0.4255105905511811
20
-1.7300663385826771
11
0.4251968503937008
21
-1.7273622047244095
0
LINE
8
BLACK
6
CONTINUOUS
10
0.4251968503937008
20
-1.7273622047244095
11
0.4251968503937008
21
-1.6899606299212597
0
LINE
8
BLACK
6
CONTINUOUS
10
0.4251968503937008
20
-1.6899606299212597
11
0.4255105905511811
21
-1.6872564960629921
0
LINE
8
BLACK
6
CONTINUOUS
10
0.4255105905511811
20
-1.6872564960629921
11
0.4272638188976378
21
-1.6832857874015748
0
LINE
8
BLACK
6
CONTINUOUS
10
0.4272638188976378
20
-1.6832857874015748
11
0.430333031496063
21
-1.6802165748031497
0
LINE
8
BLACK
6
CONTINUOUS
10
0.430333031496063
20
-1.6802165748031497
11
0.4343037401574803
21
-1.6784633464566929
0
LINE
8
BLACK
6
CONTINUOUS
10
0.4343037401574803
20
-1.6784633464566929
11
0.437007874015748
21
-1.6781496062992125
0
LINE
8
BLACK
6
CONTINUOUS
10
0.437007874015748
20
-1.6781496062992125
11
0.4566929133858267
21
-1.6781496062992125
0
LINE
8
BLACK
6
CONTINUOUS
10
0.4566929133858267
20
-1.6781496062992125
11
0.4593970472440945
21
-1.6784633464566929
0
LINE
8
BLACK
6
CONTINUOUS
10
0.5342001968503937
20
-1.6784633464566929
11
0.538170905511811
21
-1.6802165748031497
0
LINE
8
BLACK
6
CONTINUOUS
10
0.538170905511811
20
-1.6802165748031497
11
0.5412401181102362
21
-1.6832857874015748
0
LINE
8
BLACK
6
CONTINUOUS
10
0.5412401181102362
20
-1.6832857874015748
11
0.5429933464566929
21
-1.6872564960629921
0
LINE
8
BLACK
6
CONTINUOUS
10
0.5429933464566929
20
-1.6872564960629921
11
0.5433070866141733
21
-1.6899606299212597
0
LINE
8
BLACK
6
CONTINUOUS
10
0.5433070866141733
20
-1.6899606299212597
11
0.5433070866141733
21
-1.7273622047244095
0
LINE
8
BLACK
6
CONTINUOUS
10
0.5433070866141733
20
-1.7273622047244095
11
0.5429933464566929
21
-1.7300663385826771
0
LINE
8
BLACK
6
CONTINUOUS
10
0.5429933464566929
20
-1.7300663385826771
11
0.5412401181102362
21
-1.7340370472440945
0
LINE
8
BLACK
6
CONTINUOUS
10
0.5412401181102362
20
-1.7340370472440945
11
0.538170905511811
21
-1.7371062598425195
0
LINE
8
BLACK
6
CONTINUOUS
10
0.538170905511811
20
-1.7371062598425195
11
0.5342001968503937
21
-1.7388594881889763
0
LINE
8
BLACK
6
CONTINUOUS
10
0.5342001968503937
20
-1.7388594881889763
11
0.5314960629921259
21
-1.7391732283464567
0
LINE
8
BLACK
6
CONTINUOUS
10
0.5314960629921259
20
-1.7391732283464567
11
0.5118110236220472
21
-1.7391732283464567
0
LINE
8
BLACK
6
CONTINUOUS
10
0.5118110236220472
20
-1.7391732283464567
11
0.5091068897637795
21
-1.7388594881889763
0
LINE
8
BLACK
6
CONTINUOUS
10
0.5091068897637795
20
-1.7388594881889763
11
0.5051361811023622
21
-1.7371062598425195
0
LINE
8
BLACK
6
CONTINUOUS
10
0.5051361811023622
20
-1.7371062598425195
11
0.502066968503937
21
-1.7340370472440945
0
LINE
8
BLACK
6
CONTINUOUS
10
0.502066968503937
20
-1.7340370472440945
11
0.5003137401574803
21
-1.7300663385826771
0
LINE
8
BLACK
6
CONTINUOUS
10
0.5003137401574803
20
-1.7300663385826771
11
0.5
21
-1.7273622047244095
0
LINE
8
BLACK
6
CONTINUOUS
10
0.5
20
-1.7273622047244095
11
0.5
21
-1.6899606299212597
0
LINE
8
BLACK
6
CONTINUOUS
10
0.5
20
-1.6899606299212597
11
0.5003137401574803
21
-1.6872564960629921
0
LINE
8
BLACK
6
CONTINUOUS
10
0.5003137401574803
20
-1.6872564960629921
11
0.502066968503937
21
-1.6832857874015748
0
LINE
8
BLACK
6
CONTINUOUS
10
0.502066968503937
20
-1.6832857874015748
11
0.5051361811023622
21
-1.6802165748031497
0
LINE
8
BLACK
6
CONTINUOUS
10
0.5051361811023622
20
-1.6802165748031497
11
0.5091068897637795
21
-1.6784633464566929
0
LINE
8
BLACK
6
CONTINUOUS
10
0.5091068897637795
20
-1.6784633464566929
11
0.5118110236220472
21
-1.6781496062992125
0
LINE
8
BLACK
6
CONTINUOUS
10
0.5118110236220472
20
-1.6781496062992125
11
0.5314960629921259
21
-1.6781496062992125
0
LINE
8
BLACK
6
CONTINUOUS
10
0.5314960629921259
20
-1.6781496062992125
11
0.5342001968503937
21
-1.6784633464566929
0
LINE
8
BLACK
6
CONTINUOUS
10
-0.3260360236220473
20
-1.6779712204724408
11
-0.3220653149606299
21
-1.6797244488188976
0
LINE
8
BLACK
6
CONTINUOUS
10
-0.3220653149606299
20
-1.6797244488188976
11
-0.3189961023622047
21
-1.6827936614173229
0
LINE
8
BLACK
6
CONTINUOUS
10
-0.3189961023622047
20
-1.6827936614173229
11
-0.317242874015748
21
-1.68676437007874
0
LINE
8
BLACK
6
CONTINUOUS
10
-0.317242874015748
20
-1.68676437007874
11
-0.3169291338582677
21
-1.6894685039370079
0
LINE
8
BLACK
6
CONTINUOUS
10
-0.3169291338582677
20
-1.6894685039370079
11
-0.3169291338582677
21
-1.7101377952755905
0
LINE
8
BLACK
6
CONTINUOUS
10
-0.3169291338582677
20
-1.7101377952755905
11
-0.317242874015748
21
-1.7128419291338581
0
LINE
8
BLACK
6
CONTINUOUS
10
-0.317242874015748
20
-1.7128419291338581
11
-0.3189961023622047
21
-1.7168126377952755
0
LINE
8
BLACK
6
CONTINUOUS
10
-0.3189961023622047
20
-1.7168126377952755
11
-0.3220653149606299
21
-1.7198818503937008
0
LINE
8
BLACK
6
CONTINUOUS
10
-0.3220653149606299
20
-1.7198818503937008
11
-0.3260360236220473
21
-1.7216350787401575
0
LINE
8
BLACK
6
CONTINUOUS
10
-0.3260360236220473
20
-1.7216350787401575
11
-0.3287401574803149
21
-1.7219488188976377
0
LINE
8
BLACK
6
CONTINUOUS
10
-0.3287401574803149
20
-1.7219488188976377
11
-0.3641732283464567
21
-1.7219488188976377
0
LINE
8
BLACK
6
CONTINUOUS
10
-0.3641732283464567
20
-1.7219488188976377
11
-0.3668773622047244
21
-1.7216350787401575
0
LINE
8
BLACK
6
CONTINUOUS
10
-0.3668773622047244
20
-1.7216350787401575
11
-0.3708480708661417
21
-1.7198818503937008
0
LINE
8
BLACK
6
CONTINUOUS
10
-0.3708480708661417
20
-1.7198818503937008
11
-0.3739172834645669
21
-1.7168126377952755
0
LINE
8
BLACK
6
CONTINUOUS
10
-0.3739172834645669
20
-1.7168126377952755
11
-0.3756705118110236
21
-1.7128419291338581
0
LINE
8
BLACK
6
CONTINUOUS
10
-0.3756705118110236
20
-1.7128419291338581
11
-0.3759842519685039
21
-1.7101377952755905
0
LINE
8
BLACK
6
CONTINUOUS
10
-0.3759842519685039
20
-1.7101377952755905
11
-0.3759842519685039
21
-1.6894685039370079
0
LINE
8
BLACK
6
CONTINUOUS
10
-0.3759842519685039
20
-1.6894685039370079
11
-0.3756705118110236
21
-1.68676437007874
0
LINE
8
BLACK
6
CONTINUOUS
10
-0.3756705118110236
20
-1.68676437007874
11
-0.3739172834645669
21
-1.6827936614173229
0
LINE
8
BLACK
6
CONTINUOUS
10
-0.3739172834645669
20
-1.6827936614173229
11
-0.3708480708661417
21
-1.6797244488188976
0
LINE
8
BLACK
6
CONTINUOUS
10
-0.3708480708661417
20
-1.6797244488188976
11
-0.3668773622047244
21
-1.6779712204724408
0
LINE
8
BLACK
6
CONTINUOUS
10
-0.3668773622047244
20
-1.6779712204724408
11
-0.3641732283464567
21
-1.6776574803149606
0
LINE
8
BLACK
6
CONTINUOUS
10
-0.3641732283464567
20
-1.6776574803149606
11
-0.3287401574803149
21
-1.6776574803149606
0
LINE
8
BLACK
6
CONTINUOUS
10
-0.3287401574803149
20
-1.6776574803149606
11
-0.3260360236220473
21
-1.6779712204724408
0
LINE
8
BLACK
6
CONTINUOUS
10
-0.2276108267716535
20
-1.6779712204724408
11
-0.2236401181102362
21
-1.6797244488188976
0
LINE
8
BLACK
6
CONTINUOUS
10
-0.2236401181102362
20
-1.6797244488188976
11
-0.220570905511811
21
-1.6827936614173229
0
LINE
8
BLACK
6
CONTINUOUS
10
-0.220570905511811
20
-1.6827936614173229
11
-0.2188176771653543
21
-1.68676437007874
0
LINE
8
BLACK
6
CONTINUOUS
10
-0.2188176771653543
20
-1.68676437007874
11
-0.218503937007874
21
-1.6894685039370079
0
LINE
8
BLACK
6
CONTINUOUS
10
-0.218503937007874
20
-1.6894685039370079
11
-0.218503937007874
21
-1.7101377952755905
0
LINE
8
BLACK
6
CONTINUOUS
10
-0.218503937007874
20
-1.7101377952755905
11
-0.2188176771653543
21
-1.7128419291338581
0
LINE
8
BLACK
6
CONTINUOUS
10
-0.2188176771653543
20
-1.7128419291338581
11
-0.220570905511811
21
-1.7168126377952755
0
LINE
8
BLACK
6
CONTINUOUS
10
-0.220570905511811
20
-1.7168126377952755
11
-0.2236401181102362
21
-1.7198818503937008
0
LINE
8
BLACK
6
CONTINUOUS
10
-0.2236401181102362
20
-1.7198818503937008
11
-0.2276108267716535
21
-1.7216350787401575
0
LINE
8
BLACK
6
CONTINUOUS
10
-0.2276108267716535
20
-1.7216350787401575
11
-0.2303149606299213
21
-1.7219488188976377
0
LINE
8
BLACK
6
CONTINUOUS
10
-0.2303149606299213
20
-1.7219488188976377
11
-0.265748031496063
21
-1.7219488188976377
0
LINE
8
BLACK
6
CONTINUOUS
10
-0.265748031496063
20
-1.7219488188976377
11
-0.2684521653543307
21
-1.7216350787401575
0
LINE
8
BLACK
6
CONTINUOUS
10
-0.2684521653543307
20
-1.7216350787401575
11
-0.2724228740157481
21
-1.7198818503937008
0
LINE
8
BLACK
6
CONTINUOUS
10
-0.2724228740157481
20
-1.7198818503937008
11
-0.2754920866141732
21
-1.7168126377952755
0
LINE
8
BLACK
6
CONTINUOUS
10
-0.2754920866141732
20
-1.7168126377952755
11
-0.2772453149606299
21
-1.7128419291338581
0
LINE
8
BLACK
6
CONTINUOUS
10
-0.2772453149606299
20
-1.7128419291338581
11
-0.2775590551181102
21
-1.7101377952755905
0
LINE
8
BLACK
6
CONTINUOUS
10
-0.2775590551181102
20
-1.7101377952755905
11
-0.2775590551181102
21
-1.6894685039370079
0
LINE
8
BLACK
6
CONTINUOUS
10
-0.2775590551181102
20
-1.6894685039370079
11
-0.2772453149606299
21
-1.68676437007874
0
LINE
8
BLACK
6
CONTINUOUS
10
-0.2772453149606299
20
-1.68676437007874
11
-0.2754920866141732
21
-1.6827936614173229
0
LINE
8
BLACK
6
CONTINUOUS
10
-0.2754920866141732
20
-1.6827936614173229
11
-0.2724228740157481
21
-1.6797244488188976
0
LINE
8
BLACK
6
CONTINUOUS
10
-0.2724228740157481
20
-1.6797244488188976
11
-0.2684521653543307
21
-1.6779712204724408
0
LINE
8
BLACK
6
CONTINUOUS
10
-0.2684521653543307
20
-1.6779712204724408
11
-0.265748031496063
21
-1.6776574803149606
0
LINE
8
BLACK
6
CONTINUOUS
10
-0.265748031496063
20
-1.6776574803149606
11
-0.2303149606299213
21
-1.6776574803149606
0
LINE
8
BLACK
6
CONTINUOUS
10
-0.2303149606299213
20
-1.6776574803149606
11
-0.2276108267716535
21
-1.6779712204724408
0
LINE
8
BLACK
6
CONTINUOUS
10
-0.1291856299212598
20
-1.6779712204724408
11
-0.1252149212598425
21
-1.6797244488188976
0
LINE
8
BLACK
6
CONTINUOUS
10
-0.1252149212598425
20
-1.6797244488188976
11
-0.1221457086614173
21
-1.6827936614173229
0
LINE
8
BLACK
6
CONTINUOUS
10
-0.1221457086614173
20
-1.6827936614173229
11
-0.1203924803149606
21
-1.68676437007874
0
LINE
8
BLACK
6
CONTINUOUS
10
-0.1203924803149606
20
-1.68676437007874
11
-0.1200787401574803
21
-1.6894685039370079
0
LINE
8
BLACK
6
CONTINUOUS
10
-0.1200787401574803
20
-1.6894685039370079
11
-0.1200787401574803
21
-1.7101377952755905
0
LINE
8
BLACK
6
CONTINUOUS
10
-0.1200787401574803
20
-1.7101377952755905
11
-0.1203924803149606
21
-1.7128419291338581
0
LINE
8
BLACK
6
CONTINUOUS
10
-0.1203924803149606
20
-1.7128419291338581
11
-0.1221457086614173
21
-1.7168126377952755
0
LINE
8
BLACK
6
CONTINUOUS
10
-0.1221457086614173
20
-1.7168126377952755
11
-0.1252149212598425
21
-1.7198818503937008
0
LINE
8
BLACK
6
CONTINUOUS
10
-0.1252149212598425
20
-1.7198818503937008
11
-0.1291856299212598
21
-1.7216350787401575
0
LINE
8
BLACK
6
CONTINUOUS
10
-0.1291856299212598
20
-1.7216350787401575
11
-0.1318897637795275
21
-1.7219488188976377
0
LINE
8
BLACK
6
CONTINUOUS
10
-0.1318897637795275
20
-1.7219488188976377
11
-0.1673228346456693
21
-1.7219488188976377
0
LINE
8
BLACK
6
CONTINUOUS
10
-0.1673228346456693
20
-1.7219488188976377
11
-0.170026968503937
21
-1.7216350787401575
0
LINE
8
BLACK
6
CONTINUOUS
10
-0.170026968503937
20
-1.7216350787401575
11
-0.1739976771653543
21
-1.7198818503937008
0
LINE
8
BLACK
6
CONTINUOUS
10
-0.1739976771653543
20
-1.7198818503937008
11
-0.1770668897637795
21
-1.7168126377952755
0
LINE
8
BLACK
6
CONTINUOUS
10
-0.1770668897637795
20
-1.7168126377952755
11
-0.1788201181102362
21
-1.7128419291338581
0
LINE
8
BLACK
6
CONTINUOUS
10
-0.1788201181102362
20
-1.7128419291338581
11
-0.1791338582677165
21
-1.7101377952755905
0
LINE
8
BLACK
6
CONTINUOUS
10
-0.1791338582677165
20
-1.7101377952755905
11
-0.1791338582677165
21
-1.6894685039370079
0
LINE
8
BLACK
6
CONTINUOUS
10
-0.1791338582677165
20
-1.6894685039370079
11
-0.1788201181102362
21
-1.68676437007874
0
LINE
8
BLACK
6
CONTINUOUS
10
-0.1788201181102362
20
-1.68676437007874
11
-0.1770668897637795
21
-1.6827936614173229
0
LINE
8
BLACK
6
CONTINUOUS
10
-0.1770668897637795
20
-1.6827936614173229
11
-0.1739976771653543
21
-1.6797244488188976
0
LINE
8
BLACK
6
CONTINUOUS
10
-0.1739976771653543
20
-1.6797244488188976
11
-0.170026968503937
21
-1.6779712204724408
0
LINE
8
BLACK
6
CONTINUOUS
10
-0.170026968503937
20
-1.6779712204724408
11
-0.1673228346456693
21
-1.6776574803149606
0
LINE
8
BLACK
6
CONTINUOUS
10
-0.1673228346456693
20
-1.6776574803149606
11
-0.1318897637795275
21
-1.6776574803149606
0
LINE
8
BLACK
6
CONTINUOUS
10
-0.1318897637795275
20
-1.6776574803149606
11
-0.1291856299212598
21
-1.6779712204724408
0
LINE
8
BLACK
6
CONTINUOUS
10
-0.0228864173228346
20
-1.6779712204724408
11
-0.0189157086614173
21
-1.6797244488188976
0
LINE
8
BLACK
6
CONTINUOUS
10
-0.0189157086614173
20
-1.6797244488188976
11
-0.0158464960629921
21
-1.6827936614173229
0
LINE
8
BLACK
6
CONTINUOUS
10
-0.0158464960629921
20
-1.6827936614173229
11
-0.0140932677165354
21
-1.68676437007874
0
LINE
8
BLACK
6
CONTINUOUS
10
-0.0140932677165354
20
-1.68676437007874
11
-0.0137795275590551
21
-1.6894685039370079
0
LINE
8
BLACK
6
CONTINUOUS
10
-0.0137795275590551
20
-1.6894685039370079
11
-0.0137795275590551
21
-1.7101377952755905
0
LINE
8
BLACK
6
CONTINUOUS
10
-0.0137795275590551
20
-1.7101377952755905
11
-0.0140932677165354
21
-1.7128419291338581
0
LINE
8
BLACK
6
CONTINUOUS
10
-0.0140932677165354
20
-1.7128419291338581
11
-0.0158464960629921
21
-1.7168126377952755
0
LINE
8
BLACK
6
CONTINUOUS
10
-0.0158464960629921
20
-1.7168126377952755
11
-0.0189157086614173
21
-1.7198818503937008
0
LINE
8
BLACK
6
CONTINUOUS
10
-0.0189157086614173
20
-1.7198818503937008
11
-0.0228864173228346
21
-1.7216350787401575
0
LINE
8
BLACK
6
CONTINUOUS
10
-0.0228864173228346
20
-1.7216350787401575
11
-0.0255905511811024
21
-1.7219488188976377
0
LINE
8
BLACK
6
CONTINUOUS
10
-0.0255905511811024
20
-1.7219488188976377
11
-0.0610236220472441
21
-1.7219488188976377
0
LINE
8
BLACK
6
CONTINUOUS
10
-0.0610236220472441
20
-1.7219488188976377
11
-0.0637277559055118
21
-1.7216350787401575
0
LINE
8
BLACK
6
CONTINUOUS
10
-0.0637277559055118
20
-1.7216350787401575
11
-0.0676984645669291
21
-1.7198818503937008
0
LINE
8
BLACK
6
CONTINUOUS
10
-0.0676984645669291
20
-1.7198818503937008
11
-0.0707676771653543
21
-1.7168126377952755
0
LINE
8
BLACK
6
CONTINUOUS
10
-0.0707676771653543
20
-1.7168126377952755
11
-0.072520905511811
21
-1.7128419291338581
0
LINE
8
BLACK
6
CONTINUOUS
10
-0.072520905511811
20
-1.7128419291338581
11
-0.0728346456692913
21
-1.7101377952755905
0
LINE
8
BLACK
6
CONTINUOUS
10
-0.0728346456692913
20
-1.7101377952755905
11
-0.0728346456692913
21
-1.6894685039370079
0
LINE
8
BLACK
6
CONTINUOUS
10
-0.0728346456692913
20
-1.6894685039370079
11
-0.072520905511811
21
-1.68676437007874
0
LINE
8
BLACK
6
CONTINUOUS
10
-0.072520905511811
20
-1.68676437007874
11
-0.0707676771653543
21
-1.6827936614173229
0
LINE
8
BLACK
6
CONTINUOUS
10
-0.0707676771653543
20
-1.6827936614173229
11
-0.0676984645669291
21
-1.6797244488188976
0
LINE
8
BLACK
6
CONTINUOUS
10
-0.0676984645669291
20
-1.6797244488188976
11
-0.0637277559055118
21
-1.6779712204724408
0
LINE
8
BLACK
6
CONTINUOUS
10
-0.0637277559055118
20
-1.6779712204724408
11
-0.0610236220472441
21
-1.6776574803149606
0
LINE
8
BLACK
6
CONTINUOUS
10
-0.0610236220472441
20
-1.6776574803149606
11
-0.0255905511811024
21
-1.6776574803149606
0
LINE
8
BLACK
6
CONTINUOUS
10
-0.0255905511811024
20
-1.6776574803149606
11
-0.0228864173228346
21
-1.6779712204724408
0
LINE
8
BLACK
6
CONTINUOUS
10
0.3275072834645669
20
-1.5711798818897638
11
0.3314779921259842
21
-1.5729331102362205
0
LINE
8
BLACK
6
CONTINUOUS
10
0.3314779921259842
20
-1.5729331102362205
11
0.3345472047244095
21
-1.5760023228346456
0
LINE
8
BLACK
6
CONTINUOUS
10
0.3345472047244095
20
-1.5760023228346456
11
0.3363004330708662
21
-1.5799730314960629
0
LINE
8
BLACK
6
CONTINUOUS
10
0.3363004330708662
20
-1.5799730314960629
11
0.3366141732283465
21
-1.5826771653543306
0
LINE
8
BLACK
6
CONTINUOUS
10
0.3366141732283465
20
-1.5826771653543306
11
0.3366141732283465
21
-1.6299212598425197
0
LINE
8
BLACK
6
CONTINUOUS
10
0.3366141732283465
20
-1.6299212598425197
11
0.3363004330708662
21
-1.6326253937007873
0
LINE
8
BLACK
6
CONTINUOUS
10
0.3363004330708662
20
-1.6326253937007873
11
0.3345472047244095
21
-1.6365961023622047
0
LINE
8
BLACK
6
CONTINUOUS
10
0.3345472047244095
20
-1.6365961023622047
11
0.3314779921259842
21
-1.6396653149606299
0
LINE
8
BLACK
6
CONTINUOUS
10
0.3314779921259842
20
-1.6396653149606299
11
0.3275072834645669
21
-1.6414185433070865
0
LINE
8
BLACK
6
CONTINUOUS
10
0.3275072834645669
20
-1.6414185433070865
11
0.3248031496062992
21
-1.6417322834645669
0
LINE
8
BLACK
6
CONTINUOUS
10
0.3248031496062992
20
-1.6417322834645669
11
0.2933070866141732
21
-1.6417322834645669
0
LINE
8
BLACK
6
CONTINUOUS
10
0.2933070866141732
20
-1.6417322834645669
11
0.2906029527559055
21
-1.6414185433070865
0
LINE
8
BLACK
6
CONTINUOUS
10
0.2906029527559055
20
-1.6414185433070865
11
0.2866322440944882
21
-1.6396653149606299
0
LINE
8
BLACK
6
CONTINUOUS
10
0.2866322440944882
20
-1.6396653149606299
11
0.283563031496063
21
-1.6365961023622047
0
LINE
8
BLACK
6
CONTINUOUS
10
0.283563031496063
20
-1.6365961023622047
11
0.2818098031496063
21
-1.6326253937007873
0
LINE
8
BLACK
6
CONTINUOUS
10
0.2818098031496063
20
-1.6326253937007873
11
0.281496062992126
21
-1.6299212598425197
0
LINE
8
BLACK
6
CONTINUOUS
10
0.281496062992126
20
-1.6299212598425197
11
0.281496062992126
21
-1.5826771653543306
0
LINE
8
BLACK
6
CONTINUOUS
10
0.281496062992126
20
-1.5826771653543306
11
0.2818098031496063
21
-1.5799730314960629
0
LINE
8
BLACK
6
CONTINUOUS
10
0.2818098031496063
20
-1.5799730314960629
11
0.283563031496063
21
-1.5760023228346456
0
LINE
8
BLACK
6
CONTINUOUS
10
0.283563031496063
20
-1.5760023228346456
11
0.2866322440944882
21
-1.5729331102362205
0
LINE
8
BLACK
6
CONTINUOUS
10
0.2866322440944882
20
-1.5729331102362205
11
0.2906029527559055
21
-1.5711798818897638
0
LINE
8
BLACK
6
CONTINUOUS
10
0.2906029527559055
20
-1.5711798818897638
11
0.2933070866141732
21
-1.5708661417322833
0
LINE
8
BLACK
6
CONTINUOUS
10
0.2933070866141732
20
-1.5708661417322833
11
0.3248031496062992
21
-1.5708661417322833
0
LINE
8
BLACK
6
CONTINUOUS
10
0.3248031496062992
20
-1.5708661417322833
11
0.3275072834645669
21
-1.5711798818897638
0
LINE
8
BLACK
6
CONTINUOUS
10
0.4653025590551181
20
-1.5711798818897638
11
0.4692732677165354
21
-1.5729331102362205
0
LINE
8
BLACK
6
CONTINUOUS
10
0.4692732677165354
20
-1.5729331102362205
11
0.4723424803149606
21
-1.5760023228346456
0
LINE
8
BLACK
6
CONTINUOUS
10
0.4723424803149606
20
-1.5760023228346456
11
0.4740957086614173
21
-1.5799730314960629
0
LINE
8
BLACK
6
CONTINUOUS
10
0.4740957086614173
20
-1.5799730314960629
11
0.4744094488188976
21
-1.5826771653543306
0
LINE
8
BLACK
6
CONTINUOUS
10
0.4744094488188976
20
-1.5826771653543306
11
0.4744094488188976
21
-1.6299212598425197
0
LINE
8
BLACK
6
CONTINUOUS
10
0.4744094488188976
20
-1.6299212598425197
11
0.4740957086614173
21
-1.6326253937007873
0
LINE
8
BLACK
6
CONTINUOUS
10
0.4740957086614173
20
-1.6326253937007873
11
0.4723424803149606
21
-1.6365961023622047
0
LINE
8
BLACK
6
CONTINUOUS
10
0.4723424803149606
20
-1.6365961023622047
11
0.4692732677165354
21
-1.6396653149606299
0
LINE
8
BLACK
6
CONTINUOUS
10
0.4692732677165354
20
-1.6396653149606299
11
0.4653025590551181
21
-1.6414185433070865
0
LINE
8
BLACK
6
CONTINUOUS
10
0.4653025590551181
20
-1.6414185433070865
11
0.4625984251968504
21
-1.6417322834645669
0
LINE
8
BLACK
6
CONTINUOUS
10
0.4625984251968504
20
-1.6417322834645669
11
0.4311023622047244
21
-1.6417322834645669
0
LINE
8
BLACK
6
CONTINUOUS
10
0.4311023622047244
20
-1.6417322834645669
11
0.4283982283464567
21
-1.6414185433070865
0
LINE
8
BLACK
6
CONTINUOUS
10
0.4283982283464567
20
-1.6414185433070865
11
0.4244275196850393
21
-1.6396653149606299
0
LINE
8
BLACK
6
CONTINUOUS
10
0.4244275196850393
20
-1.6396653149606299
11
0.4213583070866141
21
-1.6365961023622047
0
LINE
8
BLACK
6
CONTINUOUS
10
0.4213583070866141
20
-1.6365961023622047
11
0.4196050787401575
21
-1.6326253937007873
0
LINE
8
BLACK
6
CONTINUOUS
10
0.4196050787401575
20
-1.6326253937007873
11
0.4192913385826771
21
-1.6299212598425197
0
LINE
8
BLACK
6
CONTINUOUS
10
0.4192913385826771
20
-1.6299212598425197
11
0.4192913385826771
21
-1.5826771653543306
0
LINE
8
BLACK
6
CONTINUOUS
10
0.4192913385826771
20
-1.5826771653543306
11
0.4196050787401575
21
-1.5799730314960629
0
LINE
8
BLACK
6
CONTINUOUS
10
0.4196050787401575
20
-1.5799730314960629
11
0.4213583070866141
21
-1.5760023228346456
0
LINE
8
BLACK
6
CONTINUOUS
10
0.4213583070866141
20
-1.5760023228346456
11
0.4244275196850393
21
-1.5729331102362205
0
LINE
8
BLACK
6
CONTINUOUS
10
0.4244275196850393
20
-1.5729331102362205
11
0.4283982283464567
21
-1.5711798818897638
0
LINE
8
BLACK
6
CONTINUOUS
10
0.4283982283464567
20
-1.5711798818897638
11
0.4311023622047244
21
-1.5708661417322833
0
LINE
8
BLACK
6
CONTINUOUS
10
0.4311023622047244
20
-1.5708661417322833
11
0.4625984251968504
21
-1.5708661417322833
0
LINE
8
BLACK
6
CONTINUOUS
10
0.4625984251968504
20
-1.5708661417322833
11
0.4653025590551181
21
-1.5711798818897638
0
LINE
8
BLACK
6
CONTINUOUS
10
-1.6916888188976378
20
-0.980215157480315
11
-1.6847850787401575
21
-0.9824583464566929
0
LINE
8
BLACK
6
CONTINUOUS
10
-1.6847850787401575
20
-0.9824583464566929
11
-1.6783172440944882
21
-0.9857538582677166
0
LINE
8
BLACK
6
CONTINUOUS
10
-1.6783172440944882
20
-0.9857538582677166
11
-1.6724446062992127
21
-0.9900205905511811
0
LINE
8
BLACK
6
CONTINUOUS
10
-1.6724446062992127
20
-0.9900205905511811
11
-1.6673116929133858
21
-0.9951535039370079
0
LINE
8
BLACK
6
CONTINUOUS
10
-1.6673116929133858
20
-0.9951535039370079
11
-1.6630449606299211
21
-1.0010261417322834
0
LINE
8
BLACK
6
CONTINUOUS
10
-1.6630449606299211
20
-1.0010261417322834
11
-1.6597494488188975
21
-1.0074939763779527
0
LINE
8
BLACK
6
CONTINUOUS
10
-1.6597494488188975
20
-1.0074939763779527
11
-1.6575062598425196
21
-1.014397716535433
0
LINE
8
BLACK
6
CONTINUOUS
10
-1.6575062598425196
20
-1.014397716535433
11
-1.6563707086614172
21
-1.0215673622047243
0
LINE
8
BLACK
6
CONTINUOUS
10
-1.6563707086614172
20
-1.0215673622047243
11
-1.6563707086614172
21
-1.0288263385826772
0
LINE
8
BLACK
6
CONTINUOUS
10
-1.6563707086614172
20
-1.0288263385826772
11
-1.6575062598425196
21
-1.0359959842519684
0
LINE
8
BLACK
6
CONTINUOUS
10
-1.6575062598425196
20
-1.0359959842519684
11
-1.6597494488188975
21
-1.0428997244094489
0
LINE
8
BLACK
6
CONTINUOUS
10
-1.6597494488188975
20
-1.0428997244094489
11
-1.6630449606299211
21
-1.0493675590551181
0
LINE
8
BLACK
6
CONTINUOUS
10
-1.6630449606299211
20
-1.0493675590551181
11
-1.6673116929133858
21
-1.0552401968503937
0
LINE
8
BLACK
6
CONTINUOUS
10
-1.6673116929133858
20
-1.0552401968503937
11
-1.6724446062992127
21
-1.0603731102362204
0
LINE
8
BLACK
6
CONTINUOUS
10
-1.6724446062992127
20
-1.0603731102362204
11
-1.6783172440944882
21
-1.064639842519685
0
LINE
8
BLACK
6
CONTINUOUS
10
-1.6783172440944882
20
-1.064639842519685
11
-1.6847850787401575
21
-1.0679353543307086
0
LINE
8
BLACK
6
CONTINUOUS
10
-1.6847850787401575
20
-1.0679353543307086
11
-1.6916888188976378
21
-1.0701785433070865
0
LINE
8
BLACK
6
CONTINUOUS
10
-1.6916888188976378
20
-1.0701785433070865
11
-1.6988584645669291
21
-1.0713140944881889
0
LINE
8
BLACK
6
CONTINUOUS
10
-1.6988584645669291
20
-1.0713140944881889
11
-1.7061174409448818
21
-1.0713140944881889
0
LINE
8
BLACK
6
CONTINUOUS
10
-1.7061174409448818
20
-1.0713140944881889
11
-1.7132870866141732
21
-1.0701785433070865
0
LINE
8
BLACK
6
CONTINUOUS
10
-1.7132870866141732
20
-1.0701785433070865
11
-1.7201908267716535
21
-1.0679353543307086
0
LINE
8
BLACK
6
CONTINUOUS
10
-1.7201908267716535
20
-1.0679353543307086
11
-1.7266586614173227
21
-1.064639842519685
0
LINE
8
BLACK
6
CONTINUOUS
10
-1.7266586614173227
20
-1.064639842519685
11
-1.7325312992125983
21
-1.0603731102362204
0
LINE
8
BLACK
6
CONTINUOUS
10
-1.7325312992125983
20
-1.0603731102362204
11
-1.7376642125984252
21
-1.0552401968503937
0
LINE
8
BLACK
6
CONTINUOUS
10
-1.7376642125984252
20
-1.0552401968503937
11
-1.7419309448818898
21
-1.0493675590551181
0
LINE
8
BLACK
6
CONTINUOUS
10
-1.7419309448818898
20
-1.0493675590551181
11
-1.7452264566929134
21
-1.0428997244094489
0
LINE
8
BLACK
6
CONTINUOUS
10
-1.7452264566929134
20
-1.0428997244094489
11
-1.7474696456692913
21
-1.0359959842519684
0
LINE
8
BLACK
6
CONTINUOUS
10
-1.7474696456692913
20
-1.0359959842519684
11
-1.7486051968503937
21
-1.0288263385826772
0
LINE
8
BLACK
6
CONTINUOUS
10
-1.7486051968503937
20
-1.0288263385826772
11
-1.7486051968503937
21
-1.0215673622047243
0
LINE
8
BLACK
6
CONTINUOUS
10
-1.7486051968503937
20
-1.0215673622047243
11
-1.7474696456692913
21
-1.014397716535433
0
LINE
8
BLACK
6
CONTINUOUS
10
-1.7474696456692913
20
-1.014397716535433
11
-1.7452264566929134
21
-1.0074939763779527
0
LINE
8
BLACK
6
CONTINUOUS
10
-1.7452264566929134
20
-1.0074939763779527
11
-1.7419309448818898
21
-1.0010261417322834
0
LINE
8
BLACK
6
CONTINUOUS
10
-1.7419309448818898
20
-1.0010261417322834
11
-1.7376642125984252
21
-0.9951535039370079
0
LINE
8
BLACK
6
CONTINUOUS
10
-1.7376642125984252
20
-0.9951535039370079
11
-1.7325312992125983
21
-0.9900205905511811
0
LINE
8
BLACK
6
CONTINUOUS
10
-1.7325312992125983
20
-0.9900205905511811
11
-1.7266586614173227
21
-0.9857538582677166
0
LINE
8
BLACK
6
CONTINUOUS
10
-1.7266586614173227
20
-0.9857538582677166
11
-1.7201908267716535
21
-0.9824583464566929
0
LINE
8
BLACK
6
CONTINUOUS
10
-1.7201908267716535
20
-0.9824583464566929
11
-1.7132870866141732
21
-0.980215157480315
0
LINE
8
BLACK
6
CONTINUOUS
10
-1.7132870866141732
20
-0.980215157480315
11
-1.7061174409448818
21
-0.9790796062992125
0
LINE
8
BLACK
6
CONTINUOUS
10
-1.7061174409448818
20
-0.9790796062992125
11
-1.6988584645669291
21
-0.9790796062992125
0
LINE
8
BLACK
6
CONTINUOUS
10
-1.6988584645669291
20
-0.9790796062992125
11
-1.6916888188976378
21
-0.980215157480315
0
LINE
8
BLACK
6
CONTINUOUS
10
-1.4916888188976378
20
-0.980215157480315
11
-1.4847850787401575
21
-0.9824583464566929
0
LINE
8
BLACK
6
CONTINUOUS
10
-1.4847850787401575
20
-0.9824583464566929
11
-1.4783172440944881
21
-0.9857538582677166
0
LINE
8
BLACK
6
CONTINUOUS
10
-1.4783172440944881
20
-0.9857538582677166
11
-1.4724446062992125
21
-0.9900205905511811
0
LINE
8
BLACK
6
CONTINUOUS
10
-1.4724446062992125
20
-0.9900205905511811
11
-1.4673116929133858
21
-0.9951535039370079
0
LINE
8
BLACK
6
CONTINUOUS
10
-1.4673116929133858
20
-0.9951535039370079
11
-1.4630449606299212
21
-1.0010261417322834
0
LINE
8
BLACK
6
CONTINUOUS
10
-1.4630449606299212
20
-1.0010261417322834
11
-1.4597494488188976
21
-1.0074939763779527
0
LINE
8
BLACK
6
CONTINUOUS
10
-1.4597494488188976
20
-1.0074939763779527
11
-1.4575062598425197
21
-1.014397716535433
0
LINE
8
BLACK
6
CONTINUOUS
10
-1.4575062598425197
20
-1.014397716535433
11
-1.4563707086614173
21
-1.0215673622047243
0
LINE
8
BLACK
6
CONTINUOUS
10
-1.4563707086614173
20
-1.0215673622047243
11
-1.4563707086614173
21
-1.0288263385826772
0
LINE
8
BLACK
6
CONTINUOUS
10
-1.4563707086614173
20
-1.0288263385826772
11
-1.4575062598425197
21
-1.0359959842519684
0
LINE
8
BLACK
6
CONTINUOUS
10
-1.4575062598425197
20
-1.0359959842519684
11
-1.4597494488188976
21
-1.0428997244094489
0
LINE
8
BLACK
6
CONTINUOUS
10
-1.4597494488188976
20
-1.0428997244094489
11
-1.4630449606299212
21
-1.0493675590551181
0
LINE
8
BLACK
6
CONTINUOUS
10
-1.4630449606299212
20
-1.0493675590551181
11
-1.4673116929133858
21
-1.0552401968503937
0
LINE
8
BLACK
6
CONTINUOUS
10
-1.4673116929133858
20
-1.0552401968503937
11
-1.4724446062992125
21
-1.0603731102362204
0
LINE
8
BLACK
6
CONTINUOUS
10
-1.4724446062992125
20
-1.0603731102362204
11
-1.4783172440944881
21
-1.064639842519685
0
LINE
8
BLACK
6
CONTINUOUS
10
-1.4783172440944881
20
-1.064639842519685
11
-1.4847850787401575
21
-1.0679353543307086
0
LINE
8
BLACK
6
CONTINUOUS
10
-1.4847850787401575
20
-1.0679353543307086
11
-1.4916888188976378
21
-1.0701785433070865
0
LINE
8
BLACK
6
CONTINUOUS
10
-1.4916888188976378
20
-1.0701785433070865
11
-1.4988584645669292
21
-1.0713140944881889
0
LINE
8
BLACK
6
CONTINUOUS
10
-1.4988584645669292
20
-1.0713140944881889
11
-1.5061174409448819
21
-1.0713140944881889
0
LINE
8
BLACK
6
CONTINUOUS
10
-1.5061174409448819
20
-1.0713140944881889
11
-1.5132870866141732
21
-1.0701785433070865
0
LINE
8
BLACK
6
CONTINUOUS
10
-1.5132870866141732
20
-1.0701785433070865
11
-1.5201908267716535
21
-1.0679353543307086
0
LINE
8
BLACK
6
CONTINUOUS
10
-1.5201908267716535
20
-1.0679353543307086
11
-1.5266586614173228
21
-1.064639842519685
0
LINE
8
BLACK
6
CONTINUOUS
10
-1.5266586614173228
20
-1.064639842519685
11
-1.5325312992125983
21
-1.0603731102362204
0
LINE
8
BLACK
6
CONTINUOUS
10
-1.5325312992125983
20
-1.0603731102362204
11
-1.5376642125984252
21
-1.0552401968503937
0
LINE
8
BLACK
6
CONTINUOUS
10
-1.5376642125984252
20
-1.0552401968503937
11
-1.5419309448818896
21
-1.0493675590551181
0
LINE
8
BLACK
6
CONTINUOUS
10
-1.5419309448818896
20
-1.0493675590551181
11
-1.5452264566929133
21
-1.0428997244094489
0
LINE
8
BLACK
6
CONTINUOUS
10
-1.5452264566929133
20
-1.0428997244094489
11
-1.5474696456692913
21
-1.0359959842519684
0
LINE
8
BLACK
6
CONTINUOUS
10
-1.5474696456692913
20
-1.0359959842519684
11
-1.5486051968503938
21
-1.0288263385826772
0
LINE
8
BLACK
6
CONTINUOUS
10
-1.5486051968503938
20
-1.0288263385826772
11
-1.5486051968503938
21
-1.0215673622047243
0
LINE
8
BLACK
6
CONTINUOUS
10
-1.5486051968503938
20
-1.0215673622047243
11
-1.5474696456692913
21
-1.014397716535433
0
LINE
8
BLACK
6
CONTINUOUS
10
-1.5474696456692913
20
-1.014397716535433
11
-1.5452264566929133
21
-1.0074939763779527
0
LINE
8
BLACK
6
CONTINUOUS
10
-1.5452264566929133
20
-1.0074939763779527
11
-1.5419309448818896
21
-1.0010261417322834
0
LINE
8
BLACK
6
CONTINUOUS
10
-1.5419309448818896
20
-1.0010261417322834
11
-1.5376642125984252
21
-0.9951535039370079
0
LINE
8
BLACK
6
CONTINUOUS
10
-1.5376642125984252
20
-0.9951535039370079
11
-1.5325312992125983
21
-0.9900205905511811
0
LINE
8
BLACK
6
CONTINUOUS
10
-1.5325312992125983
20
-0.9900205905511811
11
-1.5266586614173228
21
-0.9857538582677166
0
LINE
8
BLACK
6
CONTINUOUS
10
-1.5266586614173228
20
-0.9857538582677166
11
-1.5201908267716535
21
-0.9824583464566929
0
LINE
8
BLACK
6
CONTINUOUS
10
-1.5201908267716535
20
-0.9824583464566929
11
-1.5132870866141732
21
-0.980215157480315
0
LINE
8
BLACK
6
CONTINUOUS
10
-1.5132870866141732
20
-0.980215157480315
11
-1.5061174409448819
21
-0.9790796062992125
0
LINE
8
BLACK
6
CONTINUOUS
10
-1.5061174409448819
20
-0.9790796062992125
11
-1.4988584645669292
21
-0.9790796062992125
0
LINE
8
BLACK
6
CONTINUOUS
10
-1.4988584645669292
20
-0.9790796062992125
11
-1.4916888188976378
21
-0.980215157480315
0
LINE
8
BLACK
6
CONTINUOUS
10
1.5132870866141732
20
-0.980215157480315
11
1.5201908267716535
21
-0.9824583464566929
0
LINE
8
BLACK
6
CONTINUOUS
10
1.5201908267716535
20
-0.9824583464566929
11
1.5266586614173228
21
-0.9857538582677166
0
LINE
8
BLACK
6
CONTINUOUS
10
1.5266586614173228
20
-0.9857538582677166
11
1.5325312992125983
21
-0.9900205905511811
0
LINE
8
BLACK
6
CONTINUOUS
10
1.5325312992125983
20
-0.9900205905511811
11
1.5376642125984252
21
-0.9951535039370079
0
LINE
8
BLACK
6
CONTINUOUS
10
1.5376642125984252
20
-0.9951535039370079
11
1.5419309448818896
21
-1.0010261417322834
0
LINE
8
BLACK
6
CONTINUOUS
10
1.5419309448818896
20
-1.0010261417322834
11
1.5452264566929133
21
-1.0074939763779527
0
LINE
8
BLACK
6
CONTINUOUS
10
1.5452264566929133
20
-1.0074939763779527
11
1.5474696456692913
21
-1.014397716535433
0
LINE
8
BLACK
6
CONTINUOUS
10
1.5474696456692913
20
-1.014397716535433
11
1.5486051968503938
21
-1.0215673622047243
0
LINE
8
BLACK
6
CONTINUOUS
10
1.5486051968503938
20
-1.0215673622047243
11
1.5486051968503938
21
-1.0288263385826772
0
LINE
8
BLACK
6
CONTINUOUS
10
1.5486051968503938
20
-1.0288263385826772
11
1.5474696456692913
21
-1.0359959842519684
0
LINE
8
BLACK
6
CONTINUOUS
10
1.5474696456692913
20
-1.0359959842519684
11
1.5452264566929133
21
-1.0428997244094489
0
LINE
8
BLACK
6
CONTINUOUS
10
1.5452264566929133
20
-1.0428997244094489
11
1.5419309448818896
21
-1.0493675590551181
0
LINE
8
BLACK
6
CONTINUOUS
10
1.5419309448818896
20
-1.0493675590551181
11
1.5376642125984252
21
-1.0552401968503937
0
LINE
8
BLACK
6
CONTINUOUS
10
1.5376642125984252
20
-1.0552401968503937
11
1.5325312992125983
21
-1.0603731102362204
0
LINE
8
BLACK
6
CONTINUOUS
10
1.5325312992125983
20
-1.0603731102362204
11
1.5266586614173228
21
-1.064639842519685
0
LINE
8
BLACK
6
CONTINUOUS
10
1.5266586614173228
20
-1.064639842519685
11
1.5201908267716535
21
-1.0679353543307086
0
LINE
8
BLACK
6
CONTINUOUS
10
1.5201908267716535
20
-1.0679353543307086
11
1.5132870866141732
21
-1.0701785433070865
0
LINE
8
BLACK
6
CONTINUOUS
10
1.5132870866141732
20
-1.0701785433070865
11
1.5061174409448819
21
-1.0713140944881889
0
LINE
8
BLACK
6
CONTINUOUS
10
1.5061174409448819
20
-1.0713140944881889
11
1.4988584645669292
21
-1.0713140944881889
0
LINE
8
BLACK
6
CONTINUOUS
10
1.4988584645669292
20
-1.0713140944881889
11
1.4916888188976378
21
-1.0701785433070865
0
LINE
8
BLACK
6
CONTINUOUS
10
1.4916888188976378
20
-1.0701785433070865
11
1.4847850787401575
21
-1.0679353543307086
0
LINE
8
BLACK
6
CONTINUOUS
10
1.4847850787401575
20
-1.0679353543307086
11
1.4783172440944881
21
-1.064639842519685
0
LINE
8
BLACK
6
CONTINUOUS
10
1.4783172440944881
20
-1.064639842519685
11
1.4724446062992125
21
-1.0603731102362204
0
LINE
8
BLACK
6
CONTINUOUS
10
1.4724446062992125
20
-1.0603731102362204
11
1.4673116929133858
21
-1.0552401968503937
0
LINE
8
BLACK
6
CONTINUOUS
10
1.4673116929133858
20
-1.0552401968503937
11
1.4630449606299212
21
-1.0493675590551181
0
LINE
8
BLACK
6
CONTINUOUS
10
1.4630449606299212
20
-1.0493675590551181
11
1.4597494488188976
21
-1.0428997244094489
0
LINE
8
BLACK
6
CONTINUOUS
10
1.4597494488188976
20
-1.0428997244094489
11
1.4575062598425197
21
-1.0359959842519684
0
LINE
8
BLACK
6
CONTINUOUS
10
1.4575062598425197
20
-1.0359959842519684
11
1.4563707086614173
21
-1.0288263385826772
0
LINE
8
BLACK
6
CONTINUOUS
10
1.4563707086614173
20
-1.0288263385826772
11
1.4563707086614173
21
-1.0215673622047243
0
LINE
8
BLACK
6
CONTINUOUS
10
1.4563707086614173
20
-1.0215673622047243
11
1.4575062598425197
21
-1.014397716535433
0
LINE
8
BLACK
6
CONTINUOUS
10
1.4575062598425197
20
-1.014397716535433
11
1.4597494488188976
21
-1.0074939763779527
0
LINE
8
BLACK
6
CONTINUOUS
10
1.4597494488188976
20
-1.0074939763779527
11
1.4630449606299212
21
-1.0010261417322834
0
LINE
8
BLACK
6
CONTINUOUS
10
1.4630449606299212
20
-1.0010261417322834
11
1.4673116929133858
21
-0.9951535039370079
0
LINE
8
BLACK
6
CONTINUOUS
10
1.4673116929133858
20
-0.9951535039370079
11
1.4724446062992125
21
-0.9900205905511811
0
LINE
8
BLACK
6
CONTINUOUS
10
1.4724446062992125
20
-0.9900205905511811
11
1.4783172440944881
21
-0.9857538582677166
0
LINE
8
BLACK
6
CONTINUOUS
10
1.4783172440944881
20
-0.9857538582677166
11
1.4847850787401575
21
-0.9824583464566929
0
LINE
8
BLACK
6
CONTINUOUS
10
1.4847850787401575
20
-0.9824583464566929
11
1.4916888188976378
21
-0.980215157480315
0
LINE
8
BLACK
6
CONTINUOUS
10
1.4916888188976378
20
-0.980215157480315
11
1.4988584645669292
21
-0.9790796062992125
0
LINE
8
BLACK
6
CONTINUOUS
10
1.4988584645669292
20
-0.9790796062992125
11
1.5061174409448819
21
-0.9790796062992125
0
LINE
8
BLACK
6
CONTINUOUS
10
1.5061174409448819
20
-0.9790796062992125
11
1.5132870866141732
21
-0.980215157480315
0
LINE
8
BLACK
6
CONTINUOUS
10
1.7132870866141732
20
-0.980215157480315
11
1.7201908267716535
21
-0.9824583464566929
0
LINE
8
BLACK
6
CONTINUOUS
10
1.7201908267716535
20
-0.9824583464566929
11
1.7266586614173227
21
-0.9857538582677166
0
LINE
8
BLACK
6
CONTINUOUS
10
1.7266586614173227
20
-0.9857538582677166
11
1.7325312992125983
21
-0.9900205905511811
0
LINE
8
BLACK
6
CONTINUOUS
10
1.7325312992125983
20
-0.9900205905511811
11
1.7376642125984252
21
-0.9951535039370079
0
LINE
8
BLACK
6
CONTINUOUS
10
1.7376642125984252
20
-0.9951535039370079
11
1.7419309448818898
21
-1.0010261417322834
0
LINE
8
BLACK
6
CONTINUOUS
10
1.7419309448818898
20
-1.0010261417322834
11
1.7452264566929134
21
-1.0074939763779527
0
LINE
8
BLACK
6
CONTINUOUS
10
1.7452264566929134
20
-1.0074939763779527
11
1.7474696456692913
21
-1.014397716535433
0
LINE
8
BLACK
6
CONTINUOUS
10
1.7474696456692913
20
-1.014397716535433
11
1.7486051968503937
21
-1.0215673622047243
0
LINE
8
BLACK
6
CONTINUOUS
10
1.7486051968503937
20
-1.0215673622047243
11
1.7486051968503937
21
-1.0288263385826772
0
LINE
8
BLACK
6
CONTINUOUS
10
1.7486051968503937
20
-1.0288263385826772
11
1.7474696456692913
21
-1.0359959842519684
0
LINE
8
BLACK
6
CONTINUOUS
10
1.7474696456692913
20
-1.0359959842519684
11
1.7452264566929134
21
-1.0428997244094489
0
LINE
8
BLACK
6
CONTINUOUS
10
1.7452264566929134
20
-1.0428997244094489
11
1.7419309448818898
21
-1.0493675590551181
0
LINE
8
BLACK
6
CONTINUOUS
10
1.7419309448818898
20
-1.0493675590551181
11
1.7376642125984252
21
-1.0552401968503937
0
LINE
8
BLACK
6
CONTINUOUS
10
1.7376642125984252
20
-1.0552401968503937
11
1.7325312992125983
21
-1.0603731102362204
0
LINE
8
BLACK
6
CONTINUOUS
10
1.7325312992125983
20
-1.0603731102362204
11
1.7266586614173227
21
-1.064639842519685
0
LINE
8
BLACK
6
CONTINUOUS
10
1.7266586614173227
20
-1.064639842519685
11
1.7201908267716535
21
-1.0679353543307086
0
LINE
8
BLACK
6
CONTINUOUS
10
1.7201908267716535
20
-1.0679353543307086
11
1.7132870866141732
21
-1.0701785433070865
0
LINE
8
BLACK
6
CONTINUOUS
10
1.7132870866141732
20
-1.0701785433070865
11
1.7061174409448818
21
-1.0713140944881889
0
LINE
8
BLACK
6
CONTINUOUS
10
1.7061174409448818
20
-1.0713140944881889
11
1.6988584645669291
21
-1.0713140944881889
0
LINE
8
BLACK
6
CONTINUOUS
10
1.6988584645669291
20
-1.0713140944881889
11
1.6916888188976378
21
-1.0701785433070865
0
LINE
8
BLACK
6
CONTINUOUS
10
1.6916888188976378
20
-1.0701785433070865
11
1.6847850787401575
21
-1.0679353543307086
0
LINE
8
BLACK
6
CONTINUOUS
10
1.6847850787401575
20
-1.0679353543307086
11
1.6783172440944882
21
-1.064639842519685
0
LINE
8
BLACK
6
CONTINUOUS
10
1.6783172440944882
20
-1.064639842519685
11
1.6724446062992127
21
-1.0603731102362204
0
LINE
8
BLACK
6
CONTINUOUS
10
1.6724446062992127
20
-1.0603731102362204
11
1.6673116929133858
21
-1.0552401968503937
0
LINE
8
BLACK
6
CONTINUOUS
10
1.6673116929133858
20
-1.0552401968503937
11
1.6630449606299211
21
-1.0493675590551181
0
LINE
8
BLACK
6
CONTINUOUS
10
1.6630449606299211
20
-1.0493675590551181
11
1.6597494488188975
21
-1.0428997244094489
0
LINE
8
BLACK
6
CONTINUOUS
10
1.6597494488188975
20
-1.0428997244094489
11
1.6575062598425196
21
-1.0359959842519684
0
LINE
8
BLACK
6
CONTINUOUS
10
1.6575062598425196
20
-1.0359959842519684
11
1.6563707086614172
21
-1.0288263385826772
0
LINE
8
BLACK
6
CONTINUOUS
10
1.6563707086614172
20
-1.0288263385826772
11
1.6563707086614172
21
-1.0215673622047243
0
LINE
8
BLACK
6
CONTINUOUS
10
1.6563707086614172
20
-1.0215673622047243
11
1.6575062598425196
21
-1.014397716535433
0
LINE
8
BLACK
6
CONTINUOUS
10
1.6575062598425196
20
-1.014397716535433
11
1.6597494488188975
21
-1.0074939763779527
0
LINE
8
BLACK
6
CONTINUOUS
10
1.6597494488188975
20
-1.0074939763779527
11
1.6630449606299211
21
-1.0010261417322834
0
LINE
8
BLACK
6
CONTINUOUS
10
1.6630449606299211
20
-1.0010261417322834
11
1.6673116929133858
21
-0.9951535039370079
0
LINE
8
BLACK
6
CONTINUOUS
10
1.6673116929133858
20
-0.9951535039370079
11
1.6724446062992127
21
-0.9900205905511811
0
LINE
8
BLACK
6
CONTINUOUS
10
1.6724446062992127
20
-0.9900205905511811
11
1.6783172440944882
21
-0.9857538582677166
0
LINE
8
BLACK
6
CONTINUOUS
10
1.6783172440944882
20
-0.9857538582677166
11
1.6847850787401575
21
-0.9824583464566929
0
LINE
8
BLACK
6
CONTINUOUS
10
1.6847850787401575
20
-0.9824583464566929
11
1.6916888188976378
21
-0.980215157480315
0
LINE
8
BLACK
6
CONTINUOUS
10
1.6916888188976378
20
-0.980215157480315
11
1.6988584645669291
21
-0.9790796062992125
0
LINE
8
BLACK
6
CONTINUOUS
10
1.6988584645669291
20
-0.9790796062992125
11
1.7061174409448818
21
-0.9790796062992125
0
LINE
8
BLACK
6
CONTINUOUS
10
1.7061174409448818
20
-0.9790796062992125
11
1.7132870866141732
21
-0.980215157480315
0
LINE
8
BLACK
6
CONTINUOUS
10
-1.5926078740157481
20
-0.8840433858267717
11
-1.5862916929133859
21
-0.8860956692913385
0
LINE
8
BLACK
6
CONTINUOUS
10
-1.5862916929133859
20
-0.8860956692913385
11
-1.5803743307086613
21
-0.8891107086614173
0
LINE
8
BLACK
6
CONTINUOUS
10
-1.5803743307086613
20
-0.8891107086614173
11
-1.5750014566929134
21
-0.8930143307086614
0
LINE
8
BLACK
6
CONTINUOUS
10
-1.5750014566929134
20
-0.8930143307086614
11
-1.5703054330708661
21
-0.8977103543307087
0
LINE
8
BLACK
6
CONTINUOUS
10
-1.5703054330708661
20
-0.8977103543307087
11
-1.566401811023622
21
-0.9030832283464567
0
LINE
8
BLACK
6
CONTINUOUS
10
-1.566401811023622
20
-0.9030832283464567
11
-1.5633867716535432
21
-0.9090005905511811
0
LINE
8
BLACK
6
CONTINUOUS
10
-1.5633867716535432
20
-0.9090005905511811
11
-1.5613344881889764
21
-0.9153167716535433
0
LINE
8
BLACK
6
CONTINUOUS
10
-1.5613344881889764
20
-0.9153167716535433
11
-1.5602955905511811
21
-0.9218762204724409
0
LINE
8
BLACK
6
CONTINUOUS
10
-1.5602955905511811
20
-0.9218762204724409
11
-1.5602955905511811
21
-0.9285174803149606
0
LINE
8
BLACK
6
CONTINUOUS
10
-1.5602955905511811
20
-0.9285174803149606
11
-1.5613344881889764
21
-0.9350769291338582
0
LINE
8
BLACK
6
CONTINUOUS
10
-1.5613344881889764
20
-0.9350769291338582
11
-1.5633867716535432
21
-0.9413931102362204
0
LINE
8
BLACK
6
CONTINUOUS
10
-1.5633867716535432
20
-0.9413931102362204
11
-1.566401811023622
21
-0.9473104724409449
0
LINE
8
BLACK
6
CONTINUOUS
10
-1.566401811023622
20
-0.9473104724409449
11
-1.5703054330708661
21
-0.9526833464566928
0
LINE
8
BLACK
6
CONTINUOUS
10
-1.5703054330708661
20
-0.9526833464566928
11
-1.5750014566929134
21
-0.9573793700787402
0
LINE
8
BLACK
6
CONTINUOUS
10
-1.5750014566929134
20
-0.9573793700787402
11
-1.5803743307086613
21
-0.9612829921259842
0
LINE
8
BLACK
6
CONTINUOUS
10
-1.5803743307086613
20
-0.9612829921259842
11
-1.5862916929133859
21
-0.964298031496063
0
LINE
8
BLACK
6
CONTINUOUS
10
-1.5862916929133859
20
-0.964298031496063
11
-1.5926078740157481
21
-0.96635031496063
0
LINE
8
BLACK
6
CONTINUOUS
10
-1.5926078740157481
20
-0.96635031496063
11
-1.5991673228346457
21
-0.9673892125984251
0
LINE
8
BLACK
6
CONTINUOUS
10
-1.5991673228346457
20
-0.9673892125984251
11
-1.6058085826771653
21
-0.9673892125984251
0
LINE
8
BLACK
6
CONTINUOUS
10
-1.6058085826771653
20
-0.9673892125984251
11
-1.6123680314960629
21
-0.96635031496063
0
LINE
8
BLACK
6
CONTINUOUS
10
-1.6123680314960629
20
-0.96635031496063
11
-1.6186842125984251
21
-0.964298031496063
0
LINE
8
BLACK
6
CONTINUOUS
10
-1.6186842125984251
20
-0.964298031496063
11
-1.6246015748031495
21
-0.9612829921259842
0
LINE
8
BLACK
6
CONTINUOUS
10
-1.6246015748031495
20
-0.9612829921259842
11
-1.6299744488188976
21
-0.9573793700787402
0
LINE
8
BLACK
6
CONTINUOUS
10
-1.6299744488188976
20
-0.9573793700787402
11
-1.6346704724409449
21
-0.9526833464566928
0
LINE
8
BLACK
6
CONTINUOUS
10
-1.6346704724409449
20
-0.9526833464566928
11
-1.638574094488189
21
-0.9473104724409449
0
LINE
8
BLACK
6
CONTINUOUS
10
-1.638574094488189
20
-0.9473104724409449
11
-1.6415891338582678
21
-0.9413931102362204
0
LINE
8
BLACK
6
CONTINUOUS
10
-1.6415891338582678
20
-0.9413931102362204
11
-1.6436414173228346
21
-0.9350769291338582
0
LINE
8
BLACK
6
CONTINUOUS
10
-1.6436414173228346
20
-0.9350769291338582
11
-1.6446803149606299
21
-0.9285174803149606
0
LINE
8
BLACK
6
CONTINUOUS
10
-1.6446803149606299
20
-0.9285174803149606
11
-1.6446803149606299
21
-0.9218762204724409
0
LINE
8
BLACK
6
CONTINUOUS
10
-1.6446803149606299
20
-0.9218762204724409
11
-1.6436414173228346
21
-0.9153167716535433
0
LINE
8
BLACK
6
CONTINUOUS
10
-1.6436414173228346
20
-0.9153167716535433
11
-1.6415891338582678
21
-0.9090005905511811
0
LINE
8
BLACK
6
CONTINUOUS
10
-1.6415891338582678
20
-0.9090005905511811
11
-1.638574094488189
21
-0.9030832283464567
0
LINE
8
BLACK
6
CONTINUOUS
10
-1.638574094488189
20
-0.9030832283464567
11
-1.6346704724409449
21
-0.8977103543307087
0
LINE
8
BLACK
6
CONTINUOUS
10
-1.6346704724409449
20
-0.8977103543307087
11
-1.6299744488188976
21
-0.8930143307086614
0
LINE
8
BLACK
6
CONTINUOUS
10
-1.6299744488188976
20
-0.8930143307086614
11
-1.6246015748031495
21
-0.8891107086614173
0
LINE
8
BLACK
6
CONTINUOUS
10
-1.6246015748031495
20
-0.8891107086614173
11
-1.6186842125984251
21
-0.8860956692913385
0
LINE
8
BLACK
6
CONTINUOUS
10
-1.6186842125984251
20
-0.8860956692913385
11
-1.6123680314960629
21
-0.8840433858267717
0
LINE
8
BLACK
6
CONTINUOUS
10
-1.6123680314960629
20
-0.8840433858267717
11
-1.6058085826771653
21
-0.8830044881889764
0
LINE
8
BLACK
6
CONTINUOUS
10
-1.6058085826771653
20
-0.8830044881889764
11
-1.5991673228346457
21
-0.8830044881889764
0
LINE
8
BLACK
6
CONTINUOUS
10
-1.5991673228346457
20
-0.8830044881889764
11
-1.5926078740157481
21
-0.8840433858267717
0
LINE
8
BLACK
6
CONTINUOUS
10
1.6123680314960629
20
-0.8840433858267717
11
1.6186842125984251
21
-0.8860956692913385
0
LINE
8
BLACK
6
CONTINUOUS
10
1.6186842125984251
20
-0.8860956692913385
11
1.6246015748031495
21
-0.8891107086614173
0
LINE
8
BLACK
6
CONTINUOUS
10
1.6246015748031495
20
-0.8891107086614173
11
1.6299744488188976
21
-0.8930143307086614
0
LINE
8
BLACK
6
CONTINUOUS
10
1.6299744488188976
20
-0.8930143307086614
11
1.6346704724409449
21
-0.8977103543307087
0
LINE
8
BLACK
6
CONTINUOUS
10
1.6346704724409449
20
-0.8977103543307087
11
1.638574094488189
21
-0.9030832283464567
0
LINE
8
BLACK
6
CONTINUOUS
10
1.638574094488189
20
-0.9030832283464567
11
1.6415891338582678
21
-0.9090005905511811
0
LINE
8
BLACK
6
CONTINUOUS
10
1.6415891338582678
20
-0.9090005905511811
11
1.6436414173228346
21
-0.9153167716535433
0
LINE
8
BLACK
6
CONTINUOUS
10
1.6436414173228346
20
-0.9153167716535433
11
1.6446803149606299
21
-0.9218762204724409
0
LINE
8
BLACK
6
CONTINUOUS
10
1.6446803149606299
20
-0.9218762204724409
11
1.6446803149606299
21
-0.9285174803149606
0
LINE
8
BLACK
6
CONTINUOUS
10
1.6446803149606299
20
-0.9285174803149606
11
1.6436414173228346
21
-0.9350769291338582
0
LINE
8
BLACK
6
CONTINUOUS
10
1.6436414173228346
20
-0.9350769291338582
11
1.6415891338582678
21
-0.9413931102362204
0
LINE
8
BLACK
6
CONTINUOUS
10
1.6415891338582678
20
-0.9413931102362204
11
1.638574094488189
21
-0.9473104724409449
0
LINE
8
BLACK
6
CONTINUOUS
10
1.638574094488189
20
-0.9473104724409449
11
1.6346704724409449
21
-0.9526833464566928
0
LINE
8
BLACK
6
CONTINUOUS
10
1.6346704724409449
20
-0.9526833464566928
11
1.6299744488188976
21
-0.9573793700787402
0
LINE
8
BLACK
6
CONTINUOUS
10
1.6299744488188976
20
-0.9573793700787402
11
1.6246015748031495
21
-0.9612829921259842
0
LINE
8
BLACK
6
CONTINUOUS
10
1.6246015748031495
20
-0.9612829921259842
11
1.6186842125984251
21
-0.964298031496063
0
LINE
8
BLACK
6
CONTINUOUS
10
1.6186842125984251
20
-0.964298031496063
11
1.6123680314960629
21
-0.96635031496063
0
LINE
8
BLACK
6
CONTINUOUS
10
1.6123680314960629
20
-0.96635031496063
11
1.6058085826771653
21
-0.9673892125984251
0
LINE
8
BLACK
6
CONTINUOUS
10
1.6058085826771653
20
-0.9673892125984251
11
1.5991673228346457
21
-0.9673892125984251
0
LINE
8
BLACK
6
CONTINUOUS
10
1.5991673228346457
20
-0.9673892125984251
11
1.5926078740157481
21
-0.96635031496063
0
LINE
8
BLACK
6
CONTINUOUS
10
1.5926078740157481
20
-0.96635031496063
11
1.5862916929133859
21
-0.964298031496063
0
LINE
8
BLACK
6
CONTINUOUS
10
1.5862916929133859
20
-0.964298031496063
11
1.5803743307086613
21
-0.9612829921259842
0
LINE
8
BLACK
6
CONTINUOUS
10
1.5803743307086613
20
-0.9612829921259842
11
1.5750014566929134
21
-0.9573793700787402
0
LINE
8
BLACK
6
CONTINUOUS
10
1.5750014566929134
20
-0.9573793700787402
11
1.5703054330708661
21
-0.9526833464566928
0
LINE
8
BLACK
6
CONTINUOUS
10
1.5703054330708661
20
-0.9526833464566928
11
1.566401811023622
21
-0.9473104724409449
0
LINE
8
BLACK
6
CONTINUOUS
10
1.566401811023622
20
-0.9473104724409449
11
1.5633867716535432
21
-0.9413931102362204
0
LINE
8
BLACK
6
CONTINUOUS
10
1.5633867716535432
20
-0.9413931102362204
11
1.5613344881889764
21
-0.9350769291338582
0
LINE
8
BLACK
6
CONTINUOUS
10
1.5613344881889764
20
-0.9350769291338582
11
1.5602955905511811
21
-0.9285174803149606
0
LINE
8
BLACK
6
CONTINUOUS
10
1.5602955905511811
20
-0.9285174803149606
11
1.5602955905511811
21
-0.9218762204724409
0
LINE
8
BLACK
6
CONTINUOUS
10
1.5602955905511811
20
-0.9218762204724409
11
1.5613344881889764
21
-0.9153167716535433
0
LINE
8
BLACK
6
CONTINUOUS
10
1.5613344881889764
20
-0.9153167716535433
11
1.5633867716535432
21
-0.9090005905511811
0
LINE
8
BLACK
6
CONTINUOUS
10
1.5633867716535432
20
-0.9090005905511811
11
1.566401811023622
21
-0.9030832283464567
0
LINE
8
BLACK
6
CONTINUOUS
10
1.566401811023622
20
-0.9030832283464567
11
1.5703054330708661
21
-0.8977103543307087
0
LINE
8
BLACK
6
CONTINUOUS
10
1.5703054330708661
20
-0.8977103543307087
11
1.5750014566929134
21
-0.8930143307086614
0
LINE
8
BLACK
6
CONTINUOUS
10
1.5750014566929134
20
-0.8930143307086614
11
1.5803743307086613
21
-0.8891107086614173
0
LINE
8
BLACK
6
CONTINUOUS
10
1.5803743307086613
20
-0.8891107086614173
11
1.5862916929133859
21
-0.8860956692913385
0
LINE
8
BLACK
6
CONTINUOUS
10
1.5862916929133859
20
-0.8860956692913385
11
1.5926078740157481
21
-0.8840433858267717
0
LINE
8
BLACK
6
CONTINUOUS
10
1.5926078740157481
20
-0.8840433858267717
11
1.5991673228346457
21
-0.8830044881889764
0
LINE
8
BLACK
6
CONTINUOUS
10
1.5991673228346457
20
-0.8830044881889764
11
1.6058085826771653
21
-0.8830044881889764
0
LINE
8
BLACK
6
CONTINUOUS
10
1.6058085826771653
20
-0.8830044881889764
11
1.6123680314960629
21
-0.8840433858267717
0
LINE
8
BLACK
6
CONTINUOUS
10
-1.6916888188976378
20
-0.7802151574803149
11
-1.6847850787401575
21
-0.7824583464566929
0
LINE
8
BLACK
6
CONTINUOUS
10
-1.6847850787401575
20
-0.7824583464566929
11
-1.6783172440944882
21
-0.7857538582677165
0
LINE
8
BLACK
6
CONTINUOUS
10
-1.6783172440944882
20
-0.7857538582677165
11
-1.6724446062992127
21
-0.7900205905511811
0
LINE
8
BLACK
6
CONTINUOUS
10
-1.6724446062992127
20
-0.7900205905511811
11
-1.6673116929133858
21
-0.7951535039370079
0
LINE
8
BLACK
6
CONTINUOUS
10
-1.6673116929133858
20
-0.7951535039370079
11
-1.6630449606299211
21
-0.8010261417322835
0
LINE
8
BLACK
6
CONTINUOUS
10
-1.6630449606299211
20
-0.8010261417322835
11
-1.6597494488188975
21
-0.8074939763779527
0
LINE
8
BLACK
6
CONTINUOUS
10
-1.6597494488188975
20
-0.8074939763779527
11
-1.6575062598425196
21
-0.814397716535433
0
LINE
8
BLACK
6
CONTINUOUS
10
-1.6575062598425196
20
-0.814397716535433
11
-1.6563707086614172
21
-0.8215673622047244
0
LINE
8
BLACK
6
CONTINUOUS
10
-1.6563707086614172
20
-0.8215673622047244
11
-1.6563707086614172
21
-0.8288263385826772
0
LINE
8
BLACK
6
CONTINUOUS
10
-1.6563707086614172
20
-0.8288263385826772
11
-1.6575062598425196
21
-0.8359959842519685
0
LINE
8
BLACK
6
CONTINUOUS
10
-1.6575062598425196
20
-0.8359959842519685
11
-1.6597494488188975
21
-0.8428997244094488
0
LINE
8
BLACK
6
CONTINUOUS
10
-1.6597494488188975
20
-0.8428997244094488
11
-1.6630449606299211
21
-0.8493675590551181
0
LINE
8
BLACK
6
CONTINUOUS
10
-1.6630449606299211
20
-0.8493675590551181
11
-1.6673116929133858
21
-0.8552401968503937
0
LINE
8
BLACK
6
CONTINUOUS
10
-1.6673116929133858
20
-0.8552401968503937
11
-1.6724446062992127
21
-0.8603731102362204
0
LINE
8
BLACK
6
CONTINUOUS
10
-1.6724446062992127
20
-0.8603731102362204
11
-1.6783172440944882
21
-0.8646398425196851
0
LINE
8
BLACK
6
CONTINUOUS
10
-1.6783172440944882
20
-0.8646398425196851
11
-1.6847850787401575
21
-0.8679353543307087
0
LINE
8
BLACK
6
CONTINUOUS
10
-1.6847850787401575
20
-0.8679353543307087
11
-1.6916888188976378
21
-0.8701785433070865
0
LINE
8
BLACK
6
CONTINUOUS
10
-1.6916888188976378
20
-0.8701785433070865
11
-1.6988584645669291
21
-0.871314094488189
0
LINE
8
BLACK
6
CONTINUOUS
10
-1.6988584645669291
20
-0.871314094488189
11
-1.7061174409448818
21
-0.871314094488189
0
LINE
8
BLACK
6
CONTINUOUS
10
-1.7061174409448818
20
-0.871314094488189
11
-1.7132870866141732
21
-0.8701785433070865
0
LINE
8
BLACK
6
CONTINUOUS
10
-1.7132870866141732
20
-0.8701785433070865
11
-1.7201908267716535
21
-0.8679353543307087
0
LINE
8
BLACK
6
CONTINUOUS
10
-1.7201908267716535
20
-0.8679353543307087
11
-1.7266586614173227
21
-0.8646398425196851
0
LINE
8
BLACK
6
CONTINUOUS
10
-1.7266586614173227
20
-0.8646398425196851
11
-1.7325312992125983
21
-0.8603731102362204
0
LINE
8
BLACK
6
CONTINUOUS
10
-1.7325312992125983
20
-0.8603731102362204
11
-1.7376642125984252
21
-0.8552401968503937
0
LINE
8
BLACK
6
CONTINUOUS
10
-1.7376642125984252
20
-0.8552401968503937
11
-1.7419309448818898
21
-0.8493675590551181
0
LINE
8
BLACK
6
CONTINUOUS
10
-1.7419309448818898
20
-0.8493675590551181
11
-1.7452264566929134
21
-0.8428997244094488
0
LINE
8
BLACK
6
CONTINUOUS
10
-1.7452264566929134
20
-0.8428997244094488
11
-1.7474696456692913
21
-0.8359959842519685
0
LINE
8
BLACK
6
CONTINUOUS
10
-1.7474696456692913
20
-0.8359959842519685
11
-1.7486051968503937
21
-0.8288263385826772
0
LINE
8
BLACK
6
CONTINUOUS
10
-1.7486051968503937
20
-0.8288263385826772
11
-1.7486051968503937
21
-0.8215673622047244
0
LINE
8
BLACK
6
CONTINUOUS
10
-1.7486051968503937
20
-0.8215673622047244
11
-1.7474696456692913
21
-0.814397716535433
0
LINE
8
BLACK
6
CONTINUOUS
10
-1.7474696456692913
20
-0.814397716535433
11
-1.7452264566929134
21
-0.8074939763779527
0
LINE
8
BLACK
6
CONTINUOUS
10
-1.7452264566929134
20
-0.8074939763779527
11
-1.7419309448818898
21
-0.8010261417322835
0
LINE
8
BLACK
6
CONTINUOUS
10
-1.7419309448818898
20
-0.8010261417322835
11
-1.7376642125984252
21
-0.7951535039370079
0
LINE
8
BLACK
6
CONTINUOUS
10
-1.7376642125984252
20
-0.7951535039370079
11
-1.7325312992125983
21
-0.7900205905511811
0
LINE
8
BLACK
6
CONTINUOUS
10
-1.7325312992125983
20
-0.7900205905511811
11
-1.7266586614173227
21
-0.7857538582677165
0
LINE
8
BLACK
6
CONTINUOUS
10
-1.7266586614173227
20
-0.7857538582677165
11
-1.7201908267716535
21
-0.7824583464566929
0
LINE
8
BLACK
6
CONTINUOUS
10
-1.7201908267716535
20
-0.7824583464566929
11
-1.7132870866141732
21
-0.7802151574803149
0
LINE
8
BLACK
6
CONTINUOUS
10
-1.7132870866141732
20
-0.7802151574803149
11
-1.7061174409448818
21
-0.7790796062992126
0
LINE
8
BLACK
6
CONTINUOUS
10
-1.7061174409448818
20
-0.7790796062992126
11
-1.6988584645669291
21
-0.7790796062992126
0
LINE
8
BLACK
6
CONTINUOUS
10
-1.6988584645669291
20
-0.7790796062992126
11
-1.6916888188976378
21
-0.7802151574803149
0
LINE
8
BLACK
6
CONTINUOUS
10
-1.4916888188976378
20
-0.7802151574803149
11
-1.4847850787401575
21
-0.7824583464566929
0
LINE
8
BLACK
6
CONTINUOUS
10
-1.4847850787401575
20
-0.7824583464566929
11
-1.4783172440944881
21
-0.7857538582677165
0
LINE
8
BLACK
6
CONTINUOUS
10
-1.4783172440944881
20
-0.7857538582677165
11
-1.4724446062992125
21
-0.7900205905511811
0
LINE
8
BLACK
6
CONTINUOUS
10
-1.4724446062992125
20
-0.7900205905511811
11
-1.4673116929133858
21
-0.7951535039370079
0
LINE
8
BLACK
6
CONTINUOUS
10
-1.4673116929133858
20
-0.7951535039370079
11
-1.4630449606299212
21
-0.8010261417322835
0
LINE
8
BLACK
6
CONTINUOUS
10
-1.4630449606299212
20
-0.8010261417322835
11
-1.4597494488188976
21
-0.8074939763779527
0
LINE
8
BLACK
6
CONTINUOUS
10
-1.4597494488188976
20
-0.8074939763779527
11
-1.4575062598425197
21
-0.814397716535433
0
LINE
8
BLACK
6
CONTINUOUS
10
-1.4575062598425197
20
-0.814397716535433
11
-1.4563707086614173
21
-0.8215673622047244
0
LINE
8
BLACK
6
CONTINUOUS
10
-1.4563707086614173
20
-0.8215673622047244
11
-1.4563707086614173
21
-0.8288263385826772
0
LINE
8
BLACK
6
CONTINUOUS
10
-1.4563707086614173
20
-0.8288263385826772
11
-1.4575062598425197
21
-0.8359959842519685
0
LINE
8
BLACK
6
CONTINUOUS
10
-1.4575062598425197
20
-0.8359959842519685
11
-1.4597494488188976
21
-0.8428997244094488
0
LINE
8
BLACK
6
CONTINUOUS
10
-1.4597494488188976
20
-0.8428997244094488
11
-1.4630449606299212
21
-0.8493675590551181
0
LINE
8
BLACK
6
CONTINUOUS
10
-1.4630449606299212
20
-0.8493675590551181
11
-1.4673116929133858
21
-0.8552401968503937
0
LINE
8
BLACK
6
CONTINUOUS
10
-1.4673116929133858
20
-0.8552401968503937
11
-1.4724446062992125
21
-0.8603731102362204
0
LINE
8
BLACK
6
CONTINUOUS
10
-1.4724446062992125
20
-0.8603731102362204
11
-1.4783172440944881
21
-0.8646398425196851
0
LINE
8
BLACK
6
CONTINUOUS
10
-1.4783172440944881
20
-0.8646398425196851
11
-1.4847850787401575
21
-0.8679353543307087
0
LINE
8
BLACK
6
CONTINUOUS
10
-1.4847850787401575
20
-0.8679353543307087
11
-1.4916888188976378
21
-0.8701785433070865
0
LINE
8
BLACK
6
CONTINUOUS
10
-1.4916888188976378
20
-0.8701785433070865
11
-1.4988584645669292
21
-0.871314094488189
0
LINE
8
BLACK
6
CONTINUOUS
10
-1.4988584645669292
20
-0.871314094488189
11
-1.5061174409448819
21
-0.871314094488189
0
LINE
8
BLACK
6
CONTINUOUS
10
-1.5061174409448819
20
-0.871314094488189
11
-1.5132870866141732
21
-0.8701785433070865
0
LINE
8
BLACK
6
CONTINUOUS
10
-1.5132870866141732
20
-0.8701785433070865
11
-1.5201908267716535
21
-0.8679353543307087
0
LINE
8
BLACK
6
CONTINUOUS
10
-1.5201908267716535
20
-0.8679353543307087
11
-1.5266586614173228
21
-0.8646398425196851
0
LINE
8
BLACK
6
CONTINUOUS
10
-1.5266586614173228
20
-0.8646398425196851
11
-1.5325312992125983
21
-0.8603731102362204
0
LINE
8
BLACK
6
CONTINUOUS
10
-1.5325312992125983
20
-0.8603731102362204
11
-1.5376642125984252
21
-0.8552401968503937
0
LINE
8
BLACK
6
CONTINUOUS
10
-1.5376642125984252
20
-0.8552401968503937
11
-1.5419309448818896
21
-0.8493675590551181
0
LINE
8
BLACK
6
CONTINUOUS
10
-1.5419309448818896
20
-0.8493675590551181
11
-1.5452264566929133
21
-0.8428997244094488
0
LINE
8
BLACK
6
CONTINUOUS
10
-1.5452264566929133
20
-0.8428997244094488
11
-1.5474696456692913
21
-0.8359959842519685
0
LINE
8
BLACK
6
CONTINUOUS
10
-1.5474696456692913
20
-0.8359959842519685
11
-1.5486051968503938
21
-0.8288263385826772
0
LINE
8
BLACK
6
CONTINUOUS
10
-1.5486051968503938
20
-0.8288263385826772
11
-1.5486051968503938
21
-0.8215673622047244
0
LINE
8
BLACK
6
CONTINUOUS
10
-1.5486051968503938
20
-0.8215673622047244
11
-1.5474696456692913
21
-0.814397716535433
0
LINE
8
BLACK
6
CONTINUOUS
10
-1.5474696456692913
20
-0.814397716535433
11
-1.5452264566929133
21
-0.8074939763779527
0
LINE
8
BLACK
6
CONTINUOUS
10
-1.5452264566929133
20
-0.8074939763779527
11
-1.5419309448818896
21
-0.8010261417322835
0
LINE
8
BLACK
6
CONTINUOUS
10
-1.5419309448818896
20
-0.8010261417322835
11
-1.5376642125984252
21
-0.7951535039370079
0
LINE
8
BLACK
6
CONTINUOUS
10
-1.5376642125984252
20
-0.7951535039370079
11
-1.5325312992125983
21
-0.7900205905511811
0
LINE
8
BLACK
6
CONTINUOUS
10
-1.5325312992125983
20
-0.7900205905511811
11
-1.5266586614173228
21
-0.7857538582677165
0
LINE
8
BLACK
6
CONTINUOUS
10
-1.5266586614173228
20
-0.7857538582677165
11
-1.5201908267716535
21
-0.7824583464566929
0
LINE
8
BLACK
6
CONTINUOUS
10
-1.5201908267716535
20
-0.7824583464566929
11
-1.5132870866141732
21
-0.7802151574803149
0
LINE
8
BLACK
6
CONTINUOUS
10
-1.5132870866141732
20
-0.7802151574803149
11
-1.5061174409448819
21
-0.7790796062992126
0
LINE
8
BLACK
6
CONTINUOUS
10
-1.5061174409448819
20
-0.7790796062992126
11
-1.4988584645669292
21
-0.7790796062992126
0
LINE
8
BLACK
6
CONTINUOUS
10
-1.4988584645669292
20
-0.7790796062992126
11
-1.4916888188976378
21
-0.7802151574803149
0
LINE
8
BLACK
6
CONTINUOUS
10
1.5132870866141732
20
-0.7802151574803149
11
1.5201908267716535
21
-0.7824583464566929
0
LINE
8
BLACK
6
CONTINUOUS
10
1.5201908267716535
20
-0.7824583464566929
11
1.5266586614173228
21
-0.7857538582677165
0
LINE
8
BLACK
6
CONTINUOUS
10
1.5266586614173228
20
-0.7857538582677165
11
1.5325312992125983
21
-0.7900205905511811
0
LINE
8
BLACK
6
CONTINUOUS
10
1.5325312992125983
20
-0.7900205905511811
11
1.5376642125984252
21
-0.7951535039370079
0
LINE
8
BLACK
6
CONTINUOUS
10
1.5376642125984252
20
-0.7951535039370079
11
1.5419309448818896
21
-0.8010261417322835
0
LINE
8
BLACK
6
CONTINUOUS
10
1.5419309448818896
20
-0.8010261417322835
11
1.5452264566929133
21
-0.8074939763779527
0
LINE
8
BLACK
6
CONTINUOUS
10
1.5452264566929133
20
-0.8074939763779527
11
1.5474696456692913
21
-0.814397716535433
0
LINE
8
BLACK
6
CONTINUOUS
10
1.5474696456692913
20
-0.814397716535433
11
1.5486051968503938
21
-0.8215673622047244
0
LINE
8
BLACK
6
CONTINUOUS
10
1.5486051968503938
20
-0.8215673622047244
11
1.5486051968503938
21
-0.8288263385826772
0
LINE
8
BLACK
6
CONTINUOUS
10
1.5486051968503938
20
-0.8288263385826772
11
1.5474696456692913
21
-0.8359959842519685
0
LINE
8
BLACK
6
CONTINUOUS
10
1.5474696456692913
20
-0.8359959842519685
11
1.5452264566929133
21
-0.8428997244094488
0
LINE
8
BLACK
6
CONTINUOUS
10
1.5452264566929133
20
-0.8428997244094488
11
1.5419309448818896
21
-0.8493675590551181
0
LINE
8
BLACK
6
CONTINUOUS
10
1.5419309448818896
20
-0.8493675590551181
11
1.5376642125984252
21
-0.8552401968503937
0
LINE
8
BLACK
6
CONTINUOUS
10
1.5376642125984252
20
-0.8552401968503937
11
1.5325312992125983
21
-0.8603731102362204
0
LINE
8
BLACK
6
CONTINUOUS
10
1.5325312992125983
20
-0.8603731102362204
11
1.5266586614173228
21
-0.8646398425196851
0
LINE
8
BLACK
6
CONTINUOUS
10
1.5266586614173228
20
-0.8646398425196851
11
1.5201908267716535
21
-0.8679353543307087
0
LINE
8
BLACK
6
CONTINUOUS
10
1.5201908267716535
20
-0.8679353543307087
11
1.5132870866141732
21
-0.8701785433070865
0
LINE
8
BLACK
6
CONTINUOUS
10
1.5132870866141732
20
-0.8701785433070865
11
1.5061174409448819
21
-0.871314094488189
0
LINE
8
BLACK
6
CONTINUOUS
10
1.5061174409448819
20
-0.871314094488189
11
1.4988584645669292
21
-0.871314094488189
0
LINE
8
BLACK
6
CONTINUOUS
10
1.4988584645669292
20
-0.871314094488189
11
1.4916888188976378
21
-0.8701785433070865
0
LINE
8
BLACK
6
CONTINUOUS
10
1.4916888188976378
20
-0.8701785433070865
11
1.4847850787401575
21
-0.8679353543307087
0
LINE
8
BLACK
6
CONTINUOUS
10
1.4847850787401575
20
-0.8679353543307087
11
1.4783172440944881
21
-0.8646398425196851
0
LINE
8
BLACK
6
CONTINUOUS
10
1.4783172440944881
20
-0.8646398425196851
11
1.4724446062992125
21
-0.8603731102362204
0
LINE
8
BLACK
6
CONTINUOUS
10
1.4724446062992125
20
-0.8603731102362204
11
1.4673116929133858
21
-0.8552401968503937
0
LINE
8
BLACK
6
CONTINUOUS
10
1.4673116929133858
20
-0.8552401968503937
11
1.4630449606299212
21
-0.8493675590551181
0
LINE
8
BLACK
6
CONTINUOUS
10
1.4630449606299212
20
-0.8493675590551181
11
1.4597494488188976
21
-0.8428997244094488
0
LINE
8
BLACK
6
CONTINUOUS
10
1.4597494488188976
20
-0.8428997244094488
11
1.4575062598425197
21
-0.8359959842519685
0
LINE
8
BLACK
6
CONTINUOUS
10
1.4575062598425197
20
-0.8359959842519685
11
1.4563707086614173
21
-0.8288263385826772
0
LINE
8
BLACK
6
CONTINUOUS
10
1.4563707086614173
20
-0.8288263385826772
11
1.4563707086614173
21
-0.8215673622047244
0
LINE
8
BLACK
6
CONTINUOUS
10
1.4563707086614173
20
-0.8215673622047244
11
1.4575062598425197
21
-0.814397716535433
0
LINE
8
BLACK
6
CONTINUOUS
10
1.4575062598425197
20
-0.814397716535433
11
1.4597494488188976
21
-0.8074939763779527
0
LINE
8
BLACK
6
CONTINUOUS
10
1.4597494488188976
20
-0.8074939763779527
11
1.4630449606299212
21
-0.8010261417322835
0
LINE
8
BLACK
6
CONTINUOUS
10
1.4630449606299212
20
-0.8010261417322835
11
1.4673116929133858
21
-0.7951535039370079
0
LINE
8
BLACK
6
CONTINUOUS
10
1.4673116929133858
20
-0.7951535039370079
11
1.4724446062992125
21
-0.7900205905511811
0
LINE
8
BLACK
6
CONTINUOUS
10
1.4724446062992125
20
-0.7900205905511811
11
1.4783172440944881
21
-0.7857538582677165
0
LINE
8
BLACK
6
CONTINUOUS
10
1.4783172440944881
20
-0.7857538582677165
11
1.4847850787401575
21
-0.7824583464566929
0
LINE
8
BLACK
6
CONTINUOUS
10
1.4847850787401575
20
-0.7824583464566929
11
1.4916888188976378
21
-0.7802151574803149
0
LINE
8
BLACK
6
CONTINUOUS
10
1.4916888188976378
20
-0.7802151574803149
11
1.4988584645669292
21
-0.7790796062992126
0
LINE
8
BLACK
6
CONTINUOUS
10
1.4988584645669292
20
-0.7790796062992126
11
1.5061174409448819
21
-0.7790796062992126
0
LINE
8
BLACK
6
CONTINUOUS
10
1.5061174409448819
20
-0.7790796062992126
11
1.5132870866141732
21
-0.7802151574803149
0
LINE
8
BLACK
6
CONTINUOUS
10
1.7132870866141732
20
-0.7802151574803149
11
1.7201908267716535
21
-0.7824583464566929
0
LINE
8
BLACK
6
CONTINUOUS
10
1.7201908267716535
20
-0.7824583464566929
11
1.7266586614173227
21
-0.7857538582677165
0
LINE
8
BLACK
6
CONTINUOUS
10
1.7266586614173227
20
-0.7857538582677165
11
1.7325312992125983
21
-0.7900205905511811
0
LINE
8
BLACK
6
CONTINUOUS
10
1.7325312992125983
20
-0.7900205905511811
11
1.7376642125984252
21
-0.7951535039370079
0
LINE
8
BLACK
6
CONTINUOUS
10
1.7376642125984252
20
-0.7951535039370079
11
1.7419309448818898
21
-0.8010261417322835
0
LINE
8
BLACK
6
CONTINUOUS
10
1.7419309448818898
20
-0.8010261417322835
11
1.7452264566929134
21
-0.8074939763779527
0
LINE
8
BLACK
6
CONTINUOUS
10
1.7452264566929134
20
-0.8074939763779527
11
1.7474696456692913
21
-0.814397716535433
0
LINE
8
BLACK
6
CONTINUOUS
10
1.7474696456692913
20
-0.814397716535433
11
1.7486051968503937
21
-0.8215673622047244
0
LINE
8
BLACK
6
CONTINUOUS
10
1.7486051968503937
20
-0.8215673622047244
11
1.7486051968503937
21
-0.8288263385826772
0
LINE
8
BLACK
6
CONTINUOUS
10
1.7486051968503937
20
-0.8288263385826772
11
1.7474696456692913
21
-0.8359959842519685
0
LINE
8
BLACK
6
CONTINUOUS
10
1.7474696456692913
20
-0.8359959842519685
11
1.7452264566929134
21
-0.8428997244094488
0
LINE
8
BLACK
6
CONTINUOUS
10
1.7452264566929134
20
-0.8428997244094488
11
1.7419309448818898
21
-0.8493675590551181
0
LINE
8
BLACK
6
CONTINUOUS
10
1.7419309448818898
20
-0.8493675590551181
11
1.7376642125984252
21
-0.8552401968503937
0
LINE
8
BLACK
6
CONTINUOUS
10
1.7376642125984252
20
-0.8552401968503937
11
1.7325312992125983
21
-0.8603731102362204
0
LINE
8
BLACK
6
CONTINUOUS
10
1.7325312992125983
20
-0.8603731102362204
11
1.7266586614173227
21
-0.8646398425196851
0
LINE
8
BLACK
6
CONTINUOUS
10
1.7266586614173227
20
-0.8646398425196851
11
1.7201908267716535
21
-0.8679353543307087
0
LINE
8
BLACK
6
CONTINUOUS
10
1.7201908267716535
20
-0.8679353543307087
11
1.7132870866141732
21
-0.8701785433070865
0
LINE
8
BLACK
6
CONTINUOUS
10
1.7132870866141732
20
-0.8701785433070865
11
1.7061174409448818
21
-0.871314094488189
0
LINE
8
BLACK
6
CONTINUOUS
10
1.7061174409448818
20
-0.871314094488189
11
1.6988584645669291
21
-0.871314094488189
0
LINE
8
BLACK
6
CONTINUOUS
10
1.6988584645669291
20
-0.871314094488189
11
1.6916888188976378
21
-0.8701785433070865
0
LINE
8
BLACK
6
CONTINUOUS
10
1.6916888188976378
20
-0.8701785433070865
11
1.6847850787401575
21
-0.8679353543307087
0
LINE
8
BLACK
6
CONTINUOUS
10
1.6847850787401575
20
-0.8679353543307087
11
1.6783172440944882
21
-0.8646398425196851
0
LINE
8
BLACK
6
CONTINUOUS
10
1.6783172440944882
20
-0.8646398425196851
11
1.6724446062992127
21
-0.8603731102362204
0
LINE
8
BLACK
6
CONTINUOUS
10
1.6724446062992127
20
-0.8603731102362204
11
1.6673116929133858
21
-0.8552401968503937
0
LINE
8
BLACK
6
CONTINUOUS
10
1.6673116929133858
20
-0.8552401968503937
11
1.6630449606299211
21
-0.8493675590551181
0
LINE
8
BLACK
6
CONTINUOUS
10
1.6630449606299211
20
-0.8493675590551181
11
1.6597494488188975
21
-0.8428997244094488
0
LINE
8
BLACK
6
CONTINUOUS
10
1.6597494488188975
20
-0.8428997244094488
11
1.6575062598425196
21
-0.8359959842519685
0
LINE
8
BLACK
6
CONTINUOUS
10
1.6575062598425196
20
-0.8359959842519685
11
1.6563707086614172
21
-0.8288263385826772
0
LINE
8
BLACK
6
CONTINUOUS
10
1.6563707086614172
20
-0.8288263385826772
11
1.6563707086614172
21
-0.8215673622047244
0
LINE
8
BLACK
6
CONTINUOUS
10
1.6563707086614172
20
-0.8215673622047244
11
1.6575062598425196
21
-0.814397716535433
0
LINE
8
BLACK
6
CONTINUOUS
10
1.6575062598425196
20
-0.814397716535433
11
1.6597494488188975
21
-0.8074939763779527
0
LINE
8
BLACK
6
CONTINUOUS
10
1.6597494488188975
20
-0.8074939763779527
11
1.6630449606299211
21
-0.8010261417322835
0
LINE
8
BLACK
6
CONTINUOUS
10
1.6630449606299211
20
-0.8010261417322835
11
1.6673116929133858
21
-0.7951535039370079
0
LINE
8
BLACK
6
CONTINUOUS
10
1.6673116929133858
20
-0.7951535039370079
11
1.6724446062992127
21
-0.7900205905511811
0
LINE
8
BLACK
6
CONTINUOUS
10
1.6724446062992127
20
-0.7900205905511811
11
1.6783172440944882
21
-0.7857538582677165
0
LINE
8
BLACK
6
CONTINUOUS
10
1.6783172440944882
20
-0.7857538582677165
11
1.6847850787401575
21
-0.7824583464566929
0
LINE
8
BLACK
6
CONTINUOUS
10
1.6847850787401575
20
-0.7824583464566929
11
1.6916888188976378
21
-0.7802151574803149
0
LINE
8
BLACK
6
CONTINUOUS
10
1.6916888188976378
20
-0.7802151574803149
11
1.6988584645669291
21
-0.7790796062992126
0
LINE
8
BLACK
6
CONTINUOUS
10
1.6988584645669291
20
-0.7790796062992126
11
1.7061174409448818
21
-0.7790796062992126
0
LINE
8
BLACK
6
CONTINUOUS
10
1.7061174409448818
20
-0.7790796062992126
11
1.7132870866141732
21
-0.7802151574803149
0
LINE
8
BLACK
6
CONTINUOUS
10
-1.463813622047244
20
0.8482753543307087
11
-1.4631749999999999
21
0.8478486220472441
0
LINE
8
BLACK
6
CONTINUOUS
10
-1.4631749999999999
20
0.8478486220472441
11
-1.4627482677165353
21
0.84721
0
LINE
8
BLACK
6
CONTINUOUS
10
-1.4627482677165353
20
0.84721
11
-1.4625984251968505
21
0.8464566929133858
0
LINE
8
BLACK
6
CONTINUOUS
10
-1.4625984251968505
20
0.8464566929133858
11
-1.4625984251968505
21
0.7578740157480315
0
LINE
8
BLACK
6
CONTINUOUS
10
-1.4625984251968505
20
0.7578740157480315
11
-1.3740157480314961
21
0.7578740157480315
0
LINE
8
BLACK
6
CONTINUOUS
10
-1.3740157480314961
20
0.7578740157480315
11
-1.3732624409448819
21
0.7577241732283464
0
LINE
8
BLACK
6
CONTINUOUS
10
-1.3732624409448819
20
0.7577241732283464
11
-1.3726238188976378
21
0.7572974409448818
0
LINE
8
BLACK
6
CONTINUOUS
10
-1.3726238188976378
20
0.7572974409448818
11
-1.3721970866141733
21
0.7566588188976378
0
LINE
8
BLACK
6
CONTINUOUS
10
-1.3721970866141733
20
0.7566588188976378
11
-1.3720472440944882
21
0.7559055118110236
0
LINE
8
BLACK
6
CONTINUOUS
10
-1.3720472440944882
20
0.7559055118110236
11
-1.3720472440944882
21
0.7165354330708661
0
LINE
8
BLACK
6
CONTINUOUS
10
-1.3720472440944882
20
0.7165354330708661
11
-1.3721970866141733
21
0.7157821259842519
0
LINE
8
BLACK
6
CONTINUOUS
10
-1.3721970866141733
20
0.7157821259842519
11
-1.3726238188976378
21
0.7151435039370079
0
LINE
8
BLACK
6
CONTINUOUS
10
-1.3726238188976378
20
0.7151435039370079
11
-1.3732624409448819
21
0.7147167716535433
0
LINE
8
BLACK
6
CONTINUOUS
10
-1.3732624409448819
20
0.7147167716535433
11
-1.3740157480314961
21
0.7145669291338582
0
LINE
8
BLACK
6
CONTINUOUS
10
-1.3740157480314961
20
0.7145669291338582
11
-1.4645669291338583
21
0.7145669291338582
0
LINE
8
BLACK
6
CONTINUOUS
10
-1.4645669291338583
20
0.7145669291338582
11
-1.5039370078740157
21
0.7145669291338582
0
LINE
8
BLACK
6
CONTINUOUS
10
-1.5039370078740157
20
0.7145669291338582
11
-1.5046903149606299
21
0.7147167716535433
0
LINE
8
BLACK
6
CONTINUOUS
10
-1.5046903149606299
20
0.7147167716535433
11
-1.505328937007874
21
0.7151435039370079
0
LINE
8
BLACK
6
CONTINUOUS
10
-1.505328937007874
20
0.7151435039370079
11
-1.5057556692913385
21
0.7157821259842519
0
LINE
8
BLACK
6
CONTINUOUS
10
-1.5057556692913385
20
0.7157821259842519
11
-1.5059055118110236
21
0.7165354330708661
0
LINE
8
BLACK
6
CONTINUOUS
10
-1.5059055118110236
20
0.7165354330708661
11
-1.5059055118110236
21
0.7559055118110236
0
LINE
8
BLACK
6
CONTINUOUS
10
-1.5059055118110236
20
0.7559055118110236
11
-1.5059055118110236
21
0.8464566929133858
0
LINE
8
BLACK
6
CONTINUOUS
10
-1.5059055118110236
20
0.8464566929133858
11
-1.5057556692913385
21
0.84721
0
LINE
8
BLACK
6
CONTINUOUS
10
-1.5057556692913385
20
0.84721
11
-1.505328937007874
21
0.8478486220472441
0
LINE
8
BLACK
6
CONTINUOUS
10
-1.505328937007874
20
0.8478486220472441
11
-1.5046903149606299
21
0.8482753543307087
0
LINE
8
BLACK
6
CONTINUOUS
10
-1.5046903149606299
20
0.8482753543307087
11
-1.5039370078740157
21
0.8484251968503936
0
LINE
8
BLACK
6
CONTINUOUS
10
-1.5039370078740157
20
0.8484251968503936
11
-1.4645669291338583
21
0.8484251968503936
0
LINE
8
BLACK
6
CONTINUOUS
10
-1.4645669291338583
20
0.8484251968503936
11
-1.463813622047244
21
0.8482753543307087
0
LINE
8
BLACK
6
CONTINUOUS
10
-1.137041968503937
20
0.7577241732283464
11
-1.1364033464566929
21
0.7572974409448818
0
LINE
8
BLACK
6
CONTINUOUS
10
-1.1364033464566929
20
0.7572974409448818
11
-1.1359766141732284
21
0.7566588188976378
0
LINE
8
BLACK
6
CONTINUOUS
10
-1.1359766141732284
20
0.7566588188976378
11
-1.1358267716535433
21
0.7559055118110236
0
LINE
8
BLACK
6
CONTINUOUS
10
-1.1358267716535433
20
0.7559055118110236
11
-1.1358267716535433
21
0.7165354330708661
0
LINE
8
BLACK
6
CONTINUOUS
10
-1.1358267716535433
20
0.7165354330708661
11
-1.1359766141732284
21
0.7157821259842519
0
LINE
8
BLACK
6
CONTINUOUS
10
-1.1359766141732284
20
0.7157821259842519
11
-1.1364033464566929
21
0.7151435039370079
0
LINE
8
BLACK
6
CONTINUOUS
10
-1.1364033464566929
20
0.7151435039370079
11
-1.137041968503937
21
0.7147167716535433
0
LINE
8
BLACK
6
CONTINUOUS
10
-1.137041968503937
20
0.7147167716535433
11
-1.1377952755905512
21
0.7145669291338582
0
LINE
8
BLACK
6
CONTINUOUS
10
-1.1377952755905512
20
0.7145669291338582
11
-1.2874015748031495
21
0.7145669291338582
0
LINE
8
BLACK
6
CONTINUOUS
10
-1.2874015748031495
20
0.7145669291338582
11
-1.2881548818897637
21
0.7147167716535433
0
LINE
8
BLACK
6
CONTINUOUS
10
-1.2881548818897637
20
0.7147167716535433
11
-1.2887935039370078
21
0.7151435039370079
0
LINE
8
BLACK
6
CONTINUOUS
10
-1.2887935039370078
20
0.7151435039370079
11
-1.2892202362204723
21
0.7157821259842519
0
LINE
8
BLACK
6
CONTINUOUS
10
-1.2892202362204723
20
0.7157821259842519
11
-1.2893700787401574
21
0.7165354330708661
0
LINE
8
BLACK
6
CONTINUOUS
10
-1.2893700787401574
20
0.7165354330708661
11
-1.2893700787401574
21
0.7559055118110236
0
LINE
8
BLACK
6
CONTINUOUS
10
-1.2893700787401574
20
0.7559055118110236
11
-1.2892202362204723
21
0.7566588188976378
0
LINE
8
BLACK
6
CONTINUOUS
10
-1.2892202362204723
20
0.7566588188976378
11
-1.2887935039370078
21
0.7572974409448818
0
LINE
8
BLACK
6
CONTINUOUS
10
-1.2887935039370078
20
0.7572974409448818
11
-1.2881548818897637
21
0.7577241732283464
0
LINE
8
BLACK
6
CONTINUOUS
10
-1.2881548818897637
20
0.7577241732283464
11
-1.2874015748031495
21
0.7578740157480315
0
LINE
8
BLACK
6
CONTINUOUS
10
-1.2874015748031495
20
0.7578740157480315
11
-1.1377952755905512
21
0.7578740157480315
0
LINE
8
BLACK
6
CONTINUOUS
10
-1.1377952755905512
20
0.7578740157480315
11
-1.137041968503937
21
0.7577241732283464
0
LINE
8
BLACK
6
CONTINUOUS
10
-0.9008214960629921
20
0.7577241732283464
11
-0.900182874015748
21
0.7572974409448818
0
LINE
8
BLACK
6
CONTINUOUS
10
-0.900182874015748
20
0.7572974409448818
11
-0.8997561417322835
21
0.7566588188976378
0
LINE
8
BLACK
6
CONTINUOUS
10
-0.8997561417322835
20
0.7566588188976378
11
-0.8996062992125984
21
0.7559055118110236
0
LINE
8
BLACK
6
CONTINUOUS
10
-0.8996062992125984
20
0.7559055118110236
11
-0.8996062992125984
21
0.7165354330708661
0
LINE
8
BLACK
6
CONTINUOUS
10
-0.8996062992125984
20
0.7165354330708661
11
-0.8997561417322835
21
0.7157821259842519
0
LINE
8
BLACK
6
CONTINUOUS
10
-0.8997561417322835
20
0.7157821259842519
11
-0.900182874015748
21
0.7151435039370079
0
LINE
8
BLACK
6
CONTINUOUS
10
-0.900182874015748
20
0.7151435039370079
11
-0.9008214960629921
21
0.7147167716535433
0
LINE
8
BLACK
6
CONTINUOUS
10
-0.9008214960629921
20
0.7147167716535433
11
-0.9015748031496063
21
0.7145669291338582
0
LINE
8
BLACK
6
CONTINUOUS
10
-0.9015748031496063
20
0.7145669291338582
11
-1.0511811023622046
21
0.7145669291338582
0
LINE
8
BLACK
6
CONTINUOUS
10
-1.0511811023622046
20
0.7145669291338582
11
-1.0519344094488188
21
0.7147167716535433
0
LINE
8
BLACK
6
CONTINUOUS
10
-1.0519344094488188
20
0.7147167716535433
11
-1.0525730314960631
21
0.7151435039370079
0
LINE
8
BLACK
6
CONTINUOUS
10
-1.0525730314960631
20
0.7151435039370079
11
-1.0529997637795276
21
0.7157821259842519
0
LINE
8
BLACK
6
CONTINUOUS
10
-1.0529997637795276
20
0.7157821259842519
11
-1.0531496062992125
21
0.7165354330708661
0
LINE
8
BLACK
6
CONTINUOUS
10
-1.0531496062992125
20
0.7165354330708661
11
-1.0531496062992125
21
0.7559055118110236
0
LINE
8
BLACK
6
CONTINUOUS
10
-1.0531496062992125
20
0.7559055118110236
11
-1.0529997637795276
21
0.7566588188976378
0
LINE
8
BLACK
6
CONTINUOUS
10
-1.0529997637795276
20
0.7566588188976378
11
-1.0525730314960631
21
0.7572974409448818
0
LINE
8
BLACK
6
CONTINUOUS
10
-1.0525730314960631
20
0.7572974409448818
11
-1.0519344094488188
21
0.7577241732283464
0
LINE
8
BLACK
6
CONTINUOUS
10
-1.0519344094488188
20
0.7577241732283464
11
-1.0511811023622046
21
0.7578740157480315
0
LINE
8
BLACK
6
CONTINUOUS
10
-1.0511811023622046
20
0.7578740157480315
11
-0.9015748031496063
21
0.7578740157480315
0
LINE
8
BLACK
6
CONTINUOUS
10
-0.9015748031496063
20
0.7578740157480315
11
-0.9008214960629921
21
0.7577241732283464
0
LINE
8
BLACK
6
CONTINUOUS
10
-0.6646010236220472
20
0.7577241732283464
11
-0.6639624015748031
21
0.7572974409448818
0
LINE
8
BLACK
6
CONTINUOUS
10
-0.6639624015748031
20
0.7572974409448818
11
-0.6635356692913386
21
0.7566588188976378
0
LINE
8
BLACK
6
CONTINUOUS
10
-0.6635356692913386
20
0.7566588188976378
11
-0.6633858267716535
21
0.7559055118110236
0
LINE
8
BLACK
6
CONTINUOUS
10
-0.6633858267716535
20
0.7559055118110236
11
-0.6633858267716535
21
0.7165354330708661
0
LINE
8
BLACK
6
CONTINUOUS
10
-0.6633858267716535
20
0.7165354330708661
11
-0.6635356692913386
21
0.7157821259842519
0
LINE
8
BLACK
6
CONTINUOUS
10
-0.6635356692913386
20
0.7157821259842519
11
-0.6639624015748031
21
0.7151435039370079
0
LINE
8
BLACK
6
CONTINUOUS
10
-0.6639624015748031
20
0.7151435039370079
11
-0.6646010236220472
21
0.7147167716535433
0
LINE
8
BLACK
6
CONTINUOUS
10
-0.6646010236220472
20
0.7147167716535433
11
-0.6653543307086615
21
0.7145669291338582
0
LINE
8
BLACK
6
CONTINUOUS
10
-0.6653543307086615
20
0.7145669291338582
11
-0.8149606299212598
21
0.7145669291338582
0
LINE
8
BLACK
6
CONTINUOUS
10
-0.8149606299212598
20
0.7145669291338582
11
-0.815713937007874
21
0.7147167716535433
0
LINE
8
BLACK
6
CONTINUOUS
10
-0.815713937007874
20
0.7147167716535433
11
-0.8163525590551181
21
0.7151435039370079
0
LINE
8
BLACK
6
CONTINUOUS
10
-0.8163525590551181
20
0.7151435039370079
11
-0.8167792913385826
21
0.7157821259842519
0
LINE
8
BLACK
6
CONTINUOUS
10
-0.8167792913385826
20
0.7157821259842519
11
-0.8169291338582677
21
0.7165354330708661
0
LINE
8
BLACK
6
CONTINUOUS
10
-0.8169291338582677
20
0.7165354330708661
11
-0.8169291338582677
21
0.7559055118110236
0
LINE
8
BLACK
6
CONTINUOUS
10
-0.8169291338582677
20
0.7559055118110236
11
-0.8167792913385826
21
0.7566588188976378
0
LINE
8
BLACK
6
CONTINUOUS
10
-0.8167792913385826
20
0.7566588188976378
11
-0.8163525590551181
21
0.7572974409448818
0
LINE
8
BLACK
6
CONTINUOUS
10
-0.8163525590551181
20
0.7572974409448818
11
-0.815713937007874
21
0.7577241732283464
0
LINE
8
BLACK
6
CONTINUOUS
10
-0.815713937007874
20
0.7577241732283464
11
-0.8149606299212598
21
0.7578740157480315
0
LINE
8
BLACK
6
CONTINUOUS
10
-0.8149606299212598
20
0.7578740157480315
11
-0.6653543307086615
21
0.7578740157480315
0
LINE
8
BLACK
6
CONTINUOUS
10
-0.6653543307086615
20
0.7578740157480315
11
-0.6646010236220472
21
0.7577241732283464
0
LINE
8
BLACK
6
CONTINUOUS
10
-0.4283805511811024
20
0.7577241732283464
11
-0.4277419291338583
21
0.7572974409448818
0
LINE
8
BLACK
6
CONTINUOUS
10
-0.4277419291338583
20
0.7572974409448818
11
-0.4273151968503937
21
0.7566588188976378
0
LINE
8
BLACK
6
CONTINUOUS
10
-0.4273151968503937
20
0.7566588188976378
11
-0.4271653543307086
21
0.7559055118110236
0
LINE
8
BLACK
6
CONTINUOUS
10
-0.4271653543307086
20
0.7559055118110236
11
-0.4271653543307086
21
0.7165354330708661
0
LINE
8
BLACK
6
CONTINUOUS
10
-0.4271653543307086
20
0.7165354330708661
11
-0.4273151968503937
21
0.7157821259842519
0
LINE
8
BLACK
6
CONTINUOUS
10
-0.4273151968503937
20
0.7157821259842519
11
-0.4277419291338583
21
0.7151435039370079
0
LINE
8
BLACK
6
CONTINUOUS
10
-0.4277419291338583
20
0.7151435039370079
11
-0.4283805511811024
21
0.7147167716535433
0
LINE
8
BLACK
6
CONTINUOUS
10
-0.4283805511811024
20
0.7147167716535433
11
-0.4291338582677166
21
0.7145669291338582
0
LINE
8
BLACK
6
CONTINUOUS
10
-0.4291338582677166
20
0.7145669291338582
11
-0.5787401574803149
21
0.7145669291338582
0
LINE
8
BLACK
6
CONTINUOUS
10
-0.5787401574803149
20
0.7145669291338582
11
-0.5794934645669291
21
0.7147167716535433
0
LINE
8
BLACK
6
CONTINUOUS
10
-0.5794934645669291
20
0.7147167716535433
11
-0.5801320866141733
21
0.7151435039370079
0
LINE
8
BLACK
6
CONTINUOUS
10
-0.5801320866141733
20
0.7151435039370079
11
-0.5805588188976378
21
0.7157821259842519
0
LINE
8
BLACK
6
CONTINUOUS
10
-0.5805588188976378
20
0.7157821259842519
11
-0.5807086614173228
21
0.7165354330708661
0
LINE
8
BLACK
6
CONTINUOUS
10
-0.5807086614173228
20
0.7165354330708661
11
-0.5807086614173228
21
0.7559055118110236
0
LINE
8
BLACK
6
CONTINUOUS
10
-0.5807086614173228
20
0.7559055118110236
11
-0.5805588188976378
21
0.7566588188976378
0
LINE
8
BLACK
6
CONTINUOUS
10
-0.5805588188976378
20
0.7566588188976378
11
-0.5801320866141733
21
0.7572974409448818
0
LINE
8
BLACK
6
CONTINUOUS
10
-0.5801320866141733
20
0.7572974409448818
11
-0.5794934645669291
21
0.7577241732283464
0
LINE
8
BLACK
6
CONTINUOUS
10
-0.5794934645669291
20
0.7577241732283464
11
-0.5787401574803149
21
0.7578740157480315
0
LINE
8
BLACK
6
CONTINUOUS
10
-0.5787401574803149
20
0.7578740157480315
11
-0.4291338582677166
21
0.7578740157480315
0
LINE
8
BLACK
6
CONTINUOUS
10
-0.4291338582677166
20
0.7578740157480315
11
-0.4283805511811024
21
0.7577241732283464
0
LINE
8
BLACK
6
CONTINUOUS
10
-0.2118451181102362
20
0.8482753543307087
11
-0.2112064960629921
21
0.8478486220472441
0
LINE
8
BLACK
6
CONTINUOUS
10
-0.2112064960629921
20
0.8478486220472441
11
-0.2107797637795276
21
0.84721
0
LINE
8
BLACK
6
CONTINUOUS
10
-0.2107797637795276
20
0.84721
11
-0.2106299212598425
21
0.8464566929133858
0
LINE
8
BLACK
6
CONTINUOUS
10
-0.2106299212598425
20
0.8464566929133858
11
-0.2106299212598425
21
0.7559055118110236
0
LINE
8
BLACK
6
CONTINUOUS
10
-0.2106299212598425
20
0.7559055118110236
11
-0.2106299212598425
21
0.7165354330708661
0
LINE
8
BLACK
6
CONTINUOUS
10
-0.2106299212598425
20
0.7165354330708661
11
-0.2107797637795276
21
0.7157821259842519
0
LINE
8
BLACK
6
CONTINUOUS
10
-0.2107797637795276
20
0.7157821259842519
11
-0.2112064960629921
21
0.7151435039370079
0
LINE
8
BLACK
6
CONTINUOUS
10
-0.2112064960629921
20
0.7151435039370079
11
-0.2118451181102362
21
0.7147167716535433
0
LINE
8
BLACK
6
CONTINUOUS
10
-0.2118451181102362
20
0.7147167716535433
11
-0.2125984251968504
21
0.7145669291338582
0
LINE
8
BLACK
6
CONTINUOUS
10
-0.2125984251968504
20
0.7145669291338582
11
-0.2519685039370079
21
0.7145669291338582
0
LINE
8
BLACK
6
CONTINUOUS
10
-0.2519685039370079
20
0.7145669291338582
11
-0.3425196850393701
21
0.7145669291338582
0
LINE
8
BLACK
6
CONTINUOUS
10
-0.3425196850393701
20
0.7145669291338582
11
-0.3432729921259842
21
0.7147167716535433
0
LINE
8
BLACK
6
CONTINUOUS
10
-0.3432729921259842
20
0.7147167716535433
11
-0.3439116141732284
21
0.7151435039370079
0
LINE
8
BLACK
6
CONTINUOUS
10
-0.3439116141732284
20
0.7151435039370079
11
-0.3443383464566929
21
0.7157821259842519
0
LINE
8
BLACK
6
CONTINUOUS
10
-0.3443383464566929
20
0.7157821259842519
11
-0.344488188976378
21
0.7165354330708661
0
LINE
8
BLACK
6
CONTINUOUS
10
-0.344488188976378
20
0.7165354330708661
11
-0.344488188976378
21
0.7559055118110236
0
LINE
8
BLACK
6
CONTINUOUS
10
-0.344488188976378
20
0.7559055118110236
11
-0.3443383464566929
21
0.7566588188976378
0
LINE
8
BLACK
6
CONTINUOUS
10
-0.3443383464566929
20
0.7566588188976378
11
-0.3439116141732284
21
0.7572974409448818
0
LINE
8
BLACK
6
CONTINUOUS
10
-0.3439116141732284
20
0.7572974409448818
11
-0.3432729921259842
21
0.7577241732283464
0
LINE
8
BLACK
6
CONTINUOUS
10
-0.3432729921259842
20
0.7577241732283464
11
-0.3425196850393701
21
0.7578740157480315
0
LINE
8
BLACK
6
CONTINUOUS
10
-0.3425196850393701
20
0.7578740157480315
11
-0.2539370078740157
21
0.7578740157480315
0
LINE
8
BLACK
6
CONTINUOUS
10
-0.2539370078740157
20
0.7578740157480315
11
-0.2539370078740157
21
0.8464566929133858
0
LINE
8
BLACK
6
CONTINUOUS
10
-0.2539370078740157
20
0.8464566929133858
11
-0.2537871653543307
21
0.84721
0
LINE
8
BLACK
6
CONTINUOUS
10
-0.2537871653543307
20
0.84721
11
-0.2533604330708661
21
0.8478486220472441
0
LINE
8
BLACK
6
CONTINUOUS
10
-0.2533604330708661
20
0.8478486220472441
11
-0.2527218110236221
21
0.8482753543307087
0
LINE
8
BLACK
6
CONTINUOUS
10
-0.2527218110236221
20
0.8482753543307087
11
-0.2519685039370079
21
0.8484251968503936
0
LINE
8
BLACK
6
CONTINUOUS
10
-0.2519685039370079
20
0.8484251968503936
11
-0.2125984251968504
21
0.8484251968503936
0
LINE
8
BLACK
6
CONTINUOUS
10
-0.2125984251968504
20
0.8484251968503936
11
-0.2118451181102362
21
0.8482753543307087
0
LINE
8
BLACK
6
CONTINUOUS
10
-1.5988076771653543
20
0.8565724409448818
11
-1.5916772834645669
21
0.8536189370078739
0
LINE
8
BLACK
6
CONTINUOUS
10
-1.5916772834645669
20
0.8536189370078739
11
-1.5852601181102361
21
0.8493311023622047
0
LINE
8
BLACK
6
CONTINUOUS
10
-1.5852601181102361
20
0.8493311023622047
11
-1.5798027559055117
21
0.8438737401574803
0
LINE
8
BLACK
6
CONTINUOUS
10
-1.5798027559055117
20
0.8438737401574803
11
-1.5755149212598425
21
0.8374565748031496
0
LINE
8
BLACK
6
CONTINUOUS
10
-1.5755149212598425
20
0.8374565748031496
11
-1.5725614173228346
21
0.8303261811023622
0
LINE
8
BLACK
6
CONTINUOUS
10
-1.5725614173228346
20
0.8303261811023622
11
-1.5710557086614172
21
0.8227565748031496
0
LINE
8
BLACK
6
CONTINUOUS
10
-1.5710557086614172
20
0.8227565748031496
11
-1.5710557086614172
21
0.8150387007874016
0
LINE
8
BLACK
6
CONTINUOUS
10
-1.5710557086614172
20
0.8150387007874016
11
-1.5725614173228346
21
0.8074690944881889
0
LINE
8
BLACK
6
CONTINUOUS
10
-1.5725614173228346
20
0.8074690944881889
11
-1.5755149212598425
21
0.8003387007874015
0
LINE
8
BLACK
6
CONTINUOUS
10
-1.5755149212598425
20
0.8003387007874015
11
-1.5798027559055117
21
0.7939215354330709
0
LINE
8
BLACK
6
CONTINUOUS
10
-1.5798027559055117
20
0.7939215354330709
11
-1.5852601181102361
21
0.7884641732283464
0
LINE
8
BLACK
6
CONTINUOUS
10
-1.5852601181102361
20
0.7884641732283464
11
-1.5916772834645669
21
0.7841763385826771
0
LINE
8
BLACK
6
CONTINUOUS
10
-1.5916772834645669
20
0.7841763385826771
11
-1.5988076771653543
21
0.7812228346456693
0
LINE
8
BLACK
6
CONTINUOUS
10
-1.5988076771653543
20
0.7812228346456693
11
-1.6063772834645669
21
0.7797171259842519
0
LINE
8
BLACK
6
CONTINUOUS
10
-1.6063772834645669
20
0.7797171259842519
11
-1.6140951574803148
21
0.7797171259842519
0
LINE
8
BLACK
6
CONTINUOUS
10
-1.6140951574803148
20
0.7797171259842519
11
-1.6216647637795276
21
0.7812228346456693
0
LINE
8
BLACK
6
CONTINUOUS
10
-1.6216647637795276
20
0.7812228346456693
11
-1.628795157480315
21
0.7841763385826771
0
LINE
8
BLACK
6
CONTINUOUS
10
-1.628795157480315
20
0.7841763385826771
11
-1.6352123228346456
21
0.7884641732283464
0
LINE
8
BLACK
6
CONTINUOUS
10
-1.6352123228346456
20
0.7884641732283464
11
-1.6406696850393701
21
0.7939215354330709
0
LINE
8
BLACK
6
CONTINUOUS
10
-1.6406696850393701
20
0.7939215354330709
11
-1.6449575196850392
21
0.8003387007874015
0
LINE
8
BLACK
6
CONTINUOUS
10
-1.6449575196850392
20
0.8003387007874015
11
-1.6479110236220471
21
0.8074690944881889
0
LINE
8
BLACK
6
CONTINUOUS
10
-1.6479110236220471
20
0.8074690944881889
11
-1.6494167322834645
21
0.8150387007874016
0
LINE
8
BLACK
6
CONTINUOUS
10
-1.6494167322834645
20
0.8150387007874016
11
-1.6494167322834645
21
0.8227565748031496
0
LINE
8
BLACK
6
CONTINUOUS
10
-1.6494167322834645
20
0.8227565748031496
11
-1.6479110236220471
21
0.8303261811023622
0
LINE
8
BLACK
6
CONTINUOUS
10
-1.6479110236220471
20
0.8303261811023622
11
-1.6449575196850392
21
0.8374565748031496
0
LINE
8
BLACK
6
CONTINUOUS
10
-1.6449575196850392
20
0.8374565748031496
11
-1.6406696850393701
21
0.8438737401574803
0
LINE
8
BLACK
6
CONTINUOUS
10
-1.6406696850393701
20
0.8438737401574803
11
-1.6352123228346456
21
0.8493311023622047
0
LINE
8
BLACK
6
CONTINUOUS
10
-1.6352123228346456
20
0.8493311023622047
11
-1.628795157480315
21
0.8536189370078739
0
LINE
8
BLACK
6
CONTINUOUS
10
-1.628795157480315
20
0.8536189370078739
11
-1.6216647637795276
21
0.8565724409448818
0
LINE
8
BLACK
6
CONTINUOUS
10
-1.6216647637795276
20
0.8565724409448818
11
-1.6140951574803148
21
0.8580781496062992
0
LINE
8
BLACK
6
CONTINUOUS
10
-1.6140951574803148
20
0.8580781496062992
11
-1.6063772834645669
21
0.8580781496062992
0
LINE
8
BLACK
6
CONTINUOUS
10
-1.6063772834645669
20
0.8580781496062992
11
-1.5988076771653543
21
0.8565724409448818
0
LINE
8
BLACK
6
CONTINUOUS
10
-1.0858785433070866
20
0.8412216929133858
11
-1.0819078346456692
21
0.8394684645669291
0
LINE
8
BLACK
6
CONTINUOUS
10
-1.0819078346456692
20
0.8394684645669291
11
-1.0788386220472441
21
0.836399251968504
0
LINE
8
BLACK
6
CONTINUOUS
10
-1.0788386220472441
20
0.836399251968504
11
-1.0770853937007874
21
0.8324285433070866
0
LINE
8
BLACK
6
CONTINUOUS
10
-1.0770853937007874
20
0.8324285433070866
11
-1.0767716535433072
21
0.8297244094488189
0
LINE
8
BLACK
6
CONTINUOUS
10
-1.0767716535433072
20
0.8297244094488189
11
-1.0767716535433072
21
0.7923228346456693
0
LINE
8
BLACK
6
CONTINUOUS
10
-1.0767716535433072
20
0.7923228346456693
11
-1.0770853937007874
21
0.7896187007874016
0
LINE
8
BLACK
6
CONTINUOUS
10
-1.0770853937007874
20
0.7896187007874016
11
-1.0788386220472441
21
0.7856479921259842
0
LINE
8
BLACK
6
CONTINUOUS
10
-1.0788386220472441
20
0.7856479921259842
11
-1.0819078346456692
21
0.7825787795275591
0
LINE
8
BLACK
6
CONTINUOUS
10
-1.0819078346456692
20
0.7825787795275591
11
-1.0858785433070866
21
0.7808255511811023
0
LINE
8
BLACK
6
CONTINUOUS
10
-1.0858785433070866
20
0.7808255511811023
11
-1.0885826771653544
21
0.780511811023622
0
LINE
8
BLACK
6
CONTINUOUS
10
-1.0885826771653544
20
0.780511811023622
11
-1.1082677165354331
21
0.780511811023622
0
LINE
8
BLACK
6
CONTINUOUS
10
-1.1082677165354331
20
0.780511811023622
11
-1.1109718503937007
21
0.7808255511811023
0
LINE
8
BLACK
6
CONTINUOUS
10
-1.1109718503937007
20
0.7808255511811023
11
-1.1149425590551181
21
0.7825787795275591
0
LINE
8
BLACK
6
CONTINUOUS
10
-1.1149425590551181
20
0.7825787795275591
11
-1.1180117716535434
21
0.7856479921259842
0
LINE
8
BLACK
6
CONTINUOUS
10
-1.1180117716535434
20
0.7856479921259842
11
-1.1197649999999999
21
0.7896187007874016
0
LINE
8
BLACK
6
CONTINUOUS
10
-1.1197649999999999
20
0.7896187007874016
11
-1.1200787401574803
21
0.7923228346456693
0
LINE
8
BLACK
6
CONTINUOUS
10
-1.1200787401574803
20
0.7923228346456693
11
-1.1200787401574803
21
0.8297244094488189
0
LINE
8
BLACK
6
CONTINUOUS
10
-1.1200787401574803
20
0.8297244094488189
11
-1.1197649999999999
21
0.8324285433070866
0
LINE
8
BLACK
6
CONTINUOUS
10
-1.1197649999999999
20
0.8324285433070866
11
-1.1180117716535434
21
0.836399251968504
0
LINE
8
BLACK
6
CONTINUOUS
10
-1.1180117716535434
20
0.836399251968504
11
-1.1149425590551181
21
0.8394684645669291
0
LINE
8
BLACK
6
CONTINUOUS
10
-1.1149425590551181
20
0.8394684645669291
11
-1.1109718503937007
21
0.8412216929133858
0
LINE
8
BLACK
6
CONTINUOUS
10
-1.1109718503937007
20
0.8412216929133858
11
-1.1082677165354331
21
0.8415354330708661
0
LINE
8
BLACK
6
CONTINUOUS
10
-1.1082677165354331
20
0.8415354330708661
11
-1.0885826771653544
21
0.8415354330708661
0
LINE
8
BLACK
6
CONTINUOUS
10
-1.0885826771653544
20
0.8415354330708661
11
-1.0858785433070866
21
0.8412216929133858
0
LINE
8
BLACK
6
CONTINUOUS
10
-1.0110753937007875
20
0.8412216929133858
11
-1.0071046850393701
21
0.8394684645669291
0
LINE
8
BLACK
6
CONTINUOUS
10
-1.0071046850393701
20
0.8394684645669291
11
-1.0040354724409448
21
0.836399251968504
0
LINE
8
BLACK
6
CONTINUOUS
10
-1.0040354724409448
20
0.836399251968504
11
-1.0022822440944881
21
0.8324285433070866
0
LINE
8
BLACK
6
CONTINUOUS
10
-1.0022822440944881
20
0.8324285433070866
11
-1.0019685039370079
21
0.8297244094488189
0
LINE
8
BLACK
6
CONTINUOUS
10
-1.0019685039370079
20
0.8297244094488189
11
-1.0019685039370079
21
0.7923228346456693
0
LINE
8
BLACK
6
CONTINUOUS
10
-1.0019685039370079
20
0.7923228346456693
11
-1.0022822440944881
21
0.7896187007874016
0
LINE
8
BLACK
6
CONTINUOUS
10
-1.0022822440944881
20
0.7896187007874016
11
-1.0040354724409448
21
0.7856479921259842
0
LINE
8
BLACK
6
CONTINUOUS
10
-1.0040354724409448
20
0.7856479921259842
11
-1.0071046850393701
21
0.7825787795275591
0
LINE
8
BLACK
6
CONTINUOUS
10
-1.0071046850393701
20
0.7825787795275591
11
-1.0110753937007875
21
0.7808255511811023
0
LINE
8
BLACK
6
CONTINUOUS
10
-1.0110753937007875
20
0.7808255511811023
11
-1.0137795275590551
21
0.780511811023622
0
LINE
8
BLACK
6
CONTINUOUS
10
-1.0137795275590551
20
0.780511811023622
11
-1.0334645669291338
21
0.780511811023622
0
LINE
8
BLACK
6
CONTINUOUS
10
-1.0334645669291338
20
0.780511811023622
11
-1.0361687007874016
21
0.7808255511811023
0
LINE
8
BLACK
6
CONTINUOUS
10
-1.0361687007874016
20
0.7808255511811023
11
-1.0401394094488188
21
0.7825787795275591
0
LINE
8
BLACK
6
CONTINUOUS
10
-1.0401394094488188
20
0.7825787795275591
11
-1.0432086220472441
21
0.7856479921259842
0
LINE
8
BLACK
6
CONTINUOUS
10
-1.0432086220472441
20
0.7856479921259842
11
-1.0449618503937008
21
0.7896187007874016
0
LINE
8
BLACK
6
CONTINUOUS
10
-1.0449618503937008
20
0.7896187007874016
11
-1.045275590551181
21
0.7923228346456693
0
LINE
8
BLACK
6
CONTINUOUS
10
-1.045275590551181
20
0.7923228346456693
11
-1.045275590551181
21
0.8297244094488189
0
LINE
8
BLACK
6
CONTINUOUS
10
-1.045275590551181
20
0.8297244094488189
11
-1.0449618503937008
21
0.8324285433070866
0
LINE
8
BLACK
6
CONTINUOUS
10
-1.0449618503937008
20
0.8324285433070866
11
-1.0432086220472441
21
0.836399251968504
0
LINE
8
BLACK
6
CONTINUOUS
10
-1.0432086220472441
20
0.836399251968504
11
-1.0401394094488188
21
0.8394684645669291
0
LINE
8
BLACK
6
CONTINUOUS
10
-1.0401394094488188
20
0.8394684645669291
11
-1.0361687007874016
21
0.8412216929133858
0
LINE
8
BLACK
6
CONTINUOUS
10
-1.0361687007874016
20
0.8412216929133858
11
-1.0334645669291338
21
0.8415354330708661
0
LINE
8
BLACK
6
CONTINUOUS
10
-1.0334645669291338
20
0.8415354330708661
11
-1.0137795275590551
21
0.8415354330708661
0
LINE
8
BLACK
6
CONTINUOUS
10
-1.0137795275590551
20
0.8415354330708661
11
-1.0110753937007875
21
0.8412216929133858
0
LINE
8
BLACK
6
CONTINUOUS
10
-0.7541856299212598
20
0.8796075196850394
11
-0.7502149212598425
21
0.8778542913385826
0
LINE
8
BLACK
6
CONTINUOUS
10
-0.7502149212598425
20
0.8778542913385826
11
-0.7471457086614173
21
0.8747850787401574
0
LINE
8
BLACK
6
CONTINUOUS
10
-0.7471457086614173
20
0.8747850787401574
11
-0.7453924803149606
21
0.8708143700787402
0
LINE
8
BLACK
6
CONTINUOUS
10
-0.7453924803149606
20
0.8708143700787402
11
-0.7450787401574803
21
0.8681102362204725
0
LINE
8
BLACK
6
CONTINUOUS
10
-0.7450787401574803
20
0.8681102362204725
11
-0.7450787401574803
21
0.8484251968503936
0
LINE
8
BLACK
6
CONTINUOUS
10
-0.7450787401574803
20
0.8484251968503936
11
-0.7453924803149606
21
0.845721062992126
0
LINE
8
BLACK
6
CONTINUOUS
10
-0.7453924803149606
20
0.845721062992126
11
-0.7471457086614173
21
0.8417503543307087
0
LINE
8
BLACK
6
CONTINUOUS
10
-0.7471457086614173
20
0.8417503543307087
11
-0.7502149212598425
21
0.8386811417322835
0
LINE
8
BLACK
6
CONTINUOUS
10
-0.7502149212598425
20
0.8386811417322835
11
-0.7541856299212598
21
0.8369279133858267
0
LINE
8
BLACK
6
CONTINUOUS
10
-0.7541856299212598
20
0.8369279133858267
11
-0.7568897637795275
21
0.8366141732283464
0
LINE
8
BLACK
6
CONTINUOUS
10
-0.7568897637795275
20
0.8366141732283464
11
-0.7942913385826772
21
0.8366141732283464
0
LINE
8
BLACK
6
CONTINUOUS
10
-0.7942913385826772
20
0.8366141732283464
11
-0.7969954724409448
21
0.8369279133858267
0
LINE
8
BLACK
6
CONTINUOUS
10
-0.7969954724409448
20
0.8369279133858267
11
-0.8009661811023622
21
0.8386811417322835
0
LINE
8
BLACK
6
CONTINUOUS
10
-0.8009661811023622
20
0.8386811417322835
11
-0.8040353937007874
21
0.8417503543307087
0
LINE
8
BLACK
6
CONTINUOUS
10
-0.8040353937007874
20
0.8417503543307087
11
-0.8057886220472441
21
0.845721062992126
0
LINE
8
BLACK
6
CONTINUOUS
10
-0.8057886220472441
20
0.845721062992126
11
-0.8061023622047244
21
0.8484251968503936
0
LINE
8
BLACK
6
CONTINUOUS
10
-0.8061023622047244
20
0.8484251968503936
11
-0.8061023622047244
21
0.8681102362204725
0
LINE
8
BLACK
6
CONTINUOUS
10
-0.8061023622047244
20
0.8681102362204725
11
-0.8057886220472441
21
0.8708143700787402
0
LINE
8
BLACK
6
CONTINUOUS
10
-0.8057886220472441
20
0.8708143700787402
11
-0.8040353937007874
21
0.8747850787401574
0
LINE
8
BLACK
6
CONTINUOUS
10
-0.8040353937007874
20
0.8747850787401574
11
-0.8009661811023622
21
0.8778542913385826
0
LINE
8
BLACK
6
CONTINUOUS
10
-0.8009661811023622
20
0.8778542913385826
11
-0.7969954724409448
21
0.8796075196850394
0
LINE
8
BLACK
6
CONTINUOUS
10
-0.7969954724409448
20
0.8796075196850394
11
-0.7942913385826772
21
0.8799212598425197
0
LINE
8
BLACK
6
CONTINUOUS
10
-0.7942913385826772
20
0.8799212598425197
11
-0.7568897637795275
21
0.8799212598425197
0
LINE
8
BLACK
6
CONTINUOUS
10
-0.7568897637795275
20
0.8799212598425197
11
-0.7541856299212598
21
0.8796075196850394
0
LINE
8
BLACK
6
CONTINUOUS
10
-0.6655925984251968
20
0.8775550787401575
11
-0.6630381102362205
21
0.875848188976378
0
LINE
8
BLACK
6
CONTINUOUS
10
-0.6630381102362205
20
0.875848188976378
11
-0.661331220472441
21
0.8732937007874015
0
LINE
8
BLACK
6
CONTINUOUS
10
-0.661331220472441
20
0.8732937007874015
11
-0.6607318503937007
21
0.8702804330708661
0
LINE
8
BLACK
6
CONTINUOUS
10
-0.6607318503937007
20
0.8702804330708661
11
-0.6607318503937007
21
0.8584694094488189
0
LINE
8
BLACK
6
CONTINUOUS
10
-0.6607318503937007
20
0.8584694094488189
11
-0.661331220472441
21
0.8554561417322835
0
LINE
8
BLACK
6
CONTINUOUS
10
-0.661331220472441
20
0.8554561417322835
11
-0.6630381102362205
21
0.852901653543307
0
LINE
8
BLACK
6
CONTINUOUS
10
-0.6630381102362205
20
0.852901653543307
11
-0.6655925984251968
21
0.8511947637795275
0
LINE
8
BLACK
6
CONTINUOUS
10
-0.6655925984251968
20
0.8511947637795275
11
-0.6686058661417322
21
0.8505953937007874
0
LINE
8
BLACK
6
CONTINUOUS
10
-0.6686058661417322
20
0.8505953937007874
11
-0.7148657086614173
21
0.8505953937007874
0
LINE
8
BLACK
6
CONTINUOUS
10
-0.7148657086614173
20
0.8505953937007874
11
-0.7178789763779527
21
0.8511947637795275
0
LINE
8
BLACK
6
CONTINUOUS
10
-0.7178789763779527
20
0.8511947637795275
11
-0.7204334645669291
21
0.852901653543307
0
LINE
8
BLACK
6
CONTINUOUS
10
-0.7204334645669291
20
0.852901653543307
11
-0.7221403543307087
21
0.8554561417322835
0
LINE
8
BLACK
6
CONTINUOUS
10
-0.7221403543307087
20
0.8554561417322835
11
-0.7227397244094488
21
0.8584694094488189
0
LINE
8
BLACK
6
CONTINUOUS
10
-0.7227397244094488
20
0.8584694094488189
11
-0.7227397244094488
21
0.8702804330708661
0
LINE
8
BLACK
6
CONTINUOUS
10
-0.7227397244094488
20
0.8702804330708661
11
-0.7221403543307087
21
0.8732937007874015
0
LINE
8
BLACK
6
CONTINUOUS
10
-0.7221403543307087
20
0.8732937007874015
11
-0.7204334645669291
21
0.875848188976378
0
LINE
8
BLACK
6
CONTINUOUS
10
-0.7204334645669291
20
0.875848188976378
11
-0.7178789763779527
21
0.8775550787401575
0
LINE
8
BLACK
6
CONTINUOUS
10
-0.7178789763779527
20
0.8775550787401575
11
-0.7148657086614173
21
0.8781544488188976
0
LINE
8
BLACK
6
CONTINUOUS
10
-0.7148657086614173
20
0.8781544488188976
11
-0.6686058661417322
21
0.8781544488188976
0
LINE
8
BLACK
6
CONTINUOUS
10
-0.6686058661417322
20
0.8781544488188976
11
-0.6655925984251968
21
0.8775550787401575
0
LINE
8
BLACK
6
CONTINUOUS
10
-1.0937525984251968
20
0.9199618503937008
11
-1.0897818897637794
21
0.9182086220472441
0
LINE
8
BLACK
6
CONTINUOUS
10
-1.0897818897637794
20
0.9182086220472441
11
-1.0867126771653544
21
0.9151394094488189
0
LINE
8
BLACK
6
CONTINUOUS
10
-1.0867126771653544
20
0.9151394094488189
11
-1.0849594488188976
21
0.9111687007874015
0
LINE
8
BLACK
6
CONTINUOUS
10
-1.0849594488188976
20
0.9111687007874015
11
-1.0846457086614174
21
0.9084645669291338
0
LINE
8
BLACK
6
CONTINUOUS
10
-1.0846457086614174
20
0.9084645669291338
11
-1.0846457086614174
21
0.8710629921259843
0
LINE
8
BLACK
6
CONTINUOUS
10
-1.0846457086614174
20
0.8710629921259843
11
-1.0849594488188976
21
0.8683588582677165
0
LINE
8
BLACK
6
CONTINUOUS
10
-1.0849594488188976
20
0.8683588582677165
11
-1.0867126771653544
21
0.8643881496062992
0
LINE
8
BLACK
6
CONTINUOUS
10
-1.0867126771653544
20
0.8643881496062992
11
-1.0897818897637794
21
0.861318937007874
0
LINE
8
BLACK
6
CONTINUOUS
10
-1.0897818897637794
20
0.861318937007874
11
-1.0937525984251968
21
0.8595657086614173
0
LINE
8
BLACK
6
CONTINUOUS
10
-1.0937525984251968
20
0.8595657086614173
11
-1.0964567322834646
21
0.859251968503937
0
LINE
8
BLACK
6
CONTINUOUS
10
-1.0964567322834646
20
0.859251968503937
11
-1.1161417716535433
21
0.859251968503937
0
LINE
8
BLACK
6
CONTINUOUS
10
-1.1161417716535433
20
0.859251968503937
11
-1.118845905511811
21
0.8595657086614173
0
LINE
8
BLACK
6
CONTINUOUS
10
-1.118845905511811
20
0.8595657086614173
11
-1.1228166141732283
21
0.861318937007874
0
LINE
8
BLACK
6
CONTINUOUS
10
-1.1228166141732283
20
0.861318937007874
11
-1.1258858267716536
21
0.8643881496062992
0
LINE
8
BLACK
6
CONTINUOUS
10
-1.1258858267716536
20
0.8643881496062992
11
-1.1276390551181101
21
0.8683588582677165
0
LINE
8
BLACK
6
CONTINUOUS
10
-1.1276390551181101
20
0.8683588582677165
11
-1.1279527952755906
21
0.8710629921259843
0
LINE
8
BLACK
6
CONTINUOUS
10
-1.1279527952755906
20
0.8710629921259843
11
-1.1279527952755906
21
0.9084645669291338
0
LINE
8
BLACK
6
CONTINUOUS
10
-1.1279527952755906
20
0.9084645669291338
11
-1.1276390551181101
21
0.9111687007874015
0
LINE
8
BLACK
6
CONTINUOUS
10
-1.1276390551181101
20
0.9111687007874015
11
-1.1258858267716536
21
0.9151394094488189
0
LINE
8
BLACK
6
CONTINUOUS
10
-1.1258858267716536
20
0.9151394094488189
11
-1.1228166141732283
21
0.9182086220472441
0
LINE
8
BLACK
6
CONTINUOUS
10
-1.1228166141732283
20
0.9182086220472441
11
-1.118845905511811
21
0.9199618503937008
0
LINE
8
BLACK
6
CONTINUOUS
10
-1.118845905511811
20
0.9199618503937008
11
-1.1161417716535433
21
0.9202755905511811
0
LINE
8
BLACK
6
CONTINUOUS
10
-1.1161417716535433
20
0.9202755905511811
11
-1.0964567322834646
21
0.9202755905511811
0
LINE
8
BLACK
6
CONTINUOUS
10
-1.0964567322834646
20
0.9202755905511811
11
-1.0937525984251968
21
0.9199618503937008
0
LINE
8
BLACK
6
CONTINUOUS
10
-1.0189494488188977
20
0.9199618503937008
11
-1.0149787401574804
21
0.9182086220472441
0
LINE
8
BLACK
6
CONTINUOUS
10
-1.0149787401574804
20
0.9182086220472441
11
-1.0119095275590551
21
0.9151394094488189
0
LINE
8
BLACK
6
CONTINUOUS
10
-1.0119095275590551
20
0.9151394094488189
11
-1.0101562992125983
21
0.9111687007874015
0
LINE
8
BLACK
6
CONTINUOUS
10
-1.0101562992125983
20
0.9111687007874015
11
-1.0098425590551181
21
0.9084645669291338
0
LINE
8
BLACK
6
CONTINUOUS
10
-1.0098425590551181
20
0.9084645669291338
11
-1.0098425590551181
21
0.8710629921259843
0
LINE
8
BLACK
6
CONTINUOUS
10
-1.0098425590551181
20
0.8710629921259843
11
-1.0101562992125983
21
0.8683588582677165
0
LINE
8
BLACK
6
CONTINUOUS
10
-1.0101562992125983
20
0.8683588582677165
11
-1.0119095275590551
21
0.8643881496062992
0
LINE
8
BLACK
6
CONTINUOUS
10
-1.0119095275590551
20
0.8643881496062992
11
-1.0149787401574804
21
0.861318937007874
0
LINE
8
BLACK
6
CONTINUOUS
10
-1.0149787401574804
20
0.861318937007874
11
-1.0189494488188977
21
0.8595657086614173
0
LINE
8
BLACK
6
CONTINUOUS
10
-1.0189494488188977
20
0.8595657086614173
11
-1.0216535826771653
21
0.859251968503937
0
LINE
8
BLACK
6
CONTINUOUS
10
-1.0216535826771653
20
0.859251968503937
11
-1.041338622047244
21
0.859251968503937
0
LINE
8
BLACK
6
CONTINUOUS
10
-1.041338622047244
20
0.859251968503937
11
-1.0440427559055119
21
0.8595657086614173
0
LINE
8
BLACK
6
CONTINUOUS
10
-1.0440427559055119
20
0.8595657086614173
11
-1.048013464566929
21
0.861318937007874
0
LINE
8
BLACK
6
CONTINUOUS
10
-1.048013464566929
20
0.861318937007874
11
-1.0510826771653543
21
0.8643881496062992
0
LINE
8
BLACK
6
CONTINUOUS
10
-1.0510826771653543
20
0.8643881496062992
11
-1.0528359055118111
21
0.8683588582677165
0
LINE
8
BLACK
6
CONTINUOUS
10
-1.0528359055118111
20
0.8683588582677165
11
-1.0531496456692913
21
0.8710629921259843
0
LINE
8
BLACK
6
CONTINUOUS
10
-1.0531496456692913
20
0.8710629921259843
11
-1.0531496456692913
21
0.9084645669291338
0
LINE
8
BLACK
6
CONTINUOUS
10
-1.0531496456692913
20
0.9084645669291338
11
-1.0528359055118111
21
0.9111687007874015
0
LINE
8
BLACK
6
CONTINUOUS
10
-1.0528359055118111
20
0.9111687007874015
11
-1.0510826771653543
21
0.9151394094488189
0
LINE
8
BLACK
6
CONTINUOUS
10
-1.0510826771653543
20
0.9151394094488189
11
-1.048013464566929
21
0.9182086220472441
0
LINE
8
BLACK
6
CONTINUOUS
10
-1.048013464566929
20
0.9182086220472441
11
-1.0440427559055119
21
0.9199618503937008
0
LINE
8
BLACK
6
CONTINUOUS
10
-1.0440427559055119
20
0.9199618503937008
11
-1.041338622047244
21
0.9202755905511811
0
LINE
8
BLACK
6
CONTINUOUS
10
-1.041338622047244
20
0.9202755905511811
11
-1.0216535826771653
21
0.9202755905511811
0
LINE
8
BLACK
6
CONTINUOUS
10
-1.0216535826771653
20
0.9202755905511811
11
-1.0189494488188977
21
0.9199618503937008
0
LINE
8
BLACK
6
CONTINUOUS
10
-0.5917737007874015
20
0.914956653543307
11
-0.5892192125984251
21
0.9132497637795275
0
LINE
8
BLACK
6
CONTINUOUS
10
-0.5892192125984251
20
0.9132497637795275
11
-0.5875123228346456
21
0.9106952755905512
0
LINE
8
BLACK
6
CONTINUOUS
10
-0.5875123228346456
20
0.9106952755905512
11
-0.5869129527559055
21
0.9076820078740158
0
LINE
8
BLACK
6
CONTINUOUS
10
-0.5869129527559055
20
0.9076820078740158
11
-0.5869129527559055
21
0.8958709842519685
0
LINE
8
BLACK
6
CONTINUOUS
10
-0.5869129527559055
20
0.8958709842519685
11
-0.5875123228346456
21
0.892857716535433
0
LINE
8
BLACK
6
CONTINUOUS
10
-0.5875123228346456
20
0.892857716535433
11
-0.5892192125984251
21
0.8903032283464567
0
LINE
8
BLACK
6
CONTINUOUS
10
-0.5892192125984251
20
0.8903032283464567
11
-0.5917737007874015
21
0.8885963385826772
0
LINE
8
BLACK
6
CONTINUOUS
10
-0.5917737007874015
20
0.8885963385826772
11
-0.594786968503937
21
0.8879969685039369
0
LINE
8
BLACK
6
CONTINUOUS
10
-0.594786968503937
20
0.8879969685039369
11
-0.641046811023622
21
0.8879969685039369
0
LINE
8
BLACK
6
CONTINUOUS
10
-0.641046811023622
20
0.8879969685039369
11
-0.6440600787401575
21
0.8885963385826772
0
LINE
8
BLACK
6
CONTINUOUS
10
-0.6440600787401575
20
0.8885963385826772
11
-0.6466145669291339
21
0.8903032283464567
0
LINE
8
BLACK
6
CONTINUOUS
10
-0.6466145669291339
20
0.8903032283464567
11
-0.6483214566929134
21
0.892857716535433
0
LINE
8
BLACK
6
CONTINUOUS
10
-0.6483214566929134
20
0.892857716535433
11
-0.6489208267716535
21
0.8958709842519685
0
LINE
8
BLACK
6
CONTINUOUS
10
-0.6489208267716535
20
0.8958709842519685
11
-0.6489208267716535
21
0.9076820078740158
0
LINE
8
BLACK
6
CONTINUOUS
10
-0.6489208267716535
20
0.9076820078740158
11
-0.6483214566929134
21
0.9106952755905512
0
LINE
8
BLACK
6
CONTINUOUS
10
-0.6483214566929134
20
0.9106952755905512
11
-0.6466145669291339
21
0.9132497637795275
0
LINE
8
BLACK
6
CONTINUOUS
10
-0.6466145669291339
20
0.9132497637795275
11
-0.6440600787401575
21
0.914956653543307
0
LINE
8
BLACK
6
CONTINUOUS
10
-0.6440600787401575
20
0.914956653543307
11
-0.641046811023622
21
0.9155560236220472
0
LINE
8
BLACK
6
CONTINUOUS
10
-0.641046811023622
20
0.9155560236220472
11
-0.594786968503937
21
0.9155560236220472
0
LINE
8
BLACK
6
CONTINUOUS
10
-0.594786968503937
20
0.9155560236220472
11
-0.5917737007874015
21
0.914956653543307
0
LINE
8
BLACK
6
CONTINUOUS
10
-0.7541856299212598
20
0.9544106692913386
11
-0.7502149212598425
21
0.9526574409448819
0
LINE
8
BLACK
6
CONTINUOUS
10
-0.7502149212598425
20
0.9526574409448819
11
-0.7471457086614173
21
0.9495882283464566
0
LINE
8
BLACK
6
CONTINUOUS
10
-0.7471457086614173
20
0.9495882283464566
11
-0.7453924803149606
21
0.9456175196850394
0
LINE
8
BLACK
6
CONTINUOUS
10
-0.7453924803149606
20
0.9456175196850394
11
-0.7450787401574803
21
0.9429133858267716
0
LINE
8
BLACK
6
CONTINUOUS
10
-0.7450787401574803
20
0.9429133858267716
11
-0.7450787401574803
21
0.9232283464566929
0
LINE
8
BLACK
6
CONTINUOUS
10
-0.7450787401574803
20
0.9232283464566929
11
-0.7453924803149606
21
0.9205242125984252
0
LINE
8
BLACK
6
CONTINUOUS
10
-0.7453924803149606
20
0.9205242125984252
11
-0.7471457086614173
21
0.9165535039370079
0
LINE
8
BLACK
6
CONTINUOUS
10
-0.7471457086614173
20
0.9165535039370079
11
-0.7502149212598425
21
0.9134842913385827
0
LINE
8
BLACK
6
CONTINUOUS
10
-0.7502149212598425
20
0.9134842913385827
11
-0.7541856299212598
21
0.9117310629921259
0
LINE
8
BLACK
6
CONTINUOUS
10
-0.7541856299212598
20
0.9117310629921259
11
-0.7568897637795275
21
0.9114173228346456
0
LINE
8
BLACK
6
CONTINUOUS
10
-0.7568897637795275
20
0.9114173228346456
11
-0.7942913385826772
21
0.9114173228346456
0
LINE
8
BLACK
6
CONTINUOUS
10
-0.7942913385826772
20
0.9114173228346456
11
-0.7969954724409448
21
0.9117310629921259
0
LINE
8
BLACK
6
CONTINUOUS
10
-0.7969954724409448
20
0.9117310629921259
11
-0.8009661811023622
21
0.9134842913385827
0
LINE
8
BLACK
6
CONTINUOUS
10
-0.8009661811023622
20
0.9134842913385827
11
-0.8040353937007874
21
0.9165535039370079
0
LINE
8
BLACK
6
CONTINUOUS
10
-0.8040353937007874
20
0.9165535039370079
11
-0.8057886220472441
21
0.9205242125984252
0
LINE
8
BLACK
6
CONTINUOUS
10
-0.8057886220472441
20
0.9205242125984252
11
-0.8061023622047244
21
0.9232283464566929
0
LINE
8
BLACK
6
CONTINUOUS
10
-0.8061023622047244
20
0.9232283464566929
11
-0.8061023622047244
21
0.9429133858267716
0
LINE
8
BLACK
6
CONTINUOUS
10
-0.8061023622047244
20
0.9429133858267716
11
-0.8057886220472441
21
0.9456175196850394
0
LINE
8
BLACK
6
CONTINUOUS
10
-0.8057886220472441
20
0.9456175196850394
11
-0.8040353937007874
21
0.9495882283464566
0
LINE
8
BLACK
6
CONTINUOUS
10
-0.8040353937007874
20
0.9495882283464566
11
-0.8009661811023622
21
0.9526574409448819
0
LINE
8
BLACK
6
CONTINUOUS
10
-0.8009661811023622
20
0.9526574409448819
11
-0.7969954724409448
21
0.9544106692913386
0
LINE
8
BLACK
6
CONTINUOUS
10
-0.7969954724409448
20
0.9544106692913386
11
-0.7942913385826772
21
0.9547244094488189
0
LINE
8
BLACK
6
CONTINUOUS
10
-0.7942913385826772
20
0.9547244094488189
11
-0.7568897637795275
21
0.9547244094488189
0
LINE
8
BLACK
6
CONTINUOUS
10
-0.7568897637795275
20
0.9547244094488189
11
-0.7541856299212598
21
0.9544106692913386
0
LINE
8
BLACK
6
CONTINUOUS
10
-0.6655925984251968
20
0.9523582283464567
11
-0.6630381102362205
21
0.9506513385826771
0
LINE
8
BLACK
6
CONTINUOUS
10
-0.6630381102362205
20
0.9506513385826771
11
-0.661331220472441
21
0.9480968503937007
0
LINE
8
BLACK
6
CONTINUOUS
10
-0.661331220472441
20
0.9480968503937007
11
-0.6607318503937007
21
0.9450835826771653
0
LINE
8
BLACK
6
CONTINUOUS
10
-0.6607318503937007
20
0.9450835826771653
11
-0.6607318503937007
21
0.9332725590551181
0
LINE
8
BLACK
6
CONTINUOUS
10
-0.6607318503937007
20
0.9332725590551181
11
-0.661331220472441
21
0.9302592913385827
0
LINE
8
BLACK
6
CONTINUOUS
10
-0.661331220472441
20
0.9302592913385827
11
-0.6630381102362205
21
0.9277048031496062
0
LINE
8
BLACK
6
CONTINUOUS
10
-0.6630381102362205
20
0.9277048031496062
11
-0.6655925984251968
21
0.9259979133858267
0
LINE
8
BLACK
6
CONTINUOUS
10
-0.6655925984251968
20
0.9259979133858267
11
-0.6686058661417322
21
0.9253985433070866
0
LINE
8
BLACK
6
CONTINUOUS
10
-0.6686058661417322
20
0.9253985433070866
11
-0.7148657086614173
21
0.9253985433070866
0
LINE
8
BLACK
6
CONTINUOUS
10
-0.7148657086614173
20
0.9253985433070866
11
-0.7178789763779527
21
0.9259979133858267
0
LINE
8
BLACK
6
CONTINUOUS
10
-0.7178789763779527
20
0.9259979133858267
11
-0.7204334645669291
21
0.9277048031496062
0
LINE
8
BLACK
6
CONTINUOUS
10
-0.7204334645669291
20
0.9277048031496062
11
-0.7221403543307087
21
0.9302592913385827
0
LINE
8
BLACK
6
CONTINUOUS
10
-0.7221403543307087
20
0.9302592913385827
11
-0.7227397244094488
21
0.9332725590551181
0
LINE
8
BLACK
6
CONTINUOUS
10
-0.7227397244094488
20
0.9332725590551181
11
-0.7227397244094488
21
0.9450835826771653
0
LINE
8
BLACK
6
CONTINUOUS
10
-0.7227397244094488
20
0.9450835826771653
11
-0.7221403543307087
21
0.9480968503937007
0
LINE
8
BLACK
6
CONTINUOUS
10
-0.7221403543307087
20
0.9480968503937007
11
-0.7204334645669291
21
0.9506513385826771
0
LINE
8
BLACK
6
CONTINUOUS
10
-0.7204334645669291
20
0.9506513385826771
11
-0.7178789763779527
21
0.9523582283464567
0
LINE
8
BLACK
6
CONTINUOUS
10
-0.7178789763779527
20
0.9523582283464567
11
-0.7148657086614173
21
0.9529575984251968
0
LINE
8
BLACK
6
CONTINUOUS
10
-0.7148657086614173
20
0.9529575984251968
11
-0.6686058661417322
21
0.9529575984251968
0
LINE
8
BLACK
6
CONTINUOUS
10
-0.6686058661417322
20
0.9529575984251968
11
-0.6655925984251968
21
0.9523582283464567
0
LINE
8
BLACK
6
CONTINUOUS
10
-0.9634992913385827
20
0.9960839763779528
11
-0.9617430708661417
21
0.9949105118110236
0
LINE
8
BLACK
6
CONTINUOUS
10
-0.9617430708661417
20
0.9949105118110236
11
-0.9605696062992126
21
0.9931542913385827
0
LINE
8
BLACK
6
CONTINUOUS
10
-0.9605696062992126
20
0.9931542913385827
11
-0.9601575196850394
21
0.9910826771653543
0
LINE
8
BLACK
6
CONTINUOUS
10
-0.9601575196850394
20
0.9910826771653543
11
-0.9601575196850394
21
0.933996062992126
0
LINE
8
BLACK
6
CONTINUOUS
10
-0.9601575196850394
20
0.933996062992126
11
-0.9605696062992126
21
0.9319244488188976
0
LINE
8
BLACK
6
CONTINUOUS
10
-0.9605696062992126
20
0.9319244488188976
11
-0.9617430708661417
21
0.9301682283464566
0
LINE
8
BLACK
6
CONTINUOUS
10
-0.9617430708661417
20
0.9301682283464566
11
-0.9634992913385827
21
0.9289947637795275
0
LINE
8
BLACK
6
CONTINUOUS
10
-0.9634992913385827
20
0.9289947637795275
11
-0.965570905511811
21
0.9285826771653544
0
LINE
8
BLACK
6
CONTINUOUS
10
-0.965570905511811
20
0.9285826771653544
11
-0.9724606692913386
21
0.9285826771653544
0
LINE
8
BLACK
6
CONTINUOUS
10
-0.9724606692913386
20
0.9285826771653544
11
-0.9745322834645669
21
0.9289947637795275
0
LINE
8
BLACK
6
CONTINUOUS
10
-0.9745322834645669
20
0.9289947637795275
11
-0.9762885039370078
21
0.9301682283464566
0
LINE
8
BLACK
6
CONTINUOUS
10
-0.9762885039370078
20
0.9301682283464566
11
-0.977461968503937
21
0.9319244488188976
0
LINE
8
BLACK
6
CONTINUOUS
10
-0.977461968503937
20
0.9319244488188976
11
-0.9778740551181102
21
0.933996062992126
0
LINE
8
BLACK
6
CONTINUOUS
10
-0.9778740551181102
20
0.933996062992126
11
-0.9778740551181102
21
0.9910826771653543
0
LINE
8
BLACK
6
CONTINUOUS
10
-0.9778740551181102
20
0.9910826771653543
11
-0.977461968503937
21
0.9931542913385827
0
LINE
8
BLACK
6
CONTINUOUS
10
-0.977461968503937
20
0.9931542913385827
11
-0.9762885039370078
21
0.9949105118110236
0
LINE
8
BLACK
6
CONTINUOUS
10
-0.9762885039370078
20
0.9949105118110236
11
-0.9745322834645669
21
0.9960839763779528
0
LINE
8
BLACK
6
CONTINUOUS
10
-0.9745322834645669
20
0.9960839763779528
11
-0.9724606692913386
21
0.996496062992126
0
LINE
8
BLACK
6
CONTINUOUS
10
-0.9724606692913386
20
0.996496062992126
11
-0.965570905511811
21
0.996496062992126
0
LINE
8
BLACK
6
CONTINUOUS
10
-0.965570905511811
20
0.996496062992126
11
-0.9634992913385827
21
0.9960839763779528
0
LINE
8
BLACK
6
CONTINUOUS
10
-0.9438142913385826
20
0.9960839763779528
11
-0.9420580708661417
21
0.9949105118110236
0
LINE
8
BLACK
6
CONTINUOUS
10
-0.9420580708661417
20
0.9949105118110236
11
-0.9408846062992126
21
0.9931542913385827
0
LINE
8
BLACK
6
CONTINUOUS
10
-0.9408846062992126
20
0.9931542913385827
11
-0.9404725196850393
21
0.9910826771653543
0
LINE
8
BLACK
6
CONTINUOUS
10
-0.9404725196850393
20
0.9910826771653543
11
-0.9404725196850393
21
0.933996062992126
0
LINE
8
BLACK
6
CONTINUOUS
10
-0.9404725196850393
20
0.933996062992126
11
-0.9408846062992126
21
0.9319244488188976
0
LINE
8
BLACK
6
CONTINUOUS
10
-0.9408846062992126
20
0.9319244488188976
11
-0.9420580708661417
21
0.9301682283464566
0
LINE
8
BLACK
6
CONTINUOUS
10
-0.9420580708661417
20
0.9301682283464566
11
-0.9438142913385826
21
0.9289947637795275
0
LINE
8
BLACK
6
CONTINUOUS
10
-0.9438142913385826
20
0.9289947637795275
11
-0.945885905511811
21
0.9285826771653544
0
LINE
8
BLACK
6
CONTINUOUS
10
-0.945885905511811
20
0.9285826771653544
11
-0.9527756692913386
21
0.9285826771653544
0
LINE
8
BLACK
6
CONTINUOUS
10
-0.9527756692913386
20
0.9285826771653544
11
-0.9548472834645669
21
0.9289947637795275
0
LINE
8
BLACK
6
CONTINUOUS
10
-0.9548472834645669
20
0.9289947637795275
11
-0.9566035039370079
21
0.9301682283464566
0
LINE
8
BLACK
6
CONTINUOUS
10
-0.9566035039370079
20
0.9301682283464566
11
-0.957776968503937
21
0.9319244488188976
0
LINE
8
BLACK
6
CONTINUOUS
10
-0.957776968503937
20
0.9319244488188976
11
-0.9581890551181103
21
0.933996062992126
0
LINE
8
BLACK
6
CONTINUOUS
10
-0.9581890551181103
20
0.933996062992126
11
-0.9581890551181103
21
0.9910826771653543
0
LINE
8
BLACK
6
CONTINUOUS
10
-0.9581890551181103
20
0.9910826771653543
11
-0.957776968503937
21
0.9931542913385827
0
LINE
8
BLACK
6
CONTINUOUS
10
-0.957776968503937
20
0.9931542913385827
11
-0.9566035039370079
21
0.9949105118110236
0
LINE
8
BLACK
6
CONTINUOUS
10
-0.9566035039370079
20
0.9949105118110236
11
-0.9548472834645669
21
0.9960839763779528
0
LINE
8
BLACK
6
CONTINUOUS
10
-0.9548472834645669
20
0.9960839763779528
11
-0.9527756692913386
21
0.996496062992126
0
LINE
8
BLACK
6
CONTINUOUS
10
-0.9527756692913386
20
0.996496062992126
11
-0.945885905511811
21
0.996496062992126
0
LINE
8
BLACK
6
CONTINUOUS
10
-0.945885905511811
20
0.996496062992126
11
-0.9438142913385826
21
0.9960839763779528
0
LINE
8
BLACK
6
CONTINUOUS
10
-0.9241292519685039
20
0.9960839763779528
11
-0.922373031496063
21
0.9949105118110236
0
LINE
8
BLACK
6
CONTINUOUS
10
-0.922373031496063
20
0.9949105118110236
11
-0.9211995669291339
21
0.9931542913385827
0
LINE
8
BLACK
6
CONTINUOUS
10
-0.9211995669291339
20
0.9931542913385827
11
-0.9207874803149606
21
0.9910826771653543
0
LINE
8
BLACK
6
CONTINUOUS
10
-0.9207874803149606
20
0.9910826771653543
11
-0.9207874803149606
21
0.933996062992126
0
LINE
8
BLACK
6
CONTINUOUS
10
-0.9207874803149606
20
0.933996062992126
11
-0.9211995669291339
21
0.9319244488188976
0
LINE
8
BLACK
6
CONTINUOUS
10
-0.9211995669291339
20
0.9319244488188976
11
-0.922373031496063
21
0.9301682283464566
0
LINE
8
BLACK
6
CONTINUOUS
10
-0.922373031496063
20
0.9301682283464566
11
-0.9241292519685039
21
0.9289947637795275
0
LINE
8
BLACK
6
CONTINUOUS
10
-0.9241292519685039
20
0.9289947637795275
11
-0.9262008661417322
21
0.9285826771653544
0
LINE
8
BLACK
6
CONTINUOUS
10
-0.9262008661417322
20
0.9285826771653544
11
-0.9330906299212598
21
0.9285826771653544
0
LINE
8
BLACK
6
CONTINUOUS
10
-0.9330906299212598
20
0.9285826771653544
11
-0.9351622440944881
21
0.9289947637795275
0
LINE
8
BLACK
6
CONTINUOUS
10
-0.9351622440944881
20
0.9289947637795275
11
-0.9369184645669291
21
0.9301682283464566
0
LINE
8
BLACK
6
CONTINUOUS
10
-0.9369184645669291
20
0.9301682283464566
11
-0.9380919291338582
21
0.9319244488188976
0
LINE
8
BLACK
6
CONTINUOUS
10
-0.9380919291338582
20
0.9319244488188976
11
-0.9385040157480314
21
0.933996062992126
0
LINE
8
BLACK
6
CONTINUOUS
10
-0.9385040157480314
20
0.933996062992126
11
-0.9385040157480314
21
0.9910826771653543
0
LINE
8
BLACK
6
CONTINUOUS
10
-0.9385040157480314
20
0.9910826771653543
11
-0.9380919291338582
21
0.9931542913385827
0
LINE
8
BLACK
6
CONTINUOUS
10
-0.9380919291338582
20
0.9931542913385827
11
-0.9369184645669291
21
0.9949105118110236
0
LINE
8
BLACK
6
CONTINUOUS
10
-0.9369184645669291
20
0.9949105118110236
11
-0.9351622440944881
21
0.9960839763779528
0
LINE
8
BLACK
6
CONTINUOUS
10
-0.9351622440944881
20
0.9960839763779528
11
-0.9330906299212598
21
0.996496062992126
0
LINE
8
BLACK
6
CONTINUOUS
10
-0.9330906299212598
20
0.996496062992126
11
-0.9262008661417322
21
0.996496062992126
0
LINE
8
BLACK
6
CONTINUOUS
10
-0.9262008661417322
20
0.996496062992126
11
-0.9241292519685039
21
0.9960839763779528
0
LINE
8
BLACK
6
CONTINUOUS
10
-0.9044442125984252
20
0.9960839763779528
11
-0.9026879921259843
21
0.9949105118110236
0
LINE
8
BLACK
6
CONTINUOUS
10
-0.9026879921259843
20
0.9949105118110236
11
-0.9015145275590551
21
0.9931542913385827
0
LINE
8
BLACK
6
CONTINUOUS
10
-0.9015145275590551
20
0.9931542913385827
11
-0.9011024409448819
21
0.9910826771653543
0
LINE
8
BLACK
6
CONTINUOUS
10
-0.9011024409448819
20
0.9910826771653543
11
-0.9011024409448819
21
0.933996062992126
0
LINE
8
BLACK
6
CONTINUOUS
10
-0.9011024409448819
20
0.933996062992126
11
-0.9015145275590551
21
0.9319244488188976
0
LINE
8
BLACK
6
CONTINUOUS
10
-0.9015145275590551
20
0.9319244488188976
11
-0.9026879921259843
21
0.9301682283464566
0
LINE
8
BLACK
6
CONTINUOUS
10
-0.9026879921259843
20
0.9301682283464566
11
-0.9044442125984252
21
0.9289947637795275
0
LINE
8
BLACK
6
CONTINUOUS
10
-0.9044442125984252
20
0.9289947637795275
11
-0.9065158267716535
21
0.9285826771653544
0
LINE
8
BLACK
6
CONTINUOUS
10
-0.9065158267716535
20
0.9285826771653544
11
-0.9134055905511811
21
0.9285826771653544
0
LINE
8
BLACK
6
CONTINUOUS
10
-0.9134055905511811
20
0.9285826771653544
11
-0.9154772047244094
21
0.9289947637795275
0
LINE
8
BLACK
6
CONTINUOUS
10
-0.9154772047244094
20
0.9289947637795275
11
-0.9172334251968504
21
0.9301682283464566
0
LINE
8
BLACK
6
CONTINUOUS
10
-0.9172334251968504
20
0.9301682283464566
11
-0.9184068897637795
21
0.9319244488188976
0
LINE
8
BLACK
6
CONTINUOUS
10
-0.9184068897637795
20
0.9319244488188976
11
-0.9188189763779527
21
0.933996062992126
0
LINE
8
BLACK
6
CONTINUOUS
10
-0.9188189763779527
20
0.933996062992126
11
-0.9188189763779527
21
0.9910826771653543
0
LINE
8
BLACK
6
CONTINUOUS
10
-0.9188189763779527
20
0.9910826771653543
11
-0.9184068897637795
21
0.9931542913385827
0
LINE
8
BLACK
6
CONTINUOUS
10
-0.9184068897637795
20
0.9931542913385827
11
-0.9172334251968504
21
0.9949105118110236
0
LINE
8
BLACK
6
CONTINUOUS
10
-0.9172334251968504
20
0.9949105118110236
11
-0.9154772047244094
21
0.9960839763779528
0
LINE
8
BLACK
6
CONTINUOUS
10
-0.9154772047244094
20
0.9960839763779528
11
-0.9134055905511811
21
0.996496062992126
0
LINE
8
BLACK
6
CONTINUOUS
10
-0.9134055905511811
20
0.996496062992126
11
-0.9065158267716535
21
0.996496062992126
0
LINE
8
BLACK
6
CONTINUOUS
10
-0.9065158267716535
20
0.996496062992126
11
-0.9044442125984252
21
0.9960839763779528
0
LINE
8
BLACK
6
CONTINUOUS
10
-0.8847592125984252
20
0.9960839763779528
11
-0.8830029921259842
21
0.9949105118110236
0
LINE
8
BLACK
6
CONTINUOUS
10
-0.8830029921259842
20
0.9949105118110236
11
-0.8818295275590551
21
0.9931542913385827
0
LINE
8
BLACK
6
CONTINUOUS
10
-0.8818295275590551
20
0.9931542913385827
11
-0.8814174409448818
21
0.9910826771653543
0
LINE
8
BLACK
6
CONTINUOUS
10
-0.8814174409448818
20
0.9910826771653543
11
-0.8814174409448818
21
0.933996062992126
0
LINE
8
BLACK
6
CONTINUOUS
10
-0.8814174409448818
20
0.933996062992126
11
-0.8818295275590551
21
0.9319244488188976
0
LINE
8
BLACK
6
CONTINUOUS
10
-0.8818295275590551
20
0.9319244488188976
11
-0.8830029921259842
21
0.9301682283464566
0
LINE
8
BLACK
6
CONTINUOUS
10
-0.8830029921259842
20
0.9301682283464566
11
-0.8847592125984252
21
0.9289947637795275
0
LINE
8
BLACK
6
CONTINUOUS
10
-0.8847592125984252
20
0.9289947637795275
11
-0.8868308267716535
21
0.9285826771653544
0
LINE
8
BLACK
6
CONTINUOUS
10
-0.8868308267716535
20
0.9285826771653544
11
-0.893720590551181
21
0.9285826771653544
0
LINE
8
BLACK
6
CONTINUOUS
10
-0.893720590551181
20
0.9285826771653544
11
-0.8957922047244095
21
0.9289947637795275
0
LINE
8
BLACK
6
CONTINUOUS
10
-0.8957922047244095
20
0.9289947637795275
11
-0.8975484251968504
21
0.9301682283464566
0
LINE
8
BLACK
6
CONTINUOUS
10
-0.8975484251968504
20
0.9301682283464566
11
-0.8987218897637795
21
0.9319244488188976
0
LINE
8
BLACK
6
CONTINUOUS
10
-0.8987218897637795
20
0.9319244488188976
11
-0.8991339763779528
21
0.933996062992126
0
LINE
8
BLACK
6
CONTINUOUS
10
-0.8991339763779528
20
0.933996062992126
11
-0.8991339763779528
21
0.9910826771653543
0
LINE
8
BLACK
6
CONTINUOUS
10
-0.8991339763779528
20
0.9910826771653543
11
-0.8987218897637795
21
0.9931542913385827
0
LINE
8
BLACK
6
CONTINUOUS
10
-0.8987218897637795
20
0.9931542913385827
11
-0.8975484251968504
21
0.9949105118110236
0
LINE
8
BLACK
6
CONTINUOUS
10
-0.8975484251968504
20
0.9949105118110236
11
-0.8957922047244095
21
0.9960839763779528
0
LINE
8
BLACK
6
CONTINUOUS
10
-0.8957922047244095
20
0.9960839763779528
11
-0.893720590551181
21
0.996496062992126
0
LINE
8
BLACK
6
CONTINUOUS
10
-0.893720590551181
20
0.996496062992126
11
-0.8868308267716535
21
0.996496062992126
0
LINE
8
BLACK
6
CONTINUOUS
10
-0.8868308267716535
20
0.996496062992126
11
-0.8847592125984252
21
0.9960839763779528
0
LINE
8
BLACK
6
CONTINUOUS
10
-1.463813622047244
20
1.0844958267716536
11
-1.4631749999999999
21
1.084069094488189
0
LINE
8
BLACK
6
CONTINUOUS
10
-1.4631749999999999
20
1.084069094488189
11
-1.4627482677165353
21
1.0834304724409449
0
LINE
8
BLACK
6
CONTINUOUS
10
-1.4627482677165353
20
1.0834304724409449
11
-1.4625984251968505
21
1.0826771653543308
0
LINE
8
BLACK
6
CONTINUOUS
10
-1.4625984251968505
20
1.0826771653543308
11
-1.4625984251968505
21
0.9330708661417323
0
LINE
8
BLACK
6
CONTINUOUS
10
-1.4625984251968505
20
0.9330708661417323
11
-1.4627482677165353
21
0.932317559055118
0
LINE
8
BLACK
6
CONTINUOUS
10
-1.4627482677165353
20
0.932317559055118
11
-1.4631749999999999
21
0.931678937007874
0
LINE
8
BLACK
6
CONTINUOUS
10
-1.4631749999999999
20
0.931678937007874
11
-1.463813622047244
21
0.9312522047244094
0
LINE
8
BLACK
6
CONTINUOUS
10
-1.463813622047244
20
0.9312522047244094
11
-1.4645669291338583
21
0.9311023622047244
0
LINE
8
BLACK
6
CONTINUOUS
10
-1.4645669291338583
20
0.9311023622047244
11
-1.5039370078740157
21
0.9311023622047244
0
LINE
8
BLACK
6
CONTINUOUS
10
-1.5039370078740157
20
0.9311023622047244
11
-1.5046903149606299
21
0.9312522047244094
0
LINE
8
BLACK
6
CONTINUOUS
10
-1.5046903149606299
20
0.9312522047244094
11
-1.505328937007874
21
0.931678937007874
0
LINE
8
BLACK
6
CONTINUOUS
10
-1.505328937007874
20
0.931678937007874
11
-1.5057556692913385
21
0.932317559055118
0
LINE
8
BLACK
6
CONTINUOUS
10
-1.5057556692913385
20
0.932317559055118
11
-1.5059055118110236
21
0.9330708661417323
0
LINE
8
BLACK
6
CONTINUOUS
10
-1.5059055118110236
20
0.9330708661417323
11
-1.5059055118110236
21
1.0826771653543308
0
LINE
8
BLACK
6
CONTINUOUS
10
-1.5059055118110236
20
1.0826771653543308
11
-1.5057556692913385
21
1.0834304724409449
0
LINE
8
BLACK
6
CONTINUOUS
10
-1.5057556692913385
20
1.0834304724409449
11
-1.505328937007874
21
1.084069094488189
0
LINE
8
BLACK
6
CONTINUOUS
10
-1.505328937007874
20
1.084069094488189
11
-1.5046903149606299
21
1.0844958267716536
0
LINE
8
BLACK
6
CONTINUOUS
10
-1.5046903149606299
20
1.0844958267716536
11
-1.5039370078740157
21
1.0846456692913387
0
LINE
8
BLACK
6
CONTINUOUS
10
-1.5039370078740157
20
1.0846456692913387
11
-1.4645669291338583
21
1.0846456692913387
0
LINE
8
BLACK
6
CONTINUOUS
10
-1.4645669291338583
20
1.0846456692913387
11
-1.463813622047244
21
1.0844958267716536
0
LINE
8
BLACK
6
CONTINUOUS
10
-0.2118451181102362
20
1.0844958267716536
11
-0.2112064960629921
21
1.084069094488189
0
LINE
8
BLACK
6
CONTINUOUS
10
-0.2112064960629921
20
1.084069094488189
11
-0.2107797637795276
21
1.0834304724409449
0
LINE
8
BLACK
6
CONTINUOUS
10
-0.2107797637795276
20
1.0834304724409449
11
-0.2106299212598425
21
1.0826771653543308
0
LINE
8
BLACK
6
CONTINUOUS
10
-0.2106299212598425
20
1.0826771653543308
11
-0.2106299212598425
21
0.9330708661417323
0
LINE
8
BLACK
6
CONTINUOUS
10
-0.2106299212598425
20
0.9330708661417323
11
-0.2107797637795276
21
0.932317559055118
0
LINE
8
BLACK
6
CONTINUOUS
10
-0.2107797637795276
20
0.932317559055118
11
-0.2112064960629921
21
0.931678937007874
0
LINE
8
BLACK
6
CONTINUOUS
10
-0.2112064960629921
20
0.931678937007874
11
-0.2118451181102362
21
0.9312522047244094
0
LINE
8
BLACK
6
CONTINUOUS
10
-0.2118451181102362
20
0.9312522047244094
11
-0.2125984251968504
21
0.9311023622047244
0
LINE
8
BLACK
6
CONTINUOUS
10
-0.2125984251968504
20
0.9311023622047244
11
-0.2519685039370079
21
0.9311023622047244
0
LINE
8
BLACK
6
CONTINUOUS
10
-0.2519685039370079
20
0.9311023622047244
11
-0.2527218110236221
21
0.9312522047244094
0
LINE
8
BLACK
6
CONTINUOUS
10
-0.2527218110236221
20
0.9312522047244094
11
-0.2533604330708661
21
0.931678937007874
0
LINE
8
BLACK
6
CONTINUOUS
10
-0.2533604330708661
20
0.931678937007874
11
-0.2537871653543307
21
0.932317559055118
0
LINE
8
BLACK
6
CONTINUOUS
10
-0.2537871653543307
20
0.932317559055118
11
-0.2539370078740157
21
0.9330708661417323
0
LINE
8
BLACK
6
CONTINUOUS
10
-0.2539370078740157
20
0.9330708661417323
11
-0.2539370078740157
21
1.0826771653543308
0
LINE
8
BLACK
6
CONTINUOUS
10
-0.2539370078740157
20
1.0826771653543308
11
-0.2537871653543307
21
1.0834304724409449
0
LINE
8
BLACK
6
CONTINUOUS
10
-0.2537871653543307
20
1.0834304724409449
11
-0.2533604330708661
21
1.084069094488189
0
LINE
8
BLACK
6
CONTINUOUS
10
-0.2533604330708661
20
1.084069094488189
11
-0.2527218110236221
21
1.0844958267716536
0
LINE
8
BLACK
6
CONTINUOUS
10
-0.2527218110236221
20
1.0844958267716536
11
-0.2519685039370079
21
1.0846456692913387
0
LINE
8
BLACK
6
CONTINUOUS
10
-0.2519685039370079
20
1.0846456692913387
11
-0.2125984251968504
21
1.0846456692913387
0
LINE
8
BLACK
6
CONTINUOUS
10
-0.2125984251968504
20
1.0846456692913387
11
-0.2118451181102362
21
1.0844958267716536
0
LINE
8
BLACK
6
CONTINUOUS
10
-1.0222407874015749
20
0.9836468897637795
11
-1.0182700787401575
21
0.9818936614173228
0
LINE
8
BLACK
6
CONTINUOUS
10
-1.0182700787401575
20
0.9818936614173228
11
-1.0152008661417322
21
0.9788244488188976
0
LINE
8
BLACK
6
CONTINUOUS
10
-1.0152008661417322
20
0.9788244488188976
11
-1.0134476377952755
21
0.9748537401574803
0
LINE
8
BLACK
6
CONTINUOUS
10
-1.0134476377952755
20
0.9748537401574803
11
-1.0131338976377953
21
0.9721496062992125
0
LINE
8
BLACK
6
CONTINUOUS
10
-1.0131338976377953
20
0.9721496062992125
11
-1.0131338976377953
21
0.9524645669291338
0
LINE
8
BLACK
6
CONTINUOUS
10
-1.0131338976377953
20
0.9524645669291338
11
-1.0134476377952755
21
0.9497604330708661
0
LINE
8
BLACK
6
CONTINUOUS
10
-1.0134476377952755
20
0.9497604330708661
11
-1.0152008661417322
21
0.9457897244094488
0
LINE
8
BLACK
6
CONTINUOUS
10
-1.0152008661417322
20
0.9457897244094488
11
-1.0182700787401575
21
0.9427205118110236
0
LINE
8
BLACK
6
CONTINUOUS
10
-1.0182700787401575
20
0.9427205118110236
11
-1.0222407874015749
21
0.9409672834645669
0
LINE
8
BLACK
6
CONTINUOUS
10
-1.0222407874015749
20
0.9409672834645669
11
-1.0249449212598425
21
0.9406535433070866
0
LINE
8
BLACK
6
CONTINUOUS
10
-1.0249449212598425
20
0.9406535433070866
11
-1.062346496062992
21
0.9406535433070866
0
LINE
8
BLACK
6
CONTINUOUS
10
-1.062346496062992
20
0.9406535433070866
11
-1.0650506299212599
21
0.9409672834645669
0
LINE
8
BLACK
6
CONTINUOUS
10
-1.0650506299212599
20
0.9409672834645669
11
-1.0690213385826772
21
0.9427205118110236
0
LINE
8
BLACK
6
CONTINUOUS
10
-1.0690213385826772
20
0.9427205118110236
11
-1.0720905511811023
21
0.9457897244094488
0
LINE
8
BLACK
6
CONTINUOUS
10
-1.0720905511811023
20
0.9457897244094488
11
-1.0738437795275591
21
0.9497604330708661
0
LINE
8
BLACK
6
CONTINUOUS
10
-1.0738437795275591
20
0.9497604330708661
11
-1.0741575196850393
21
0.9524645669291338
0
LINE
8
BLACK
6
CONTINUOUS
10
-1.0741575196850393
20
0.9524645669291338
11
-1.0741575196850393
21
0.9721496062992125
0
LINE
8
BLACK
6
CONTINUOUS
10
-1.0741575196850393
20
0.9721496062992125
11
-1.0738437795275591
21
0.9748537401574803
0
LINE
8
BLACK
6
CONTINUOUS
10
-1.0738437795275591
20
0.9748537401574803
11
-1.0720905511811023
21
0.9788244488188976
0
LINE
8
BLACK
6
CONTINUOUS
10
-1.0720905511811023
20
0.9788244488188976
11
-1.0690213385826772
21
0.9818936614173228
0
LINE
8
BLACK
6
CONTINUOUS
10
-1.0690213385826772
20
0.9818936614173228
11
-1.0650506299212599
21
0.9836468897637795
0
LINE
8
BLACK
6
CONTINUOUS
10
-1.0650506299212599
20
0.9836468897637795
11
-1.062346496062992
21
0.9839606299212598
0
LINE
8
BLACK
6
CONTINUOUS
10
-1.062346496062992
20
0.9839606299212598
11
-1.0249449212598425
21
0.9839606299212598
0
LINE
8
BLACK
6
CONTINUOUS
10
-1.0249449212598425
20
0.9839606299212598
11
-1.0222407874015749
21
0.9836468897637795
0
LINE
8
BLACK
6
CONTINUOUS
10
-0.688240748031496
20
1.0454539763779527
11
-0.6842700393700787
21
1.0437007480314959
0
LINE
8
BLACK
6
CONTINUOUS
10
-0.6842700393700787
20
1.0437007480314959
11
-0.6812008267716535
21
1.0406315354330709
0
LINE
8
BLACK
6
CONTINUOUS
10
-0.6812008267716535
20
1.0406315354330709
11
-0.6794475984251969
21
1.0366608267716535
0
LINE
8
BLACK
6
CONTINUOUS
10
-0.6794475984251969
20
1.0366608267716535
11
-0.6791338582677166
21
1.0339566929133859
0
LINE
8
BLACK
6
CONTINUOUS
10
-0.6791338582677166
20
1.0339566929133859
11
-0.6791338582677166
21
1.0132874015748032
0
LINE
8
BLACK
6
CONTINUOUS
10
-0.6791338582677166
20
1.0132874015748032
11
-0.6794475984251969
21
1.0105832677165354
0
LINE
8
BLACK
6
CONTINUOUS
10
-0.6794475984251969
20
1.0105832677165354
11
-0.6812008267716535
21
1.006612559055118
0
LINE
8
BLACK
6
CONTINUOUS
10
-0.6812008267716535
20
1.006612559055118
11
-0.6842700393700787
21
1.003543346456693
0
LINE
8
BLACK
6
CONTINUOUS
10
-0.6842700393700787
20
1.003543346456693
11
-0.688240748031496
21
1.0017901181102362
0
LINE
8
BLACK
6
CONTINUOUS
10
-0.688240748031496
20
1.0017901181102362
11
-0.6909448818897638
21
1.0014763779527558
0
LINE
8
BLACK
6
CONTINUOUS
10
-0.6909448818897638
20
1.0014763779527558
11
-0.7263779527559054
21
1.0014763779527558
0
LINE
8
BLACK
6
CONTINUOUS
10
-0.7263779527559054
20
1.0014763779527558
11
-0.7290820866141732
21
1.0017901181102362
0
LINE
8
BLACK
6
CONTINUOUS
10
-0.7290820866141732
20
1.0017901181102362
11
-0.7330527952755905
21
1.003543346456693
0
LINE
8
BLACK
6
CONTINUOUS
10
-0.7330527952755905
20
1.003543346456693
11
-0.7361220078740157
21
1.006612559055118
0
LINE
8
BLACK
6
CONTINUOUS
10
-0.7361220078740157
20
1.006612559055118
11
-0.7378752362204725
21
1.0105832677165354
0
LINE
8
BLACK
6
CONTINUOUS
10
-0.7378752362204725
20
1.0105832677165354
11
-0.7381889763779528
21
1.0132874015748032
0
LINE
8
BLACK
6
CONTINUOUS
10
-0.7381889763779528
20
1.0132874015748032
11
-0.7381889763779528
21
1.0339566929133859
0
LINE
8
BLACK
6
CONTINUOUS
10
-0.7381889763779528
20
1.0339566929133859
11
-0.7378752362204725
21
1.0366608267716535
0
LINE
8
BLACK
6
CONTINUOUS
10
-0.7378752362204725
20
1.0366608267716535
11
-0.7361220078740157
21
1.0406315354330709
0
LINE
8
BLACK
6
CONTINUOUS
10
-0.7361220078740157
20
1.0406315354330709
11
-0.7330527952755905
21
1.0437007480314959
0
LINE
8
BLACK
6
CONTINUOUS
10
-0.7330527952755905
20
1.0437007480314959
11
-0.7290820866141732
21
1.0454539763779527
0
LINE
8
BLACK
6
CONTINUOUS
10
-0.7290820866141732
20
1.0454539763779527
11
-0.7263779527559054
21
1.0457677165354331
0
LINE
8
BLACK
6
CONTINUOUS
10
-0.7263779527559054
20
1.0457677165354331
11
-0.6909448818897638
21
1.0457677165354331
0
LINE
8
BLACK
6
CONTINUOUS
10
-0.6909448818897638
20
1.0457677165354331
11
-0.688240748031496
21
1.0454539763779527
0
LINE
8
BLACK
6
CONTINUOUS
10
-1.0222407874015749
20
1.0584500393700786
11
-1.0182700787401575
21
1.0566968110236221
0
LINE
8
BLACK
6
CONTINUOUS
10
-1.0182700787401575
20
1.0566968110236221
11
-1.0152008661417322
21
1.0536275984251968
0
LINE
8
BLACK
6
CONTINUOUS
10
-1.0152008661417322
20
1.0536275984251968
11
-1.0134476377952755
21
1.0496568897637795
0
LINE
8
BLACK
6
CONTINUOUS
10
-1.0134476377952755
20
1.0496568897637795
11
-1.0131338976377953
21
1.0469527559055118
0
LINE
8
BLACK
6
CONTINUOUS
10
-1.0131338976377953
20
1.0469527559055118
11
-1.0131338976377953
21
1.0272677165354331
0
LINE
8
BLACK
6
CONTINUOUS
10
-1.0131338976377953
20
1.0272677165354331
11
-1.0134476377952755
21
1.0245635826771653
0
LINE
8
BLACK
6
CONTINUOUS
10
-1.0134476377952755
20
1.0245635826771653
11
-1.0152008661417322
21
1.0205928740157479
0
LINE
8
BLACK
6
CONTINUOUS
10
-1.0152008661417322
20
1.0205928740157479
11
-1.0182700787401575
21
1.0175236614173229
0
LINE
8
BLACK
6
CONTINUOUS
10
-1.0182700787401575
20
1.0175236614173229
11
-1.0222407874015749
21
1.0157704330708661
0
LINE
8
BLACK
6
CONTINUOUS
10
-1.0222407874015749
20
1.0157704330708661
11
-1.0249449212598425
21
1.0154566929133857
0
LINE
8
BLACK
6
CONTINUOUS
10
-1.0249449212598425
20
1.0154566929133857
11
-1.062346496062992
21
1.0154566929133857
0
LINE
8
BLACK
6
CONTINUOUS
10
-1.062346496062992
20
1.0154566929133857
11
-1.0650506299212599
21
1.0157704330708661
0
LINE
8
BLACK
6
CONTINUOUS
10
-1.0650506299212599
20
1.0157704330708661
11
-1.0690213385826772
21
1.0175236614173229
0
LINE
8
BLACK
6
CONTINUOUS
10
-1.0690213385826772
20
1.0175236614173229
11
-1.0720905511811023
21
1.0205928740157479
0
LINE
8
BLACK
6
CONTINUOUS
10
-1.0720905511811023
20
1.0205928740157479
11
-1.0738437795275591
21
1.0245635826771653
0
LINE
8
BLACK
6
CONTINUOUS
10
-1.0738437795275591
20
1.0245635826771653
11
-1.0741575196850393
21
1.0272677165354331
0
LINE
8
BLACK
6
CONTINUOUS
10
-1.0741575196850393
20
1.0272677165354331
11
-1.0741575196850393
21
1.0469527559055118
0
LINE
8
BLACK
6
CONTINUOUS
10
-1.0741575196850393
20
1.0469527559055118
11
-1.0738437795275591
21
1.0496568897637795
0
LINE
8
BLACK
6
CONTINUOUS
10
-1.0738437795275591
20
1.0496568897637795
11
-1.0720905511811023
21
1.0536275984251968
0
LINE
8
BLACK
6
CONTINUOUS
10
-1.0720905511811023
20
1.0536275984251968
11
-1.0690213385826772
21
1.0566968110236221
0
LINE
8
BLACK
6
CONTINUOUS
10
-1.0690213385826772
20
1.0566968110236221
11
-1.0650506299212599
21
1.0584500393700786
0
LINE
8
BLACK
6
CONTINUOUS
10
-1.0650506299212599
20
1.0584500393700786
11
-1.062346496062992
21
1.0587637795275591
0
LINE
8
BLACK
6
CONTINUOUS
10
-1.062346496062992
20
1.0587637795275591
11
-1.0249449212598425
21
1.0587637795275591
0
LINE
8
BLACK
6
CONTINUOUS
10
-1.0249449212598425
20
1.0587637795275591
11
-1.0222407874015749
21
1.0584500393700786
0
LINE
8
BLACK
6
CONTINUOUS
10
-0.688240748031496
20
1.1173043700787402
11
-0.6842700393700787
21
1.1155511417322834
0
LINE
8
BLACK
6
CONTINUOUS
10
-0.6842700393700787
20
1.1155511417322834
11
-0.6812008267716535
21
1.1124819291338583
0
LINE
8
BLACK
6
CONTINUOUS
10
-0.6812008267716535
20
1.1124819291338583
11
-0.6794475984251969
21
1.108511220472441
0
LINE
8
BLACK
6
CONTINUOUS
10
-0.6794475984251969
20
1.108511220472441
11
-0.6791338582677166
21
1.1058070866141732
0
LINE
8
BLACK
6
CONTINUOUS
10
-0.6791338582677166
20
1.1058070866141732
11
-0.6791338582677166
21
1.0851377952755905
0
LINE
8
BLACK
6
CONTINUOUS
10
-0.6791338582677166
20
1.0851377952755905
11
-0.6794475984251969
21
1.0824336614173229
0
LINE
8
BLACK
6
CONTINUOUS
10
-0.6794475984251969
20
1.0824336614173229
11
-0.6812008267716535
21
1.0784629527559055
0
LINE
8
BLACK
6
CONTINUOUS
10
-0.6812008267716535
20
1.0784629527559055
11
-0.6842700393700787
21
1.0753937401574802
0
LINE
8
BLACK
6
CONTINUOUS
10
-0.6842700393700787
20
1.0753937401574802
11
-0.688240748031496
21
1.0736405118110235
0
LINE
8
BLACK
6
CONTINUOUS
10
-0.688240748031496
20
1.0736405118110235
11
-0.6909448818897638
21
1.0733267716535433
0
LINE
8
BLACK
6
CONTINUOUS
10
-0.6909448818897638
20
1.0733267716535433
11
-0.7263779527559054
21
1.0733267716535433
0
LINE
8
BLACK
6
CONTINUOUS
10
-0.7263779527559054
20
1.0733267716535433
11
-0.7290820866141732
21
1.0736405118110235
0
LINE
8
BLACK
6
CONTINUOUS
10
-0.7290820866141732
20
1.0736405118110235
11
-0.7330527952755905
21
1.0753937401574802
0
LINE
8
BLACK
6
CONTINUOUS
10
-0.7330527952755905
20
1.0753937401574802
11
-0.7361220078740157
21
1.0784629527559055
0
LINE
8
BLACK
6
CONTINUOUS
10
-0.7361220078740157
20
1.0784629527559055
11
-0.7378752362204725
21
1.0824336614173229
0
LINE
8
BLACK
6
CONTINUOUS
10
-0.7378752362204725
20
1.0824336614173229
11
-0.7381889763779528
21
1.0851377952755905
0
LINE
8
BLACK
6
CONTINUOUS
10
-0.7381889763779528
20
1.0851377952755905
11
-0.7381889763779528
21
1.1058070866141732
0
LINE
8
BLACK
6
CONTINUOUS
10
-0.7381889763779528
20
1.1058070866141732
11
-0.7378752362204725
21
1.108511220472441
0
LINE
8
BLACK
6
CONTINUOUS
10
-0.7378752362204725
20
1.108511220472441
11
-0.7361220078740157
21
1.1124819291338583
0
LINE
8
BLACK
6
CONTINUOUS
10
-0.7361220078740157
20
1.1124819291338583
11
-0.7330527952755905
21
1.1155511417322834
0
LINE
8
BLACK
6
CONTINUOUS
10
-0.7330527952755905
20
1.1155511417322834
11
-0.7290820866141732
21
1.1173043700787402
0
LINE
8
BLACK
6
CONTINUOUS
10
-0.7290820866141732
20
1.1173043700787402
11
-0.7263779527559054
21
1.1176181102362204
0
LINE
8
BLACK
6
CONTINUOUS
10
-0.7263779527559054
20
1.1176181102362204
11
-0.6909448818897638
21
1.1176181102362204
0
LINE
8
BLACK
6
CONTINUOUS
10
-0.6909448818897638
20
1.1176181102362204
11
-0.688240748031496
21
1.1173043700787402
0
LINE
8
BLACK
6
CONTINUOUS
10
-0.9634992913385827
20
1.162422559055118
11
-0.9617430708661417
21
1.161249094488189
0
LINE
8
BLACK
6
CONTINUOUS
10
-0.9617430708661417
20
1.161249094488189
11
-0.9605696062992126
21
1.159492874015748
0
LINE
8
BLACK
6
CONTINUOUS
10
-0.9605696062992126
20
1.159492874015748
11
-0.9601575196850394
21
1.1574212598425198
0
LINE
8
BLACK
6
CONTINUOUS
10
-0.9601575196850394
20
1.1574212598425198
11
-0.9601575196850394
21
1.1003346456692913
0
LINE
8
BLACK
6
CONTINUOUS
10
-0.9601575196850394
20
1.1003346456692913
11
-0.9605696062992126
21
1.0982630314960629
0
LINE
8
BLACK
6
CONTINUOUS
10
-0.9605696062992126
20
1.0982630314960629
11
-0.9617430708661417
21
1.096506811023622
0
LINE
8
BLACK
6
CONTINUOUS
10
-0.9617430708661417
20
1.096506811023622
11
-0.9634992913385827
21
1.0953333464566928
0
LINE
8
BLACK
6
CONTINUOUS
10
-0.9634992913385827
20
1.0953333464566928
11
-0.965570905511811
21
1.0949212598425198
0
LINE
8
BLACK
6
CONTINUOUS
10
-0.965570905511811
20
1.0949212598425198
11
-0.9724606692913386
21
1.0949212598425198
0
LINE
8
BLACK
6
CONTINUOUS
10
-0.9724606692913386
20
1.0949212598425198
11
-0.9745322834645669
21
1.0953333464566928
0
LINE
8
BLACK
6
CONTINUOUS
10
-0.9745322834645669
20
1.0953333464566928
11
-0.9762885039370078
21
1.096506811023622
0
LINE
8
BLACK
6
CONTINUOUS
10
-0.9762885039370078
20
1.096506811023622
11
-0.977461968503937
21
1.0982630314960629
0
LINE
8
BLACK
6
CONTINUOUS
10
-0.977461968503937
20
1.0982630314960629
11
-0.9778740551181102
21
1.1003346456692913
0
LINE
8
BLACK
6
CONTINUOUS
10
-0.9778740551181102
20
1.1003346456692913
11
-0.9778740551181102
21
1.1574212598425198
0
LINE
8
BLACK
6
CONTINUOUS
10
-0.9778740551181102
20
1.1574212598425198
11
-0.977461968503937
21
1.159492874015748
0
LINE
8
BLACK
6
CONTINUOUS
10
-0.977461968503937
20
1.159492874015748
11
-0.9762885039370078
21
1.161249094488189
0
LINE
8
BLACK
6
CONTINUOUS
10
-0.9762885039370078
20
1.161249094488189
11
-0.9745322834645669
21
1.162422559055118
0
LINE
8
BLACK
6
CONTINUOUS
10
-0.9745322834645669
20
1.162422559055118
11
-0.9724606692913386
21
1.1628346456692913
0
LINE
8
BLACK
6
CONTINUOUS
10
-0.9724606692913386
20
1.1628346456692913
11
-0.965570905511811
21
1.1628346456692913
0
LINE
8
BLACK
6
CONTINUOUS
10
-0.965570905511811
20
1.1628346456692913
11
-0.9634992913385827
21
1.162422559055118
0
LINE
8
BLACK
6
CONTINUOUS
10
-0.9438142913385826
20
1.162422559055118
11
-0.9420580708661417
21
1.161249094488189
0
LINE
8
BLACK
6
CONTINUOUS
10
-0.9420580708661417
20
1.161249094488189
11
-0.9408846062992126
21
1.159492874015748
0
LINE
8
BLACK
6
CONTINUOUS
10
-0.9408846062992126
20
1.159492874015748
11
-0.9404725196850393
21
1.1574212598425198
0
LINE
8
BLACK
6
CONTINUOUS
10
-0.9404725196850393
20
1.1574212598425198
11
-0.9404725196850393
21
1.1003346456692913
0
LINE
8
BLACK
6
CONTINUOUS
10
-0.9404725196850393
20
1.1003346456692913
11
-0.9408846062992126
21
1.0982630314960629
0
LINE
8
BLACK
6
CONTINUOUS
10
-0.9408846062992126
20
1.0982630314960629
11
-0.9420580708661417
21
1.096506811023622
0
LINE
8
BLACK
6
CONTINUOUS
10
-0.9420580708661417
20
1.096506811023622
11
-0.9438142913385826
21
1.0953333464566928
0
LINE
8
BLACK
6
CONTINUOUS
10
-0.9438142913385826
20
1.0953333464566928
11
-0.945885905511811
21
1.0949212598425198
0
LINE
8
BLACK
6
CONTINUOUS
10
-0.945885905511811
20
1.0949212598425198
11
-0.9527756692913386
21
1.0949212598425198
0
LINE
8
BLACK
6
CONTINUOUS
10
-0.9527756692913386
20
1.0949212598425198
11
-0.9548472834645669
21
1.0953333464566928
0
LINE
8
BLACK
6
CONTINUOUS
10
-0.9548472834645669
20
1.0953333464566928
11
-0.9566035039370079
21
1.096506811023622
0
LINE
8
BLACK
6
CONTINUOUS
10
-0.9566035039370079
20
1.096506811023622
11
-0.957776968503937
21
1.0982630314960629
0
LINE
8
BLACK
6
CONTINUOUS
10
-0.957776968503937
20
1.0982630314960629
11
-0.9581890551181103
21
1.1003346456692913
0
LINE
8
BLACK
6
CONTINUOUS
10
-0.9581890551181103
20
1.1003346456692913
11
-0.9581890551181103
21
1.1574212598425198
0
LINE
8
BLACK
6
CONTINUOUS
10
-0.9581890551181103
20
1.1574212598425198
11
-0.957776968503937
21
1.159492874015748
0
LINE
8
BLACK
6
CONTINUOUS
10
-0.957776968503937
20
1.159492874015748
11
-0.9566035039370079
21
1.161249094488189
0
LINE
8
BLACK
6
CONTINUOUS
10
-0.9566035039370079
20
1.161249094488189
11
-0.9548472834645669
21
1.162422559055118
0
LINE
8
BLACK
6
CONTINUOUS
10
-0.9548472834645669
20
1.162422559055118
11
-0.9527756692913386
21
1.1628346456692913
0
LINE
8
BLACK
6
CONTINUOUS
10
-0.9527756692913386
20
1.1628346456692913
11
-0.945885905511811
21
1.1628346456692913
0
LINE
8
BLACK
6
CONTINUOUS
10
-0.945885905511811
20
1.1628346456692913
11
-0.9438142913385826
21
1.162422559055118
0
LINE
8
BLACK
6
CONTINUOUS
10
-0.9241292519685039
20
1.162422559055118
11
-0.922373031496063
21
1.161249094488189
0
LINE
8
BLACK
6
CONTINUOUS
10
-0.922373031496063
20
1.161249094488189
11
-0.9211995669291339
21
1.159492874015748
0
LINE
8
BLACK
6
CONTINUOUS
10
-0.9211995669291339
20
1.159492874015748
11
-0.9207874803149606
21
1.1574212598425198
0
LINE
8
BLACK
6
CONTINUOUS
10
-0.9207874803149606
20
1.1574212598425198
11
-0.9207874803149606
21
1.1003346456692913
0
LINE
8
BLACK
6
CONTINUOUS
10
-0.9207874803149606
20
1.1003346456692913
11
-0.9211995669291339
21
1.0982630314960629
0
LINE
8
BLACK
6
CONTINUOUS
10
-0.9211995669291339
20
1.0982630314960629
11
-0.922373031496063
21
1.096506811023622
0
LINE
8
BLACK
6
CONTINUOUS
10
-0.922373031496063
20
1.096506811023622
11
-0.9241292519685039
21
1.0953333464566928
0
LINE
8
BLACK
6
CONTINUOUS
10
-0.9241292519685039
20
1.0953333464566928
11
-0.9262008661417322
21
1.0949212598425198
0
LINE
8
BLACK
6
CONTINUOUS
10
-0.9262008661417322
20
1.0949212598425198
11
-0.9330906299212598
21
1.0949212598425198
0
LINE
8
BLACK
6
CONTINUOUS
10
-0.9330906299212598
20
1.0949212598425198
11
-0.9351622440944881
21
1.0953333464566928
0
LINE
8
BLACK
6
CONTINUOUS
10
-0.9351622440944881
20
1.0953333464566928
11
-0.9369184645669291
21
1.096506811023622
0
LINE
8
BLACK
6
CONTINUOUS
10
-0.9369184645669291
20
1.096506811023622
11
-0.9380919291338582
21
1.0982630314960629
0
LINE
8
BLACK
6
CONTINUOUS
10
-0.9380919291338582
20
1.0982630314960629
11
-0.9385040157480314
21
1.1003346456692913
0
LINE
8
BLACK
6
CONTINUOUS
10
-0.9385040157480314
20
1.1003346456692913
11
-0.9385040157480314
21
1.1574212598425198
0
LINE
8
BLACK
6
CONTINUOUS
10
-0.9385040157480314
20
1.1574212598425198
11
-0.9380919291338582
21
1.159492874015748
0
LINE
8
BLACK
6
CONTINUOUS
10
-0.9380919291338582
20
1.159492874015748
11
-0.9369184645669291
21
1.161249094488189
0
LINE
8
BLACK
6
CONTINUOUS
10
-0.9369184645669291
20
1.161249094488189
11
-0.9351622440944881
21
1.162422559055118
0
LINE
8
BLACK
6
CONTINUOUS
10
-0.9351622440944881
20
1.162422559055118
11
-0.9330906299212598
21
1.1628346456692913
0
LINE
8
BLACK
6
CONTINUOUS
10
-0.9330906299212598
20
1.1628346456692913
11
-0.9262008661417322
21
1.1628346456692913
0
LINE
8
BLACK
6
CONTINUOUS
10
-0.9262008661417322
20
1.1628346456692913
11
-0.9241292519685039
21
1.162422559055118
0
LINE
8
BLACK
6
CONTINUOUS
10
-0.9044442125984252
20
1.162422559055118
11
-0.9026879921259843
21
1.161249094488189
0
LINE
8
BLACK
6
CONTINUOUS
10
-0.9026879921259843
20
1.161249094488189
11
-0.9015145275590551
21
1.159492874015748
0
LINE
8
BLACK
6
CONTINUOUS
10
-0.9015145275590551
20
1.159492874015748
11
-0.9011024409448819
21
1.1574212598425198
0
LINE
8
BLACK
6
CONTINUOUS
10
-0.9011024409448819
20
1.1574212598425198
11
-0.9011024409448819
21
1.1003346456692913
0
LINE
8
BLACK
6
CONTINUOUS
10
-0.9011024409448819
20
1.1003346456692913
11
-0.9015145275590551
21
1.0982630314960629
0
LINE
8
BLACK
6
CONTINUOUS
10
-0.9015145275590551
20
1.0982630314960629
11
-0.9026879921259843
21
1.096506811023622
0
LINE
8
BLACK
6
CONTINUOUS
10
-0.9026879921259843
20
1.096506811023622
11
-0.9044442125984252
21
1.0953333464566928
0
LINE
8
BLACK
6
CONTINUOUS
10
-0.9044442125984252
20
1.0953333464566928
11
-0.9065158267716535
21
1.0949212598425198
0
LINE
8
BLACK
6
CONTINUOUS
10
-0.9065158267716535
20
1.0949212598425198
11
-0.9134055905511811
21
1.0949212598425198
0
LINE
8
BLACK
6
CONTINUOUS
10
-0.9134055905511811
20
1.0949212598425198
11
-0.9154772047244094
21
1.0953333464566928
0
LINE
8
BLACK
6
CONTINUOUS
10
-0.9154772047244094
20
1.0953333464566928
11
-0.9172334251968504
21
1.096506811023622
0
LINE
8
BLACK
6
CONTINUOUS
10
-0.9172334251968504
20
1.096506811023622
11
-0.9184068897637795
21
1.0982630314960629
0
LINE
8
BLACK
6
CONTINUOUS
10
-0.9184068897637795
20
1.0982630314960629
11
-0.9188189763779527
21
1.1003346456692913
0
LINE
8
BLACK
6
CONTINUOUS
10
-0.9188189763779527
20
1.1003346456692913
11
-0.9188189763779527
21
1.1574212598425198
0
LINE
8
BLACK
6
CONTINUOUS
10
-0.9188189763779527
20
1.1574212598425198
11
-0.9184068897637795
21
1.159492874015748
0
LINE
8
BLACK
6
CONTINUOUS
10
-0.9184068897637795
20
1.159492874015748
11
-0.9172334251968504
21
1.161249094488189
0
LINE
8
BLACK
6
CONTINUOUS
10
-0.9172334251968504
20
1.161249094488189
11
-0.9154772047244094
21
1.162422559055118
0
LINE
8
BLACK
6
CONTINUOUS
10
-0.9154772047244094
20
1.162422559055118
11
-0.9134055905511811
21
1.1628346456692913
0
LINE
8
BLACK
6
CONTINUOUS
10
-0.9134055905511811
20
1.1628346456692913
11
-0.9065158267716535
21
1.1628346456692913
0
LINE
8
BLACK
6
CONTINUOUS
10
-0.9065158267716535
20
1.1628346456692913
11
-0.9044442125984252
21
1.162422559055118
0
LINE
8
BLACK
6
CONTINUOUS
10
-0.8847592125984252
20
1.162422559055118
11
-0.8830029921259842
21
1.161249094488189
0
LINE
8
BLACK
6
CONTINUOUS
10
-0.8830029921259842
20
1.161249094488189
11
-0.8818295275590551
21
1.159492874015748
0
LINE
8
BLACK
6
CONTINUOUS
10
-0.8818295275590551
20
1.159492874015748
11
-0.8814174409448818
21
1.1574212598425198
0
LINE
8
BLACK
6
CONTINUOUS
10
-0.8814174409448818
20
1.1574212598425198
11
-0.8814174409448818
21
1.1003346456692913
0
LINE
8
BLACK
6
CONTINUOUS
10
-0.8814174409448818
20
1.1003346456692913
11
-0.8818295275590551
21
1.0982630314960629
0
LINE
8
BLACK
6
CONTINUOUS
10
-0.8818295275590551
20
1.0982630314960629
11
-0.8830029921259842
21
1.096506811023622
0
LINE
8
BLACK
6
CONTINUOUS
10
-0.8830029921259842
20
1.096506811023622
11
-0.8847592125984252
21
1.0953333464566928
0
LINE
8
BLACK
6
CONTINUOUS
10
-0.8847592125984252
20
1.0953333464566928
11
-0.8868308267716535
21
1.0949212598425198
0
LINE
8
BLACK
6
CONTINUOUS
10
-0.8868308267716535
20
1.0949212598425198
11
-0.893720590551181
21
1.0949212598425198
0
LINE
8
BLACK
6
CONTINUOUS
10
-0.893720590551181
20
1.0949212598425198
11
-0.8957922047244095
21
1.0953333464566928
0
LINE
8
BLACK
6
CONTINUOUS
10
-0.8957922047244095
20
1.0953333464566928
11
-0.8975484251968504
21
1.096506811023622
0
LINE
8
BLACK
6
CONTINUOUS
10
-0.8975484251968504
20
1.096506811023622
11
-0.8987218897637795
21
1.0982630314960629
0
LINE
8
BLACK
6
CONTINUOUS
10
-0.8987218897637795
20
1.0982630314960629
11
-0.8991339763779528
21
1.1003346456692913
0
LINE
8
BLACK
6
CONTINUOUS
10
-0.8991339763779528
20
1.1003346456692913
11
-0.8991339763779528
21
1.1574212598425198
0
LINE
8
BLACK
6
CONTINUOUS
10
-0.8991339763779528
20
1.1574212598425198
11
-0.8987218897637795
21
1.159492874015748
0
LINE
8
BLACK
6
CONTINUOUS
10
-0.8987218897637795
20
1.159492874015748
11
-0.8975484251968504
21
1.161249094488189
0
LINE
8
BLACK
6
CONTINUOUS
10
-0.8975484251968504
20
1.161249094488189
11
-0.8957922047244095
21
1.162422559055118
0
LINE
8
BLACK
6
CONTINUOUS
10
-0.8957922047244095
20
1.162422559055118
11
-0.893720590551181
21
1.1628346456692913
0
LINE
8
BLACK
6
CONTINUOUS
10
-0.893720590551181
20
1.1628346456692913
11
-0.8868308267716535
21
1.1628346456692913
0
LINE
8
BLACK
6
CONTINUOUS
10
-0.8868308267716535
20
1.1628346456692913
11
-0.8847592125984252
21
1.162422559055118
0
LINE
8
BLACK
6
CONTINUOUS
10
-0.688240748031496
20
1.1793122440944881
11
-0.6842700393700787
21
1.1775590157480316
0
LINE
8
BLACK
6
CONTINUOUS
10
-0.6842700393700787
20
1.1775590157480316
11
-0.6812008267716535
21
1.1744898031496063
0
LINE
8
BLACK
6
CONTINUOUS
10
-0.6812008267716535
20
1.1744898031496063
11
-0.6794475984251969
21
1.1705190944881889
0
LINE
8
BLACK
6
CONTINUOUS
10
-0.6794475984251969
20
1.1705190944881889
11
-0.6791338582677166
21
1.1678149606299213
0
LINE
8
BLACK
6
CONTINUOUS
10
-0.6791338582677166
20
1.1678149606299213
11
-0.6791338582677166
21
1.1471456692913387
0
LINE
8
BLACK
6
CONTINUOUS
10
-0.6791338582677166
20
1.1471456692913387
11
-0.6794475984251969
21
1.1444415354330708
0
LINE
8
BLACK
6
CONTINUOUS
10
-0.6794475984251969
20
1.1444415354330708
11
-0.6812008267716535
21
1.1404708267716535
0
LINE
8
BLACK
6
CONTINUOUS
10
-0.6812008267716535
20
1.1404708267716535
11
-0.6842700393700787
21
1.1374016141732284
0
LINE
8
BLACK
6
CONTINUOUS
10
-0.6842700393700787
20
1.1374016141732284
11
-0.688240748031496
21
1.1356483858267716
0
LINE
8
BLACK
6
CONTINUOUS
10
-0.688240748031496
20
1.1356483858267716
11
-0.6909448818897638
21
1.1353346456692912
0
LINE
8
BLACK
6
CONTINUOUS
10
-0.6909448818897638
20
1.1353346456692912
11
-0.7263779527559054
21
1.1353346456692912
0
LINE
8
BLACK
6
CONTINUOUS
10
-0.7263779527559054
20
1.1353346456692912
11
-0.7290820866141732
21
1.1356483858267716
0
LINE
8
BLACK
6
CONTINUOUS
10
-0.7290820866141732
20
1.1356483858267716
11
-0.7330527952755905
21
1.1374016141732284
0
LINE
8
BLACK
6
CONTINUOUS
10
-0.7330527952755905
20
1.1374016141732284
11
-0.7361220078740157
21
1.1404708267716535
0
LINE
8
BLACK
6
CONTINUOUS
10
-0.7361220078740157
20
1.1404708267716535
11
-0.7378752362204725
21
1.1444415354330708
0
LINE
8
BLACK
6
CONTINUOUS
10
-0.7378752362204725
20
1.1444415354330708
11
-0.7381889763779528
21
1.1471456692913387
0
LINE
8
BLACK
6
CONTINUOUS
10
-0.7381889763779528
20
1.1471456692913387
11
-0.7381889763779528
21
1.1678149606299213
0
LINE
8
BLACK
6
CONTINUOUS
10
-0.7381889763779528
20
1.1678149606299213
11
-0.7378752362204725
21
1.1705190944881889
0
LINE
8
BLACK
6
CONTINUOUS
10
-0.7378752362204725
20
1.1705190944881889
11
-0.7361220078740157
21
1.1744898031496063
0
LINE
8
BLACK
6
CONTINUOUS
10
-0.7361220078740157
20
1.1744898031496063
11
-0.7330527952755905
21
1.1775590157480316
0
LINE
8
BLACK
6
CONTINUOUS
10
-0.7330527952755905
20
1.1775590157480316
11
-0.7290820866141732
21
1.1793122440944881
0
LINE
8
BLACK
6
CONTINUOUS
10
-0.7290820866141732
20
1.1793122440944881
11
-0.7263779527559054
21
1.1796259842519685
0
LINE
8
BLACK
6
CONTINUOUS
10
-0.7263779527559054
20
1.1796259842519685
11
-0.6909448818897638
21
1.1796259842519685
0
LINE
8
BLACK
6
CONTINUOUS
10
-0.6909448818897638
20
1.1796259842519685
11
-0.688240748031496
21
1.1793122440944881
0
LINE
8
BLACK
6
CONTINUOUS
10
-1.463813622047244
20
1.3207162992125985
11
-1.4631749999999999
21
1.3202895669291339
0
LINE
8
BLACK
6
CONTINUOUS
10
-1.4631749999999999
20
1.3202895669291339
11
-1.4627482677165353
21
1.3196509448818898
0
LINE
8
BLACK
6
CONTINUOUS
10
-1.4627482677165353
20
1.3196509448818898
11
-1.4625984251968505
21
1.3188976377952755
0
LINE
8
BLACK
6
CONTINUOUS
10
-1.4625984251968505
20
1.3188976377952755
11
-1.4625984251968505
21
1.1692913385826771
0
LINE
8
BLACK
6
CONTINUOUS
10
-1.4625984251968505
20
1.1692913385826771
11
-1.4627482677165353
21
1.1685380314960629
0
LINE
8
BLACK
6
CONTINUOUS
10
-1.4627482677165353
20
1.1685380314960629
11
-1.4631749999999999
21
1.1678994094488189
0
LINE
8
BLACK
6
CONTINUOUS
10
-1.4631749999999999
20
1.1678994094488189
11
-1.463813622047244
21
1.1674726771653543
0
LINE
8
BLACK
6
CONTINUOUS
10
-1.463813622047244
20
1.1674726771653543
11
-1.4645669291338583
21
1.1673228346456692
0
LINE
8
BLACK
6
CONTINUOUS
10
-1.4645669291338583
20
1.1673228346456692
11
-1.5039370078740157
21
1.1673228346456692
0
LINE
8
BLACK
6
CONTINUOUS
10
-1.5039370078740157
20
1.1673228346456692
11
-1.5046903149606299
21
1.1674726771653543
0
LINE
8
BLACK
6
CONTINUOUS
10
-1.5046903149606299
20
1.1674726771653543
11
-1.505328937007874
21
1.1678994094488189
0
LINE
8
BLACK
6
CONTINUOUS
10
-1.505328937007874
20
1.1678994094488189
11
-1.5057556692913385
21
1.1685380314960629
0
LINE
8
BLACK
6
CONTINUOUS
10
-1.5057556692913385
20
1.1685380314960629
11
-1.5059055118110236
21
1.1692913385826771
0
LINE
8
BLACK
6
CONTINUOUS
10
-1.5059055118110236
20
1.1692913385826771
11
-1.5059055118110236
21
1.3188976377952755
0
LINE
8
BLACK
6
CONTINUOUS
10
-1.5059055118110236
20
1.3188976377952755
11
-1.5057556692913385
21
1.3196509448818898
0
LINE
8
BLACK
6
CONTINUOUS
10
-1.5057556692913385
20
1.3196509448818898
11
-1.505328937007874
21
1.3202895669291339
0
LINE
8
BLACK
6
CONTINUOUS
10
-1.505328937007874
20
1.3202895669291339
11
-1.5046903149606299
21
1.3207162992125985
0
LINE
8
BLACK
6
CONTINUOUS
10
-1.5046903149606299
20
1.3207162992125985
11
-1.5039370078740157
21
1.3208661417322833
0
LINE
8
BLACK
6
CONTINUOUS
10
-1.5039370078740157
20
1.3208661417322833
11
-1.4645669291338583
21
1.3208661417322833
0
LINE
8
BLACK
6
CONTINUOUS
10
-1.4645669291338583
20
1.3208661417322833
11
-1.463813622047244
21
1.3207162992125985
0
LINE
8
BLACK
6
CONTINUOUS
10
-0.2118451181102362
20
1.3207162992125985
11
-0.2112064960629921
21
1.3202895669291339
0
LINE
8
BLACK
6
CONTINUOUS
10
-0.2112064960629921
20
1.3202895669291339
11
-0.2107797637795276
21
1.3196509448818898
0
LINE
8
BLACK
6
CONTINUOUS
10
-0.2107797637795276
20
1.3196509448818898
11
-0.2106299212598425
21
1.3188976377952755
0
LINE
8
BLACK
6
CONTINUOUS
10
-0.2106299212598425
20
1.3188976377952755
11
-0.2106299212598425
21
1.1692913385826771
0
LINE
8
BLACK
6
CONTINUOUS
10
-0.2106299212598425
20
1.1692913385826771
11
-0.2107797637795276
21
1.1685380314960629
0
LINE
8
BLACK
6
CONTINUOUS
10
-0.2107797637795276
20
1.1685380314960629
11
-0.2112064960629921
21
1.1678994094488189
0
LINE
8
BLACK
6
CONTINUOUS
10
-0.2112064960629921
20
1.1678994094488189
11
-0.2118451181102362
21
1.1674726771653543
0
LINE
8
BLACK
6
CONTINUOUS
10
-0.2118451181102362
20
1.1674726771653543
11
-0.2125984251968504
21
1.1673228346456692
0
LINE
8
BLACK
6
CONTINUOUS
10
-0.2125984251968504
20
1.1673228346456692
11
-0.2519685039370079
21
1.1673228346456692
0
LINE
8
BLACK
6
CONTINUOUS
10
-0.2519685039370079
20
1.1673228346456692
11
-0.2527218110236221
21
1.1674726771653543
0
LINE
8
BLACK
6
CONTINUOUS
10
-0.2527218110236221
20
1.1674726771653543
11
-0.2533604330708661
21
1.1678994094488189
0
LINE
8
BLACK
6
CONTINUOUS
10
-0.2533604330708661
20
1.1678994094488189
11
-0.2537871653543307
21
1.1685380314960629
0
LINE
8
BLACK
6
CONTINUOUS
10
-0.2537871653543307
20
1.1685380314960629
11
-0.2539370078740157
21
1.1692913385826771
0
LINE
8
BLACK
6
CONTINUOUS
10
-0.2539370078740157
20
1.1692913385826771
11
-0.2539370078740157
21
1.3188976377952755
0
LINE
8
BLACK
6
CONTINUOUS
10
-0.2539370078740157
20
1.3188976377952755
11
-0.2537871653543307
21
1.3196509448818898
0
LINE
8
BLACK
6
CONTINUOUS
10
-0.2537871653543307
20
1.3196509448818898
11
-0.2533604330708661
21
1.3202895669291339
0
LINE
8
BLACK
6
CONTINUOUS
10
-0.2533604330708661
20
1.3202895669291339
11
-0.2527218110236221
21
1.3207162992125985
0
LINE
8
BLACK
6
CONTINUOUS
10
-0.2527218110236221
20
1.3207162992125985
11
-0.2519685039370079
21
1.3208661417322833
0
LINE
8
BLACK
6
CONTINUOUS
10
-0.2519685039370079
20
1.3208661417322833
11
-0.2125984251968504
21
1.3208661417322833
0
LINE
8
BLACK
6
CONTINUOUS
10
-0.2125984251968504
20
1.3208661417322833
11
-0.2118451181102362
21
1.3207162992125985
0
LINE
8
BLACK
6
CONTINUOUS
10
-0.9345005905511811
20
1.2659067716535433
11
-0.9305298818897637
21
1.2641535433070865
0
LINE
8
BLACK
6
CONTINUOUS
10
-0.9305298818897637
20
1.2641535433070865
11
-0.9274606692913385
21
1.2610843307086614
0
LINE
8
BLACK
6
CONTINUOUS
10
-0.9274606692913385
20
1.2610843307086614
11
-0.9257074409448819
21
1.2571136220472441
0
LINE
8
BLACK
6
CONTINUOUS
10
-0.9257074409448819
20
1.2571136220472441
11
-0.9253937007874016
21
1.2544094881889762
0
LINE
8
BLACK
6
CONTINUOUS
10
-0.9253937007874016
20
1.2544094881889762
11
-0.9253937007874016
21
1.2170079133858267
0
LINE
8
BLACK
6
CONTINUOUS
10
-0.9253937007874016
20
1.2170079133858267
11
-0.9257074409448819
21
1.2143037795275591
0
LINE
8
BLACK
6
CONTINUOUS
10
-0.9257074409448819
20
1.2143037795275591
11
-0.9274606692913385
21
1.2103330708661417
0
LINE
8
BLACK
6
CONTINUOUS
10
-0.9274606692913385
20
1.2103330708661417
11
-0.9305298818897637
21
1.2072638582677164
0
LINE
8
BLACK
6
CONTINUOUS
10
-0.9305298818897637
20
1.2072638582677164
11
-0.9345005905511811
21
1.2055106299212599
0
LINE
8
BLACK
6
CONTINUOUS
10
-0.9345005905511811
20
1.2055106299212599
11
-0.9372047244094488
21
1.2051968897637795
0
LINE
8
BLACK
6
CONTINUOUS
10
-0.9372047244094488
20
1.2051968897637795
11
-0.9568897637795275
21
1.2051968897637795
0
LINE
8
BLACK
6
CONTINUOUS
10
-0.9568897637795275
20
1.2051968897637795
11
-0.9595938976377952
21
1.2055106299212599
0
LINE
8
BLACK
6
CONTINUOUS
10
-0.9595938976377952
20
1.2055106299212599
11
-0.9635646062992126
21
1.2072638582677164
0
LINE
8
BLACK
6
CONTINUOUS
10
-0.9635646062992126
20
1.2072638582677164
11
-0.9666338188976378
21
1.2103330708661417
0
LINE
8
BLACK
6
CONTINUOUS
10
-0.9666338188976378
20
1.2103330708661417
11
-0.9683870472440944
21
1.2143037795275591
0
LINE
8
BLACK
6
CONTINUOUS
10
-0.9683870472440944
20
1.2143037795275591
11
-0.9687007874015748
21
1.2170079133858267
0
LINE
8
BLACK
6
CONTINUOUS
10
-0.9687007874015748
20
1.2170079133858267
11
-0.9687007874015748
21
1.2544094881889762
0
LINE
8
BLACK
6
CONTINUOUS
10
-0.9687007874015748
20
1.2544094881889762
11
-0.9683870472440944
21
1.2571136220472441
0
LINE
8
BLACK
6
CONTINUOUS
10
-0.9683870472440944
20
1.2571136220472441
11
-0.9666338188976378
21
1.2610843307086614
0
LINE
8
BLACK
6
CONTINUOUS
10
-0.9666338188976378
20
1.2610843307086614
11
-0.9635646062992126
21
1.2641535433070865
0
LINE
8
BLACK
6
CONTINUOUS
10
-0.9635646062992126
20
1.2641535433070865
11
-0.9595938976377952
21
1.2659067716535433
0
LINE
8
BLACK
6
CONTINUOUS
10
-0.9595938976377952
20
1.2659067716535433
11
-0.9568897637795275
21
1.2662205118110237
0
LINE
8
BLACK
6
CONTINUOUS
10
-0.9568897637795275
20
1.2662205118110237
11
-0.9372047244094488
21
1.2662205118110237
0
LINE
8
BLACK
6
CONTINUOUS
10
-0.9372047244094488
20
1.2662205118110237
11
-0.9345005905511811
21
1.2659067716535433
0
LINE
8
BLACK
6
CONTINUOUS
10
-0.8596974409448819
20
1.2659067716535433
11
-0.8557267322834645
21
1.2641535433070865
0
LINE
8
BLACK
6
CONTINUOUS
10
-0.8557267322834645
20
1.2641535433070865
11
-0.8526575196850393
21
1.2610843307086614
0
LINE
8
BLACK
6
CONTINUOUS
10
-0.8526575196850393
20
1.2610843307086614
11
-0.8509042913385827
21
1.2571136220472441
0
LINE
8
BLACK
6
CONTINUOUS
10
-0.8509042913385827
20
1.2571136220472441
11
-0.8505905511811024
21
1.2544094881889762
0
LINE
8
BLACK
6
CONTINUOUS
10
-0.8505905511811024
20
1.2544094881889762
11
-0.8505905511811024
21
1.2170079133858267
0
LINE
8
BLACK
6
CONTINUOUS
10
-0.8505905511811024
20
1.2170079133858267
11
-0.8509042913385827
21
1.2143037795275591
0
LINE
8
BLACK
6
CONTINUOUS
10
-0.8509042913385827
20
1.2143037795275591
11
-0.8526575196850393
21
1.2103330708661417
0
LINE
8
BLACK
6
CONTINUOUS
10
-0.8526575196850393
20
1.2103330708661417
11
-0.8557267322834645
21
1.2072638582677164
0
LINE
8
BLACK
6
CONTINUOUS
10
-0.8557267322834645
20
1.2072638582677164
11
-0.8596974409448819
21
1.2055106299212599
0
LINE
8
BLACK
6
CONTINUOUS
10
-0.8596974409448819
20
1.2055106299212599
11
-0.8624015748031496
21
1.2051968897637795
0
LINE
8
BLACK
6
CONTINUOUS
10
-0.8624015748031496
20
1.2051968897637795
11
-0.8820866141732283
21
1.2051968897637795
0
LINE
8
BLACK
6
CONTINUOUS
10
-0.8820866141732283
20
1.2051968897637795
11
-0.884790748031496
21
1.2055106299212599
0
LINE
8
BLACK
6
CONTINUOUS
10
-0.884790748031496
20
1.2055106299212599
11
-0.8887614566929134
21
1.2072638582677164
0
LINE
8
BLACK
6
CONTINUOUS
10
-0.8887614566929134
20
1.2072638582677164
11
-0.8918306692913386
21
1.2103330708661417
0
LINE
8
BLACK
6
CONTINUOUS
10
-0.8918306692913386
20
1.2103330708661417
11
-0.8935838976377952
21
1.2143037795275591
0
LINE
8
BLACK
6
CONTINUOUS
10
-0.8935838976377952
20
1.2143037795275591
11
-0.8938976377952755
21
1.2170079133858267
0
LINE
8
BLACK
6
CONTINUOUS
10
-0.8938976377952755
20
1.2170079133858267
11
-0.8938976377952755
21
1.2544094881889762
0
LINE
8
BLACK
6
CONTINUOUS
10
-0.8938976377952755
20
1.2544094881889762
11
-0.8935838976377952
21
1.2571136220472441
0
LINE
8
BLACK
6
CONTINUOUS
10
-0.8935838976377952
20
1.2571136220472441
11
-0.8918306692913386
21
1.2610843307086614
0
LINE
8
BLACK
6
CONTINUOUS
10
-0.8918306692913386
20
1.2610843307086614
11
-0.8887614566929134
21
1.2641535433070865
0
LINE
8
BLACK
6
CONTINUOUS
10
-0.8887614566929134
20
1.2641535433070865
11
-0.884790748031496
21
1.2659067716535433
0
LINE
8
BLACK
6
CONTINUOUS
10
-0.884790748031496
20
1.2659067716535433
11
-0.8820866141732283
21
1.2662205118110237
0
LINE
8
BLACK
6
CONTINUOUS
10
-0.8820866141732283
20
1.2662205118110237
11
-0.8624015748031496
21
1.2662205118110237
0
LINE
8
BLACK
6
CONTINUOUS
10
-0.8624015748031496
20
1.2662205118110237
11
-0.8596974409448819
21
1.2659067716535433
0
LINE
8
BLACK
6
CONTINUOUS
10
-0.688240748031496
20
1.2511626377952756
11
-0.6842700393700787
21
1.2494094094488188
0
LINE
8
BLACK
6
CONTINUOUS
10
-0.6842700393700787
20
1.2494094094488188
11
-0.6812008267716535
21
1.2463401968503938
0
LINE
8
BLACK
6
CONTINUOUS
10
-0.6812008267716535
20
1.2463401968503938
11
-0.6794475984251969
21
1.2423694881889764
0
LINE
8
BLACK
6
CONTINUOUS
10
-0.6794475984251969
20
1.2423694881889764
11
-0.6791338582677166
21
1.2396653543307086
0
LINE
8
BLACK
6
CONTINUOUS
10
-0.6791338582677166
20
1.2396653543307086
11
-0.6791338582677166
21
1.2189960629921259
0
LINE
8
BLACK
6
CONTINUOUS
10
-0.6791338582677166
20
1.2189960629921259
11
-0.6794475984251969
21
1.2162919291338583
0
LINE
8
BLACK
6
CONTINUOUS
10
-0.6794475984251969
20
1.2162919291338583
11
-0.6812008267716535
21
1.212321220472441
0
LINE
8
BLACK
6
CONTINUOUS
10
-0.6812008267716535
20
1.212321220472441
11
-0.6842700393700787
21
1.2092520078740157
0
LINE
8
BLACK
6
CONTINUOUS
10
-0.6842700393700787
20
1.2092520078740157
11
-0.688240748031496
21
1.2074987795275591
0
LINE
8
BLACK
6
CONTINUOUS
10
-0.688240748031496
20
1.2074987795275591
11
-0.6909448818897638
21
1.2071850393700787
0
LINE
8
BLACK
6
CONTINUOUS
10
-0.6909448818897638
20
1.2071850393700787
11
-0.7263779527559054
21
1.2071850393700787
0
LINE
8
BLACK
6
CONTINUOUS
10
-0.7263779527559054
20
1.2071850393700787
11
-0.7290820866141732
21
1.2074987795275591
0
LINE
8
BLACK
6
CONTINUOUS
10
-0.7290820866141732
20
1.2074987795275591
11
-0.7330527952755905
21
1.2092520078740157
0
LINE
8
BLACK
6
CONTINUOUS
10
-0.7330527952755905
20
1.2092520078740157
11
-0.7361220078740157
21
1.212321220472441
0
LINE
8
BLACK
6
CONTINUOUS
10
-0.7361220078740157
20
1.212321220472441
11
-0.7378752362204725
21
1.2162919291338583
0
LINE
8
BLACK
6
CONTINUOUS
10
-0.7378752362204725
20
1.2162919291338583
11
-0.7381889763779528
21
1.2189960629921259
0
LINE
8
BLACK
6
CONTINUOUS
10
-0.7381889763779528
20
1.2189960629921259
11
-0.7381889763779528
21
1.2396653543307086
0
LINE
8
BLACK
6
CONTINUOUS
10
-0.7381889763779528
20
1.2396653543307086
11
-0.7378752362204725
21
1.2423694881889764
0
LINE
8
BLACK
6
CONTINUOUS
10
-0.7378752362204725
20
1.2423694881889764
11
-0.7361220078740157
21
1.2463401968503938
0
LINE
8
BLACK
6
CONTINUOUS
10
-0.7361220078740157
20
1.2463401968503938
11
-0.7330527952755905
21
1.2494094094488188
0
LINE
8
BLACK
6
CONTINUOUS
10
-0.7330527952755905
20
1.2494094094488188
11
-0.7290820866141732
21
1.2511626377952756
0
LINE
8
BLACK
6
CONTINUOUS
10
-0.7290820866141732
20
1.2511626377952756
11
-0.7263779527559054
21
1.2514763779527558
0
LINE
8
BLACK
6
CONTINUOUS
10
-0.7263779527559054
20
1.2514763779527558
11
-0.6909448818897638
21
1.2514763779527558
0
LINE
8
BLACK
6
CONTINUOUS
10
-0.6909448818897638
20
1.2514763779527558
11
-0.688240748031496
21
1.2511626377952756
0
LINE
8
BLACK
6
CONTINUOUS
10
-0.7647032677165354
20
1.3527470866141731
11
-0.762148779527559
21
1.3510401968503936
0
LINE
8
BLACK
6
CONTINUOUS
10
-0.762148779527559
20
1.3510401968503936
11
-0.7604418897637795
21
1.3484857086614173
0
LINE
8
BLACK
6
CONTINUOUS
10
-0.7604418897637795
20
1.3484857086614173
11
-0.7598425196850394
21
1.3454724409448819
0
LINE
8
BLACK
6
CONTINUOUS
10
-0.7598425196850394
20
1.3454724409448819
11
-0.7598425196850394
21
1.3051181102362204
0
LINE
8
BLACK
6
CONTINUOUS
10
-0.7598425196850394
20
1.3051181102362204
11
-0.7604418897637795
21
1.3021048425196851
0
LINE
8
BLACK
6
CONTINUOUS
10
-0.7604418897637795
20
1.3021048425196851
11
-0.762148779527559
21
1.2995503543307085
0
LINE
8
BLACK
6
CONTINUOUS
10
-0.762148779527559
20
1.2995503543307085
11
-0.7647032677165354
21
1.297843464566929
0
LINE
8
BLACK
6
CONTINUOUS
10
-0.7647032677165354
20
1.297843464566929
11
-0.7677165354330708
21
1.2972440944881889
0
LINE
8
BLACK
6
CONTINUOUS
10
-0.7677165354330708
20
1.2972440944881889
11
-0.7795275590551181
21
1.2972440944881889
0
LINE
8
BLACK
6
CONTINUOUS
10
-0.7795275590551181
20
1.2972440944881889
11
-0.7825408267716535
21
1.297843464566929
0
LINE
8
BLACK
6
CONTINUOUS
10
-0.7825408267716535
20
1.297843464566929
11
-0.7850953149606299
21
1.2995503543307085
0
LINE
8
BLACK
6
CONTINUOUS
10
-0.7850953149606299
20
1.2995503543307085
11
-0.7868022047244094
21
1.3021048425196851
0
LINE
8
BLACK
6
CONTINUOUS
10
-0.7868022047244094
20
1.3021048425196851
11
-0.7874015748031495
21
1.3051181102362204
0
LINE
8
BLACK
6
CONTINUOUS
10
-0.7874015748031495
20
1.3051181102362204
11
-0.7874015748031495
21
1.3454724409448819
0
LINE
8
BLACK
6
CONTINUOUS
10
-0.7874015748031495
20
1.3454724409448819
11
-0.7868022047244094
21
1.3484857086614173
0
LINE
8
BLACK
6
CONTINUOUS
10
-0.7868022047244094
20
1.3484857086614173
11
-0.7850953149606299
21
1.3510401968503936
0
LINE
8
BLACK
6
CONTINUOUS
10
-0.7850953149606299
20
1.3510401968503936
11
-0.7825408267716535
21
1.3527470866141731
0
LINE
8
BLACK
6
CONTINUOUS
10
-0.7825408267716535
20
1.3527470866141731
11
-0.7795275590551181
21
1.3533464566929134
0
LINE
8
BLACK
6
CONTINUOUS
10
-0.7795275590551181
20
1.3533464566929134
11
-0.7677165354330708
21
1.3533464566929134
0
LINE
8
BLACK
6
CONTINUOUS
10
-0.7677165354330708
20
1.3533464566929134
11
-0.7647032677165354
21
1.3527470866141731
0
LINE
8
BLACK
6
CONTINUOUS
10
-0.7273016929133858
20
1.3527470866141731
11
-0.7247472047244095
21
1.3510401968503936
0
LINE
8
BLACK
6
CONTINUOUS
10
-0.7247472047244095
20
1.3510401968503936
11
-0.7230403149606299
21
1.3484857086614173
0
LINE
8
BLACK
6
CONTINUOUS
10
-0.7230403149606299
20
1.3484857086614173
11
-0.7224409448818897
21
1.3454724409448819
0
LINE
8
BLACK
6
CONTINUOUS
10
-0.7224409448818897
20
1.3454724409448819
11
-0.7224409448818897
21
1.3051181102362204
0
LINE
8
BLACK
6
CONTINUOUS
10
-0.7224409448818897
20
1.3051181102362204
11
-0.7230403149606299
21
1.3021048425196851
0
LINE
8
BLACK
6
CONTINUOUS
10
-0.7230403149606299
20
1.3021048425196851
11
-0.7247472047244095
21
1.2995503543307085
0
LINE
8
BLACK
6
CONTINUOUS
10
-0.7247472047244095
20
1.2995503543307085
11
-0.7273016929133858
21
1.297843464566929
0
LINE
8
BLACK
6
CONTINUOUS
10
-0.7273016929133858
20
1.297843464566929
11
-0.7303149606299213
21
1.2972440944881889
0
LINE
8
BLACK
6
CONTINUOUS
10
-0.7303149606299213
20
1.2972440944881889
11
-0.7421259842519685
21
1.2972440944881889
0
LINE
8
BLACK
6
CONTINUOUS
10
-0.7421259842519685
20
1.2972440944881889
11
-0.7451392519685039
21
1.297843464566929
0
LINE
8
BLACK
6
CONTINUOUS
10
-0.7451392519685039
20
1.297843464566929
11
-0.7476937401574802
21
1.2995503543307085
0
LINE
8
BLACK
6
CONTINUOUS
10
-0.7476937401574802
20
1.2995503543307085
11
-0.7494006299212598
21
1.3021048425196851
0
LINE
8
BLACK
6
CONTINUOUS
10
-0.7494006299212598
20
1.3021048425196851
11
-0.75
21
1.3051181102362204
0
LINE
8
BLACK
6
CONTINUOUS
10
-0.75
20
1.3051181102362204
11
-0.75
21
1.3454724409448819
0
LINE
8
BLACK
6
CONTINUOUS
10
-0.75
20
1.3454724409448819
11
-0.7494006299212598
21
1.3484857086614173
0
LINE
8
BLACK
6
CONTINUOUS
10
-0.7494006299212598
20
1.3484857086614173
11
-0.7476937401574802
21
1.3510401968503936
0
LINE
8
BLACK
6
CONTINUOUS
10
-0.7476937401574802
20
1.3510401968503936
11
-0.7451392519685039
21
1.3527470866141731
0
LINE
8
BLACK
6
CONTINUOUS
10
-0.7451392519685039
20
1.3527470866141731
11
-0.7421259842519685
21
1.3533464566929134
0
LINE
8
BLACK
6
CONTINUOUS
10
-0.7421259842519685
20
1.3533464566929134
11
-0.7303149606299213
21
1.3533464566929134
0
LINE
8
BLACK
6
CONTINUOUS
10
-0.7303149606299213
20
1.3533464566929134
11
-0.7273016929133858
21
1.3527470866141731
0
LINE
8
BLACK
6
CONTINUOUS
10
-0.6899001181102362
20
1.3527470866141731
11
-0.6873456299212598
21
1.3510401968503936
0
LINE
8
BLACK
6
CONTINUOUS
10
-0.6873456299212598
20
1.3510401968503936
11
-0.6856387401574803
21
1.3484857086614173
0
LINE
8
BLACK
6
CONTINUOUS
10
-0.6856387401574803
20
1.3484857086614173
11
-0.6850393700787402
21
1.3454724409448819
0
LINE
8
BLACK
6
CONTINUOUS
10
-0.6850393700787402
20
1.3454724409448819
11
-0.6850393700787402
21
1.3051181102362204
0
LINE
8
BLACK
6
CONTINUOUS
10
-0.6850393700787402
20
1.3051181102362204
11
-0.6856387401574803
21
1.3021048425196851
0
LINE
8
BLACK
6
CONTINUOUS
10
-0.6856387401574803
20
1.3021048425196851
11
-0.6873456299212598
21
1.2995503543307085
0
LINE
8
BLACK
6
CONTINUOUS
10
-0.6873456299212598
20
1.2995503543307085
11
-0.6899001181102362
21
1.297843464566929
0
LINE
8
BLACK
6
CONTINUOUS
10
-0.6899001181102362
20
1.297843464566929
11
-0.6929133858267716
21
1.2972440944881889
0
LINE
8
BLACK
6
CONTINUOUS
10
-0.6929133858267716
20
1.2972440944881889
11
-0.7047244094488189
21
1.2972440944881889
0
LINE
8
BLACK
6
CONTINUOUS
10
-0.7047244094488189
20
1.2972440944881889
11
-0.7077376771653543
21
1.297843464566929
0
LINE
8
BLACK
6
CONTINUOUS
10
-0.7077376771653543
20
1.297843464566929
11
-0.7102921653543307
21
1.2995503543307085
0
LINE
8
BLACK
6
CONTINUOUS
10
-0.7102921653543307
20
1.2995503543307085
11
-0.7119990551181102
21
1.3021048425196851
0
LINE
8
BLACK
6
CONTINUOUS
10
-0.7119990551181102
20
1.3021048425196851
11
-0.7125984251968503
21
1.3051181102362204
0
LINE
8
BLACK
6
CONTINUOUS
10
-0.7125984251968503
20
1.3051181102362204
11
-0.7125984251968503
21
1.3454724409448819
0
LINE
8
BLACK
6
CONTINUOUS
10
-0.7125984251968503
20
1.3454724409448819
11
-0.7119990551181102
21
1.3484857086614173
0
LINE
8
BLACK
6
CONTINUOUS
10
-0.7119990551181102
20
1.3484857086614173
11
-0.7102921653543307
21
1.3510401968503936
0
LINE
8
BLACK
6
CONTINUOUS
10
-0.7102921653543307
20
1.3510401968503936
11
-0.7077376771653543
21
1.3527470866141731
0
LINE
8
BLACK
6
CONTINUOUS
10
-0.7077376771653543
20
1.3527470866141731
11
-0.7047244094488189
21
1.3533464566929134
0
LINE
8
BLACK
6
CONTINUOUS
10
-0.7047244094488189
20
1.3533464566929134
11
-0.6929133858267716
21
1.3533464566929134
0
LINE
8
BLACK
6
CONTINUOUS
10
-0.6929133858267716
20
1.3533464566929134
11
-0.6899001181102362
21
1.3527470866141731
0
LINE
8
BLACK
6
CONTINUOUS
10
-0.5927683070866142
20
1.3599224803149605
11
-0.5887975984251969
21
1.3581692519685038
0
LINE
8
BLACK
6
CONTINUOUS
10
-0.5887975984251969
20
1.3581692519685038
11
-0.5857283858267717
21
1.3551000393700787
0
LINE
8
BLACK
6
CONTINUOUS
10
-0.5857283858267717
20
1.3551000393700787
11
-0.5839751574803149
21
1.3511293307086614
0
LINE
8
BLACK
6
CONTINUOUS
10
-0.5839751574803149
20
1.3511293307086614
11
-0.5836614173228346
21
1.3484251968503937
0
LINE
8
BLACK
6
CONTINUOUS
10
-0.5836614173228346
20
1.3484251968503937
11
-0.5836614173228346
21
1.3287401574803148
0
LINE
8
BLACK
6
CONTINUOUS
10
-0.5836614173228346
20
1.3287401574803148
11
-0.5839751574803149
21
1.3260360236220472
0
LINE
8
BLACK
6
CONTINUOUS
10
-0.5839751574803149
20
1.3260360236220472
11
-0.5857283858267717
21
1.3220653149606298
0
LINE
8
BLACK
6
CONTINUOUS
10
-0.5857283858267717
20
1.3220653149606298
11
-0.5887975984251969
21
1.3189961023622048
0
LINE
8
BLACK
6
CONTINUOUS
10
-0.5887975984251969
20
1.3189961023622048
11
-0.5927683070866142
21
1.317242874015748
0
LINE
8
BLACK
6
CONTINUOUS
10
-0.5927683070866142
20
1.317242874015748
11
-0.5954724409448818
21
1.3169291338582676
0
LINE
8
BLACK
6
CONTINUOUS
10
-0.5954724409448818
20
1.3169291338582676
11
-0.6328740157480315
21
1.3169291338582676
0
LINE
8
BLACK
6
CONTINUOUS
10
-0.6328740157480315
20
1.3169291338582676
11
-0.6355781496062992
21
1.317242874015748
0
LINE
8
BLACK
6
CONTINUOUS
10
-0.6355781496062992
20
1.317242874015748
11
-0.6395488582677166
21
1.3189961023622048
0
LINE
8
BLACK
6
CONTINUOUS
10
-0.6395488582677166
20
1.3189961023622048
11
-0.6426180708661418
21
1.3220653149606298
0
LINE
8
BLACK
6
CONTINUOUS
10
-0.6426180708661418
20
1.3220653149606298
11
-0.6443712992125984
21
1.3260360236220472
0
LINE
8
BLACK
6
CONTINUOUS
10
-0.6443712992125984
20
1.3260360236220472
11
-0.6446850393700787
21
1.3287401574803148
0
LINE
8
BLACK
6
CONTINUOUS
10
-0.6446850393700787
20
1.3287401574803148
11
-0.6446850393700787
21
1.3484251968503937
0
LINE
8
BLACK
6
CONTINUOUS
10
-0.6446850393700787
20
1.3484251968503937
11
-0.6443712992125984
21
1.3511293307086614
0
LINE
8
BLACK
6
CONTINUOUS
10
-0.6443712992125984
20
1.3511293307086614
11
-0.6426180708661418
21
1.3551000393700787
0
LINE
8
BLACK
6
CONTINUOUS
10
-0.6426180708661418
20
1.3551000393700787
11
-0.6395488582677166
21
1.3581692519685038
0
LINE
8
BLACK
6
CONTINUOUS
10
-0.6395488582677166
20
1.3581692519685038
11
-0.6355781496062992
21
1.3599224803149605
0
LINE
8
BLACK
6
CONTINUOUS
10
-0.6355781496062992
20
1.3599224803149605
11
-0.6328740157480315
21
1.360236220472441
0
LINE
8
BLACK
6
CONTINUOUS
10
-0.6328740157480315
20
1.360236220472441
11
-0.5954724409448818
21
1.360236220472441
0
LINE
8
BLACK
6
CONTINUOUS
10
-0.5954724409448818
20
1.360236220472441
11
-0.5927683070866142
21
1.3599224803149605
0
LINE
8
BLACK
6
CONTINUOUS
10
-0.7647032677165354
20
1.4423140157480314
11
-0.762148779527559
21
1.4406071259842519
0
LINE
8
BLACK
6
CONTINUOUS
10
-0.762148779527559
20
1.4406071259842519
11
-0.7604418897637795
21
1.4380526377952756
0
LINE
8
BLACK
6
CONTINUOUS
10
-0.7604418897637795
20
1.4380526377952756
11
-0.7598425196850394
21
1.4350393700787401
0
LINE
8
BLACK
6
CONTINUOUS
10
-0.7598425196850394
20
1.4350393700787401
11
-0.7598425196850394
21
1.3946850393700787
0
LINE
8
BLACK
6
CONTINUOUS
10
-0.7598425196850394
20
1.3946850393700787
11
-0.7604418897637795
21
1.3916717716535432
0
LINE
8
BLACK
6
CONTINUOUS
10
-0.7604418897637795
20
1.3916717716535432
11
-0.762148779527559
21
1.3891172834645669
0
LINE
8
BLACK
6
CONTINUOUS
10
-0.762148779527559
20
1.3891172834645669
11
-0.7647032677165354
21
1.3874103937007873
0
LINE
8
BLACK
6
CONTINUOUS
10
-0.7647032677165354
20
1.3874103937007873
11
-0.7677165354330708
21
1.3868110236220472
0
LINE
8
BLACK
6
CONTINUOUS
10
-0.7677165354330708
20
1.3868110236220472
11
-0.7795275590551181
21
1.3868110236220472
0
LINE
8
BLACK
6
CONTINUOUS
10
-0.7795275590551181
20
1.3868110236220472
11
-0.7825408267716535
21
1.3874103937007873
0
LINE
8
BLACK
6
CONTINUOUS
10
-0.7825408267716535
20
1.3874103937007873
11
-0.7850953149606299
21
1.3891172834645669
0
LINE
8
BLACK
6
CONTINUOUS
10
-0.7850953149606299
20
1.3891172834645669
11
-0.7868022047244094
21
1.3916717716535432
0
LINE
8
BLACK
6
CONTINUOUS
10
-0.7868022047244094
20
1.3916717716535432
11
-0.7874015748031495
21
1.3946850393700787
0
LINE
8
BLACK
6
CONTINUOUS
10
-0.7874015748031495
20
1.3946850393700787
11
-0.7874015748031495
21
1.4350393700787401
0
LINE
8
BLACK
6
CONTINUOUS
10
-0.7874015748031495
20
1.4350393700787401
11
-0.7868022047244094
21
1.4380526377952756
0
LINE
8
BLACK
6
CONTINUOUS
10
-0.7868022047244094
20
1.4380526377952756
11
-0.7850953149606299
21
1.4406071259842519
0
LINE
8
BLACK
6
CONTINUOUS
10
-0.7850953149606299
20
1.4406071259842519
11
-0.7825408267716535
21
1.4423140157480314
0
LINE
8
BLACK
6
CONTINUOUS
10
-0.7825408267716535
20
1.4423140157480314
11
-0.7795275590551181
21
1.4429133858267715
0
LINE
8
BLACK
6
CONTINUOUS
10
-0.7795275590551181
20
1.4429133858267715
11
-0.7677165354330708
21
1.4429133858267715
0
LINE
8
BLACK
6
CONTINUOUS
10
-0.7677165354330708
20
1.4429133858267715
11
-0.7647032677165354
21
1.4423140157480314
0
LINE
8
BLACK
6
CONTINUOUS
10
-0.6899001181102362
20
1.4423140157480314
11
-0.6873456299212598
21
1.4406071259842519
0
LINE
8
BLACK
6
CONTINUOUS
10
-0.6873456299212598
20
1.4406071259842519
11
-0.6856387401574803
21
1.4380526377952756
0
LINE
8
BLACK
6
CONTINUOUS
10
-0.6856387401574803
20
1.4380526377952756
11
-0.6850393700787402
21
1.4350393700787401
0
LINE
8
BLACK
6
CONTINUOUS
10
-0.6850393700787402
20
1.4350393700787401
11
-0.6850393700787402
21
1.3946850393700787
0
LINE
8
BLACK
6
CONTINUOUS
10
-0.6850393700787402
20
1.3946850393700787
11
-0.6856387401574803
21
1.3916717716535432
0
LINE
8
BLACK
6
CONTINUOUS
10
-0.6856387401574803
20
1.3916717716535432
11
-0.6873456299212598
21
1.3891172834645669
0
LINE
8
BLACK
6
CONTINUOUS
10
-0.6873456299212598
20
1.3891172834645669
11
-0.6899001181102362
21
1.3874103937007873
0
LINE
8
BLACK
6
CONTINUOUS
10
-0.6899001181102362
20
1.3874103937007873
11
-0.6929133858267716
21
1.3868110236220472
0
LINE
8
BLACK
6
CONTINUOUS
10
-0.6929133858267716
20
1.3868110236220472
11
-0.7047244094488189
21
1.3868110236220472
0
LINE
8
BLACK
6
CONTINUOUS
10
-0.7047244094488189
20
1.3868110236220472
11
-0.7077376771653543
21
1.3874103937007873
0
LINE
8
BLACK
6
CONTINUOUS
10
-0.7077376771653543
20
1.3874103937007873
11
-0.7102921653543307
21
1.3891172834645669
0
LINE
8
BLACK
6
CONTINUOUS
10
-0.7102921653543307
20
1.3891172834645669
11
-0.7119990551181102
21
1.3916717716535432
0
LINE
8
BLACK
6
CONTINUOUS
10
-0.7119990551181102
20
1.3916717716535432
11
-0.7125984251968503
21
1.3946850393700787
0
LINE
8
BLACK
6
CONTINUOUS
10
-0.7125984251968503
20
1.3946850393700787
11
-0.7125984251968503
21
1.4350393700787401
0
LINE
8
BLACK
6
CONTINUOUS
10
-0.7125984251968503
20
1.4350393700787401
11
-0.7119990551181102
21
1.4380526377952756
0
LINE
8
BLACK
6
CONTINUOUS
10
-0.7119990551181102
20
1.4380526377952756
11
-0.7102921653543307
21
1.4406071259842519
0
LINE
8
BLACK
6
CONTINUOUS
10
-0.7102921653543307
20
1.4406071259842519
11
-0.7077376771653543
21
1.4423140157480314
0
LINE
8
BLACK
6
CONTINUOUS
10
-0.7077376771653543
20
1.4423140157480314
11
-0.7047244094488189
21
1.4429133858267715
0
LINE
8
BLACK
6
CONTINUOUS
10
-0.7047244094488189
20
1.4429133858267715
11
-0.6929133858267716
21
1.4429133858267715
0
LINE
8
BLACK
6
CONTINUOUS
10
-0.6929133858267716
20
1.4429133858267715
11
-0.6899001181102362
21
1.4423140157480314
0
LINE
8
BLACK
6
CONTINUOUS
10
-0.5927683070866142
20
1.4347256299212598
11
-0.5887975984251969
21
1.4329724015748031
0
LINE
8
BLACK
6
CONTINUOUS
10
-0.5887975984251969
20
1.4329724015748031
11
-0.5857283858267717
21
1.429903188976378
0
LINE
8
BLACK
6
CONTINUOUS
10
-0.5857283858267717
20
1.429903188976378
11
-0.5839751574803149
21
1.4259324803149607
0
LINE
8
BLACK
6
CONTINUOUS
10
-0.5839751574803149
20
1.4259324803149607
11
-0.5836614173228346
21
1.4232283464566928
0
LINE
8
BLACK
6
CONTINUOUS
10
-0.5836614173228346
20
1.4232283464566928
11
-0.5836614173228346
21
1.4035433070866141
0
LINE
8
BLACK
6
CONTINUOUS
10
-0.5836614173228346
20
1.4035433070866141
11
-0.5839751574803149
21
1.4008391732283465
0
LINE
8
BLACK
6
CONTINUOUS
10
-0.5839751574803149
20
1.4008391732283465
11
-0.5857283858267717
21
1.3968684645669291
0
LINE
8
BLACK
6
CONTINUOUS
10
-0.5857283858267717
20
1.3968684645669291
11
-0.5887975984251969
21
1.3937992519685038
0
LINE
8
BLACK
6
CONTINUOUS
10
-0.5887975984251969
20
1.3937992519685038
11
-0.5927683070866142
21
1.3920460236220471
0
LINE
8
BLACK
6
CONTINUOUS
10
-0.5927683070866142
20
1.3920460236220471
11
-0.5954724409448818
21
1.3917322834645669
0
LINE
8
BLACK
6
CONTINUOUS
10
-0.5954724409448818
20
1.3917322834645669
11
-0.6328740157480315
21
1.3917322834645669
0
LINE
8
BLACK
6
CONTINUOUS
10
-0.6328740157480315
20
1.3917322834645669
11
-0.6355781496062992
21
1.3920460236220471
0
LINE
8
BLACK
6
CONTINUOUS
10
-0.6355781496062992
20
1.3920460236220471
11
-0.6395488582677166
21
1.3937992519685038
0
LINE
8
BLACK
6
CONTINUOUS
10
-0.6395488582677166
20
1.3937992519685038
11
-0.6426180708661418
21
1.3968684645669291
0
LINE
8
BLACK
6
CONTINUOUS
10
-0.6426180708661418
20
1.3968684645669291
11
-0.6443712992125984
21
1.4008391732283465
0
LINE
8
BLACK
6
CONTINUOUS
10
-0.6443712992125984
20
1.4008391732283465
11
-0.6446850393700787
21
1.4035433070866141
0
LINE
8
BLACK
6
CONTINUOUS
10
-0.6446850393700787
20
1.4035433070866141
11
-0.6446850393700787
21
1.4232283464566928
0
LINE
8
BLACK
6
CONTINUOUS
10
-0.6446850393700787
20
1.4232283464566928
11
-0.6443712992125984
21
1.4259324803149607
0
LINE
8
BLACK
6
CONTINUOUS
10
-0.6443712992125984
20
1.4259324803149607
11
-0.6426180708661418
21
1.429903188976378
0
LINE
8
BLACK
6
CONTINUOUS
10
-0.6426180708661418
20
1.429903188976378
11
-0.6395488582677166
21
1.4329724015748031
0
LINE
8
BLACK
6
CONTINUOUS
10
-0.6395488582677166
20
1.4329724015748031
11
-0.6355781496062992
21
1.4347256299212598
0
LINE
8
BLACK
6
CONTINUOUS
10
-0.6355781496062992
20
1.4347256299212598
11
-0.6328740157480315
21
1.4350393700787401
0
LINE
8
BLACK
6
CONTINUOUS
10
-0.6328740157480315
20
1.4350393700787401
11
-0.5954724409448818
21
1.4350393700787401
0
LINE
8
BLACK
6
CONTINUOUS
10
-0.5954724409448818
20
1.4350393700787401
11
-0.5927683070866142
21
1.4347256299212598
0
LINE
8
BLACK
6
CONTINUOUS
10
-1.463813622047244
20
1.5569367716535432
11
-1.4631749999999999
21
1.5565100393700788
0
LINE
8
BLACK
6
CONTINUOUS
10
-1.4631749999999999
20
1.5565100393700788
11
-1.4627482677165353
21
1.5558714173228345
0
LINE
8
BLACK
6
CONTINUOUS
10
-1.4627482677165353
20
1.5558714173228345
11
-1.4625984251968505
21
1.5551181102362204
0
LINE
8
BLACK
6
CONTINUOUS
10
-1.4625984251968505
20
1.5551181102362204
11
-1.4625984251968505
21
1.405511811023622
0
LINE
8
BLACK
6
CONTINUOUS
10
-1.4625984251968505
20
1.405511811023622
11
-1.4627482677165353
21
1.4047585039370079
0
LINE
8
BLACK
6
CONTINUOUS
10
-1.4627482677165353
20
1.4047585039370079
11
-1.4631749999999999
21
1.4041198818897638
0
LINE
8
BLACK
6
CONTINUOUS
10
-1.4631749999999999
20
1.4041198818897638
11
-1.463813622047244
21
1.4036931496062992
0
LINE
8
BLACK
6
CONTINUOUS
10
-1.463813622047244
20
1.4036931496062992
11
-1.4645669291338583
21
1.4035433070866141
0
LINE
8
BLACK
6
CONTINUOUS
10
-1.4645669291338583
20
1.4035433070866141
11
-1.5039370078740157
21
1.4035433070866141
0
LINE
8
BLACK
6
CONTINUOUS
10
-1.5039370078740157
20
1.4035433070866141
11
-1.5046903149606299
21
1.4036931496062992
0
LINE
8
BLACK
6
CONTINUOUS
10
-1.5046903149606299
20
1.4036931496062992
11
-1.505328937007874
21
1.4041198818897638
0
LINE
8
BLACK
6
CONTINUOUS
10
-1.505328937007874
20
1.4041198818897638
11
-1.5057556692913385
21
1.4047585039370079
0
LINE
8
BLACK
6
CONTINUOUS
10
-1.5057556692913385
20
1.4047585039370079
11
-1.5059055118110236
21
1.405511811023622
0
LINE
8
BLACK
6
CONTINUOUS
10
-1.5059055118110236
20
1.405511811023622
11
-1.5059055118110236
21
1.5551181102362204
0
LINE
8
BLACK
6
CONTINUOUS
10
-1.5059055118110236
20
1.5551181102362204
11
-1.5057556692913385
21
1.5558714173228345
0
LINE
8
BLACK
6
CONTINUOUS
10
-1.5057556692913385
20
1.5558714173228345
11
-1.505328937007874
21
1.5565100393700788
0
LINE
8
BLACK
6
CONTINUOUS
10
-1.505328937007874
20
1.5565100393700788
11
-1.5046903149606299
21
1.5569367716535432
0
LINE
8
BLACK
6
CONTINUOUS
10
-1.5046903149606299
20
1.5569367716535432
11
-1.5039370078740157
21
1.5570866141732282
0
LINE
8
BLACK
6
CONTINUOUS
10
-1.5039370078740157
20
1.5570866141732282
11
-1.4645669291338583
21
1.5570866141732282
0
LINE
8
BLACK
6
CONTINUOUS
10
-1.4645669291338583
20
1.5570866141732282
11
-1.463813622047244
21
1.5569367716535432
0
LINE
8
BLACK
6
CONTINUOUS
10
-0.2118451181102362
20
1.5569367716535432
11
-0.2112064960629921
21
1.5565100393700788
0
LINE
8
BLACK
6
CONTINUOUS
10
-0.2112064960629921
20
1.5565100393700788
11
-0.2107797637795276
21
1.5558714173228345
0
LINE
8
BLACK
6
CONTINUOUS
10
-0.2107797637795276
20
1.5558714173228345
11
-0.2106299212598425
21
1.5551181102362204
0
LINE
8
BLACK
6
CONTINUOUS
10
-0.2106299212598425
20
1.5551181102362204
11
-0.2106299212598425
21
1.405511811023622
0
LINE
8
BLACK
6
CONTINUOUS
10
-0.2106299212598425
20
1.405511811023622
11
-0.2107797637795276
21
1.4047585039370079
0
LINE
8
BLACK
6
CONTINUOUS
10
-0.2107797637795276
20
1.4047585039370079
11
-0.2112064960629921
21
1.4041198818897638
0
LINE
8
BLACK
6
CONTINUOUS
10
-0.2112064960629921
20
1.4041198818897638
11
-0.2118451181102362
21
1.4036931496062992
0
LINE
8
BLACK
6
CONTINUOUS
10
-0.2118451181102362
20
1.4036931496062992
11
-0.2125984251968504
21
1.4035433070866141
0
LINE
8
BLACK
6
CONTINUOUS
10
-0.2125984251968504
20
1.4035433070866141
11
-0.2519685039370079
21
1.4035433070866141
0
LINE
8
BLACK
6
CONTINUOUS
10
-0.2519685039370079
20
1.4035433070866141
11
-0.2527218110236221
21
1.4036931496062992
0
LINE
8
BLACK
6
CONTINUOUS
10
-0.2527218110236221
20
1.4036931496062992
11
-0.2533604330708661
21
1.4041198818897638
0
LINE
8
BLACK
6
CONTINUOUS
10
-0.2533604330708661
20
1.4041198818897638
11
-0.2537871653543307
21
1.4047585039370079
0
LINE
8
BLACK
6
CONTINUOUS
10
-0.2537871653543307
20
1.4047585039370079
11
-0.2539370078740157
21
1.405511811023622
0
LINE
8
BLACK
6
CONTINUOUS
10
-0.2539370078740157
20
1.405511811023622
11
-0.2539370078740157
21
1.5551181102362204
0
LINE
8
BLACK
6
CONTINUOUS
10
-0.2539370078740157
20
1.5551181102362204
11
-0.2537871653543307
21
1.5558714173228345
0
LINE
8
BLACK
6
CONTINUOUS
10
-0.2537871653543307
20
1.5558714173228345
11
-0.2533604330708661
21
1.5565100393700788
0
LINE
8
BLACK
6
CONTINUOUS
10
-0.2533604330708661
20
1.5565100393700788
11
-0.2527218110236221
21
1.5569367716535432
0
LINE
8
BLACK
6
CONTINUOUS
10
-0.2527218110236221
20
1.5569367716535432
11
-0.2519685039370079
21
1.5570866141732282
0
LINE
8
BLACK
6
CONTINUOUS
10
-0.2519685039370079
20
1.5570866141732282
11
-0.2125984251968504
21
1.5570866141732282
0
LINE
8
BLACK
6
CONTINUOUS
10
-0.2125984251968504
20
1.5570866141732282
11
-0.2118451181102362
21
1.5569367716535432
0
LINE
8
BLACK
6
CONTINUOUS
10
-1.119500590551181
20
1.5159067322834645
11
-1.1155298818897637
21
1.5141535039370078
0
LINE
8
BLACK
6
CONTINUOUS
10
-1.1155298818897637
20
1.5141535039370078
11
-1.1124606692913386
21
1.5110842913385827
0
LINE
8
BLACK
6
CONTINUOUS
10
-1.1124606692913386
20
1.5110842913385827
11
-1.1107074409448818
21
1.5071135826771653
0
LINE
8
BLACK
6
CONTINUOUS
10
-1.1107074409448818
20
1.5071135826771653
11
-1.1103937007874016
21
1.5044094488188977
0
LINE
8
BLACK
6
CONTINUOUS
10
-1.1103937007874016
20
1.5044094488188977
11
-1.1103937007874016
21
1.4670078740157479
0
LINE
8
BLACK
6
CONTINUOUS
10
-1.1103937007874016
20
1.4670078740157479
11
-1.1107074409448818
21
1.4643037401574803
0
LINE
8
BLACK
6
CONTINUOUS
10
-1.1107074409448818
20
1.4643037401574803
11
-1.1124606692913386
21
1.460333031496063
0
LINE
8
BLACK
6
CONTINUOUS
10
-1.1124606692913386
20
1.460333031496063
11
-1.1155298818897637
21
1.4572638188976377
0
LINE
8
BLACK
6
CONTINUOUS
10
-1.1155298818897637
20
1.4572638188976377
11
-1.119500590551181
21
1.4555105905511811
0
LINE
8
BLACK
6
CONTINUOUS
10
-1.119500590551181
20
1.4555105905511811
11
-1.1222047244094489
21
1.4551968503937007
0
LINE
8
BLACK
6
CONTINUOUS
10
-1.1222047244094489
20
1.4551968503937007
11
-1.1418897637795276
21
1.4551968503937007
0
LINE
8
BLACK
6
CONTINUOUS
10
-1.1418897637795276
20
1.4551968503937007
11
-1.1445938976377952
21
1.4555105905511811
0
LINE
8
BLACK
6
CONTINUOUS
10
-1.1445938976377952
20
1.4555105905511811
11
-1.1485646062992125
21
1.4572638188976377
0
LINE
8
BLACK
6
CONTINUOUS
10
-1.1485646062992125
20
1.4572638188976377
11
-1.1516338188976378
21
1.460333031496063
0
LINE
8
BLACK
6
CONTINUOUS
10
-1.1516338188976378
20
1.460333031496063
11
-1.1533870472440944
21
1.4643037401574803
0
LINE
8
BLACK
6
CONTINUOUS
10
-1.1533870472440944
20
1.4643037401574803
11
-1.1537007874015748
21
1.4670078740157479
0
LINE
8
BLACK
6
CONTINUOUS
10
-1.1537007874015748
20
1.4670078740157479
11
-1.1537007874015748
21
1.5044094488188977
0
LINE
8
BLACK
6
CONTINUOUS
10
-1.1537007874015748
20
1.5044094488188977
11
-1.1533870472440944
21
1.5071135826771653
0
LINE
8
BLACK
6
CONTINUOUS
10
-1.1533870472440944
20
1.5071135826771653
11
-1.1516338188976378
21
1.5110842913385827
0
LINE
8
BLACK
6
CONTINUOUS
10
-1.1516338188976378
20
1.5110842913385827
11
-1.1485646062992125
21
1.5141535039370078
0
LINE
8
BLACK
6
CONTINUOUS
10
-1.1485646062992125
20
1.5141535039370078
11
-1.1445938976377952
21
1.5159067322834645
0
LINE
8
BLACK
6
CONTINUOUS
10
-1.1445938976377952
20
1.5159067322834645
11
-1.1418897637795276
21
1.5162204724409449
0
LINE
8
BLACK
6
CONTINUOUS
10
-1.1418897637795276
20
1.5162204724409449
11
-1.1222047244094489
21
1.5162204724409449
0
LINE
8
BLACK
6
CONTINUOUS
10
-1.1222047244094489
20
1.5162204724409449
11
-1.119500590551181
21
1.5159067322834645
0
LINE
8
BLACK
6
CONTINUOUS
10
-1.0446974409448819
20
1.5159067322834645
11
-1.0407267322834646
21
1.5141535039370078
0
LINE
8
BLACK
6
CONTINUOUS
10
-1.0407267322834646
20
1.5141535039370078
11
-1.0376575196850393
21
1.5110842913385827
0
LINE
8
BLACK
6
CONTINUOUS
10
-1.0376575196850393
20
1.5110842913385827
11
-1.0359042913385828
21
1.5071135826771653
0
LINE
8
BLACK
6
CONTINUOUS
10
-1.0359042913385828
20
1.5071135826771653
11
-1.0355905511811023
21
1.5044094488188977
0
LINE
8
BLACK
6
CONTINUOUS
10
-1.0355905511811023
20
1.5044094488188977
11
-1.0355905511811023
21
1.4670078740157479
0
LINE
8
BLACK
6
CONTINUOUS
10
-1.0355905511811023
20
1.4670078740157479
11
-1.0359042913385828
21
1.4643037401574803
0
LINE
8
BLACK
6
CONTINUOUS
10
-1.0359042913385828
20
1.4643037401574803
11
-1.0376575196850393
21
1.460333031496063
0
LINE
8
BLACK
6
CONTINUOUS
10
-1.0376575196850393
20
1.460333031496063
11
-1.0407267322834646
21
1.4572638188976377
0
LINE
8
BLACK
6
CONTINUOUS
10
-1.0407267322834646
20
1.4572638188976377
11
-1.0446974409448819
21
1.4555105905511811
0
LINE
8
BLACK
6
CONTINUOUS
10
-1.0446974409448819
20
1.4555105905511811
11
-1.0474015748031495
21
1.4551968503937007
0
LINE
8
BLACK
6
CONTINUOUS
10
-1.0474015748031495
20
1.4551968503937007
11
-1.0670866141732283
21
1.4551968503937007
0
LINE
8
BLACK
6
CONTINUOUS
10
-1.0670866141732283
20
1.4551968503937007
11
-1.0697907480314961
21
1.4555105905511811
0
LINE
8
BLACK
6
CONTINUOUS
10
-1.0697907480314961
20
1.4555105905511811
11
-1.0737614566929135
21
1.4572638188976377
0
LINE
8
BLACK
6
CONTINUOUS
10
-1.0737614566929135
20
1.4572638188976377
11
-1.0768306692913385
21
1.460333031496063
0
LINE
8
BLACK
6
CONTINUOUS
10
-1.0768306692913385
20
1.460333031496063
11
-1.0785838976377953
21
1.4643037401574803
0
LINE
8
BLACK
6
CONTINUOUS
10
-1.0785838976377953
20
1.4643037401574803
11
-1.0788976377952755
21
1.4670078740157479
0
LINE
8
BLACK
6
CONTINUOUS
10
-1.0788976377952755
20
1.4670078740157479
11
-1.0788976377952755
21
1.5044094488188977
0
LINE
8
BLACK
6
CONTINUOUS
10
-1.0788976377952755
20
1.5044094488188977
11
-1.0785838976377953
21
1.5071135826771653
0
LINE
8
BLACK
6
CONTINUOUS
10
-1.0785838976377953
20
1.5071135826771653
11
-1.0768306692913385
21
1.5110842913385827
0
LINE
8
BLACK
6
CONTINUOUS
10
-1.0768306692913385
20
1.5110842913385827
11
-1.0737614566929135
21
1.5141535039370078
0
LINE
8
BLACK
6
CONTINUOUS
10
-1.0737614566929135
20
1.5141535039370078
11
-1.0697907480314961
21
1.5159067322834645
0
LINE
8
BLACK
6
CONTINUOUS
10
-1.0697907480314961
20
1.5159067322834645
11
-1.0670866141732283
21
1.5162204724409449
0
LINE
8
BLACK
6
CONTINUOUS
10
-1.0670866141732283
20
1.5162204724409449
11
-1.0474015748031495
21
1.5162204724409449
0
LINE
8
BLACK
6
CONTINUOUS
10
-1.0474015748031495
20
1.5162204724409449
11
-1.0446974409448819
21
1.5159067322834645
0
LINE
8
BLACK
6
CONTINUOUS
10
-0.7625714960629921
20
1.5259066929133858
11
-0.7586007874015748
21
1.524153464566929
0
LINE
8
BLACK
6
CONTINUOUS
10
-0.7586007874015748
20
1.524153464566929
11
-0.7555315748031496
21
1.5210842519685039
0
LINE
8
BLACK
6
CONTINUOUS
10
-0.7555315748031496
20
1.5210842519685039
11
-0.7537783464566929
21
1.5171135433070866
0
LINE
8
BLACK
6
CONTINUOUS
10
-0.7537783464566929
20
1.5171135433070866
11
-0.7534646062992126
21
1.514409409448819
0
LINE
8
BLACK
6
CONTINUOUS
10
-0.7534646062992126
20
1.514409409448819
11
-0.7534646062992126
21
1.4770078346456692
0
LINE
8
BLACK
6
CONTINUOUS
10
-0.7534646062992126
20
1.4770078346456692
11
-0.7537783464566929
21
1.4743037007874016
0
LINE
8
BLACK
6
CONTINUOUS
10
-0.7537783464566929
20
1.4743037007874016
11
-0.7555315748031496
21
1.4703329921259842
0
LINE
8
BLACK
6
CONTINUOUS
10
-0.7555315748031496
20
1.4703329921259842
11
-0.7586007874015748
21
1.4672637795275589
0
LINE
8
BLACK
6
CONTINUOUS
10
-0.7586007874015748
20
1.4672637795275589
11
-0.7625714960629921
21
1.4655105511811024
0
LINE
8
BLACK
6
CONTINUOUS
10
-0.7625714960629921
20
1.4655105511811024
11
-0.7652756299212599
21
1.465196811023622
0
LINE
8
BLACK
6
CONTINUOUS
10
-0.7652756299212599
20
1.465196811023622
11
-0.7849606692913386
21
1.465196811023622
0
LINE
8
BLACK
6
CONTINUOUS
10
-0.7849606692913386
20
1.465196811023622
11
-0.7876648031496063
21
1.4655105511811024
0
LINE
8
BLACK
6
CONTINUOUS
10
-0.7876648031496063
20
1.4655105511811024
11
-0.7916355118110237
21
1.4672637795275589
0
LINE
8
BLACK
6
CONTINUOUS
10
-0.7916355118110237
20
1.4672637795275589
11
-0.7947047244094488
21
1.4703329921259842
0
LINE
8
BLACK
6
CONTINUOUS
10
-0.7947047244094488
20
1.4703329921259842
11
-0.7964579527559055
21
1.4743037007874016
0
LINE
8
BLACK
6
CONTINUOUS
10
-0.7964579527559055
20
1.4743037007874016
11
-0.7967716929133858
21
1.4770078346456692
0
LINE
8
BLACK
6
CONTINUOUS
10
-0.7967716929133858
20
1.4770078346456692
11
-0.7967716929133858
21
1.514409409448819
0
LINE
8
BLACK
6
CONTINUOUS
10
-0.7967716929133858
20
1.514409409448819
11
-0.7964579527559055
21
1.5171135433070866
0
LINE
8
BLACK
6
CONTINUOUS
10
-0.7964579527559055
20
1.5171135433070866
11
-0.7947047244094488
21
1.5210842519685039
0
LINE
8
BLACK
6
CONTINUOUS
10
-0.7947047244094488
20
1.5210842519685039
11
-0.7916355118110237
21
1.524153464566929
0
LINE
8
BLACK
6
CONTINUOUS
10
-0.7916355118110237
20
1.524153464566929
11
-0.7876648031496063
21
1.5259066929133858
0
LINE
8
BLACK
6
CONTINUOUS
10
-0.7876648031496063
20
1.5259066929133858
11
-0.7849606692913386
21
1.5262204330708662
0
LINE
8
BLACK
6
CONTINUOUS
10
-0.7849606692913386
20
1.5262204330708662
11
-0.7652756299212599
21
1.5262204330708662
0
LINE
8
BLACK
6
CONTINUOUS
10
-0.7652756299212599
20
1.5262204330708662
11
-0.7625714960629921
21
1.5259066929133858
0
LINE
8
BLACK
6
CONTINUOUS
10
-0.6877683464566929
20
1.5259066929133858
11
-0.6837976377952756
21
1.524153464566929
0
LINE
8
BLACK
6
CONTINUOUS
10
-0.6837976377952756
20
1.524153464566929
11
-0.6807284251968504
21
1.5210842519685039
0
LINE
8
BLACK
6
CONTINUOUS
10
-0.6807284251968504
20
1.5210842519685039
11
-0.6789751968503936
21
1.5171135433070866
0
LINE
8
BLACK
6
CONTINUOUS
10
-0.6789751968503936
20
1.5171135433070866
11
-0.6786614566929133
21
1.514409409448819
0
LINE
8
BLACK
6
CONTINUOUS
10
-0.6786614566929133
20
1.514409409448819
11
-0.6786614566929133
21
1.4770078346456692
0
LINE
8
BLACK
6
CONTINUOUS
10
-0.6786614566929133
20
1.4770078346456692
11
-0.6789751968503936
21
1.4743037007874016
0
LINE
8
BLACK
6
CONTINUOUS
10
-0.6789751968503936
20
1.4743037007874016
11
-0.6807284251968504
21
1.4703329921259842
0
LINE
8
BLACK
6
CONTINUOUS
10
-0.6807284251968504
20
1.4703329921259842
11
-0.6837976377952756
21
1.4672637795275589
0
LINE
8
BLACK
6
CONTINUOUS
10
-0.6837976377952756
20
1.4672637795275589
11
-0.6877683464566929
21
1.4655105511811024
0
LINE
8
BLACK
6
CONTINUOUS
10
-0.6877683464566929
20
1.4655105511811024
11
-0.6904724803149607
21
1.465196811023622
0
LINE
8
BLACK
6
CONTINUOUS
10
-0.6904724803149607
20
1.465196811023622
11
-0.7101575196850394
21
1.465196811023622
0
LINE
8
BLACK
6
CONTINUOUS
10
-0.7101575196850394
20
1.465196811023622
11
-0.7128616535433071
21
1.4655105511811024
0
LINE
8
BLACK
6
CONTINUOUS
10
-0.7128616535433071
20
1.4655105511811024
11
-0.7168323622047243
21
1.4672637795275589
0
LINE
8
BLACK
6
CONTINUOUS
10
-0.7168323622047243
20
1.4672637795275589
11
-0.7199015748031495
21
1.4703329921259842
0
LINE
8
BLACK
6
CONTINUOUS
10
-0.7199015748031495
20
1.4703329921259842
11
-0.7216548031496063
21
1.4743037007874016
0
LINE
8
BLACK
6
CONTINUOUS
10
-0.7216548031496063
20
1.4743037007874016
11
-0.7219685433070866
21
1.4770078346456692
0
LINE
8
BLACK
6
CONTINUOUS
10
-0.7219685433070866
20
1.4770078346456692
11
-0.7219685433070866
21
1.514409409448819
0
LINE
8
BLACK
6
CONTINUOUS
10
-0.7219685433070866
20
1.514409409448819
11
-0.7216548031496063
21
1.5171135433070866
0
LINE
8
BLACK
6
CONTINUOUS
10
-0.7216548031496063
20
1.5171135433070866
11
-0.7199015748031495
21
1.5210842519685039
0
LINE
8
BLACK
6
CONTINUOUS
10
-0.7199015748031495
20
1.5210842519685039
11
-0.7168323622047243
21
1.524153464566929
0
LINE
8
BLACK
6
CONTINUOUS
10
-0.7168323622047243
20
1.524153464566929
11
-0.7128616535433071
21
1.5259066929133858
0
LINE
8
BLACK
6
CONTINUOUS
10
-0.7128616535433071
20
1.5259066929133858
11
-0.7101575196850394
21
1.5262204330708662
0
LINE
8
BLACK
6
CONTINUOUS
10
-0.7101575196850394
20
1.5262204330708662
11
-0.6904724803149607
21
1.5262204330708662
0
LINE
8
BLACK
6
CONTINUOUS
10
-0.6904724803149607
20
1.5262204330708662
11
-0.6877683464566929
21
1.5259066929133858
0
LINE
8
BLACK
6
CONTINUOUS
10
-0.9572407480314961
20
1.5886468503937008
11
-0.9532700393700787
21
1.586893622047244
0
LINE
8
BLACK
6
CONTINUOUS
10
-0.9532700393700787
20
1.586893622047244
11
-0.9502008267716535
21
1.583824409448819
0
LINE
8
BLACK
6
CONTINUOUS
10
-0.9502008267716535
20
1.583824409448819
11
-0.9484475984251969
21
1.5798537007874016
0
LINE
8
BLACK
6
CONTINUOUS
10
-0.9484475984251969
20
1.5798537007874016
11
-0.9481338582677166
21
1.5771495669291338
0
LINE
8
BLACK
6
CONTINUOUS
10
-0.9481338582677166
20
1.5771495669291338
11
-0.9481338582677166
21
1.5574645275590551
0
LINE
8
BLACK
6
CONTINUOUS
10
-0.9481338582677166
20
1.5574645275590551
11
-0.9484475984251969
21
1.5547603937007874
0
LINE
8
BLACK
6
CONTINUOUS
10
-0.9484475984251969
20
1.5547603937007874
11
-0.9502008267716535
21
1.5507896850393701
0
LINE
8
BLACK
6
CONTINUOUS
10
-0.9502008267716535
20
1.5507896850393701
11
-0.9532700393700787
21
1.5477204724409448
0
LINE
8
BLACK
6
CONTINUOUS
10
-0.9532700393700787
20
1.5477204724409448
11
-0.9572407480314961
21
1.545967244094488
0
LINE
8
BLACK
6
CONTINUOUS
10
-0.9572407480314961
20
1.545967244094488
11
-0.9599448818897638
21
1.5456535039370078
0
LINE
8
BLACK
6
CONTINUOUS
10
-0.9599448818897638
20
1.5456535039370078
11
-0.9973464566929133
21
1.5456535039370078
0
LINE
8
BLACK
6
CONTINUOUS
10
-0.9973464566929133
20
1.5456535039370078
11
-1.0000505905511812
21
1.545967244094488
0
LINE
8
BLACK
6
CONTINUOUS
10
-1.0000505905511812
20
1.545967244094488
11
-1.0040212992125983
21
1.5477204724409448
0
LINE
8
BLACK
6
CONTINUOUS
10
-1.0040212992125983
20
1.5477204724409448
11
-1.0070905118110236
21
1.5507896850393701
0
LINE
8
BLACK
6
CONTINUOUS
10
-1.0070905118110236
20
1.5507896850393701
11
-1.0088437401574804
21
1.5547603937007874
0
LINE
8
BLACK
6
CONTINUOUS
10
-1.0088437401574804
20
1.5547603937007874
11
-1.0091574803149606
21
1.5574645275590551
0
LINE
8
BLACK
6
CONTINUOUS
10
-1.0091574803149606
20
1.5574645275590551
11
-1.0091574803149606
21
1.5771495669291338
0
LINE
8
BLACK
6
CONTINUOUS
10
-1.0091574803149606
20
1.5771495669291338
11
-1.0088437401574804
21
1.5798537007874016
0
LINE
8
BLACK
6
CONTINUOUS
10
-1.0088437401574804
20
1.5798537007874016
11
-1.0070905118110236
21
1.583824409448819
0
LINE
8
BLACK
6
CONTINUOUS
10
-1.0070905118110236
20
1.583824409448819
11
-1.0040212992125983
21
1.586893622047244
0
LINE
8
BLACK
6
CONTINUOUS
10
-1.0040212992125983
20
1.586893622047244
11
-1.0000505905511812
21
1.5886468503937008
0
LINE
8
BLACK
6
CONTINUOUS
10
-1.0000505905511812
20
1.5886468503937008
11
-0.9973464566929133
21
1.588960590551181
0
LINE
8
BLACK
6
CONTINUOUS
10
-0.9973464566929133
20
1.588960590551181
11
-0.9599448818897638
21
1.588960590551181
0
LINE
8
BLACK
6
CONTINUOUS
10
-0.9599448818897638
20
1.588960590551181
11
-0.9572407480314961
21
1.5886468503937008
0
LINE
8
BLACK
6
CONTINUOUS
10
-0.876225
20
1.5906153149606299
11
-0.8722542913385827
21
1.5888620866141732
0
LINE
8
BLACK
6
CONTINUOUS
10
-0.8722542913385827
20
1.5888620866141732
11
-0.8691850787401575
21
1.5857928740157481
0
LINE
8
BLACK
6
CONTINUOUS
10
-0.8691850787401575
20
1.5857928740157481
11
-0.8674318503937007
21
1.5818221653543307
0
LINE
8
BLACK
6
CONTINUOUS
10
-0.8674318503937007
20
1.5818221653543307
11
-0.8671181102362204
21
1.5791180314960629
0
LINE
8
BLACK
6
CONTINUOUS
10
-0.8671181102362204
20
1.5791180314960629
11
-0.8671181102362204
21
1.5584487401574803
0
LINE
8
BLACK
6
CONTINUOUS
10
-0.8671181102362204
20
1.5584487401574803
11
-0.8674318503937007
21
1.5557446062992126
0
LINE
8
BLACK
6
CONTINUOUS
10
-0.8674318503937007
20
1.5557446062992126
11
-0.8691850787401575
21
1.5517738976377953
0
LINE
8
BLACK
6
CONTINUOUS
10
-0.8691850787401575
20
1.5517738976377953
11
-0.8722542913385827
21
1.54870468503937
0
LINE
8
BLACK
6
CONTINUOUS
10
-0.8722542913385827
20
1.54870468503937
11
-0.876225
21
1.5469514566929135
0
LINE
8
BLACK
6
CONTINUOUS
10
-0.876225
20
1.5469514566929135
11
-0.8789291338582677
21
1.546637716535433
0
LINE
8
BLACK
6
CONTINUOUS
10
-0.8789291338582677
20
1.546637716535433
11
-0.9143622047244094
21
1.546637716535433
0
LINE
8
BLACK
6
CONTINUOUS
10
-0.9143622047244094
20
1.546637716535433
11
-0.9170663385826772
21
1.5469514566929135
0
LINE
8
BLACK
6
CONTINUOUS
10
-0.9170663385826772
20
1.5469514566929135
11
-0.9210370472440945
21
1.54870468503937
0
LINE
8
BLACK
6
CONTINUOUS
10
-0.9210370472440945
20
1.54870468503937
11
-0.9241062598425197
21
1.5517738976377953
0
LINE
8
BLACK
6
CONTINUOUS
10
-0.9241062598425197
20
1.5517738976377953
11
-0.9258594881889763
21
1.5557446062992126
0
LINE
8
BLACK
6
CONTINUOUS
10
-0.9258594881889763
20
1.5557446062992126
11
-0.9261732283464567
21
1.5584487401574803
0
LINE
8
BLACK
6
CONTINUOUS
10
-0.9261732283464567
20
1.5584487401574803
11
-0.9261732283464567
21
1.5791180314960629
0
LINE
8
BLACK
6
CONTINUOUS
10
-0.9261732283464567
20
1.5791180314960629
11
-0.9258594881889763
21
1.5818221653543307
0
LINE
8
BLACK
6
CONTINUOUS
10
-0.9258594881889763
20
1.5818221653543307
11
-0.9241062598425197
21
1.5857928740157481
0
LINE
8
BLACK
6
CONTINUOUS
10
-0.9241062598425197
20
1.5857928740157481
11
-0.9210370472440945
21
1.5888620866141732
0
LINE
8
BLACK
6
CONTINUOUS
10
-0.9210370472440945
20
1.5888620866141732
11
-0.9170663385826772
21
1.5906153149606299
0
LINE
8
BLACK
6
CONTINUOUS
10
-0.9170663385826772
20
1.5906153149606299
11
-0.9143622047244094
21
1.5909290551181101
0
LINE
8
BLACK
6
CONTINUOUS
10
-0.9143622047244094
20
1.5909290551181101
11
-0.8789291338582677
21
1.5909290551181101
0
LINE
8
BLACK
6
CONTINUOUS
10
-0.8789291338582677
20
1.5909290551181101
11
-0.876225
21
1.5906153149606299
0
LINE
8
BLACK
6
CONTINUOUS
10
-1.1231285039370078
20
1.6373770078740157
11
-1.1205740157480315
21
1.6356701181102362
0
LINE
8
BLACK
6
CONTINUOUS
10
-1.1205740157480315
20
1.6356701181102362
11
-1.118867125984252
21
1.6331156299212599
0
LINE
8
BLACK
6
CONTINUOUS
10
-1.118867125984252
20
1.6331156299212599
11
-1.1182677559055119
21
1.6301023622047244
0
LINE
8
BLACK
6
CONTINUOUS
10
-1.1182677559055119
20
1.6301023622047244
11
-1.1182677559055119
21
1.589748031496063
0
LINE
8
BLACK
6
CONTINUOUS
10
-1.1182677559055119
20
1.589748031496063
11
-1.118867125984252
21
1.5867347637795275
0
LINE
8
BLACK
6
CONTINUOUS
10
-1.118867125984252
20
1.5867347637795275
11
-1.1205740157480315
21
1.5841802755905512
0
LINE
8
BLACK
6
CONTINUOUS
10
-1.1205740157480315
20
1.5841802755905512
11
-1.1231285039370078
21
1.5824733858267717
0
LINE
8
BLACK
6
CONTINUOUS
10
-1.1231285039370078
20
1.5824733858267717
11
-1.1261417716535433
21
1.5818740157480315
0
LINE
8
BLACK
6
CONTINUOUS
10
-1.1261417716535433
20
1.5818740157480315
11
-1.1379527952755906
21
1.5818740157480315
0
LINE
8
BLACK
6
CONTINUOUS
10
-1.1379527952755906
20
1.5818740157480315
11
-1.1409660629921259
21
1.5824733858267717
0
LINE
8
BLACK
6
CONTINUOUS
10
-1.1409660629921259
20
1.5824733858267717
11
-1.1435205511811024
21
1.5841802755905512
0
LINE
8
BLACK
6
CONTINUOUS
10
-1.1435205511811024
20
1.5841802755905512
11
-1.1452274409448819
21
1.5867347637795275
0
LINE
8
BLACK
6
CONTINUOUS
10
-1.1452274409448819
20
1.5867347637795275
11
-1.145826811023622
21
1.589748031496063
0
LINE
8
BLACK
6
CONTINUOUS
10
-1.145826811023622
20
1.589748031496063
11
-1.145826811023622
21
1.6301023622047244
0
LINE
8
BLACK
6
CONTINUOUS
10
-1.145826811023622
20
1.6301023622047244
11
-1.1452274409448819
21
1.6331156299212599
0
LINE
8
BLACK
6
CONTINUOUS
10
-1.1452274409448819
20
1.6331156299212599
11
-1.1435205511811024
21
1.6356701181102362
0
LINE
8
BLACK
6
CONTINUOUS
10
-1.1435205511811024
20
1.6356701181102362
11
-1.1409660629921259
21
1.6373770078740157
0
LINE
8
BLACK
6
CONTINUOUS
10
-1.1409660629921259
20
1.6373770078740157
11
-1.1379527952755906
21
1.6379763779527559
0
LINE
8
BLACK
6
CONTINUOUS
10
-1.1379527952755906
20
1.6379763779527559
11
-1.1261417716535433
21
1.6379763779527559
0
LINE
8
BLACK
6
CONTINUOUS
10
-1.1261417716535433
20
1.6379763779527559
11
-1.1231285039370078
21
1.6373770078740157
0
LINE
8
BLACK
6
CONTINUOUS
10
-1.0483253543307087
20
1.6373770078740157
11
-1.0457708661417322
21
1.6356701181102362
0
LINE
8
BLACK
6
CONTINUOUS
10
-1.0457708661417322
20
1.6356701181102362
11
-1.0440639763779527
21
1.6331156299212599
0
LINE
8
BLACK
6
CONTINUOUS
10
-1.0440639763779527
20
1.6331156299212599
11
-1.0434646062992126
21
1.6301023622047244
0
LINE
8
BLACK
6
CONTINUOUS
10
-1.0434646062992126
20
1.6301023622047244
11
-1.0434646062992126
21
1.589748031496063
0
LINE
8
BLACK
6
CONTINUOUS
10
-1.0434646062992126
20
1.589748031496063
11
-1.0440639763779527
21
1.5867347637795275
0
LINE
8
BLACK
6
CONTINUOUS
10
-1.0440639763779527
20
1.5867347637795275
11
-1.0457708661417322
21
1.5841802755905512
0
LINE
8
BLACK
6
CONTINUOUS
10
-1.0457708661417322
20
1.5841802755905512
11
-1.0483253543307087
21
1.5824733858267717
0
LINE
8
BLACK
6
CONTINUOUS
10
-1.0483253543307087
20
1.5824733858267717
11
-1.051338622047244
21
1.5818740157480315
0
LINE
8
BLACK
6
CONTINUOUS
10
-1.051338622047244
20
1.5818740157480315
11
-1.0631496456692913
21
1.5818740157480315
0
LINE
8
BLACK
6
CONTINUOUS
10
-1.0631496456692913
20
1.5818740157480315
11
-1.0661629133858268
21
1.5824733858267717
0
LINE
8
BLACK
6
CONTINUOUS
10
-1.0661629133858268
20
1.5824733858267717
11
-1.0687174015748031
21
1.5841802755905512
0
LINE
8
BLACK
6
CONTINUOUS
10
-1.0687174015748031
20
1.5841802755905512
11
-1.0704242913385826
21
1.5867347637795275
0
LINE
8
BLACK
6
CONTINUOUS
10
-1.0704242913385826
20
1.5867347637795275
11
-1.0710236614173227
21
1.589748031496063
0
LINE
8
BLACK
6
CONTINUOUS
10
-1.0710236614173227
20
1.589748031496063
11
-1.0710236614173227
21
1.6301023622047244
0
LINE
8
BLACK
6
CONTINUOUS
10
-1.0710236614173227
20
1.6301023622047244
11
-1.0704242913385826
21
1.6331156299212599
0
LINE
8
BLACK
6
CONTINUOUS
10
-1.0704242913385826
20
1.6331156299212599
11
-1.0687174015748031
21
1.6356701181102362
0
LINE
8
BLACK
6
CONTINUOUS
10
-1.0687174015748031
20
1.6356701181102362
11
-1.0661629133858268
21
1.6373770078740157
0
LINE
8
BLACK
6
CONTINUOUS
10
-1.0661629133858268
20
1.6373770078740157
11
-1.0631496456692913
21
1.6379763779527559
0
LINE
8
BLACK
6
CONTINUOUS
10
-1.0631496456692913
20
1.6379763779527559
11
-1.051338622047244
21
1.6379763779527559
0
LINE
8
BLACK
6
CONTINUOUS
10
-1.051338622047244
20
1.6379763779527559
11
-1.0483253543307087
21
1.6373770078740157
0
LINE
8
BLACK
6
CONTINUOUS
10
-0.5681620078740157
20
1.7044106692913386
11
-0.5641912992125984
21
1.7026574409448818
0
LINE
8
BLACK
6
CONTINUOUS
10
-0.5641912992125984
20
1.7026574409448818
11
-0.5611220866141732
21
1.6995882283464567
0
LINE
8
BLACK
6
CONTINUOUS
10
-0.5611220866141732
20
1.6995882283464567
11
-0.5593688582677165
21
1.6956175196850394
0
LINE
8
BLACK
6
CONTINUOUS
10
-0.5593688582677165
20
1.6956175196850394
11
-0.5590551181102362
21
1.6929133858267715
0
LINE
8
BLACK
6
CONTINUOUS
10
-0.5590551181102362
20
1.6929133858267715
11
-0.5590551181102362
21
1.6141732283464567
0
LINE
8
BLACK
6
CONTINUOUS
10
-0.5590551181102362
20
1.6141732283464567
11
-0.5593688582677165
21
1.6114690944881889
0
LINE
8
BLACK
6
CONTINUOUS
10
-0.5593688582677165
20
1.6114690944881889
11
-0.5611220866141732
21
1.6074983858267715
0
LINE
8
BLACK
6
CONTINUOUS
10
-0.5611220866141732
20
1.6074983858267715
11
-0.5641912992125984
21
1.6044291732283464
0
LINE
8
BLACK
6
CONTINUOUS
10
-0.5641912992125984
20
1.6044291732283464
11
-0.5681620078740157
21
1.6026759448818897
0
LINE
8
BLACK
6
CONTINUOUS
10
-0.5681620078740157
20
1.6026759448818897
11
-0.5708661417322834
21
1.6023622047244095
0
LINE
8
BLACK
6
CONTINUOUS
10
-0.5708661417322834
20
1.6023622047244095
11
-0.6417322834645669
21
1.6023622047244095
0
LINE
8
BLACK
6
CONTINUOUS
10
-0.6417322834645669
20
1.6023622047244095
11
-0.6444364173228346
21
1.6026759448818897
0
LINE
8
BLACK
6
CONTINUOUS
10
-0.6444364173228346
20
1.6026759448818897
11
-0.648407125984252
21
1.6044291732283464
0
LINE
8
BLACK
6
CONTINUOUS
10
-0.648407125984252
20
1.6044291732283464
11
-0.6514763385826772
21
1.6074983858267715
0
LINE
8
BLACK
6
CONTINUOUS
10
-0.6514763385826772
20
1.6074983858267715
11
-0.6532295669291338
21
1.6114690944881889
0
LINE
8
BLACK
6
CONTINUOUS
10
-0.6532295669291338
20
1.6114690944881889
11
-0.6535433070866141
21
1.6141732283464567
0
LINE
8
BLACK
6
CONTINUOUS
10
-0.6535433070866141
20
1.6141732283464567
11
-0.6535433070866141
21
1.6929133858267715
0
LINE
8
BLACK
6
CONTINUOUS
10
-0.6535433070866141
20
1.6929133858267715
11
-0.6532295669291338
21
1.6956175196850394
0
LINE
8
BLACK
6
CONTINUOUS
10
-0.6532295669291338
20
1.6956175196850394
11
-0.6514763385826772
21
1.6995882283464567
0
LINE
8
BLACK
6
CONTINUOUS
10
-0.6514763385826772
20
1.6995882283464567
11
-0.648407125984252
21
1.7026574409448818
0
LINE
8
BLACK
6
CONTINUOUS
10
-0.648407125984252
20
1.7026574409448818
11
-0.6444364173228346
21
1.7044106692913386
0
LINE
8
BLACK
6
CONTINUOUS
10
-0.6444364173228346
20
1.7044106692913386
11
-0.6417322834645669
21
1.7047244094488188
0
LINE
8
BLACK
6
CONTINUOUS
10
-0.6417322834645669
20
1.7047244094488188
11
-0.5708661417322834
21
1.7047244094488188
0
LINE
8
BLACK
6
CONTINUOUS
10
-0.5708661417322834
20
1.7047244094488188
11
-0.5681620078740157
21
1.7044106692913386
0
LINE
8
BLACK
6
CONTINUOUS
10
-0.811532125984252
20
1.6709224803149605
11
-0.8075614173228346
21
1.669169251968504
0
LINE
8
BLACK
6
CONTINUOUS
10
-0.8075614173228346
20
1.669169251968504
11
-0.8044922047244094
21
1.6661000393700787
0
LINE
8
BLACK
6
CONTINUOUS
10
-0.8044922047244094
20
1.6661000393700787
11
-0.8027389763779528
21
1.6621293307086613
0
LINE
8
BLACK
6
CONTINUOUS
10
-0.8027389763779528
20
1.6621293307086613
11
-0.8024252362204725
21
1.6594251968503937
0
LINE
8
BLACK
6
CONTINUOUS
10
-0.8024252362204725
20
1.6594251968503937
11
-0.8024252362204725
21
1.623992125984252
0
LINE
8
BLACK
6
CONTINUOUS
10
-0.8024252362204725
20
1.623992125984252
11
-0.8027389763779528
21
1.6212879921259842
0
LINE
8
BLACK
6
CONTINUOUS
10
-0.8027389763779528
20
1.6212879921259842
11
-0.8044922047244094
21
1.6173172834645668
0
LINE
8
BLACK
6
CONTINUOUS
10
-0.8044922047244094
20
1.6173172834645668
11
-0.8075614173228346
21
1.6142480708661417
0
LINE
8
BLACK
6
CONTINUOUS
10
-0.8075614173228346
20
1.6142480708661417
11
-0.811532125984252
21
1.612494842519685
0
LINE
8
BLACK
6
CONTINUOUS
10
-0.811532125984252
20
1.612494842519685
11
-0.8142362598425197
21
1.6121811023622048
0
LINE
8
BLACK
6
CONTINUOUS
10
-0.8142362598425197
20
1.6121811023622048
11
-0.8349055511811023
21
1.6121811023622048
0
LINE
8
BLACK
6
CONTINUOUS
10
-0.8349055511811023
20
1.6121811023622048
11
-0.8376096850393701
21
1.612494842519685
0
LINE
8
BLACK
6
CONTINUOUS
10
-0.8376096850393701
20
1.612494842519685
11
-0.8415803937007874
21
1.6142480708661417
0
LINE
8
BLACK
6
CONTINUOUS
10
-0.8415803937007874
20
1.6142480708661417
11
-0.8446496062992126
21
1.6173172834645668
0
LINE
8
BLACK
6
CONTINUOUS
10
-0.8446496062992126
20
1.6173172834645668
11
-0.8464028346456692
21
1.6212879921259842
0
LINE
8
BLACK
6
CONTINUOUS
10
-0.8464028346456692
20
1.6212879921259842
11
-0.8467165748031495
21
1.623992125984252
0
LINE
8
BLACK
6
CONTINUOUS
10
-0.8467165748031495
20
1.623992125984252
11
-0.8467165748031495
21
1.6594251968503937
0
LINE
8
BLACK
6
CONTINUOUS
10
-0.8467165748031495
20
1.6594251968503937
11
-0.8464028346456692
21
1.6621293307086613
0
LINE
8
BLACK
6
CONTINUOUS
10
-0.8464028346456692
20
1.6621293307086613
11
-0.8446496062992126
21
1.6661000393700787
0
LINE
8
BLACK
6
CONTINUOUS
10
-0.8446496062992126
20
1.6661000393700787
11
-0.8415803937007874
21
1.669169251968504
0
LINE
8
BLACK
6
CONTINUOUS
10
-0.8415803937007874
20
1.669169251968504
11
-0.8376096850393701
21
1.6709224803149605
0
LINE
8
BLACK
6
CONTINUOUS
10
-0.8376096850393701
20
1.6709224803149605
11
-0.8349055511811023
21
1.6712362204724409
0
LINE
8
BLACK
6
CONTINUOUS
10
-0.8349055511811023
20
1.6712362204724409
11
-0.8142362598425197
21
1.6712362204724409
0
LINE
8
BLACK
6
CONTINUOUS
10
-0.8142362598425197
20
1.6712362204724409
11
-0.811532125984252
21
1.6709224803149605
0
LINE
8
BLACK
6
CONTINUOUS
10
-0.7396817322834646
20
1.6709224803149605
11
-0.7357110236220472
21
1.669169251968504
0
LINE
8
BLACK
6
CONTINUOUS
10
-0.7357110236220472
20
1.669169251968504
11
-0.732641811023622
21
1.6661000393700787
0
LINE
8
BLACK
6
CONTINUOUS
10
-0.732641811023622
20
1.6661000393700787
11
-0.7308885826771654
21
1.6621293307086613
0
LINE
8
BLACK
6
CONTINUOUS
10
-0.7308885826771654
20
1.6621293307086613
11
-0.7305748425196851
21
1.6594251968503937
0
LINE
8
BLACK
6
CONTINUOUS
10
-0.7305748425196851
20
1.6594251968503937
11
-0.7305748425196851
21
1.623992125984252
0
LINE
8
BLACK
6
CONTINUOUS
10
-0.7305748425196851
20
1.623992125984252
11
-0.7308885826771654
21
1.6212879921259842
0
LINE
8
BLACK
6
CONTINUOUS
10
-0.7308885826771654
20
1.6212879921259842
11
-0.732641811023622
21
1.6173172834645668
0
LINE
8
BLACK
6
CONTINUOUS
10
-0.732641811023622
20
1.6173172834645668
11
-0.7357110236220472
21
1.6142480708661417
0
LINE
8
BLACK
6
CONTINUOUS
10
-0.7357110236220472
20
1.6142480708661417
11
-0.7396817322834646
21
1.612494842519685
0
LINE
8
BLACK
6
CONTINUOUS
10
-0.7396817322834646
20
1.612494842519685
11
-0.7423858661417323
21
1.6121811023622048
0
LINE
8
BLACK
6
CONTINUOUS
10
-0.7423858661417323
20
1.6121811023622048
11
-0.7630551574803149
21
1.6121811023622048
0
LINE
8
BLACK
6
CONTINUOUS
10
-0.7630551574803149
20
1.6121811023622048
11
-0.7657592913385827
21
1.612494842519685
0
LINE
8
BLACK
6
CONTINUOUS
10
-0.7657592913385827
20
1.612494842519685
11
-0.76973
21
1.6142480708661417
0
LINE
8
BLACK
6
CONTINUOUS
10
-0.76973
20
1.6142480708661417
11
-0.7727992125984252
21
1.6173172834645668
0
LINE
8
BLACK
6
CONTINUOUS
10
-0.7727992125984252
20
1.6173172834645668
11
-0.7745524409448818
21
1.6212879921259842
0
LINE
8
BLACK
6
CONTINUOUS
10
-0.7745524409448818
20
1.6212879921259842
11
-0.7748661811023622
21
1.623992125984252
0
LINE
8
BLACK
6
CONTINUOUS
10
-0.7748661811023622
20
1.623992125984252
11
-0.7748661811023622
21
1.6594251968503937
0
LINE
8
BLACK
6
CONTINUOUS
10
-0.7748661811023622
20
1.6594251968503937
11
-0.7745524409448818
21
1.6621293307086613
0
LINE
8
BLACK
6
CONTINUOUS
10
-0.7745524409448818
20
1.6621293307086613
11
-0.7727992125984252
21
1.6661000393700787
0
LINE
8
BLACK
6
CONTINUOUS
10
-0.7727992125984252
20
1.6661000393700787
11
-0.76973
21
1.669169251968504
0
LINE
8
BLACK
6
CONTINUOUS
10
-0.76973
20
1.669169251968504
11
-0.7657592913385827
21
1.6709224803149605
0
LINE
8
BLACK
6
CONTINUOUS
10
-0.7657592913385827
20
1.6709224803149605
11
-0.7630551574803149
21
1.6712362204724409
0
LINE
8
BLACK
6
CONTINUOUS
10
-0.7630551574803149
20
1.6712362204724409
11
-0.7423858661417323
21
1.6712362204724409
0
LINE
8
BLACK
6
CONTINUOUS
10
-0.7423858661417323
20
1.6712362204724409
11
-0.7396817322834646
21
1.6709224803149605
0
LINE
8
BLACK
6
CONTINUOUS
10
-0.876225
20
1.6624657086614172
11
-0.8722542913385827
21
1.6607124803149607
0
LINE
8
BLACK
6
CONTINUOUS
10
-0.8722542913385827
20
1.6607124803149607
11
-0.8691850787401575
21
1.6576432677165354
0
LINE
8
BLACK
6
CONTINUOUS
10
-0.8691850787401575
20
1.6576432677165354
11
-0.8674318503937007
21
1.653672559055118
0
LINE
8
BLACK
6
CONTINUOUS
10
-0.8674318503937007
20
1.653672559055118
11
-0.8671181102362204
21
1.6509684251968504
0
LINE
8
BLACK
6
CONTINUOUS
10
-0.8671181102362204
20
1.6509684251968504
11
-0.8671181102362204
21
1.6302991338582677
0
LINE
8
BLACK
6
CONTINUOUS
10
-0.8671181102362204
20
1.6302991338582677
11
-0.8674318503937007
21
1.6275949999999999
0
LINE
8
BLACK
6
CONTINUOUS
10
-0.8674318503937007
20
1.6275949999999999
11
-0.8691850787401575
21
1.6236242913385825
0
LINE
8
BLACK
6
CONTINUOUS
10
-0.8691850787401575
20
1.6236242913385825
11
-0.8722542913385827
21
1.6205550787401575
0
LINE
8
BLACK
6
CONTINUOUS
10
-0.8722542913385827
20
1.6205550787401575
11
-0.876225
21
1.6188018503937007
0
LINE
8
BLACK
6
CONTINUOUS
10
-0.876225
20
1.6188018503937007
11
-0.8789291338582677
21
1.6184881102362205
0
LINE
8
BLACK
6
CONTINUOUS
10
-0.8789291338582677
20
1.6184881102362205
11
-0.9143622047244094
21
1.6184881102362205
0
LINE
8
BLACK
6
CONTINUOUS
10
-0.9143622047244094
20
1.6184881102362205
11
-0.9170663385826772
21
1.6188018503937007
0
LINE
8
BLACK
6
CONTINUOUS
10
-0.9170663385826772
20
1.6188018503937007
11
-0.9210370472440945
21
1.6205550787401575
0
LINE
8
BLACK
6
CONTINUOUS
10
-0.9210370472440945
20
1.6205550787401575
11
-0.9241062598425197
21
1.6236242913385825
0
LINE
8
BLACK
6
CONTINUOUS
10
-0.9241062598425197
20
1.6236242913385825
11
-0.9258594881889763
21
1.6275949999999999
0
LINE
8
BLACK
6
CONTINUOUS
10
-0.9258594881889763
20
1.6275949999999999
11
-0.9261732283464567
21
1.6302991338582677
0
LINE
8
BLACK
6
CONTINUOUS
10
-0.9261732283464567
20
1.6302991338582677
11
-0.9261732283464567
21
1.6509684251968504
0
LINE
8
BLACK
6
CONTINUOUS
10
-0.9261732283464567
20
1.6509684251968504
11
-0.9258594881889763
21
1.653672559055118
0
LINE
8
BLACK
6
CONTINUOUS
10
-0.9258594881889763
20
1.653672559055118
11
-0.9241062598425197
21
1.6576432677165354
0
LINE
8
BLACK
6
CONTINUOUS
10
-0.9241062598425197
20
1.6576432677165354
11
-0.9210370472440945
21
1.6607124803149607
0
LINE
8
BLACK
6
CONTINUOUS
10
-0.9210370472440945
20
1.6607124803149607
11
-0.9170663385826772
21
1.6624657086614172
0
LINE
8
BLACK
6
CONTINUOUS
10
-0.9170663385826772
20
1.6624657086614172
11
-0.9143622047244094
21
1.6627794488188976
0
LINE
8
BLACK
6
CONTINUOUS
10
-0.9143622047244094
20
1.6627794488188976
11
-0.8789291338582677
21
1.6627794488188976
0
LINE
8
BLACK
6
CONTINUOUS
10
-0.8789291338582677
20
1.6627794488188976
11
-0.876225
21
1.6624657086614172
0
LINE
8
BLACK
6
CONTINUOUS
10
-0.9572407480314961
20
1.6634499999999999
11
-0.9532700393700787
21
1.6616967716535433
0
LINE
8
BLACK
6
CONTINUOUS
10
-0.9532700393700787
20
1.6616967716535433
11
-0.9502008267716535
21
1.6586275590551181
0
LINE
8
BLACK
6
CONTINUOUS
10
-0.9502008267716535
20
1.6586275590551181
11
-0.9484475984251969
21
1.6546568503937007
0
LINE
8
BLACK
6
CONTINUOUS
10
-0.9484475984251969
20
1.6546568503937007
11
-0.9481338582677166
21
1.6519527165354331
0
LINE
8
BLACK
6
CONTINUOUS
10
-0.9481338582677166
20
1.6519527165354331
11
-0.9481338582677166
21
1.6322676771653544
0
LINE
8
BLACK
6
CONTINUOUS
10
-0.9481338582677166
20
1.6322676771653544
11
-0.9484475984251969
21
1.6295635433070865
0
LINE
8
BLACK
6
CONTINUOUS
10
-0.9484475984251969
20
1.6295635433070865
11
-0.9502008267716535
21
1.6255928346456692
0
LINE
8
BLACK
6
CONTINUOUS
10
-0.9502008267716535
20
1.6255928346456692
11
-0.9532700393700787
21
1.6225236220472441
0
LINE
8
BLACK
6
CONTINUOUS
10
-0.9532700393700787
20
1.6225236220472441
11
-0.9572407480314961
21
1.6207703937007873
0
LINE
8
BLACK
6
CONTINUOUS
10
-0.9572407480314961
20
1.6207703937007873
11
-0.9599448818897638
21
1.6204566535433071
0
LINE
8
BLACK
6
CONTINUOUS
10
-0.9599448818897638
20
1.6204566535433071
11
-0.9973464566929133
21
1.6204566535433071
0
LINE
8
BLACK
6
CONTINUOUS
10
-0.9973464566929133
20
1.6204566535433071
11
-1.0000505905511812
21
1.6207703937007873
0
LINE
8
BLACK
6
CONTINUOUS
10
-1.0000505905511812
20
1.6207703937007873
11
-1.0040212992125983
21
1.6225236220472441
0
LINE
8
BLACK
6
CONTINUOUS
10
-1.0040212992125983
20
1.6225236220472441
11
-1.0070905118110236
21
1.6255928346456692
0
LINE
8
BLACK
6
CONTINUOUS
10
-1.0070905118110236
20
1.6255928346456692
11
-1.0088437401574804
21
1.6295635433070865
0
LINE
8
BLACK
6
CONTINUOUS
10
-1.0088437401574804
20
1.6295635433070865
11
-1.0091574803149606
21
1.6322676771653544
0
LINE
8
BLACK
6
CONTINUOUS
10
-1.0091574803149606
20
1.6322676771653544
11
-1.0091574803149606
21
1.6519527165354331
0
LINE
8
BLACK
6
CONTINUOUS
10
-1.0091574803149606
20
1.6519527165354331
11
-1.0088437401574804
21
1.6546568503937007
0
LINE
8
BLACK
6
CONTINUOUS
10
-1.0088437401574804
20
1.6546568503937007
11
-1.0070905118110236
21
1.6586275590551181
0
LINE
8
BLACK
6
CONTINUOUS
10
-1.0070905118110236
20
1.6586275590551181
11
-1.0040212992125983
21
1.6616967716535433
0
LINE
8
BLACK
6
CONTINUOUS
10
-1.0040212992125983
20
1.6616967716535433
11
-1.0000505905511812
21
1.6634499999999999
0
LINE
8
BLACK
6
CONTINUOUS
10
-1.0000505905511812
20
1.6634499999999999
11
-0.9973464566929133
21
1.6637637401574803
0
LINE
8
BLACK
6
CONTINUOUS
10
-0.9973464566929133
20
1.6637637401574803
11
-0.9599448818897638
21
1.6637637401574803
0
LINE
8
BLACK
6
CONTINUOUS
10
-0.9599448818897638
20
1.6637637401574803
11
-0.9572407480314961
21
1.6634499999999999
0
LINE
8
BLACK
6
CONTINUOUS
10
-1.463813622047244
20
1.7931572440944881
11
-1.4631749999999999
21
1.7927305118110235
0
LINE
8
BLACK
6
CONTINUOUS
10
-1.4631749999999999
20
1.7927305118110235
11
-1.4627482677165353
21
1.7920918897637794
0
LINE
8
BLACK
6
CONTINUOUS
10
-1.4627482677165353
20
1.7920918897637794
11
-1.4625984251968505
21
1.7913385826771653
0
LINE
8
BLACK
6
CONTINUOUS
10
-1.4625984251968505
20
1.7913385826771653
11
-1.4625984251968505
21
1.6417322834645669
0
LINE
8
BLACK
6
CONTINUOUS
10
-1.4625984251968505
20
1.6417322834645669
11
-1.4627482677165353
21
1.6409789763779528
0
LINE
8
BLACK
6
CONTINUOUS
10
-1.4627482677165353
20
1.6409789763779528
11
-1.4631749999999999
21
1.6403403543307087
0
LINE
8
BLACK
6
CONTINUOUS
10
-1.4631749999999999
20
1.6403403543307087
11
-1.463813622047244
21
1.6399136220472441
0
LINE
8
BLACK
6
CONTINUOUS
10
-1.463813622047244
20
1.6399136220472441
11
-1.4645669291338583
21
1.639763779527559
0
LINE
8
BLACK
6
CONTINUOUS
10
-1.4645669291338583
20
1.639763779527559
11
-1.5039370078740157
21
1.639763779527559
0
LINE
8
BLACK
6
CONTINUOUS
10
-1.5039370078740157
20
1.639763779527559
11
-1.5046903149606299
21
1.6399136220472441
0
LINE
8
BLACK
6
CONTINUOUS
10
-1.5046903149606299
20
1.6399136220472441
11
-1.505328937007874
21
1.6403403543307087
0
LINE
8
BLACK
6
CONTINUOUS
10
-1.505328937007874
20
1.6403403543307087
11
-1.5057556692913385
21
1.6409789763779528
0
LINE
8
BLACK
6
CONTINUOUS
10
-1.5057556692913385
20
1.6409789763779528
11
-1.5059055118110236
21
1.6417322834645669
0
LINE
8
BLACK
6
CONTINUOUS
10
-1.5059055118110236
20
1.6417322834645669
11
-1.5059055118110236
21
1.7913385826771653
0
LINE
8
BLACK
6
CONTINUOUS
10
-1.5059055118110236
20
1.7913385826771653
11
-1.5057556692913385
21
1.7920918897637794
0
LINE
8
BLACK
6
CONTINUOUS
10
-1.5057556692913385
20
1.7920918897637794
11
-1.505328937007874
21
1.7927305118110235
0
LINE
8
BLACK
6
CONTINUOUS
10
-1.505328937007874
20
1.7927305118110235
11
-1.5046903149606299
21
1.7931572440944881
0
LINE
8
BLACK
6
CONTINUOUS
10
-1.5046903149606299
20
1.7931572440944881
11
-1.5039370078740157
21
1.7933070866141732
0
LINE
8
BLACK
6
CONTINUOUS
10
-1.5039370078740157
20
1.7933070866141732
11
-1.4645669291338583
21
1.7933070866141732
0
LINE
8
BLACK
6
CONTINUOUS
10
-1.4645669291338583
20
1.7933070866141732
11
-1.463813622047244
21
1.7931572440944881
0
LINE
8
BLACK
6
CONTINUOUS
10
-0.2118451181102362
20
1.7931572440944881
11
-0.2112064960629921
21
1.7927305118110235
0
LINE
8
BLACK
6
CONTINUOUS
10
-0.2112064960629921
20
1.7927305118110235
11
-0.2107797637795276
21
1.7920918897637794
0
LINE
8
BLACK
6
CONTINUOUS
10
-0.2107797637795276
20
1.7920918897637794
11
-0.2106299212598425
21
1.7913385826771653
0
LINE
8
BLACK
6
CONTINUOUS
10
-0.2106299212598425
20
1.7913385826771653
11
-0.2106299212598425
21
1.6417322834645669
0
LINE
8
BLACK
6
CONTINUOUS
10
-0.2106299212598425
20
1.6417322834645669
11
-0.2107797637795276
21
1.6409789763779528
0
LINE
8
BLACK
6
CONTINUOUS
10
-0.2107797637795276
20
1.6409789763779528
11
-0.2112064960629921
21
1.6403403543307087
0
LINE
8
BLACK
6
CONTINUOUS
10
-0.2112064960629921
20
1.6403403543307087
11
-0.2118451181102362
21
1.6399136220472441
0
LINE
8
BLACK
6
CONTINUOUS
10
-0.2118451181102362
20
1.6399136220472441
11
-0.2125984251968504
21
1.639763779527559
0
LINE
8
BLACK
6
CONTINUOUS
10
-0.2125984251968504
20
1.639763779527559
11
-0.2519685039370079
21
1.639763779527559
0
LINE
8
BLACK
6
CONTINUOUS
10
-0.2519685039370079
20
1.639763779527559
11
-0.2527218110236221
21
1.6399136220472441
0
LINE
8
BLACK
6
CONTINUOUS
10
-0.2527218110236221
20
1.6399136220472441
11
-0.2533604330708661
21
1.6403403543307087
0
LINE
8
BLACK
6
CONTINUOUS
10
-0.2533604330708661
20
1.6403403543307087
11
-0.2537871653543307
21
1.6409789763779528
0
LINE
8
BLACK
6
CONTINUOUS
10
-0.2537871653543307
20
1.6409789763779528
11
-0.2539370078740157
21
1.6417322834645669
0
LINE
8
BLACK
6
CONTINUOUS
10
-0.2539370078740157
20
1.6417322834645669
11
-0.2539370078740157
21
1.7913385826771653
0
LINE
8
BLACK
6
CONTINUOUS
10
-0.2539370078740157
20
1.7913385826771653
11
-0.2537871653543307
21
1.7920918897637794
0
LINE
8
BLACK
6
CONTINUOUS
10
-0.2537871653543307
20
1.7920918897637794
11
-0.2533604330708661
21
1.7927305118110235
0
LINE
8
BLACK
6
CONTINUOUS
10
-0.2533604330708661
20
1.7927305118110235
11
-0.2527218110236221
21
1.7931572440944881
0
LINE
8
BLACK
6
CONTINUOUS
10
-0.2527218110236221
20
1.7931572440944881
11
-0.2519685039370079
21
1.7933070866141732
0
LINE
8
BLACK
6
CONTINUOUS
10
-0.2519685039370079
20
1.7933070866141732
11
-0.2125984251968504
21
1.7933070866141732
0
LINE
8
BLACK
6
CONTINUOUS
10
-0.2125984251968504
20
1.7933070866141732
11
-0.2118451181102362
21
1.7931572440944881
0
LINE
8
BLACK
6
CONTINUOUS
10
-1.1231285039370078
20
1.7269439370078741
11
-1.1205740157480315
21
1.7252370472440945
0
LINE
8
BLACK
6
CONTINUOUS
10
-1.1205740157480315
20
1.7252370472440945
11
-1.118867125984252
21
1.722682559055118
0
LINE
8
BLACK
6
CONTINUOUS
10
-1.118867125984252
20
1.722682559055118
11
-1.1182677559055119
21
1.7196692913385827
0
LINE
8
BLACK
6
CONTINUOUS
10
-1.1182677559055119
20
1.7196692913385827
11
-1.1182677559055119
21
1.6793149606299211
0
LINE
8
BLACK
6
CONTINUOUS
10
-1.1182677559055119
20
1.6793149606299211
11
-1.118867125984252
21
1.6763016929133858
0
LINE
8
BLACK
6
CONTINUOUS
10
-1.118867125984252
20
1.6763016929133858
11
-1.1205740157480315
21
1.6737472047244095
0
LINE
8
BLACK
6
CONTINUOUS
10
-1.1205740157480315
20
1.6737472047244095
11
-1.1231285039370078
21
1.67204031496063
0
LINE
8
BLACK
6
CONTINUOUS
10
-1.1231285039370078
20
1.67204031496063
11
-1.1261417716535433
21
1.6714409448818897
0
LINE
8
BLACK
6
CONTINUOUS
10
-1.1261417716535433
20
1.6714409448818897
11
-1.1379527952755906
21
1.6714409448818897
0
LINE
8
BLACK
6
CONTINUOUS
10
-1.1379527952755906
20
1.6714409448818897
11
-1.1409660629921259
21
1.67204031496063
0
LINE
8
BLACK
6
CONTINUOUS
10
-1.1409660629921259
20
1.67204031496063
11
-1.1435205511811024
21
1.6737472047244095
0
LINE
8
BLACK
6
CONTINUOUS
10
-1.1435205511811024
20
1.6737472047244095
11
-1.1452274409448819
21
1.6763016929133858
0
LINE
8
BLACK
6
CONTINUOUS
10
-1.1452274409448819
20
1.6763016929133858
11
-1.145826811023622
21
1.6793149606299211
0
LINE
8
BLACK
6
CONTINUOUS
10
-1.145826811023622
20
1.6793149606299211
11
-1.145826811023622
21
1.7196692913385827
0
LINE
8
BLACK
6
CONTINUOUS
10
-1.145826811023622
20
1.7196692913385827
11
-1.1452274409448819
21
1.722682559055118
0
LINE
8
BLACK
6
CONTINUOUS
10
-1.1452274409448819
20
1.722682559055118
11
-1.1435205511811024
21
1.7252370472440945
0
LINE
8
BLACK
6
CONTINUOUS
10
-1.1435205511811024
20
1.7252370472440945
11
-1.1409660629921259
21
1.7269439370078741
0
LINE
8
BLACK
6
CONTINUOUS
10
-1.1409660629921259
20
1.7269439370078741
11
-1.1379527952755906
21
1.7275433070866142
0
LINE
8
BLACK
6
CONTINUOUS
10
-1.1379527952755906
20
1.7275433070866142
11
-1.1261417716535433
21
1.7275433070866142
0
LINE
8
BLACK
6
CONTINUOUS
10
-1.1261417716535433
20
1.7275433070866142
11
-1.1231285039370078
21
1.7269439370078741
0
LINE
8
BLACK
6
CONTINUOUS
10
-1.0857269291338583
20
1.7269439370078741
11
-1.083172440944882
21
1.7252370472440945
0
LINE
8
BLACK
6
CONTINUOUS
10
-1.083172440944882
20
1.7252370472440945
11
-1.0814655511811024
21
1.722682559055118
0
LINE
8
BLACK
6
CONTINUOUS
10
-1.0814655511811024
20
1.722682559055118
11
-1.0808661811023621
21
1.7196692913385827
0
LINE
8
BLACK
6
CONTINUOUS
10
-1.0808661811023621
20
1.7196692913385827
11
-1.0808661811023621
21
1.6793149606299211
0
LINE
8
BLACK
6
CONTINUOUS
10
-1.0808661811023621
20
1.6793149606299211
11
-1.0814655511811024
21
1.6763016929133858
0
LINE
8
BLACK
6
CONTINUOUS
10
-1.0814655511811024
20
1.6763016929133858
11
-1.083172440944882
21
1.6737472047244095
0
LINE
8
BLACK
6
CONTINUOUS
10
-1.083172440944882
20
1.6737472047244095
11
-1.0857269291338583
21
1.67204031496063
0
LINE
8
BLACK
6
CONTINUOUS
10
-1.0857269291338583
20
1.67204031496063
11
-1.0887401968503936
21
1.6714409448818897
0
LINE
8
BLACK
6
CONTINUOUS
10
-1.0887401968503936
20
1.6714409448818897
11
-1.100551220472441
21
1.6714409448818897
0
LINE
8
BLACK
6
CONTINUOUS
10
-1.100551220472441
20
1.6714409448818897
11
-1.1035644881889763
21
1.67204031496063
0
LINE
8
BLACK
6
CONTINUOUS
10
-1.1035644881889763
20
1.67204031496063
11
-1.1061189763779526
21
1.6737472047244095
0
LINE
8
BLACK
6
CONTINUOUS
10
-1.1061189763779526
20
1.6737472047244095
11
-1.1078258661417322
21
1.6763016929133858
0
LINE
8
BLACK
6
CONTINUOUS
10
-1.1078258661417322
20
1.6763016929133858
11
-1.1084252362204725
21
1.6793149606299211
0
LINE
8
BLACK
6
CONTINUOUS
10
-1.1084252362204725
20
1.6793149606299211
11
-1.1084252362204725
21
1.7196692913385827
0
LINE
8
BLACK
6
CONTINUOUS
10
-1.1084252362204725
20
1.7196692913385827
11
-1.1078258661417322
21
1.722682559055118
0
LINE
8
BLACK
6
CONTINUOUS
10
-1.1078258661417322
20
1.722682559055118
11
-1.1061189763779526
21
1.7252370472440945
0
LINE
8
BLACK
6
CONTINUOUS
10
-1.1061189763779526
20
1.7252370472440945
11
-1.1035644881889763
21
1.7269439370078741
0
LINE
8
BLACK
6
CONTINUOUS
10
-1.1035644881889763
20
1.7269439370078741
11
-1.100551220472441
21
1.7275433070866142
0
LINE
8
BLACK
6
CONTINUOUS
10
-1.100551220472441
20
1.7275433070866142
11
-1.0887401968503936
21
1.7275433070866142
0
LINE
8
BLACK
6
CONTINUOUS
10
-1.0887401968503936
20
1.7275433070866142
11
-1.0857269291338583
21
1.7269439370078741
0
LINE
8
BLACK
6
CONTINUOUS
10
-1.0483253543307087
20
1.7269439370078741
11
-1.0457708661417322
21
1.7252370472440945
0
LINE
8
BLACK
6
CONTINUOUS
10
-1.0457708661417322
20
1.7252370472440945
11
-1.0440639763779527
21
1.722682559055118
0
LINE
8
BLACK
6
CONTINUOUS
10
-1.0440639763779527
20
1.722682559055118
11
-1.0434646062992126
21
1.7196692913385827
0
LINE
8
BLACK
6
CONTINUOUS
10
-1.0434646062992126
20
1.7196692913385827
11
-1.0434646062992126
21
1.6793149606299211
0
LINE
8
BLACK
6
CONTINUOUS
10
-1.0434646062992126
20
1.6793149606299211
11
-1.0440639763779527
21
1.6763016929133858
0
LINE
8
BLACK
6
CONTINUOUS
10
-1.0440639763779527
20
1.6763016929133858
11
-1.0457708661417322
21
1.6737472047244095
0
LINE
8
BLACK
6
CONTINUOUS
10
-1.0457708661417322
20
1.6737472047244095
11
-1.0483253543307087
21
1.67204031496063
0
LINE
8
BLACK
6
CONTINUOUS
10
-1.0483253543307087
20
1.67204031496063
11
-1.051338622047244
21
1.6714409448818897
0
LINE
8
BLACK
6
CONTINUOUS
10
-1.051338622047244
20
1.6714409448818897
11
-1.0631496456692913
21
1.6714409448818897
0
LINE
8
BLACK
6
CONTINUOUS
10
-1.0631496456692913
20
1.6714409448818897
11
-1.0661629133858268
21
1.67204031496063
0
LINE
8
BLACK
6
CONTINUOUS
10
-1.0661629133858268
20
1.67204031496063
11
-1.0687174015748031
21
1.6737472047244095
0
LINE
8
BLACK
6
CONTINUOUS
10
-1.0687174015748031
20
1.6737472047244095
11
-1.0704242913385826
21
1.6763016929133858
0
LINE
8
BLACK
6
CONTINUOUS
10
-1.0704242913385826
20
1.6763016929133858
11
-1.0710236614173227
21
1.6793149606299211
0
LINE
8
BLACK
6
CONTINUOUS
10
-1.0710236614173227
20
1.6793149606299211
11
-1.0710236614173227
21
1.7196692913385827
0
LINE
8
BLACK
6
CONTINUOUS
10
-1.0710236614173227
20
1.7196692913385827
11
-1.0704242913385826
21
1.722682559055118
0
LINE
8
BLACK
6
CONTINUOUS
10
-1.0704242913385826
20
1.722682559055118
11
-1.0687174015748031
21
1.7252370472440945
0
LINE
8
BLACK
6
CONTINUOUS
10
-1.0687174015748031
20
1.7252370472440945
11
-1.0661629133858268
21
1.7269439370078741
0
LINE
8
BLACK
6
CONTINUOUS
10
-1.0661629133858268
20
1.7269439370078741
11
-1.0631496456692913
21
1.7275433070866142
0
LINE
8
BLACK
6
CONTINUOUS
10
-1.0631496456692913
20
1.7275433070866142
11
-1.051338622047244
21
1.7275433070866142
0
LINE
8
BLACK
6
CONTINUOUS
10
-1.051338622047244
20
1.7275433070866142
11
-1.0483253543307087
21
1.7269439370078741
0
LINE
8
BLACK
6
CONTINUOUS
10
-0.0892008661417323
20
1.7953753937007875
11
-0.082297125984252
21
1.7931322047244094
0
LINE
8
BLACK
6
CONTINUOUS
10
-0.082297125984252
20
1.7931322047244094
11
-0.0758292913385827
21
1.7898366929133858
0
LINE
8
BLACK
6
CONTINUOUS
10
-0.0758292913385827
20
1.7898366929133858
11
-0.0699566535433071
21
1.7855699606299211
0
LINE
8
BLACK
6
CONTINUOUS
10
-0.0699566535433071
20
1.7855699606299211
11
-0.0648237401574803
21
1.7804370472440945
0
LINE
8
BLACK
6
CONTINUOUS
10
-0.0648237401574803
20
1.7804370472440945
11
-0.0605570078740157
21
1.7745644094488189
0
LINE
8
BLACK
6
CONTINUOUS
10
-0.0605570078740157
20
1.7745644094488189
11
-0.0572614960629921
21
1.7680965748031496
0
LINE
8
BLACK
6
CONTINUOUS
10
-0.0572614960629921
20
1.7680965748031496
11
-0.0550183070866142
21
1.7611928346456693
0
LINE
8
BLACK
6
CONTINUOUS
10
-0.0550183070866142
20
1.7611928346456693
11
-0.0538827559055118
21
1.754023188976378
0
LINE
8
BLACK
6
CONTINUOUS
10
-0.0538827559055118
20
1.754023188976378
11
-0.0538827559055118
21
1.7467642125984251
0
LINE
8
BLACK
6
CONTINUOUS
10
-0.0538827559055118
20
1.7467642125984251
11
-0.0550183070866142
21
1.7395945669291337
0
LINE
8
BLACK
6
CONTINUOUS
10
-0.0550183070866142
20
1.7395945669291337
11
-0.0572614960629921
21
1.7326908267716534
0
LINE
8
BLACK
6
CONTINUOUS
10
-0.0572614960629921
20
1.7326908267716534
11
-0.0605570078740157
21
1.7262229921259842
0
LINE
8
BLACK
6
CONTINUOUS
10
-0.0605570078740157
20
1.7262229921259842
11
-0.0648237401574803
21
1.7203503543307086
0
LINE
8
BLACK
6
CONTINUOUS
10
-0.0648237401574803
20
1.7203503543307086
11
-0.0699566535433071
21
1.7152174409448819
0
LINE
8
BLACK
6
CONTINUOUS
10
-0.0699566535433071
20
1.7152174409448819
11
-0.0758292913385827
21
1.7109507086614173
0
LINE
8
BLACK
6
CONTINUOUS
10
-0.0758292913385827
20
1.7109507086614173
11
-0.082297125984252
21
1.7076551968503937
0
LINE
8
BLACK
6
CONTINUOUS
10
-0.082297125984252
20
1.7076551968503937
11
-0.0892008661417323
21
1.7054120078740158
0
LINE
8
BLACK
6
CONTINUOUS
10
-0.0892008661417323
20
1.7054120078740158
11
-0.0963705118110236
21
1.7042764566929134
0
LINE
8
BLACK
6
CONTINUOUS
10
-0.0963705118110236
20
1.7042764566929134
11
-0.1036294881889764
21
1.7042764566929134
0
LINE
8
BLACK
6
CONTINUOUS
10
-0.1036294881889764
20
1.7042764566929134
11
-0.1107991338582677
21
1.7054120078740158
0
LINE
8
BLACK
6
CONTINUOUS
10
-0.1107991338582677
20
1.7054120078740158
11
-0.117702874015748
21
1.7076551968503937
0
LINE
8
BLACK
6
CONTINUOUS
10
-0.117702874015748
20
1.7076551968503937
11
-0.1241707086614173
21
1.7109507086614173
0
LINE
8
BLACK
6
CONTINUOUS
10
-0.1241707086614173
20
1.7109507086614173
11
-0.1300433464566929
21
1.7152174409448819
0
LINE
8
BLACK
6
CONTINUOUS
10
-0.1300433464566929
20
1.7152174409448819
11
-0.1351762598425197
21
1.7203503543307086
0
LINE
8
BLACK
6
CONTINUOUS
10
-0.1351762598425197
20
1.7203503543307086
11
-0.1394429921259842
21
1.7262229921259842
0
LINE
8
BLACK
6
CONTINUOUS
10
-0.1394429921259842
20
1.7262229921259842
11
-0.1427385039370079
21
1.7326908267716534
0
LINE
8
BLACK
6
CONTINUOUS
10
-0.1427385039370079
20
1.7326908267716534
11
-0.1449816929133858
21
1.7395945669291337
0
LINE
8
BLACK
6
CONTINUOUS
10
-0.1449816929133858
20
1.7395945669291337
11
-0.1461172440944882
21
1.7467642125984251
0
LINE
8
BLACK
6
CONTINUOUS
10
-0.1461172440944882
20
1.7467642125984251
11
-0.1461172440944882
21
1.754023188976378
0
LINE
8
BLACK
6
CONTINUOUS
10
-0.1461172440944882
20
1.754023188976378
11
-0.1449816929133858
21
1.7611928346456693
0
LINE
8
BLACK
6
CONTINUOUS
10
-0.1449816929133858
20
1.7611928346456693
11
-0.1427385039370079
21
1.7680965748031496
0
LINE
8
BLACK
6
CONTINUOUS
10
-0.1427385039370079
20
1.7680965748031496
11
-0.1394429921259842
21
1.7745644094488189
0
LINE
8
BLACK
6
CONTINUOUS
10
-0.1394429921259842
20
1.7745644094488189
11
-0.1351762598425197
21
1.7804370472440945
0
LINE
8
BLACK
6
CONTINUOUS
10
-0.1351762598425197
20
1.7804370472440945
11
-0.1300433464566929
21
1.7855699606299211
0
LINE
8
BLACK
6
CONTINUOUS
10
-0.1300433464566929
20
1.7855699606299211
11
-0.1241707086614173
21
1.7898366929133858
0
LINE
8
BLACK
6
CONTINUOUS
10
-0.1241707086614173
20
1.7898366929133858
11
-0.117702874015748
21
1.7931322047244094
0
LINE
8
BLACK
6
CONTINUOUS
10
-0.117702874015748
20
1.7931322047244094
11
-0.1107991338582677
21
1.7953753937007875
0
LINE
8
BLACK
6
CONTINUOUS
10
-0.1107991338582677
20
1.7953753937007875
11
-0.1036294881889764
21
1.7965109448818897
0
LINE
8
BLACK
6
CONTINUOUS
10
-0.1036294881889764
20
1.7965109448818897
11
-0.0963705118110236
21
1.7965109448818897
0
LINE
8
BLACK
6
CONTINUOUS
10
-0.0963705118110236
20
1.7965109448818897
11
-0.0892008661417323
21
1.7953753937007875
0
LINE
8
BLACK
6
CONTINUOUS
10
0.1107991338582677
20
1.7953753937007875
11
0.117702874015748
21
1.7931322047244094
0
LINE
8
BLACK
6
CONTINUOUS
10
0.117702874015748
20
1.7931322047244094
11
0.1241707086614173
21
1.7898366929133858
0
LINE
8
BLACK
6
CONTINUOUS
10
0.1241707086614173
20
1.7898366929133858
11
0.1300433464566929
21
1.7855699606299211
0
LINE
8
BLACK
6
CONTINUOUS
10
0.1300433464566929
20
1.7855699606299211
11
0.1351762598425197
21
1.7804370472440945
0
LINE
8
BLACK
6
CONTINUOUS
10
0.1351762598425197
20
1.7804370472440945
11
0.1394429921259842
21
1.7745644094488189
0
LINE
8
BLACK
6
CONTINUOUS
10
0.1394429921259842
20
1.7745644094488189
11
0.1427385039370079
21
1.7680965748031496
0
LINE
8
BLACK
6
CONTINUOUS
10
0.1427385039370079
20
1.7680965748031496
11
0.1449816929133858
21
1.7611928346456693
0
LINE
8
BLACK
6
CONTINUOUS
10
0.1449816929133858
20
1.7611928346456693
11
0.1461172440944882
21
1.754023188976378
0
LINE
8
BLACK
6
CONTINUOUS
10
0.1461172440944882
20
1.754023188976378
11
0.1461172440944882
21
1.7467642125984251
0
LINE
8
BLACK
6
CONTINUOUS
10
0.1461172440944882
20
1.7467642125984251
11
0.1449816929133858
21
1.7395945669291337
0
LINE
8
BLACK
6
CONTINUOUS
10
0.1449816929133858
20
1.7395945669291337
11
0.1427385039370079
21
1.7326908267716534
0
LINE
8
BLACK
6
CONTINUOUS
10
0.1427385039370079
20
1.7326908267716534
11
0.1394429921259842
21
1.7262229921259842
0
LINE
8
BLACK
6
CONTINUOUS
10
0.1394429921259842
20
1.7262229921259842
11
0.1351762598425197
21
1.7203503543307086
0
LINE
8
BLACK
6
CONTINUOUS
10
0.1351762598425197
20
1.7203503543307086
11
0.1300433464566929
21
1.7152174409448819
0
LINE
8
BLACK
6
CONTINUOUS
10
0.1300433464566929
20
1.7152174409448819
11
0.1241707086614173
21
1.7109507086614173
0
LINE
8
BLACK
6
CONTINUOUS
10
0.1241707086614173
20
1.7109507086614173
11
0.117702874015748
21
1.7076551968503937
0
LINE
8
BLACK
6
CONTINUOUS
10
0.117702874015748
20
1.7076551968503937
11
0.1107991338582677
21
1.7054120078740158
0
LINE
8
BLACK
6
CONTINUOUS
10
0.1107991338582677
20
1.7054120078740158
11
0.1036294881889764
21
1.7042764566929134
0
LINE
8
BLACK
6
CONTINUOUS
10
0.1036294881889764
20
1.7042764566929134
11
0.0963705118110236
21
1.7042764566929134
0
LINE
8
BLACK
6
CONTINUOUS
10
0.0963705118110236
20
1.7042764566929134
11
0.0892008661417323
21
1.7054120078740158
0
LINE
8
BLACK
6
CONTINUOUS
10
0.0892008661417323
20
1.7054120078740158
11
0.082297125984252
21
1.7076551968503937
0
LINE
8
BLACK
6
CONTINUOUS
10
0.082297125984252
20
1.7076551968503937
11
0.0758292913385827
21
1.7109507086614173
0
LINE
8
BLACK
6
CONTINUOUS
10
0.0758292913385827
20
1.7109507086614173
11
0.0699566535433071
21
1.7152174409448819
0
LINE
8
BLACK
6
CONTINUOUS
10
0.0699566535433071
20
1.7152174409448819
11
0.0648237401574803
21
1.7203503543307086
0
LINE
8
BLACK
6
CONTINUOUS
10
0.0648237401574803
20
1.7203503543307086
11
0.0605570078740157
21
1.7262229921259842
0
LINE
8
BLACK
6
CONTINUOUS
10
0.0605570078740157
20
1.7262229921259842
11
0.0572614960629921
21
1.7326908267716534
0
LINE
8
BLACK
6
CONTINUOUS
10
0.0572614960629921
20
1.7326908267716534
11
0.0550183070866142
21
1.7395945669291337
0
LINE
8
BLACK
6
CONTINUOUS
10
0.0550183070866142
20
1.7395945669291337
11
0.0538827559055118
21
1.7467642125984251
0
LINE
8
BLACK
6
CONTINUOUS
10
0.0538827559055118
20
1.7467642125984251
11
0.0538827559055118
21
1.754023188976378
0
LINE
8
BLACK
6
CONTINUOUS
10
0.0538827559055118
20
1.754023188976378
11
0.0550183070866142
21
1.7611928346456693
0
LINE
8
BLACK
6
CONTINUOUS
10
0.0550183070866142
20
1.7611928346456693
11
0.0572614960629921
21
1.7680965748031496
0
LINE
8
BLACK
6
CONTINUOUS
10
0.0572614960629921
20
1.7680965748031496
11
0.0605570078740157
21
1.7745644094488189
0
LINE
8
BLACK
6
CONTINUOUS
10
0.0605570078740157
20
1.7745644094488189
11
0.0648237401574803
21
1.7804370472440945
0
LINE
8
BLACK
6
CONTINUOUS
10
0.0648237401574803
20
1.7804370472440945
11
0.0699566535433071
21
1.7855699606299211
0
LINE
8
BLACK
6
CONTINUOUS
10
0.0699566535433071
20
1.7855699606299211
11
0.0758292913385827
21
1.7898366929133858
0
LINE
8
BLACK
6
CONTINUOUS
10
0.0758292913385827
20
1.7898366929133858
11
0.082297125984252
21
1.7931322047244094
0
LINE
8
BLACK
6
CONTINUOUS
10
0.082297125984252
20
1.7931322047244094
11
0.0892008661417323
21
1.7953753937007875
0
LINE
8
BLACK
6
CONTINUOUS
10
0.0892008661417323
20
1.7953753937007875
11
0.0963705118110236
21
1.7965109448818897
0
LINE
8
BLACK
6
CONTINUOUS
10
0.0963705118110236
20
1.7965109448818897
11
0.1036294881889764
21
1.7965109448818897
0
LINE
8
BLACK
6
CONTINUOUS
10
0.1036294881889764
20
1.7965109448818897
11
0.1107991338582677
21
1.7953753937007875
0
LINE
8
BLACK
6
CONTINUOUS
10
-1.0425320866141732
20
1.8049224015748031
11
-1.0385613779527558
21
1.8031691732283464
0
LINE
8
BLACK
6
CONTINUOUS
10
-1.0385613779527558
20
1.8031691732283464
11
-1.0354921653543308
21
1.8000999606299213
0
LINE
8
BLACK
6
CONTINUOUS
10
-1.0354921653543308
20
1.8000999606299213
11
-1.033738937007874
21
1.7961292519685039
0
LINE
8
BLACK
6
CONTINUOUS
10
-1.033738937007874
20
1.7961292519685039
11
-1.0334251968503936
21
1.7934251181102361
0
LINE
8
BLACK
6
CONTINUOUS
10
-1.0334251968503936
20
1.7934251181102361
11
-1.0334251968503936
21
1.7579920472440944
0
LINE
8
BLACK
6
CONTINUOUS
10
-1.0334251968503936
20
1.7579920472440944
11
-1.033738937007874
21
1.7552879133858268
0
LINE
8
BLACK
6
CONTINUOUS
10
-1.033738937007874
20
1.7552879133858268
11
-1.0354921653543308
21
1.7513172047244094
0
LINE
8
BLACK
6
CONTINUOUS
10
-1.0354921653543308
20
1.7513172047244094
11
-1.0385613779527558
21
1.7482479921259841
0
LINE
8
BLACK
6
CONTINUOUS
10
-1.0385613779527558
20
1.7482479921259841
11
-1.0425320866141732
21
1.7464947637795276
0
LINE
8
BLACK
6
CONTINUOUS
10
-1.0425320866141732
20
1.7464947637795276
11
-1.045236220472441
21
1.7461810236220472
0
LINE
8
BLACK
6
CONTINUOUS
10
-1.045236220472441
20
1.7461810236220472
11
-1.0659055118110237
21
1.7461810236220472
0
LINE
8
BLACK
6
CONTINUOUS
10
-1.0659055118110237
20
1.7461810236220472
11
-1.0686096456692913
21
1.7464947637795276
0
LINE
8
BLACK
6
CONTINUOUS
10
-1.0686096456692913
20
1.7464947637795276
11
-1.0725803543307086
21
1.7482479921259841
0
LINE
8
BLACK
6
CONTINUOUS
10
-1.0725803543307086
20
1.7482479921259841
11
-1.0756495669291339
21
1.7513172047244094
0
LINE
8
BLACK
6
CONTINUOUS
10
-1.0756495669291339
20
1.7513172047244094
11
-1.0774027952755905
21
1.7552879133858268
0
LINE
8
BLACK
6
CONTINUOUS
10
-1.0774027952755905
20
1.7552879133858268
11
-1.0777165354330709
21
1.7579920472440944
0
LINE
8
BLACK
6
CONTINUOUS
10
-1.0777165354330709
20
1.7579920472440944
11
-1.0777165354330709
21
1.7934251181102361
0
LINE
8
BLACK
6
CONTINUOUS
10
-1.0777165354330709
20
1.7934251181102361
11
-1.0774027952755905
21
1.7961292519685039
0
LINE
8
BLACK
6
CONTINUOUS
10
-1.0774027952755905
20
1.7961292519685039
11
-1.0756495669291339
21
1.8000999606299213
0
LINE
8
BLACK
6
CONTINUOUS
10
-1.0756495669291339
20
1.8000999606299213
11
-1.0725803543307086
21
1.8031691732283464
0
LINE
8
BLACK
6
CONTINUOUS
10
-1.0725803543307086
20
1.8031691732283464
11
-1.0686096456692913
21
1.8049224015748031
0
LINE
8
BLACK
6
CONTINUOUS
10
-1.0686096456692913
20
1.8049224015748031
11
-1.0659055118110237
21
1.8052361417322835
0
LINE
8
BLACK
6
CONTINUOUS
10
-1.0659055118110237
20
1.8052361417322835
11
-1.045236220472441
21
1.8052361417322835
0
LINE
8
BLACK
6
CONTINUOUS
10
-1.045236220472441
20
1.8052361417322835
11
-1.0425320866141732
21
1.8049224015748031
0
LINE
8
BLACK
6
CONTINUOUS
10
-0.9706816929133858
20
1.8049224015748031
11
-0.9667109842519684
21
1.8031691732283464
0
LINE
8
BLACK
6
CONTINUOUS
10
-0.9667109842519684
20
1.8031691732283464
11
-0.9636417716535433
21
1.8000999606299213
0
LINE
8
BLACK
6
CONTINUOUS
10
-0.9636417716535433
20
1.8000999606299213
11
-0.9618885433070866
21
1.7961292519685039
0
LINE
8
BLACK
6
CONTINUOUS
10
-0.9618885433070866
20
1.7961292519685039
11
-0.9615748031496063
21
1.7934251181102361
0
LINE
8
BLACK
6
CONTINUOUS
10
-0.9615748031496063
20
1.7934251181102361
11
-0.9615748031496063
21
1.7579920472440944
0
LINE
8
BLACK
6
CONTINUOUS
10
-0.9615748031496063
20
1.7579920472440944
11
-0.9618885433070866
21
1.7552879133858268
0
LINE
8
BLACK
6
CONTINUOUS
10
-0.9618885433070866
20
1.7552879133858268
11
-0.9636417716535433
21
1.7513172047244094
0
LINE
8
BLACK
6
CONTINUOUS
10
-0.9636417716535433
20
1.7513172047244094
11
-0.9667109842519684
21
1.7482479921259841
0
LINE
8
BLACK
6
CONTINUOUS
10
-0.9667109842519684
20
1.7482479921259841
11
-0.9706816929133858
21
1.7464947637795276
0
LINE
8
BLACK
6
CONTINUOUS
10
-0.9706816929133858
20
1.7464947637795276
11
-0.9733858267716535
21
1.7461810236220472
0
LINE
8
BLACK
6
CONTINUOUS
10
-0.9733858267716535
20
1.7461810236220472
11
-0.9940551181102362
21
1.7461810236220472
0
LINE
8
BLACK
6
CONTINUOUS
10
-0.9940551181102362
20
1.7461810236220472
11
-0.9967592519685039
21
1.7464947637795276
0
LINE
8
BLACK
6
CONTINUOUS
10
-0.9967592519685039
20
1.7464947637795276
11
-1.0007299606299211
21
1.7482479921259841
0
LINE
8
BLACK
6
CONTINUOUS
10
-1.0007299606299211
20
1.7482479921259841
11
-1.0037991732283464
21
1.7513172047244094
0
LINE
8
BLACK
6
CONTINUOUS
10
-1.0037991732283464
20
1.7513172047244094
11
-1.0055524015748032
21
1.7552879133858268
0
LINE
8
BLACK
6
CONTINUOUS
10
-1.0055524015748032
20
1.7552879133858268
11
-1.0058661417322834
21
1.7579920472440944
0
LINE
8
BLACK
6
CONTINUOUS
10
-1.0058661417322834
20
1.7579920472440944
11
-1.0058661417322834
21
1.7934251181102361
0
LINE
8
BLACK
6
CONTINUOUS
10
-1.0058661417322834
20
1.7934251181102361
11
-1.0055524015748032
21
1.7961292519685039
0
LINE
8
BLACK
6
CONTINUOUS
10
-1.0055524015748032
20
1.7961292519685039
11
-1.0037991732283464
21
1.8000999606299213
0
LINE
8
BLACK
6
CONTINUOUS
10
-1.0037991732283464
20
1.8000999606299213
11
-1.0007299606299211
21
1.8031691732283464
0
LINE
8
BLACK
6
CONTINUOUS
10
-1.0007299606299211
20
1.8031691732283464
11
-0.9967592519685039
21
1.8049224015748031
0
LINE
8
BLACK
6
CONTINUOUS
10
-0.9967592519685039
20
1.8049224015748031
11
-0.9940551181102362
21
1.8052361417322835
0
LINE
8
BLACK
6
CONTINUOUS
10
-0.9940551181102362
20
1.8052361417322835
11
-0.9733858267716535
21
1.8052361417322835
0
LINE
8
BLACK
6
CONTINUOUS
10
-0.9733858267716535
20
1.8052361417322835
11
-0.9706816929133858
21
1.8049224015748031
0
LINE
8
BLACK
6
CONTINUOUS
10
-0.5681620078740157
20
1.8737020078740156
11
-0.5641912992125984
21
1.8719487795275591
0
LINE
8
BLACK
6
CONTINUOUS
10
-0.5641912992125984
20
1.8719487795275591
11
-0.5611220866141732
21
1.8688795669291338
0
LINE
8
BLACK
6
CONTINUOUS
10
-0.5611220866141732
20
1.8688795669291338
11
-0.5593688582677165
21
1.8649088582677165
0
LINE
8
BLACK
6
CONTINUOUS
10
-0.5593688582677165
20
1.8649088582677165
11
-0.5590551181102362
21
1.8622047244094488
0
LINE
8
BLACK
6
CONTINUOUS
10
-0.5590551181102362
20
1.8622047244094488
11
-0.5590551181102362
21
1.7834645669291338
0
LINE
8
BLACK
6
CONTINUOUS
10
-0.5590551181102362
20
1.7834645669291338
11
-0.5593688582677165
21
1.7807604330708662
0
LINE
8
BLACK
6
CONTINUOUS
10
-0.5593688582677165
20
1.7807604330708662
11
-0.5611220866141732
21
1.7767897244094488
0
LINE
8
BLACK
6
CONTINUOUS
10
-0.5611220866141732
20
1.7767897244094488
11
-0.5641912992125984
21
1.7737205118110235
0
LINE
8
BLACK
6
CONTINUOUS
10
-0.5641912992125984
20
1.7737205118110235
11
-0.5681620078740157
21
1.7719672834645668
0
LINE
8
BLACK
6
CONTINUOUS
10
-0.5681620078740157
20
1.7719672834645668
11
-0.5708661417322834
21
1.7716535433070866
0
LINE
8
BLACK
6
CONTINUOUS
10
-0.5708661417322834
20
1.7716535433070866
11
-0.6417322834645669
21
1.7716535433070866
0
LINE
8
BLACK
6
CONTINUOUS
10
-0.6417322834645669
20
1.7716535433070866
11
-0.6444364173228346
21
1.7719672834645668
0
LINE
8
BLACK
6
CONTINUOUS
10
-0.6444364173228346
20
1.7719672834645668
11
-0.648407125984252
21
1.7737205118110235
0
LINE
8
BLACK
6
CONTINUOUS
10
-0.648407125984252
20
1.7737205118110235
11
-0.6514763385826772
21
1.7767897244094488
0
LINE
8
BLACK
6
CONTINUOUS
10
-0.6514763385826772
20
1.7767897244094488
11
-0.6532295669291338
21
1.7807604330708662
0
LINE
8
BLACK
6
CONTINUOUS
10
-0.6532295669291338
20
1.7807604330708662
11
-0.6535433070866141
21
1.7834645669291338
0
LINE
8
BLACK
6
CONTINUOUS
10
-0.6535433070866141
20
1.7834645669291338
11
-0.6535433070866141
21
1.8622047244094488
0
LINE
8
BLACK
6
CONTINUOUS
10
-0.6535433070866141
20
1.8622047244094488
11
-0.6532295669291338
21
1.8649088582677165
0
LINE
8
BLACK
6
CONTINUOUS
10
-0.6532295669291338
20
1.8649088582677165
11
-0.6514763385826772
21
1.8688795669291338
0
LINE
8
BLACK
6
CONTINUOUS
10
-0.6514763385826772
20
1.8688795669291338
11
-0.648407125984252
21
1.8719487795275591
0
LINE
8
BLACK
6
CONTINUOUS
10
-0.648407125984252
20
1.8719487795275591
11
-0.6444364173228346
21
1.8737020078740156
0
LINE
8
BLACK
6
CONTINUOUS
10
-0.6444364173228346
20
1.8737020078740156
11
-0.6417322834645669
21
1.8740157480314961
0
LINE
8
BLACK
6
CONTINUOUS
10
-0.6417322834645669
20
1.8740157480314961
11
-0.5708661417322834
21
1.8740157480314961
0
LINE
8
BLACK
6
CONTINUOUS
10
-0.5708661417322834
20
1.8740157480314961
11
-0.5681620078740157
21
1.8737020078740156
0
LINE
8
BLACK
6
CONTINUOUS
10
0.0098800787401575
20
1.8915471653543308
11
0.0161962598425197
21
1.8894948818897637
0
LINE
8
BLACK
6
CONTINUOUS
10
0.0161962598425197
20
1.8894948818897637
11
0.0221136220472441
21
1.8864798425196849
0
LINE
8
BLACK
6
CONTINUOUS
10
0.0221136220472441
20
1.8864798425196849
11
0.0274864960629921
21
1.882576220472441
0
LINE
8
BLACK
6
CONTINUOUS
10
0.0274864960629921
20
1.882576220472441
11
0.0321825196850394
21
1.8778801968503938
0
LINE
8
BLACK
6
CONTINUOUS
10
0.0321825196850394
20
1.8778801968503938
11
0.0360861417322835
21
1.8725073228346456
0
LINE
8
BLACK
6
CONTINUOUS
10
0.0360861417322835
20
1.8725073228346456
11
0.0391011811023622
21
1.8665899606299212
0
LINE
8
BLACK
6
CONTINUOUS
10
0.0391011811023622
20
1.8665899606299212
11
0.0411534645669291
21
1.860273779527559
0
LINE
8
BLACK
6
CONTINUOUS
10
0.0411534645669291
20
1.860273779527559
11
0.0421923622047244
21
1.8537143307086614
0
LINE
8
BLACK
6
CONTINUOUS
10
0.0421923622047244
20
1.8537143307086614
11
0.0421923622047244
21
1.8470730708661416
0
LINE
8
BLACK
6
CONTINUOUS
10
0.0421923622047244
20
1.8470730708661416
11
0.0411534645669291
21
1.840513622047244
0
LINE
8
BLACK
6
CONTINUOUS
10
0.0411534645669291
20
1.840513622047244
11
0.0391011811023622
21
1.8341974409448818
0
LINE
8
BLACK
6
CONTINUOUS
10
0.0391011811023622
20
1.8341974409448818
11
0.0360861417322835
21
1.8282800787401574
0
LINE
8
BLACK
6
CONTINUOUS
10
0.0360861417322835
20
1.8282800787401574
11
0.0321825196850394
21
1.8229072047244095
0
LINE
8
BLACK
6
CONTINUOUS
10
0.0321825196850394
20
1.8229072047244095
11
0.0274864960629921
21
1.8182111811023622
0
LINE
8
BLACK
6
CONTINUOUS
10
0.0274864960629921
20
1.8182111811023622
11
0.0221136220472441
21
1.8143075590551181
0
LINE
8
BLACK
6
CONTINUOUS
10
0.0221136220472441
20
1.8143075590551181
11
0.0161962598425197
21
1.8112925196850393
0
LINE
8
BLACK
6
CONTINUOUS
10
0.0161962598425197
20
1.8112925196850393
11
0.0098800787401575
21
1.8092402362204725
0
LINE
8
BLACK
6
CONTINUOUS
10
0.0098800787401575
20
1.8092402362204725
11
0.0033206299212598
21
1.8082013385826772
0
LINE
8
BLACK
6
CONTINUOUS
10
0.0033206299212598
20
1.8082013385826772
11
-0.0033206299212598
21
1.8082013385826772
0
LINE
8
BLACK
6
CONTINUOUS
10
-0.0033206299212598
20
1.8082013385826772
11
-0.0098800787401575
21
1.8092402362204725
0
LINE
8
BLACK
6
CONTINUOUS
10
-0.0098800787401575
20
1.8092402362204725
11
-0.0161962598425197
21
1.8112925196850393
0
LINE
8
BLACK
6
CONTINUOUS
10
-0.0161962598425197
20
1.8112925196850393
11
-0.0221136220472441
21
1.8143075590551181
0
LINE
8
BLACK
6
CONTINUOUS
10
-0.0221136220472441
20
1.8143075590551181
11
-0.0274864960629921
21
1.8182111811023622
0
LINE
8
BLACK
6
CONTINUOUS
10
-0.0274864960629921
20
1.8182111811023622
11
-0.0321825196850394
21
1.8229072047244095
0
LINE
8
BLACK
6
CONTINUOUS
10
-0.0321825196850394
20
1.8229072047244095
11
-0.0360861417322835
21
1.8282800787401574
0
LINE
8
BLACK
6
CONTINUOUS
10
-0.0360861417322835
20
1.8282800787401574
11
-0.0391011811023622
21
1.8341974409448818
0
LINE
8
BLACK
6
CONTINUOUS
10
-0.0391011811023622
20
1.8341974409448818
11
-0.0411534645669291
21
1.840513622047244
0
LINE
8
BLACK
6
CONTINUOUS
10
-0.0411534645669291
20
1.840513622047244
11
-0.0421923622047244
21
1.8470730708661416
0
LINE
8
BLACK
6
CONTINUOUS
10
-0.0421923622047244
20
1.8470730708661416
11
-0.0421923622047244
21
1.8537143307086614
0
LINE
8
BLACK
6
CONTINUOUS
10
-0.0421923622047244
20
1.8537143307086614
11
-0.0411534645669291
21
1.860273779527559
0
LINE
8
BLACK
6
CONTINUOUS
10
-0.0411534645669291
20
1.860273779527559
11
-0.0391011811023622
21
1.8665899606299212
0
LINE
8
BLACK
6
CONTINUOUS
10
-0.0391011811023622
20
1.8665899606299212
11
-0.0360861417322835
21
1.8725073228346456
0
LINE
8
BLACK
6
CONTINUOUS
10
-0.0360861417322835
20
1.8725073228346456
11
-0.0321825196850394
21
1.8778801968503938
0
LINE
8
BLACK
6
CONTINUOUS
10
-0.0321825196850394
20
1.8778801968503938
11
-0.0274864960629921
21
1.882576220472441
0
LINE
8
BLACK
6
CONTINUOUS
10
-0.0274864960629921
20
1.882576220472441
11
-0.0221136220472441
21
1.8864798425196849
0
LINE
8
BLACK
6
CONTINUOUS
10
-0.0221136220472441
20
1.8864798425196849
11
-0.0161962598425197
21
1.8894948818897637
0
LINE
8
BLACK
6
CONTINUOUS
10
-0.0161962598425197
20
1.8894948818897637
11
-0.0098800787401575
21
1.8915471653543308
0
LINE
8
BLACK
6
CONTINUOUS
10
-0.0098800787401575
20
1.8915471653543308
11
-0.0033206299212598
21
1.8925860629921258
0
LINE
8
BLACK
6
CONTINUOUS
10
-0.0033206299212598
20
1.8925860629921258
11
0.0033206299212598
21
1.8925860629921258
0
LINE
8
BLACK
6
CONTINUOUS
10
0.0033206299212598
20
1.8925860629921258
11
0.0098800787401575
21
1.8915471653543308
0
LINE
8
BLACK
6
CONTINUOUS
10
-0.4402092519685039
20
1.8766547637795274
11
-0.4362385433070866
21
1.8749015354330709
0
LINE
8
BLACK
6
CONTINUOUS
10
-0.4362385433070866
20
1.8749015354330709
11
-0.4331693307086614
21
1.8718323228346456
0
LINE
8
BLACK
6
CONTINUOUS
10
-0.4331693307086614
20
1.8718323228346456
11
-0.4314161023622047
21
1.8678616141732283
0
LINE
8
BLACK
6
CONTINUOUS
10
-0.4314161023622047
20
1.8678616141732283
11
-0.4311023622047244
21
1.8651574803149606
0
LINE
8
BLACK
6
CONTINUOUS
10
-0.4311023622047244
20
1.8651574803149606
11
-0.4311023622047244
21
1.8277559055118109
0
LINE
8
BLACK
6
CONTINUOUS
10
-0.4311023622047244
20
1.8277559055118109
11
-0.4314161023622047
21
1.8250517716535433
0
LINE
8
BLACK
6
CONTINUOUS
10
-0.4314161023622047
20
1.8250517716535433
11
-0.4331693307086614
21
1.8210810629921259
0
LINE
8
BLACK
6
CONTINUOUS
10
-0.4331693307086614
20
1.8210810629921259
11
-0.4362385433070866
21
1.8180118503937008
0
LINE
8
BLACK
6
CONTINUOUS
10
-0.4362385433070866
20
1.8180118503937008
11
-0.4402092519685039
21
1.8162586220472441
0
LINE
8
BLACK
6
CONTINUOUS
10
-0.4402092519685039
20
1.8162586220472441
11
-0.4429133858267716
21
1.8159448818897637
0
LINE
8
BLACK
6
CONTINUOUS
10
-0.4429133858267716
20
1.8159448818897637
11
-0.4625984251968504
21
1.8159448818897637
0
LINE
8
BLACK
6
CONTINUOUS
10
-0.4625984251968504
20
1.8159448818897637
11
-0.4653025590551181
21
1.8162586220472441
0
LINE
8
BLACK
6
CONTINUOUS
10
-0.4653025590551181
20
1.8162586220472441
11
-0.4692732677165354
21
1.8180118503937008
0
LINE
8
BLACK
6
CONTINUOUS
10
-0.4692732677165354
20
1.8180118503937008
11
-0.4723424803149606
21
1.8210810629921259
0
LINE
8
BLACK
6
CONTINUOUS
10
-0.4723424803149606
20
1.8210810629921259
11
-0.4740957086614173
21
1.8250517716535433
0
LINE
8
BLACK
6
CONTINUOUS
10
-0.4740957086614173
20
1.8250517716535433
11
-0.4744094488188976
21
1.8277559055118109
0
LINE
8
BLACK
6
CONTINUOUS
10
-0.4744094488188976
20
1.8277559055118109
11
-0.4744094488188976
21
1.8651574803149606
0
LINE
8
BLACK
6
CONTINUOUS
10
-0.4744094488188976
20
1.8651574803149606
11
-0.4740957086614173
21
1.8678616141732283
0
LINE
8
BLACK
6
CONTINUOUS
10
-0.4740957086614173
20
1.8678616141732283
11
-0.4723424803149606
21
1.8718323228346456
0
LINE
8
BLACK
6
CONTINUOUS
10
-0.4723424803149606
20
1.8718323228346456
11
-0.4692732677165354
21
1.8749015354330709
0
LINE
8
BLACK
6
CONTINUOUS
10
-0.4692732677165354
20
1.8749015354330709
11
-0.4653025590551181
21
1.8766547637795274
0
LINE
8
BLACK
6
CONTINUOUS
10
-0.4653025590551181
20
1.8766547637795274
11
-0.4625984251968504
21
1.8769685039370079
0
LINE
8
BLACK
6
CONTINUOUS
10
-0.4625984251968504
20
1.8769685039370079
11
-0.4429133858267716
21
1.8769685039370079
0
LINE
8
BLACK
6
CONTINUOUS
10
-0.4429133858267716
20
1.8769685039370079
11
-0.4402092519685039
21
1.8766547637795274
0
LINE
8
BLACK
6
CONTINUOUS
10
-0.3654061023622047
20
1.8766547637795274
11
-0.3614353937007874
21
1.8749015354330709
0
LINE
8
BLACK
6
CONTINUOUS
10
-0.3614353937007874
20
1.8749015354330709
11
-0.3583661811023622
21
1.8718323228346456
0
LINE
8
BLACK
6
CONTINUOUS
10
-0.3583661811023622
20
1.8718323228346456
11
-0.3566129527559055
21
1.8678616141732283
0
LINE
8
BLACK
6
CONTINUOUS
10
-0.3566129527559055
20
1.8678616141732283
11
-0.3562992125984252
21
1.8651574803149606
0
LINE
8
BLACK
6
CONTINUOUS
10
-0.3562992125984252
20
1.8651574803149606
11
-0.3562992125984252
21
1.8277559055118109
0
LINE
8
BLACK
6
CONTINUOUS
10
-0.3562992125984252
20
1.8277559055118109
11
-0.3566129527559055
21
1.8250517716535433
0
LINE
8
BLACK
6
CONTINUOUS
10
-0.3566129527559055
20
1.8250517716535433
11
-0.3583661811023622
21
1.8210810629921259
0
LINE
8
BLACK
6
CONTINUOUS
10
-0.3583661811023622
20
1.8210810629921259
11
-0.3614353937007874
21
1.8180118503937008
0
LINE
8
BLACK
6
CONTINUOUS
10
-0.3614353937007874
20
1.8180118503937008
11
-0.3654061023622047
21
1.8162586220472441
0
LINE
8
BLACK
6
CONTINUOUS
10
-0.3654061023622047
20
1.8162586220472441
11
-0.3681102362204725
21
1.8159448818897637
0
LINE
8
BLACK
6
CONTINUOUS
10
-0.3681102362204725
20
1.8159448818897637
11
-0.3877952755905512
21
1.8159448818897637
0
LINE
8
BLACK
6
CONTINUOUS
10
-0.3877952755905512
20
1.8159448818897637
11
-0.3904994094488189
21
1.8162586220472441
0
LINE
8
BLACK
6
CONTINUOUS
10
-0.3904994094488189
20
1.8162586220472441
11
-0.3944701181102362
21
1.8180118503937008
0
LINE
8
BLACK
6
CONTINUOUS
10
-0.3944701181102362
20
1.8180118503937008
11
-0.3975393307086614
21
1.8210810629921259
0
LINE
8
BLACK
6
CONTINUOUS
10
-0.3975393307086614
20
1.8210810629921259
11
-0.3992925590551181
21
1.8250517716535433
0
LINE
8
BLACK
6
CONTINUOUS
10
-0.3992925590551181
20
1.8250517716535433
11
-0.3996062992125984
21
1.8277559055118109
0
LINE
8
BLACK
6
CONTINUOUS
10
-0.3996062992125984
20
1.8277559055118109
11
-0.3996062992125984
21
1.8651574803149606
0
LINE
8
BLACK
6
CONTINUOUS
10
-0.3996062992125984
20
1.8651574803149606
11
-0.3992925590551181
21
1.8678616141732283
0
LINE
8
BLACK
6
CONTINUOUS
10
-0.3992925590551181
20
1.8678616141732283
11
-0.3975393307086614
21
1.8718323228346456
0
LINE
8
BLACK
6
CONTINUOUS
10
-0.3975393307086614
20
1.8718323228346456
11
-0.3944701181102362
21
1.8749015354330709
0
LINE
8
BLACK
6
CONTINUOUS
10
-0.3944701181102362
20
1.8749015354330709
11
-0.3904994094488189
21
1.8766547637795274
0
LINE
8
BLACK
6
CONTINUOUS
10
-0.3904994094488189
20
1.8766547637795274
11
-0.3877952755905512
21
1.8769685039370079
0
LINE
8
BLACK
6
CONTINUOUS
10
-0.3877952755905512
20
1.8769685039370079
11
-0.3681102362204725
21
1.8769685039370079
0
LINE
8
BLACK
6
CONTINUOUS
10
-0.3681102362204725
20
1.8769685039370079
11
-0.3654061023622047
21
1.8766547637795274
0
LINE
8
BLACK
6
CONTINUOUS
10
-1.4645669291338583
20
2.0098425196850394
11
-1.3740157480314961
21
2.0098425196850394
0
LINE
8
BLACK
6
CONTINUOUS
10
-1.3740157480314961
20
2.0098425196850394
11
-1.3732624409448819
21
2.0096926771653543
0
LINE
8
BLACK
6
CONTINUOUS
10
-1.3732624409448819
20
2.0096926771653543
11
-1.3726238188976378
21
2.0092659448818897
0
LINE
8
BLACK
6
CONTINUOUS
10
-1.3726238188976378
20
2.0092659448818897
11
-1.3721970866141733
21
2.0086273228346458
0
LINE
8
BLACK
6
CONTINUOUS
10
-1.3721970866141733
20
2.0086273228346458
11
-1.3720472440944882
21
2.0078740157480315
0
LINE
8
BLACK
6
CONTINUOUS
10
-1.3720472440944882
20
2.0078740157480315
11
-1.3720472440944882
21
1.9685039370078741
0
LINE
8
BLACK
6
CONTINUOUS
10
-1.3720472440944882
20
1.9685039370078741
11
-1.3721970866141733
21
1.9677506299212597
0
LINE
8
BLACK
6
CONTINUOUS
10
-1.3721970866141733
20
1.9677506299212597
11
-1.3726238188976378
21
1.9671120078740156
0
LINE
8
BLACK
6
CONTINUOUS
10
-1.3726238188976378
20
1.9671120078740156
11
-1.3732624409448819
21
1.9666852755905511
0
LINE
8
BLACK
6
CONTINUOUS
10
-1.3732624409448819
20
1.9666852755905511
11
-1.3740157480314961
21
1.9665354330708662
0
LINE
8
BLACK
6
CONTINUOUS
10
-1.3740157480314961
20
1.9665354330708662
11
-1.4625984251968505
21
1.9665354330708662
0
LINE
8
BLACK
6
CONTINUOUS
10
-1.4625984251968505
20
1.9665354330708662
11
-1.4625984251968505
21
1.8779527559055118
0
LINE
8
BLACK
6
CONTINUOUS
10
-1.4625984251968505
20
1.8779527559055118
11
-1.4627482677165353
21
1.8771994488188977
0
LINE
8
BLACK
6
CONTINUOUS
10
-1.4627482677165353
20
1.8771994488188977
11
-1.4631749999999999
21
1.8765608267716536
0
LINE
8
BLACK
6
CONTINUOUS
10
-1.4631749999999999
20
1.8765608267716536
11
-1.463813622047244
21
1.876134094488189
0
LINE
8
BLACK
6
CONTINUOUS
10
-1.463813622047244
20
1.876134094488189
11
-1.4645669291338583
21
1.8759842519685039
0
LINE
8
BLACK
6
CONTINUOUS
10
-1.4645669291338583
20
1.8759842519685039
11
-1.5039370078740157
21
1.8759842519685039
0
LINE
8
BLACK
6
CONTINUOUS
10
-1.5039370078740157
20
1.8759842519685039
11
-1.5046903149606299
21
1.876134094488189
0
LINE
8
BLACK
6
CONTINUOUS
10
-1.5046903149606299
20
1.876134094488189
11
-1.505328937007874
21
1.8765608267716536
0
LINE
8
BLACK
6
CONTINUOUS
10
-1.505328937007874
20
1.8765608267716536
11
-1.5057556692913385
21
1.8771994488188977
0
LINE
8
BLACK
6
CONTINUOUS
10
-1.5057556692913385
20
1.8771994488188977
11
-1.5059055118110236
21
1.8779527559055118
0
LINE
8
BLACK
6
CONTINUOUS
10
-1.5059055118110236
20
1.8779527559055118
11
-1.5059055118110236
21
1.9685039370078741
0
LINE
8
BLACK
6
CONTINUOUS
10
-1.5059055118110236
20
1.9685039370078741
11
-1.5059055118110236
21
2.0078740157480315
0
LINE
8
BLACK
6
CONTINUOUS
10
-1.5059055118110236
20
2.0078740157480315
11
-1.5057556692913385
21
2.0086273228346458
0
LINE
8
BLACK
6
CONTINUOUS
10
-1.5057556692913385
20
2.0086273228346458
11
-1.505328937007874
21
2.0092659448818897
0
LINE
8
BLACK
6
CONTINUOUS
10
-1.505328937007874
20
2.0092659448818897
11
-1.5046903149606299
21
2.0096926771653543
0
LINE
8
BLACK
6
CONTINUOUS
10
-1.5046903149606299
20
2.0096926771653543
11
-1.5039370078740157
21
2.0098425196850394
0
LINE
8
BLACK
6
CONTINUOUS
10
-1.5039370078740157
20
2.0098425196850394
11
-1.4645669291338583
21
2.0098425196850394
0
LINE
8
BLACK
6
CONTINUOUS
10
-0.2519685039370079
20
2.0098425196850394
11
-0.2125984251968504
21
2.0098425196850394
0
LINE
8
BLACK
6
CONTINUOUS
10
-0.2125984251968504
20
2.0098425196850394
11
-0.2118451181102362
21
2.0096926771653543
0
LINE
8
BLACK
6
CONTINUOUS
10
-0.2118451181102362
20
2.0096926771653543
11
-0.2112064960629921
21
2.0092659448818897
0
LINE
8
BLACK
6
CONTINUOUS
10
-0.2112064960629921
20
2.0092659448818897
11
-0.2107797637795276
21
2.0086273228346458
0
LINE
8
BLACK
6
CONTINUOUS
10
-0.2107797637795276
20
2.0086273228346458
11
-0.2106299212598425
21
2.0078740157480315
0
LINE
8
BLACK
6
CONTINUOUS
10
-0.2106299212598425
20
2.0078740157480315
11
-0.2106299212598425
21
1.9685039370078741
0
LINE
8
BLACK
6
CONTINUOUS
10
-0.2106299212598425
20
1.9685039370078741
11
-0.2106299212598425
21
1.8779527559055118
0
LINE
8
BLACK
6
CONTINUOUS
10
-0.2106299212598425
20
1.8779527559055118
11
-0.2107797637795276
21
1.8771994488188977
0
LINE
8
BLACK
6
CONTINUOUS
10
-0.2107797637795276
20
1.8771994488188977
11
-0.2112064960629921
21
1.8765608267716536
0
LINE
8
BLACK
6
CONTINUOUS
10
-0.2112064960629921
20
1.8765608267716536
11
-0.2118451181102362
21
1.876134094488189
0
LINE
8
BLACK
6
CONTINUOUS
10
-0.2118451181102362
20
1.876134094488189
11
-0.2125984251968504
21
1.8759842519685039
0
LINE
8
BLACK
6
CONTINUOUS
10
-0.2125984251968504
20
1.8759842519685039
11
-0.2519685039370079
21
1.8759842519685039
0
LINE
8
BLACK
6
CONTINUOUS
10
-0.2519685039370079
20
1.8759842519685039
11
-0.2527218110236221
21
1.876134094488189
0
LINE
8
BLACK
6
CONTINUOUS
10
-0.2527218110236221
20
1.876134094488189
11
-0.2533604330708661
21
1.8765608267716536
0
LINE
8
BLACK
6
CONTINUOUS
10
-0.2533604330708661
20
1.8765608267716536
11
-0.2537871653543307
21
1.8771994488188977
0
LINE
8
BLACK
6
CONTINUOUS
10
-0.2537871653543307
20
1.8771994488188977
11
-0.2539370078740157
21
1.8779527559055118
0
LINE
8
BLACK
6
CONTINUOUS
10
-0.2539370078740157
20
1.8779527559055118
11
-0.2539370078740157
21
1.9665354330708662
0
LINE
8
BLACK
6
CONTINUOUS
10
-0.2539370078740157
20
1.9665354330708662
11
-0.3425196850393701
21
1.9665354330708662
0
LINE
8
BLACK
6
CONTINUOUS
10
-0.3425196850393701
20
1.9665354330708662
11
-0.3432729921259842
21
1.9666852755905511
0
LINE
8
BLACK
6
CONTINUOUS
10
-0.3432729921259842
20
1.9666852755905511
11
-0.3439116141732284
21
1.9671120078740156
0
LINE
8
BLACK
6
CONTINUOUS
10
-0.3439116141732284
20
1.9671120078740156
11
-0.3443383464566929
21
1.9677506299212597
0
LINE
8
BLACK
6
CONTINUOUS
10
-0.3443383464566929
20
1.9677506299212597
11
-0.344488188976378
21
1.9685039370078741
0
LINE
8
BLACK
6
CONTINUOUS
10
-0.344488188976378
20
1.9685039370078741
11
-0.344488188976378
21
2.0078740157480315
0
LINE
8
BLACK
6
CONTINUOUS
10
-0.344488188976378
20
2.0078740157480315
11
-0.3443383464566929
21
2.0086273228346458
0
LINE
8
BLACK
6
CONTINUOUS
10
-0.3443383464566929
20
2.0086273228346458
11
-0.3439116141732284
21
2.0092659448818897
0
LINE
8
BLACK
6
CONTINUOUS
10
-0.3439116141732284
20
2.0092659448818897
11
-0.3432729921259842
21
2.0096926771653543
0
LINE
8
BLACK
6
CONTINUOUS
10
-0.3432729921259842
20
2.0096926771653543
11
-0.3425196850393701
21
2.0098425196850394
0
LINE
8
BLACK
6
CONTINUOUS
10
-0.3425196850393701
20
2.0098425196850394
11
-0.2519685039370079
21
2.0098425196850394
0
LINE
8
BLACK
6
CONTINUOUS
10
-0.0892008661417323
20
1.9953753937007874
11
-0.082297125984252
21
1.9931322047244093
0
LINE
8
BLACK
6
CONTINUOUS
10
-0.082297125984252
20
1.9931322047244093
11
-0.0758292913385827
21
1.9898366929133857
0
LINE
8
BLACK
6
CONTINUOUS
10
-0.0758292913385827
20
1.9898366929133857
11
-0.0699566535433071
21
1.9855699606299213
0
LINE
8
BLACK
6
CONTINUOUS
10
-0.0699566535433071
20
1.9855699606299213
11
-0.0648237401574803
21
1.9804370472440944
0
LINE
8
BLACK
6
CONTINUOUS
10
-0.0648237401574803
20
1.9804370472440944
11
-0.0605570078740157
21
1.9745644094488188
0
LINE
8
BLACK
6
CONTINUOUS
10
-0.0605570078740157
20
1.9745644094488188
11
-0.0572614960629921
21
1.9680965748031496
0
LINE
8
BLACK
6
CONTINUOUS
10
-0.0572614960629921
20
1.9680965748031496
11
-0.0550183070866142
21
1.9611928346456693
0
LINE
8
BLACK
6
CONTINUOUS
10
-0.0550183070866142
20
1.9611928346456693
11
-0.0538827559055118
21
1.9540231889763779
0
LINE
8
BLACK
6
CONTINUOUS
10
-0.0538827559055118
20
1.9540231889763779
11
-0.0538827559055118
21
1.9467642125984252
0
LINE
8
BLACK
6
CONTINUOUS
10
-0.0538827559055118
20
1.9467642125984252
11
-0.0550183070866142
21
1.9395945669291339
0
LINE
8
BLACK
6
CONTINUOUS
10
-0.0550183070866142
20
1.9395945669291339
11
-0.0572614960629921
21
1.9326908267716536
0
LINE
8
BLACK
6
CONTINUOUS
10
-0.0572614960629921
20
1.9326908267716536
11
-0.0605570078740157
21
1.9262229921259841
0
LINE
8
BLACK
6
CONTINUOUS
10
-0.0605570078740157
20
1.9262229921259841
11
-0.0648237401574803
21
1.9203503543307086
0
LINE
8
BLACK
6
CONTINUOUS
10
-0.0648237401574803
20
1.9203503543307086
11
-0.0699566535433071
21
1.9152174409448819
0
LINE
8
BLACK
6
CONTINUOUS
10
-0.0699566535433071
20
1.9152174409448819
11
-0.0758292913385827
21
1.9109507086614173
0
LINE
8
BLACK
6
CONTINUOUS
10
-0.0758292913385827
20
1.9109507086614173
11
-0.082297125984252
21
1.9076551968503936
0
LINE
8
BLACK
6
CONTINUOUS
10
-0.082297125984252
20
1.9076551968503936
11
-0.0892008661417323
21
1.9054120078740158
0
LINE
8
BLACK
6
CONTINUOUS
10
-0.0892008661417323
20
1.9054120078740158
11
-0.0963705118110236
21
1.9042764566929133
0
LINE
8
BLACK
6
CONTINUOUS
10
-0.0963705118110236
20
1.9042764566929133
11
-0.1036294881889764
21
1.9042764566929133
0
LINE
8
BLACK
6
CONTINUOUS
10
-0.1036294881889764
20
1.9042764566929133
11
-0.1107991338582677
21
1.9054120078740158
0
LINE
8
BLACK
6
CONTINUOUS
10
-0.1107991338582677
20
1.9054120078740158
11
-0.117702874015748
21
1.9076551968503936
0
LINE
8
BLACK
6
CONTINUOUS
10
-0.117702874015748
20
1.9076551968503936
11
-0.1241707086614173
21
1.9109507086614173
0
LINE
8
BLACK
6
CONTINUOUS
10
-0.1241707086614173
20
1.9109507086614173
11
-0.1300433464566929
21
1.9152174409448819
0
LINE
8
BLACK
6
CONTINUOUS
10
-0.1300433464566929
20
1.9152174409448819
11
-0.1351762598425197
21
1.9203503543307086
0
LINE
8
BLACK
6
CONTINUOUS
10
-0.1351762598425197
20
1.9203503543307086
11
-0.1394429921259842
21
1.9262229921259841
0
LINE
8
BLACK
6
CONTINUOUS
10
-0.1394429921259842
20
1.9262229921259841
11
-0.1427385039370079
21
1.9326908267716536
0
LINE
8
BLACK
6
CONTINUOUS
10
-0.1427385039370079
20
1.9326908267716536
11
-0.1449816929133858
21
1.9395945669291339
0
LINE
8
BLACK
6
CONTINUOUS
10
-0.1449816929133858
20
1.9395945669291339
11
-0.1461172440944882
21
1.9467642125984252
0
LINE
8
BLACK
6
CONTINUOUS
10
-0.1461172440944882
20
1.9467642125984252
11
-0.1461172440944882
21
1.9540231889763779
0
LINE
8
BLACK
6
CONTINUOUS
10
-0.1461172440944882
20
1.9540231889763779
11
-0.1449816929133858
21
1.9611928346456693
0
LINE
8
BLACK
6
CONTINUOUS
10
-0.1449816929133858
20
1.9611928346456693
11
-0.1427385039370079
21
1.9680965748031496
0
LINE
8
BLACK
6
CONTINUOUS
10
-0.1427385039370079
20
1.9680965748031496
11
-0.1394429921259842
21
1.9745644094488188
0
LINE
8
BLACK
6
CONTINUOUS
10
-0.1394429921259842
20
1.9745644094488188
11
-0.1351762598425197
21
1.9804370472440944
0
LINE
8
BLACK
6
CONTINUOUS
10
-0.1351762598425197
20
1.9804370472440944
11
-0.1300433464566929
21
1.9855699606299213
0
LINE
8
BLACK
6
CONTINUOUS
10
-0.1300433464566929
20
1.9855699606299213
11
-0.1241707086614173
21
1.9898366929133857
0
LINE
8
BLACK
6
CONTINUOUS
10
-0.1241707086614173
20
1.9898366929133857
11
-0.117702874015748
21
1.9931322047244093
0
LINE
8
BLACK
6
CONTINUOUS
10
-0.117702874015748
20
1.9931322047244093
11
-0.1107991338582677
21
1.9953753937007874
0
LINE
8
BLACK
6
CONTINUOUS
10
-0.1107991338582677
20
1.9953753937007874
11
-0.1036294881889764
21
1.9965109448818896
0
LINE
8
BLACK
6
CONTINUOUS
10
-0.1036294881889764
20
1.9965109448818896
11
-0.0963705118110236
21
1.9965109448818896
0
LINE
8
BLACK
6
CONTINUOUS
10
-0.0963705118110236
20
1.9965109448818896
11
-0.0892008661417323
21
1.9953753937007874
0
LINE
8
BLACK
6
CONTINUOUS
10
0.1107991338582677
20
1.9953753937007874
11
0.117702874015748
21
1.9931322047244093
0
LINE
8
BLACK
6
CONTINUOUS
10
0.117702874015748
20
1.9931322047244093
11
0.1241707086614173
21
1.9898366929133857
0
LINE
8
BLACK
6
CONTINUOUS
10
0.1241707086614173
20
1.9898366929133857
11
0.1300433464566929
21
1.9855699606299213
0
LINE
8
BLACK
6
CONTINUOUS
10
0.1300433464566929
20
1.9855699606299213
11
0.1351762598425197
21
1.9804370472440944
0
LINE
8
BLACK
6
CONTINUOUS
10
0.1351762598425197
20
1.9804370472440944
11
0.1394429921259842
21
1.9745644094488188
0
LINE
8
BLACK
6
CONTINUOUS
10
0.1394429921259842
20
1.9745644094488188
11
0.1427385039370079
21
1.9680965748031496
0
LINE
8
BLACK
6
CONTINUOUS
10
0.1427385039370079
20
1.9680965748031496
11
0.1449816929133858
21
1.9611928346456693
0
LINE
8
BLACK
6
CONTINUOUS
10
0.1449816929133858
20
1.9611928346456693
11
0.1461172440944882
21
1.9540231889763779
0
LINE
8
BLACK
6
CONTINUOUS
10
0.1461172440944882
20
1.9540231889763779
11
0.1461172440944882
21
1.9467642125984252
0
LINE
8
BLACK
6
CONTINUOUS
10
0.1461172440944882
20
1.9467642125984252
11
0.1449816929133858
21
1.9395945669291339
0
LINE
8
BLACK
6
CONTINUOUS
10
0.1449816929133858
20
1.9395945669291339
11
0.1427385039370079
21
1.9326908267716536
0
LINE
8
BLACK
6
CONTINUOUS
10
0.1427385039370079
20
1.9326908267716536
11
0.1394429921259842
21
1.9262229921259841
0
LINE
8
BLACK
6
CONTINUOUS
10
0.1394429921259842
20
1.9262229921259841
11
0.1351762598425197
21
1.9203503543307086
0
LINE
8
BLACK
6
CONTINUOUS
10
0.1351762598425197
20
1.9203503543307086
11
0.1300433464566929
21
1.9152174409448819
0
LINE
8
BLACK
6
CONTINUOUS
10
0.1300433464566929
20
1.9152174409448819
11
0.1241707086614173
21
1.9109507086614173
0
LINE
8
BLACK
6
CONTINUOUS
10
0.1241707086614173
20
1.9109507086614173
11
0.117702874015748
21
1.9076551968503936
0
LINE
8
BLACK
6
CONTINUOUS
10
0.117702874015748
20
1.9076551968503936
11
0.1107991338582677
21
1.9054120078740158
0
LINE
8
BLACK
6
CONTINUOUS
10
0.1107991338582677
20
1.9054120078740158
11
0.1036294881889764
21
1.9042764566929133
0
LINE
8
BLACK
6
CONTINUOUS
10
0.1036294881889764
20
1.9042764566929133
11
0.0963705118110236
21
1.9042764566929133
0
LINE
8
BLACK
6
CONTINUOUS
10
0.0963705118110236
20
1.9042764566929133
11
0.0892008661417323
21
1.9054120078740158
0
LINE
8
BLACK
6
CONTINUOUS
10
0.0892008661417323
20
1.9054120078740158
11
0.082297125984252
21
1.9076551968503936
0
LINE
8
BLACK
6
CONTINUOUS
10
0.082297125984252
20
1.9076551968503936
11
0.0758292913385827
21
1.9109507086614173
0
LINE
8
BLACK
6
CONTINUOUS
10
0.0758292913385827
20
1.9109507086614173
11
0.0699566535433071
21
1.9152174409448819
0
LINE
8
BLACK
6
CONTINUOUS
10
0.0699566535433071
20
1.9152174409448819
11
0.0648237401574803
21
1.9203503543307086
0
LINE
8
BLACK
6
CONTINUOUS
10
0.0648237401574803
20
1.9203503543307086
11
0.0605570078740157
21
1.9262229921259841
0
LINE
8
BLACK
6
CONTINUOUS
10
0.0605570078740157
20
1.9262229921259841
11
0.0572614960629921
21
1.9326908267716536
0
LINE
8
BLACK
6
CONTINUOUS
10
0.0572614960629921
20
1.9326908267716536
11
0.0550183070866142
21
1.9395945669291339
0
LINE
8
BLACK
6
CONTINUOUS
10
0.0550183070866142
20
1.9395945669291339
11
0.0538827559055118
21
1.9467642125984252
0
LINE
8
BLACK
6
CONTINUOUS
10
0.0538827559055118
20
1.9467642125984252
11
0.0538827559055118
21
1.9540231889763779
0
LINE
8
BLACK
6
CONTINUOUS
10
0.0538827559055118
20
1.9540231889763779
11
0.0550183070866142
21
1.9611928346456693
0
LINE
8
BLACK
6
CONTINUOUS
10
0.0550183070866142
20
1.9611928346456693
11
0.0572614960629921
21
1.9680965748031496
0
LINE
8
BLACK
6
CONTINUOUS
10
0.0572614960629921
20
1.9680965748031496
11
0.0605570078740157
21
1.9745644094488188
0
LINE
8
BLACK
6
CONTINUOUS
10
0.0605570078740157
20
1.9745644094488188
11
0.0648237401574803
21
1.9804370472440944
0
LINE
8
BLACK
6
CONTINUOUS
10
0.0648237401574803
20
1.9804370472440944
11
0.0699566535433071
21
1.9855699606299213
0
LINE
8
BLACK
6
CONTINUOUS
10
0.0699566535433071
20
1.9855699606299213
11
0.0758292913385827
21
1.9898366929133857
0
LINE
8
BLACK
6
CONTINUOUS
10
0.0758292913385827
20
1.9898366929133857
11
0.082297125984252
21
1.9931322047244093
0
LINE
8
BLACK
6
CONTINUOUS
10
0.082297125984252
20
1.9931322047244093
11
0.0892008661417323
21
1.9953753937007874
0
LINE
8
BLACK
6
CONTINUOUS
10
0.0892008661417323
20
1.9953753937007874
11
0.0963705118110236
21
1.9965109448818896
0
LINE
8
BLACK
6
CONTINUOUS
10
0.0963705118110236
20
1.9965109448818896
11
0.1036294881889764
21
1.9965109448818896
0
LINE
8
BLACK
6
CONTINUOUS
10
0.1036294881889764
20
1.9965109448818896
11
0.1107991338582677
21
1.9953753937007874
0
LINE
8
BLACK
6
CONTINUOUS
10
-1.137041968503937
20
2.0096926771653543
11
-1.1364033464566929
21
2.0092659448818897
0
LINE
8
BLACK
6
CONTINUOUS
10
-1.1364033464566929
20
2.0092659448818897
11
-1.1359766141732284
21
2.0086273228346458
0
LINE
8
BLACK
6
CONTINUOUS
10
-1.1359766141732284
20
2.0086273228346458
11
-1.1358267716535433
21
2.0078740157480315
0
LINE
8
BLACK
6
CONTINUOUS
10
-1.1358267716535433
20
2.0078740157480315
11
-1.1358267716535433
21
1.9685039370078741
0
LINE
8
BLACK
6
CONTINUOUS
10
-1.1358267716535433
20
1.9685039370078741
11
-1.1359766141732284
21
1.9677506299212597
0
LINE
8
BLACK
6
CONTINUOUS
10
-1.1359766141732284
20
1.9677506299212597
11
-1.1364033464566929
21
1.9671120078740156
0
LINE
8
BLACK
6
CONTINUOUS
10
-1.1364033464566929
20
1.9671120078740156
11
-1.137041968503937
21
1.9666852755905511
0
LINE
8
BLACK
6
CONTINUOUS
10
-1.137041968503937
20
1.9666852755905511
11
-1.1377952755905512
21
1.9665354330708662
0
LINE
8
BLACK
6
CONTINUOUS
10
-1.1377952755905512
20
1.9665354330708662
11
-1.2874015748031495
21
1.9665354330708662
0
LINE
8
BLACK
6
CONTINUOUS
10
-1.2874015748031495
20
1.9665354330708662
11
-1.2881548818897637
21
1.9666852755905511
0
LINE
8
BLACK
6
CONTINUOUS
10
-1.2881548818897637
20
1.9666852755905511
11
-1.2887935039370078
21
1.9671120078740156
0
LINE
8
BLACK
6
CONTINUOUS
10
-1.2887935039370078
20
1.9671120078740156
11
-1.2892202362204723
21
1.9677506299212597
0
LINE
8
BLACK
6
CONTINUOUS
10
-1.2892202362204723
20
1.9677506299212597
11
-1.2893700787401574
21
1.9685039370078741
0
LINE
8
BLACK
6
CONTINUOUS
10
-1.2893700787401574
20
1.9685039370078741
11
-1.2893700787401574
21
2.0078740157480315
0
LINE
8
BLACK
6
CONTINUOUS
10
-1.2893700787401574
20
2.0078740157480315
11
-1.2892202362204723
21
2.0086273228346458
0
LINE
8
BLACK
6
CONTINUOUS
10
-1.2892202362204723
20
2.0086273228346458
11
-1.2887935039370078
21
2.0092659448818897
0
LINE
8
BLACK
6
CONTINUOUS
10
-1.2887935039370078
20
2.0092659448818897
11
-1.2881548818897637
21
2.0096926771653543
0
LINE
8
BLACK
6
CONTINUOUS
10
-1.2881548818897637
20
2.0096926771653543
11
-1.2874015748031495
21
2.0098425196850394
0
LINE
8
BLACK
6
CONTINUOUS
10
-1.2874015748031495
20
2.0098425196850394
11
-1.1377952755905512
21
2.0098425196850394
0
LINE
8
BLACK
6
CONTINUOUS
10
-1.1377952755905512
20
2.0098425196850394
11
-1.137041968503937
21
2.0096926771653543
0
LINE
8
BLACK
6
CONTINUOUS
10
-0.9008214960629921
20
2.0096926771653543
11
-0.900182874015748
21
2.0092659448818897
0
LINE
8
BLACK
6
CONTINUOUS
10
-0.900182874015748
20
2.0092659448818897
11
-0.8997561417322835
21
2.0086273228346458
0
LINE
8
BLACK
6
CONTINUOUS
10
-0.8997561417322835
20
2.0086273228346458
11
-0.8996062992125984
21
2.0078740157480315
0
LINE
8
BLACK
6
CONTINUOUS
10
-0.8996062992125984
20
2.0078740157480315
11
-0.8996062992125984
21
1.9685039370078741
0
LINE
8
BLACK
6
CONTINUOUS
10
-0.8996062992125984
20
1.9685039370078741
11
-0.8997561417322835
21
1.9677506299212597
0
LINE
8
BLACK
6
CONTINUOUS
10
-0.8997561417322835
20
1.9677506299212597
11
-0.900182874015748
21
1.9671120078740156
0
LINE
8
BLACK
6
CONTINUOUS
10
-0.900182874015748
20
1.9671120078740156
11
-0.9008214960629921
21
1.9666852755905511
0
LINE
8
BLACK
6
CONTINUOUS
10
-0.9008214960629921
20
1.9666852755905511
11
-0.9015748031496063
21
1.9665354330708662
0
LINE
8
BLACK
6
CONTINUOUS
10
-0.9015748031496063
20
1.9665354330708662
11
-1.0511811023622046
21
1.9665354330708662
0
LINE
8
BLACK
6
CONTINUOUS
10
-1.0511811023622046
20
1.9665354330708662
11
-1.0519344094488188
21
1.9666852755905511
0
LINE
8
BLACK
6
CONTINUOUS
10
-1.0519344094488188
20
1.9666852755905511
11
-1.0525730314960631
21
1.9671120078740156
0
LINE
8
BLACK
6
CONTINUOUS
10
-1.0525730314960631
20
1.9671120078740156
11
-1.0529997637795276
21
1.9677506299212597
0
LINE
8
BLACK
6
CONTINUOUS
10
-1.0529997637795276
20
1.9677506299212597
11
-1.0531496062992125
21
1.9685039370078741
0
LINE
8
BLACK
6
CONTINUOUS
10
-1.0531496062992125
20
1.9685039370078741
11
-1.0531496062992125
21
2.0078740157480315
0
LINE
8
BLACK
6
CONTINUOUS
10
-1.0531496062992125
20
2.0078740157480315
11
-1.0529997637795276
21
2.0086273228346458
0
LINE
8
BLACK
6
CONTINUOUS
10
-1.0529997637795276
20
2.0086273228346458
11
-1.0525730314960631
21
2.0092659448818897
0
LINE
8
BLACK
6
CONTINUOUS
10
-1.0525730314960631
20
2.0092659448818897
11
-1.0519344094488188
21
2.0096926771653543
0
LINE
8
BLACK
6
CONTINUOUS
10
-1.0519344094488188
20
2.0096926771653543
11
-1.0511811023622046
21
2.0098425196850394
0
LINE
8
BLACK
6
CONTINUOUS
10
-1.0511811023622046
20
2.0098425196850394
11
-0.9015748031496063
21
2.0098425196850394
0
LINE
8
BLACK
6
CONTINUOUS
10
-0.9015748031496063
20
2.0098425196850394
11
-0.9008214960629921
21
2.0096926771653543
0
LINE
8
BLACK
6
CONTINUOUS
10
-0.6646010236220472
20
2.0096926771653543
11
-0.6639624015748031
21
2.0092659448818897
0
LINE
8
BLACK
6
CONTINUOUS
10
-0.6639624015748031
20
2.0092659448818897
11
-0.6635356692913386
21
2.0086273228346458
0
LINE
8
BLACK
6
CONTINUOUS
10
-0.6635356692913386
20
2.0086273228346458
11
-0.6633858267716535
21
2.0078740157480315
0
LINE
8
BLACK
6
CONTINUOUS
10
-0.6633858267716535
20
2.0078740157480315
11
-0.6633858267716535
21
1.9685039370078741
0
LINE
8
BLACK
6
CONTINUOUS
10
-0.6633858267716535
20
1.9685039370078741
11
-0.6635356692913386
21
1.9677506299212597
0
LINE
8
BLACK
6
CONTINUOUS
10
-0.6635356692913386
20
1.9677506299212597
11
-0.6639624015748031
21
1.9671120078740156
0
LINE
8
BLACK
6
CONTINUOUS
10
-0.6639624015748031
20
1.9671120078740156
11
-0.6646010236220472
21
1.9666852755905511
0
LINE
8
BLACK
6
CONTINUOUS
10
-0.6646010236220472
20
1.9666852755905511
11
-0.6653543307086615
21
1.9665354330708662
0
LINE
8
BLACK
6
CONTINUOUS
10
-0.6653543307086615
20
1.9665354330708662
11
-0.8149606299212598
21
1.9665354330708662
0
LINE
8
BLACK
6
CONTINUOUS
10
-0.8149606299212598
20
1.9665354330708662
11
-0.815713937007874
21
1.9666852755905511
0
LINE
8
BLACK
6
CONTINUOUS
10
-0.815713937007874
20
1.9666852755905511
11
-0.8163525590551181
21
1.9671120078740156
0
LINE
8
BLACK
6
CONTINUOUS
10
-0.8163525590551181
20
1.9671120078740156
11
-0.8167792913385826
21
1.9677506299212597
0
LINE
8
BLACK
6
CONTINUOUS
10
-0.8167792913385826
20
1.9677506299212597
11
-0.8169291338582677
21
1.9685039370078741
0
LINE
8
BLACK
6
CONTINUOUS
10
-0.8169291338582677
20
1.9685039370078741
11
-0.8169291338582677
21
2.0078740157480315
0
LINE
8
BLACK
6
CONTINUOUS
10
-0.8169291338582677
20
2.0078740157480315
11
-0.8167792913385826
21
2.0086273228346458
0
LINE
8
BLACK
6
CONTINUOUS
10
-0.8167792913385826
20
2.0086273228346458
11
-0.8163525590551181
21
2.0092659448818897
0
LINE
8
BLACK
6
CONTINUOUS
10
-0.8163525590551181
20
2.0092659448818897
11
-0.815713937007874
21
2.0096926771653543
0
LINE
8
BLACK
6
CONTINUOUS
10
-0.815713937007874
20
2.0096926771653543
11
-0.8149606299212598
21
2.0098425196850394
0
LINE
8
BLACK
6
CONTINUOUS
10
-0.8149606299212598
20
2.0098425196850394
11
-0.6653543307086615
21
2.0098425196850394
0
LINE
8
BLACK
6
CONTINUOUS
10
-0.6653543307086615
20
2.0098425196850394
11
-0.6646010236220472
21
2.0096926771653543
0
LINE
8
BLACK
6
CONTINUOUS
10
-0.4283805511811024
20
2.0096926771653543
11
-0.4277419291338583
21
2.0092659448818897
0
LINE
8
BLACK
6
CONTINUOUS
10
-0.4277419291338583
20
2.0092659448818897
11
-0.4273151968503937
21
2.0086273228346458
0
LINE
8
BLACK
6
CONTINUOUS
10
-0.4273151968503937
20
2.0086273228346458
11
-0.4271653543307086
21
2.0078740157480315
0
LINE
8
BLACK
6
CONTINUOUS
10
-0.4271653543307086
20
2.0078740157480315
11
-0.4271653543307086
21
1.9685039370078741
0
LINE
8
BLACK
6
CONTINUOUS
10
-0.4271653543307086
20
1.9685039370078741
11
-0.4273151968503937
21
1.9677506299212597
0
LINE
8
BLACK
6
CONTINUOUS
10
-0.4273151968503937
20
1.9677506299212597
11
-0.4277419291338583
21
1.9671120078740156
0
LINE
8
BLACK
6
CONTINUOUS
10
-0.4277419291338583
20
1.9671120078740156
11
-0.4283805511811024
21
1.9666852755905511
0
LINE
8
BLACK
6
CONTINUOUS
10
-0.4283805511811024
20
1.9666852755905511
11
-0.4291338582677166
21
1.9665354330708662
0
LINE
8
BLACK
6
CONTINUOUS
10
-0.4291338582677166
20
1.9665354330708662
11
-0.5787401574803149
21
1.9665354330708662
0
LINE
8
BLACK
6
CONTINUOUS
10
-0.5787401574803149
20
1.9665354330708662
11
-0.5794934645669291
21
1.9666852755905511
0
LINE
8
BLACK
6
CONTINUOUS
10
-0.5794934645669291
20
1.9666852755905511
11
-0.5801320866141733
21
1.9671120078740156
0
LINE
8
BLACK
6
CONTINUOUS
10
-0.5801320866141733
20
1.9671120078740156
11
-0.5805588188976378
21
1.9677506299212597
0
LINE
8
BLACK
6
CONTINUOUS
10
-0.5805588188976378
20
1.9677506299212597
11
-0.5807086614173228
21
1.9685039370078741
0
LINE
8
BLACK
6
CONTINUOUS
10
-0.5807086614173228
20
1.9685039370078741
11
-0.5807086614173228
21
2.0078740157480315
0
LINE
8
BLACK
6
CONTINUOUS
10
-0.5807086614173228
20
2.0078740157480315
11
-0.5805588188976378
21
2.0086273228346458
0
LINE
8
BLACK
6
CONTINUOUS
10
-0.5805588188976378
20
2.0086273228346458
11
-0.5801320866141733
21
2.0092659448818897
0
LINE
8
BLACK
6
CONTINUOUS
10
-0.5801320866141733
20
2.0092659448818897
11
-0.5794934645669291
21
2.0096926771653543
0
LINE
8
BLACK
6
CONTINUOUS
10
-0.5794934645669291
20
2.0096926771653543
11
-0.5787401574803149
21
2.0098425196850394
0
LINE
8
BLACK
6
CONTINUOUS
10
-0.5787401574803149
20
2.0098425196850394
11
-0.4291338582677166
21
2.0098425196850394
0
LINE
8
BLACK
6
CONTINUOUS
10
-0.4291338582677166
20
2.0098425196850394
11
-0.4283805511811024
21
2.0096926771653543
0
LINE
8
BLACK
6
CONTINUOUS
10
-0.3035320866141732
20
2.1242889763779527
11
-0.2964016929133858
21
2.1213354724409448
0
LINE
8
BLACK
6
CONTINUOUS
10
-0.2964016929133858
20
2.1213354724409448
11
-0.2899845275590551
21
2.1170476377952756
0
LINE
8
BLACK
6
CONTINUOUS
10
-0.2899845275590551
20
2.1170476377952756
11
-0.2845271653543307
21
2.1115902755905513
0
LINE
8
BLACK
6
CONTINUOUS
10
-0.2845271653543307
20
2.1115902755905513
11
-0.2802393307086614
21
2.1051731102362203
0
LINE
8
BLACK
6
CONTINUOUS
10
-0.2802393307086614
20
2.1051731102362203
11
-0.2772858267716535
21
2.0980427165354332
0
LINE
8
BLACK
6
CONTINUOUS
10
-0.2772858267716535
20
2.0980427165354332
11
-0.2757801181102362
21
2.0904731102362204
0
LINE
8
BLACK
6
CONTINUOUS
10
-0.2757801181102362
20
2.0904731102362204
11
-0.2757801181102362
21
2.0827552362204722
0
LINE
8
BLACK
6
CONTINUOUS
10
-0.2757801181102362
20
2.0827552362204722
11
-0.2772858267716535
21
2.0751856299212599
0
LINE
8
BLACK
6
CONTINUOUS
10
-0.2772858267716535
20
2.0751856299212599
11
-0.2802393307086614
21
2.0680552362204723
0
LINE
8
BLACK
6
CONTINUOUS
10
-0.2802393307086614
20
2.0680552362204723
11
-0.2845271653543307
21
2.0616380708661417
0
LINE
8
BLACK
6
CONTINUOUS
10
-0.2845271653543307
20
2.0616380708661417
11
-0.2899845275590551
21
2.0561807086614174
0
LINE
8
BLACK
6
CONTINUOUS
10
-0.2899845275590551
20
2.0561807086614174
11
-0.2964016929133858
21
2.0518928740157478
0
LINE
8
BLACK
6
CONTINUOUS
10
-0.2964016929133858
20
2.0518928740157478
11
-0.3035320866141732
21
2.0489393700787399
0
LINE
8
BLACK
6
CONTINUOUS
10
-0.3035320866141732
20
2.0489393700787399
11
-0.3111016929133858
21
2.047433661417323
0
LINE
8
BLACK
6
CONTINUOUS
10
-0.3111016929133858
20
2.047433661417323
11
-0.3188195669291338
21
2.047433661417323
0
LINE
8
BLACK
6
CONTINUOUS
10
-0.3188195669291338
20
2.047433661417323
11
-0.3263891732283464
21
2.0489393700787399
0
LINE
8
BLACK
6
CONTINUOUS
10
-0.3263891732283464
20
2.0489393700787399
11
-0.3335195669291339
21
2.0518928740157478
0
LINE
8
BLACK
6
CONTINUOUS
10
-0.3335195669291339
20
2.0518928740157478
11
-0.3399367322834645
21
2.0561807086614174
0
LINE
8
BLACK
6
CONTINUOUS
10
-0.3399367322834645
20
2.0561807086614174
11
-0.345394094488189
21
2.0616380708661417
0
LINE
8
BLACK
6
CONTINUOUS
10
-0.345394094488189
20
2.0616380708661417
11
-0.3496819291338583
21
2.0680552362204723
0
LINE
8
BLACK
6
CONTINUOUS
10
-0.3496819291338583
20
2.0680552362204723
11
-0.3526354330708661
21
2.0751856299212599
0
LINE
8
BLACK
6
CONTINUOUS
10
-0.3526354330708661
20
2.0751856299212599
11
-0.3541411417322834
21
2.0827552362204722
0
LINE
8
BLACK
6
CONTINUOUS
10
-0.3541411417322834
20
2.0827552362204722
11
-0.3541411417322834
21
2.0904731102362204
0
LINE
8
BLACK
6
CONTINUOUS
10
-0.3541411417322834
20
2.0904731102362204
11
-0.3526354330708661
21
2.0980427165354332
0
LINE
8
BLACK
6
CONTINUOUS
10
-0.3526354330708661
20
2.0980427165354332
11
-0.3496819291338583
21
2.1051731102362203
0
LINE
8
BLACK
6
CONTINUOUS
10
-0.3496819291338583
20
2.1051731102362203
11
-0.345394094488189
21
2.1115902755905513
0
LINE
8
BLACK
6
CONTINUOUS
10
-0.345394094488189
20
2.1115902755905513
11
-0.3399367322834645
21
2.1170476377952756
0
LINE
8
BLACK
6
CONTINUOUS
10
-0.3399367322834645
20
2.1170476377952756
11
-0.3335195669291339
21
2.1213354724409448
0
LINE
8
BLACK
6
CONTINUOUS
10
-0.3335195669291339
20
2.1213354724409448
11
-0.3263891732283464
21
2.1242889763779527
0
LINE
8
BLACK
6
CONTINUOUS
10
-0.3263891732283464
20
2.1242889763779527
11
-0.3188195669291338
21
2.1257946850393701
0
LINE
8
BLACK
6
CONTINUOUS
10
-0.3188195669291338
20
2.1257946850393701
11
-0.3111016929133858
21
2.1257946850393701
0
LINE
8
BLACK
6
CONTINUOUS
10
-0.3111016929133858
20
2.1257946850393701
11
-0.3035320866141732
21
2.1242889763779527
0
CIRCLE
8
BLACK
10
0.45
20
-1.918503937007874
40
0.0068897637795276
0
CIRCLE
8
BLACK
10
0.45
20
-2.0185039370078739
40
0.0068897637795276
0
CIRCLE
8
BLACK
10
0.35
20
-1.918503937007874
40
0.0068897637795276
0
CIRCLE
8
BLACK
10
0.35
20
-2.0185039370078739
40
0.0068897637795276
0
CIRCLE
8
BLACK
10
0.25
20
-1.918503937007874
40
0.0068897637795276
0
CIRCLE
8
BLACK
10
0.25
20
-2.0185039370078739
40
0.0068897637795276
0
CIRCLE
8
BLACK
10
0.15
20
-1.918503937007874
40
0.0068897637795276
0
CIRCLE
8
BLACK
10
0.15
20
-2.0185039370078739
40
0.0068897637795276
0
CIRCLE
8
BLACK
10
0.05
20
-1.918503937007874
40
0.0068897637795276
0
CIRCLE
8
BLACK
10
0.05
20
-2.0185039370078739
40
0.0068897637795276
0
CIRCLE
8
BLACK
10
-0.05
20
-1.918503937007874
40
0.0068897637795276
0
CIRCLE
8
BLACK
10
-0.05
20
-2.0185039370078739
40
0.0068897637795276
0
CIRCLE
8
BLACK
10
-0.15
20
-1.918503937007874
40
0.0068897637795276
0
CIRCLE
8
BLACK
10
-0.15
20
-2.0185039370078739
40
0.0068897637795276
0
CIRCLE
8
BLACK
10
-0.25
20
-1.918503937007874
40
0.0068897637795276
0
CIRCLE
8
BLACK
10
-0.25
20
-2.0185039370078739
40
0.0068897637795276
0
CIRCLE
8
BLACK
10
-0.35
20
-1.918503937007874
40
0.0068897637795276
0
CIRCLE
8
BLACK
10
-0.35
20
-2.0185039370078739
40
0.0068897637795276
0
CIRCLE
8
BLACK
10
-0.45
20
-1.918503937007874
40
0.0068897637795276
0
CIRCLE
8
BLACK
10
-0.45
20
-2.0185039370078739
40
0.0068897637795276
0
CIRCLE
8
BLACK
10
1.6024879527559055
20
-0.9251968503937008
40
0.0068897637795276
0
CIRCLE
8
BLACK
10
1.5024879527559054
20
-0.8251968503937007
40
0.0068897637795276
0
CIRCLE
8
BLACK
10
1.5024879527559054
20
-1.0251968503937008
40
0.0068897637795276
0
CIRCLE
8
BLACK
10
1.7024879527559054
20
-0.8251968503937007
40
0.0068897637795276
0
CIRCLE
8
BLACK
10
1.7024879527559054
20
-1.0251968503937008
40
0.0068897637795276
0
CIRCLE
8
BLACK
10
0.7858267716535433
20
-1.9196850393700786
40
0.0068897637795276
0
CIRCLE
8
BLACK
10
0.8858267716535433
20
-1.9196850393700786
40
0.0068897637795276
0
CIRCLE
8
BLACK
10
0.7858267716535433
20
-2.0196850393700787
40
0.0068897637795276
0
CIRCLE
8
BLACK
10
0.8858267716535433
20
-2.0196850393700787
40
0.0068897637795276
0
CIRCLE
8
BLACK
10
0.7858267716535433
20
-2.1196850393700788
40
0.0068897637795276
0
CIRCLE
8
BLACK
10
0.8858267716535433
20
-2.1196850393700788
40
0.0068897637795276
0
CIRCLE
8
BLACK
10
-1.6024879527559055
20
-0.9251968503937008
40
0.0068897637795276
0
CIRCLE
8
BLACK
10
-1.7024879527559054
20
-0.8251968503937007
40
0.0068897637795276
0
CIRCLE
8
BLACK
10
-1.7024879527559054
20
-1.0251968503937008
40
0.0068897637795276
0
CIRCLE
8
BLACK
10
-1.5024879527559054
20
-0.8251968503937007
40
0.0068897637795276
0
CIRCLE
8
BLACK
10
-1.5024879527559054
20
-1.0251968503937008
40
0.0068897637795276
0
CIRCLE
8
BLACK
10
0.
20
1.8503937007874016
40
0.0068897637795276
0
CIRCLE
8
BLACK
10
-0.1
20
1.9503937007874015
40
0.0068897637795276
0
CIRCLE
8
BLACK
10
-0.1
20
1.7503937007874015
40
0.0068897637795276
0
CIRCLE
8
BLACK
10
0.1
20
1.9503937007874015
40
0.0068897637795276
0
CIRCLE
8
BLACK
10
0.1
20
1.7503937007874015
40
0.0068897637795276
0
CIRCLE
8
WHITE
10
0.45
20
-1.918503937007874
40
0.0068897637795276
0
CIRCLE
8
WHITE
10
0.45
20
-2.0185039370078739
40
0.0068897637795276
0
CIRCLE
8
WHITE
10
0.35
20
-1.918503937007874
40
0.0068897637795276
0
CIRCLE
8
WHITE
10
0.35
20
-2.0185039370078739
40
0.0068897637795276
0
CIRCLE
8
WHITE
10
0.25
20
-1.918503937007874
40
0.0068897637795276
0
CIRCLE
8
WHITE
10
0.25
20
-2.0185039370078739
40
0.0068897637795276
0
CIRCLE
8
WHITE
10
0.15
20
-1.918503937007874
40
0.0068897637795276
0
CIRCLE
8
WHITE
10
0.15
20
-2.0185039370078739
40
0.0068897637795276
0
CIRCLE
8
WHITE
10
0.05
20
-1.918503937007874
40
0.0068897637795276
0
CIRCLE
8
WHITE
10
0.05
20
-2.0185039370078739
40
0.0068897637795276
0
CIRCLE
8
WHITE
10
-0.05
20
-1.918503937007874
40
0.0068897637795276
0
CIRCLE
8
WHITE
10
-0.05
20
-2.0185039370078739
40
0.0068897637795276
0
CIRCLE
8
WHITE
10
-0.15
20
-1.918503937007874
40
0.0068897637795276
0
CIRCLE
8
WHITE
10
-0.15
20
-2.0185039370078739
40
0.0068897637795276
0
CIRCLE
8
WHITE
10
-0.25
20
-1.918503937007874
40
0.0068897637795276
0
CIRCLE
8
WHITE
10
-0.25
20
-2.0185039370078739
40
0.0068897637795276
0
CIRCLE
8
WHITE
10
-0.35
20
-1.918503937007874
40
0.0068897637795276
0
CIRCLE
8
WHITE
10
-0.35
20
-2.0185039370078739
40
0.0068897637795276
0
CIRCLE
8
WHITE
10
-0.45
20
-1.918503937007874
40
0.0068897637795276
0
CIRCLE
8
WHITE
10
-0.45
20
-2.0185039370078739
40
0.0068897637795276
0
CIRCLE
8
WHITE
10
1.6024879527559055
20
-0.9251968503937008
40
0.0068897637795276
0
CIRCLE
8
WHITE
10
1.5024879527559054
20
-0.8251968503937007
40
0.0068897637795276
0
CIRCLE
8
WHITE
10
1.5024879527559054
20
-1.0251968503937008
40
0.0068897637795276
0
CIRCLE
8
WHITE
10
1.7024879527559054
20
-0.8251968503937007
40
0.0068897637795276
0
CIRCLE
8
WHITE
10
1.7024879527559054
20
-1.0251968503937008
40
0.0068897637795276
0
CIRCLE
8
WHITE
10
0.7858267716535433
20
-1.9196850393700786
40
0.0068897637795276
0
CIRCLE
8
WHITE
10
0.8858267716535433
20
-1.9196850393700786
40
0.0068897637795276
0
CIRCLE
8
WHITE
10
0.7858267716535433
20
-2.0196850393700787
40
0.0068897637795276
0
CIRCLE
8
WHITE
10
0.8858267716535433
20
-2.0196850393700787
40
0.0068897637795276
0
CIRCLE
8
WHITE
10
0.7858267716535433
20
-2.1196850393700788
40
0.0068897637795276
0
CIRCLE
8
WHITE
10
0.8858267716535433
20
-2.1196850393700788
40
0.0068897637795276
0
CIRCLE
8
WHITE
10
-1.6024879527559055
20
-0.9251968503937008
40
0.0068897637795276
0
CIRCLE
8
WHITE
10
-1.7024879527559054
20
-0.8251968503937007
40
0.0068897637795276
0
CIRCLE
8
WHITE
10
-1.7024879527559054
20
-1.0251968503937008
40
0.0068897637795276
0
CIRCLE
8
WHITE
10
-1.5024879527559054
20
-0.8251968503937007
40
0.0068897637795276
0
CIRCLE
8
WHITE
10
-1.5024879527559054
20
-1.0251968503937008
40
0.0068897637795276
0
CIRCLE
8
WHITE
10
0.
20
1.8503937007874016
40
0.0068897637795276
0
CIRCLE
8
WHITE
10
-0.1
20
1.9503937007874015
40
0.0068897637795276
0
CIRCLE
8
WHITE
10
-0.1
20
1.7503937007874015
40
0.0068897637795276
0
CIRCLE
8
WHITE
10
0.1
20
1.9503937007874015
40
0.0068897637795276
0
CIRCLE
8
WHITE
10
0.1
20
1.7503937007874015
40
0.0068897637795276
  0
ENDSEC
  0
EOF
