  0
SECTION
  2
HEADER
  9
$ANGBASE
  50
0.0
  9
$ANGDIR
  70
1
  9
$MEASUREMENT
  70
0
  9
$INSUNITS
  70
1
  0
ENDSEC
  0
SECTION
  2
TABLES
  0
TABLE
  2
LTYPE
  70
4
  0
LTYPE
  5
40F
  2
CONTINUOUS
  70
0
  3
Solid line
  72
65
  73
0
  40
0.0
  0
LTYPE
  5
410
  2
DASHDOT
 70
0
  3
Dash Dot ____ _ ____ _
 72
65
 73
4
 40
2.0
 49
1.25
 49
-0.25
 49
0.25
 49
-0.25
  0
LTYPE
  5
411
  2
DASHED
 70
0
  3
Dashed __ __ __ __ __
 72
65
 73
2
 40
0.75
 49
0.5
 49
-0.25
  0
LTYPE
  5
43B
  2
DOTTED
 70
0
  3
Dotted .  .  .  .
 72
65
 73
2
 40
0.2
 49
0.0
 49
-0.2
  0
ENDTAB
  0
TABLE
  2
STYLE
  70
4
  0
STYLE
  2
KICAD
  70
0
  40
0
  41
1
  42
1
  50
0
  71
0
  3
isocp.shx
  0
STYLE
  2
KICADB
  70
0
  40
0
  41
1
  42
1
  50
0
  71
0
  3
isocp.shx
  0
STYLE
  2
KICADI
  70
0
  40
0
  41
1
  42
1
  50
15
  71
0
  3
isocp.shx
  0
STYLE
  2
KICADBI
  70
0
  40
0
  41
1
  42
1
  50
15
  71
0
  3
isocp.shx
  0
ENDTAB
  0
TABLE
  2
LAYER
  70
1
  0
LAYER
  2
BLACK
  70
0
  62
250
  6
CONTINUOUS
  0
ENDTAB
  0
ENDSEC
  0
SECTION
  2
ENTITIES
0
LINE
8
BLACK
6
CONTINUOUS
10
0.014935
20
-0.6858227952755905
11
0.0244827165354331
21
-0.6889250393700788
0
LINE
8
BLACK
6
CONTINUOUS
10
0.0244827165354331
20
-0.6889250393700788
11
0.0334275590551181
21
-0.6934826771653543
0
LINE
8
BLACK
6
CONTINUOUS
10
0.0334275590551181
20
-0.6934826771653543
11
0.0415493307086614
21
-0.6993834645669291
0
LINE
8
BLACK
6
CONTINUOUS
10
0.0415493307086614
20
-0.6993834645669291
11
0.048648031496063
21
-0.7064821653543307
0
LINE
8
BLACK
6
CONTINUOUS
10
0.048648031496063
20
-0.7064821653543307
11
0.0545488188976378
21
-0.7146039370078739
0
LINE
8
BLACK
6
CONTINUOUS
10
0.0545488188976378
20
-0.7146039370078739
11
0.0591064566929134
21
-0.723548779527559
0
LINE
8
BLACK
6
CONTINUOUS
10
0.0591064566929134
20
-0.723548779527559
11
0.0622087007874016
21
-0.7330964960629921
0
LINE
8
BLACK
6
CONTINUOUS
10
0.0622087007874016
20
-0.7330964960629921
11
0.0637791732283465
21
-0.743011968503937
0
LINE
8
BLACK
6
CONTINUOUS
10
0.0637791732283465
20
-0.743011968503937
11
0.0637791732283465
21
-0.7530510236220472
0
LINE
8
BLACK
6
CONTINUOUS
10
0.0637791732283465
20
-0.7530510236220472
11
0.0622087007874016
21
-0.7629664960629922
0
LINE
8
BLACK
6
CONTINUOUS
10
0.0622087007874016
20
-0.7629664960629922
11
0.0591064566929134
21
-0.7725142125984252
0
LINE
8
BLACK
6
CONTINUOUS
10
0.0591064566929134
20
-0.7725142125984252
11
0.0545488188976378
21
-0.7814590551181102
0
LINE
8
BLACK
6
CONTINUOUS
10
0.0545488188976378
20
-0.7814590551181102
11
0.048648031496063
21
-0.7895808267716535
0
LINE
8
BLACK
6
CONTINUOUS
10
0.048648031496063
20
-0.7895808267716535
11
0.0415493307086614
21
-0.7966795275590551
0
LINE
8
BLACK
6
CONTINUOUS
10
0.0415493307086614
20
-0.7966795275590551
11
0.0334275590551181
21
-0.8025803149606299
0
LINE
8
BLACK
6
CONTINUOUS
10
0.0334275590551181
20
-0.8025803149606299
11
0.0244827165354331
21
-0.8071379527559055
0
LINE
8
BLACK
6
CONTINUOUS
10
0.0244827165354331
20
-0.8071379527559055
11
0.014935
21
-0.8102401968503937
0
LINE
8
BLACK
6
CONTINUOUS
10
0.014935
20
-0.8102401968503937
11
0.0050195275590551
21
-0.8118106692913386
0
LINE
8
BLACK
6
CONTINUOUS
10
0.0050195275590551
20
-0.8118106692913386
11
-0.0050195275590551
21
-0.8118106692913386
0
LINE
8
BLACK
6
CONTINUOUS
10
-0.0050195275590551
20
-0.8118106692913386
11
-0.014935
21
-0.8102401968503937
0
LINE
8
BLACK
6
CONTINUOUS
10
-0.014935
20
-0.8102401968503937
11
-0.0244827165354331
21
-0.8071379527559055
0
LINE
8
BLACK
6
CONTINUOUS
10
-0.0244827165354331
20
-0.8071379527559055
11
-0.0334275590551181
21
-0.8025803149606299
0
LINE
8
BLACK
6
CONTINUOUS
10
-0.0334275590551181
20
-0.8025803149606299
11
-0.0415493307086614
21
-0.7966795275590551
0
LINE
8
BLACK
6
CONTINUOUS
10
-0.0415493307086614
20
-0.7966795275590551
11
-0.048648031496063
21
-0.7895808267716535
0
LINE
8
BLACK
6
CONTINUOUS
10
-0.048648031496063
20
-0.7895808267716535
11
-0.0545488188976378
21
-0.7814590551181102
0
LINE
8
BLACK
6
CONTINUOUS
10
-0.0545488188976378
20
-0.7814590551181102
11
-0.0591064566929134
21
-0.7725142125984252
0
LINE
8
BLACK
6
CONTINUOUS
10
-0.0591064566929134
20
-0.7725142125984252
11
-0.0622087007874016
21
-0.7629664960629922
0
LINE
8
BLACK
6
CONTINUOUS
10
-0.0622087007874016
20
-0.7629664960629922
11
-0.0637791732283465
21
-0.7530510236220472
0
LINE
8
BLACK
6
CONTINUOUS
10
-0.0637791732283465
20
-0.7530510236220472
11
-0.0637791732283465
21
-0.7431513779527559
0
LINE
8
BLACK
6
CONTINUOUS
10
-0.0637791732283465
20
-0.7431513779527559
11
-0.0637791732283465
21
-0.743011968503937
0
LINE
8
BLACK
6
CONTINUOUS
10
-0.0637791732283465
20
-0.743011968503937
11
-0.0622087007874016
21
-0.7330964960629921
0
LINE
8
BLACK
6
CONTINUOUS
10
-0.0622087007874016
20
-0.7330964960629921
11
-0.0591064566929134
21
-0.723548779527559
0
LINE
8
BLACK
6
CONTINUOUS
10
-0.0591064566929134
20
-0.723548779527559
11
-0.0545488188976378
21
-0.7146039370078739
0
LINE
8
BLACK
6
CONTINUOUS
10
-0.0545488188976378
20
-0.7146039370078739
11
-0.048648031496063
21
-0.7064821653543307
0
LINE
8
BLACK
6
CONTINUOUS
10
-0.048648031496063
20
-0.7064821653543307
11
-0.0415493307086614
21
-0.6993834645669291
0
LINE
8
BLACK
6
CONTINUOUS
10
-0.0415493307086614
20
-0.6993834645669291
11
-0.0334275590551181
21
-0.6934826771653543
0
LINE
8
BLACK
6
CONTINUOUS
10
-0.0334275590551181
20
-0.6934826771653543
11
-0.0244827165354331
21
-0.6889250393700788
0
LINE
8
BLACK
6
CONTINUOUS
10
-0.0244827165354331
20
-0.6889250393700788
11
-0.014935
21
-0.6858227952755905
0
LINE
8
BLACK
6
CONTINUOUS
10
-0.014935
20
-0.6858227952755905
11
-0.0050195275590551
21
-0.6842523228346457
0
LINE
8
BLACK
6
CONTINUOUS
10
-0.0050195275590551
20
-0.6842523228346457
11
0.0050195275590551
21
-0.6842523228346457
0
LINE
8
BLACK
6
CONTINUOUS
10
0.0050195275590551
20
-0.6842523228346457
11
0.014935
21
-0.6858227952755905
0
LINE
8
BLACK
6
CONTINUOUS
10
-0.062007874015748
20
-0.7529116141732284
11
-0.0604810236220472
21
-0.7625516929133858
0
LINE
8
BLACK
6
CONTINUOUS
10
-0.0604810236220472
20
-0.7625516929133858
11
-0.0574649606299213
21
-0.771834251968504
0
LINE
8
BLACK
6
CONTINUOUS
10
-0.0574649606299213
20
-0.771834251968504
11
-0.0530338976377953
21
-0.7805307086614173
0
LINE
8
BLACK
6
CONTINUOUS
10
-0.0530338976377953
20
-0.7805307086614173
11
-0.047296968503937
21
-0.7884268897637795
0
LINE
8
BLACK
6
CONTINUOUS
10
-0.047296968503937
20
-0.7884268897637795
11
-0.0403953937007874
21
-0.7953284645669291
0
LINE
8
BLACK
6
CONTINUOUS
10
-0.0403953937007874
20
-0.7953284645669291
11
-0.0324992125984252
21
-0.8010653937007873
0
LINE
8
BLACK
6
CONTINUOUS
10
-0.0324992125984252
20
-0.8010653937007873
11
-0.0238027559055118
21
-0.8054964566929134
0
LINE
8
BLACK
6
CONTINUOUS
10
-0.0238027559055118
20
-0.8054964566929134
11
-0.0145201968503937
21
-0.8085125196850393
0
LINE
8
BLACK
6
CONTINUOUS
10
-0.0145201968503937
20
-0.8085125196850393
11
-0.0048801181102362
21
-0.8100393700787402
0
LINE
8
BLACK
6
CONTINUOUS
10
-0.0048801181102362
20
-0.8100393700787402
11
0.0048801181102362
21
-0.8100393700787402
0
LINE
8
BLACK
6
CONTINUOUS
10
0.0048801181102362
20
-0.8100393700787402
11
0.0145201968503937
21
-0.8085125196850393
0
LINE
8
BLACK
6
CONTINUOUS
10
0.0145201968503937
20
-0.8085125196850393
11
0.0238027559055118
21
-0.8054964566929134
0
LINE
8
BLACK
6
CONTINUOUS
10
0.0238027559055118
20
-0.8054964566929134
11
0.0324992125984252
21
-0.8010653937007873
0
LINE
8
BLACK
6
CONTINUOUS
10
0.0324992125984252
20
-0.8010653937007873
11
0.0403953937007874
21
-0.7953284645669291
0
LINE
8
BLACK
6
CONTINUOUS
10
0.0403953937007874
20
-0.7953284645669291
11
0.047296968503937
21
-0.7884268897637795
0
LINE
8
BLACK
6
CONTINUOUS
10
0.047296968503937
20
-0.7884268897637795
11
0.0530338976377953
21
-0.7805307086614173
0
LINE
8
BLACK
6
CONTINUOUS
10
0.0530338976377953
20
-0.7805307086614173
11
0.0574649606299213
21
-0.771834251968504
0
LINE
8
BLACK
6
CONTINUOUS
10
0.0574649606299213
20
-0.771834251968504
11
0.0604810236220472
21
-0.7625516929133858
0
LINE
8
BLACK
6
CONTINUOUS
10
0.0604810236220472
20
-0.7625516929133858
11
0.062007874015748
21
-0.7529116141732284
0
LINE
8
BLACK
6
CONTINUOUS
10
0.062007874015748
20
-0.7529116141732284
11
0.062007874015748
21
-0.7431513779527559
0
LINE
8
BLACK
6
CONTINUOUS
10
0.062007874015748
20
-0.7431513779527559
11
0.0604810236220472
21
-0.7335112992125984
0
LINE
8
BLACK
6
CONTINUOUS
10
0.0604810236220472
20
-0.7335112992125984
11
0.0574649606299213
21
-0.7242287401574803
0
LINE
8
BLACK
6
CONTINUOUS
10
0.0574649606299213
20
-0.7242287401574803
11
0.0530338976377953
21
-0.7155322834645669
0
LINE
8
BLACK
6
CONTINUOUS
10
0.0530338976377953
20
-0.7155322834645669
11
0.047296968503937
21
-0.7076361023622048
0
LINE
8
BLACK
6
CONTINUOUS
10
0.047296968503937
20
-0.7076361023622048
11
0.0403953937007874
21
-0.7007345275590551
0
LINE
8
BLACK
6
CONTINUOUS
10
0.0403953937007874
20
-0.7007345275590551
11
0.0324992125984252
21
-0.6949975984251968
0
LINE
8
BLACK
6
CONTINUOUS
10
0.0324992125984252
20
-0.6949975984251968
11
0.0238027559055118
21
-0.6905665354330709
0
LINE
8
BLACK
6
CONTINUOUS
10
0.0238027559055118
20
-0.6905665354330709
11
0.0145201968503937
21
-0.6875504724409449
0
LINE
8
BLACK
6
CONTINUOUS
10
0.0145201968503937
20
-0.6875504724409449
11
0.0048801181102362
21
-0.6860236220472441
0
LINE
8
BLACK
6
CONTINUOUS
10
0.0048801181102362
20
-0.6860236220472441
11
-0.0048801181102362
21
-0.6860236220472441
0
LINE
8
BLACK
6
CONTINUOUS
10
-0.0048801181102362
20
-0.6860236220472441
11
-0.0145201968503937
21
-0.6875504724409449
0
LINE
8
BLACK
6
CONTINUOUS
10
-0.0145201968503937
20
-0.6875504724409449
11
-0.0238027559055118
21
-0.6905665354330709
0
LINE
8
BLACK
6
CONTINUOUS
10
-0.0238027559055118
20
-0.6905665354330709
11
-0.0324992125984252
21
-0.6949975984251968
0
LINE
8
BLACK
6
CONTINUOUS
10
-0.0324992125984252
20
-0.6949975984251968
11
-0.0403953937007874
21
-0.7007345275590551
0
LINE
8
BLACK
6
CONTINUOUS
10
-0.0403953937007874
20
-0.7007345275590551
11
-0.047296968503937
21
-0.7076361023622048
0
LINE
8
BLACK
6
CONTINUOUS
10
-0.047296968503937
20
-0.7076361023622048
11
-0.0530338976377953
21
-0.7155322834645669
0
LINE
8
BLACK
6
CONTINUOUS
10
-0.0530338976377953
20
-0.7155322834645669
11
-0.0574649606299213
21
-0.7242287401574803
0
LINE
8
BLACK
6
CONTINUOUS
10
-0.0574649606299213
20
-0.7242287401574803
11
-0.0604810236220472
21
-0.7335112992125984
0
LINE
8
BLACK
6
CONTINUOUS
10
-0.0604810236220472
20
-0.7335112992125984
11
-0.062007874015748
21
-0.7431513779527559
0
LINE
8
BLACK
6
CONTINUOUS
10
-0.062007874015748
20
-0.7431513779527559
11
-0.062007874015748
21
-0.7529116141732284
0
LINE
8
BLACK
6
CONTINUOUS
10
0.2883105118110236
20
0.7076204330708661
11
0.2893749212598425
21
0.7071795275590551
0
LINE
8
BLACK
6
CONTINUOUS
10
0.2893749212598425
20
0.7071795275590551
11
0.2901895669291338
21
0.7063648818897638
0
LINE
8
BLACK
6
CONTINUOUS
10
0.2901895669291338
20
0.7063648818897638
11
0.2906304724409449
21
0.7053004724409448
0
LINE
8
BLACK
6
CONTINUOUS
10
0.2906304724409449
20
0.7053004724409448
11
0.2906872047244095
21
0.7047244094488189
0
LINE
8
BLACK
6
CONTINUOUS
10
0.2906872047244095
20
0.7047244094488189
11
0.2906872047244095
21
0.5622124803149606
0
LINE
8
BLACK
6
CONTINUOUS
10
0.2906872047244095
20
0.5622124803149606
11
0.297181968503937
21
0.5588072834645669
0
LINE
8
BLACK
6
CONTINUOUS
10
0.297181968503937
20
0.5588072834645669
11
0.2972093700787402
21
0.5587892913385827
0
LINE
8
BLACK
6
CONTINUOUS
10
0.2972093700787402
20
0.5587892913385827
11
0.2972396850393701
21
0.5587762204724409
0
LINE
8
BLACK
6
CONTINUOUS
10
0.2972396850393701
20
0.5587762204724409
11
0.3096701968503937
21
0.5519029133858268
0
LINE
8
BLACK
6
CONTINUOUS
10
0.3096701968503937
20
0.5519029133858268
11
0.3096973228346457
21
0.5518842519685039
0
LINE
8
BLACK
6
CONTINUOUS
10
0.3096973228346457
20
0.5518842519685039
11
0.3097272047244095
21
0.5518705511811024
0
LINE
8
BLACK
6
CONTINUOUS
10
0.3097272047244095
20
0.5518705511811024
11
0.3220020866141732
21
0.5447229527559055
0
LINE
8
BLACK
6
CONTINUOUS
10
0.3220020866141732
20
0.5447229527559055
11
0.3220287401574803
21
0.5447037007874016
0
LINE
8
BLACK
6
CONTINUOUS
10
0.3220287401574803
20
0.5447037007874016
11
0.3220583858267717
21
0.5446893307086614
0
LINE
8
BLACK
6
CONTINUOUS
10
0.3220583858267717
20
0.5446893307086614
11
0.3341715354330709
21
0.5372710236220473
0
LINE
8
BLACK
6
CONTINUOUS
10
0.3341715354330709
20
0.5372710236220473
11
0.334197874015748
21
0.5372511023622047
0
LINE
8
BLACK
6
CONTINUOUS
10
0.334197874015748
20
0.5372511023622047
11
0.3342270472440945
21
0.5372361417322834
0
LINE
8
BLACK
6
CONTINUOUS
10
0.3342270472440945
20
0.5372361417322834
11
0.3461725196850394
21
0.529550748031496
0
LINE
8
BLACK
6
CONTINUOUS
10
0.3461725196850394
20
0.529550748031496
11
0.3461983858267716
21
0.5295302362204725
0
LINE
8
BLACK
6
CONTINUOUS
10
0.3461983858267716
20
0.5295302362204725
11
0.3462272440944882
21
0.5295146456692913
0
LINE
8
BLACK
6
CONTINUOUS
10
0.3462272440944882
20
0.5295146456692913
11
0.3579991338582677
21
0.5215659448818898
0
LINE
8
BLACK
6
CONTINUOUS
10
0.3579991338582677
20
0.5215659448818898
11
0.3580244094488189
21
0.521545
0
LINE
8
BLACK
6
CONTINUOUS
10
0.3580244094488189
20
0.521545
11
0.3580530708661417
21
0.5215286614173228
0
LINE
8
BLACK
6
CONTINUOUS
10
0.3580530708661417
20
0.5215286614173228
11
0.3696456299212598
21
0.5133205511811023
0
LINE
8
BLACK
6
CONTINUOUS
10
0.3696456299212598
20
0.5133205511811023
11
0.3696704724409449
21
0.5132990157480315
0
LINE
8
BLACK
6
CONTINUOUS
10
0.3696704724409449
20
0.5132990157480315
11
0.3696987007874016
21
0.5132820866141732
0
LINE
8
BLACK
6
CONTINUOUS
10
0.3696987007874016
20
0.5132820866141732
11
0.3811061811023622
21
0.5048186614173228
0
LINE
8
BLACK
6
CONTINUOUS
10
0.3811061811023622
20
0.5048186614173228
11
0.3811305511811023
21
0.5047965354330709
0
LINE
8
BLACK
6
CONTINUOUS
10
0.3811305511811023
20
0.5047965354330709
11
0.3811583858267716
21
0.5047790157480315
0
LINE
8
BLACK
6
CONTINUOUS
10
0.3811583858267716
20
0.5047790157480315
11
0.3923751574803149
21
0.4960644488188976
0
LINE
8
BLACK
6
CONTINUOUS
10
0.3923751574803149
20
0.4960644488188976
11
0.3923989763779527
21
0.4960418897637795
0
LINE
8
BLACK
6
CONTINUOUS
10
0.3923989763779527
20
0.4960418897637795
11
0.3924264960629921
21
0.4960236614173228
0
LINE
8
BLACK
6
CONTINUOUS
10
0.3924264960629921
20
0.4960236614173228
11
0.4034470472440945
21
0.4870621653543307
0
LINE
8
BLACK
6
CONTINUOUS
10
0.4034470472440945
20
0.4870621653543307
11
0.4034703149606299
21
0.4870390944881889
0
LINE
8
BLACK
6
CONTINUOUS
10
0.4034703149606299
20
0.4870390944881889
11
0.4034974409448819
21
0.4870202755905512
0
LINE
8
BLACK
6
CONTINUOUS
10
0.4034974409448819
20
0.4870202755905512
11
0.4143162992125984
21
0.4778163779527559
0
LINE
8
BLACK
6
CONTINUOUS
10
0.4143162992125984
20
0.4778163779527559
11
0.4143391338582677
21
0.477792716535433
0
LINE
8
BLACK
6
CONTINUOUS
10
0.4143391338582677
20
0.477792716535433
11
0.4143657480314961
21
0.4777733464566929
0
LINE
8
BLACK
6
CONTINUOUS
10
0.4143657480314961
20
0.4777733464566929
11
0.4249776377952756
21
0.4683315354330709
0
LINE
8
BLACK
6
CONTINUOUS
10
0.4249776377952756
20
0.4683315354330709
11
0.4249999606299212
21
0.4683073622047244
0
LINE
8
BLACK
6
CONTINUOUS
10
0.4249999606299212
20
0.4683073622047244
11
0.4250261417322835
21
0.4682874015748031
0
LINE
8
BLACK
6
CONTINUOUS
10
0.4250261417322835
20
0.4682874015748031
11
0.4354257874015748
21
0.4586123228346456
0
LINE
8
BLACK
6
CONTINUOUS
10
0.4354257874015748
20
0.4586123228346456
11
0.4354475196850394
21
0.4585877165354331
0
LINE
8
BLACK
6
CONTINUOUS
10
0.4354475196850394
20
0.4585877165354331
11
0.4354732677165354
21
0.4585671653543307
0
LINE
8
BLACK
6
CONTINUOUS
10
0.4354732677165354
20
0.4585671653543307
11
0.4456555905511811
21
0.4486635826771653
0
LINE
8
BLACK
6
CONTINUOUS
10
0.4456555905511811
20
0.4486635826771653
11
0.4456767716535433
21
0.4486385039370079
0
LINE
8
BLACK
6
CONTINUOUS
10
0.4456767716535433
20
0.4486385039370079
11
0.4457020866141732
21
0.4486173622047244
0
LINE
8
BLACK
6
CONTINUOUS
10
0.4457020866141732
20
0.4486173622047244
11
0.4556620078740157
21
0.4384901968503937
0
LINE
8
BLACK
6
CONTINUOUS
10
0.4556620078740157
20
0.4384901968503937
11
0.4556826771653543
21
0.4384646062992126
0
LINE
8
BLACK
6
CONTINUOUS
10
0.4556826771653543
20
0.4384646062992126
11
0.4557074409448819
21
0.4384429527559055
0
LINE
8
BLACK
6
CONTINUOUS
10
0.4557074409448819
20
0.4384429527559055
11
0.4654401181102362
21
0.428097125984252
0
LINE
8
BLACK
6
CONTINUOUS
10
0.4654401181102362
20
0.428097125984252
11
0.4654602755905512
21
0.4280709842519685
0
LINE
8
BLACK
6
CONTINUOUS
10
0.4654602755905512
20
0.4280709842519685
11
0.4654844881889764
21
0.4280488582677165
0
LINE
8
BLACK
6
CONTINUOUS
10
0.4654844881889764
20
0.4280488582677165
11
0.4749850787401575
21
0.4174895669291339
0
LINE
8
BLACK
6
CONTINUOUS
10
0.4749850787401575
20
0.4174895669291339
11
0.4750046456692913
21
0.4174629921259843
0
LINE
8
BLACK
6
CONTINUOUS
10
0.4750046456692913
20
0.4174629921259843
11
0.4750283464566929
21
0.4174403543307086
0
LINE
8
BLACK
6
CONTINUOUS
10
0.4750283464566929
20
0.4174403543307086
11
0.4842922047244094
21
0.4066727165354331
0
LINE
8
BLACK
6
CONTINUOUS
10
0.4842922047244094
20
0.4066727165354331
11
0.4843111417322835
21
0.4066457086614173
0
LINE
8
BLACK
6
CONTINUOUS
10
0.4843111417322835
20
0.4066457086614173
11
0.4843343700787401
21
0.4066225590551181
0
LINE
8
BLACK
6
CONTINUOUS
10
0.4843343700787401
20
0.4066225590551181
11
0.4933568503937008
21
0.3956519291338583
0
LINE
8
BLACK
6
CONTINUOUS
10
0.4933568503937008
20
0.3956519291338583
11
0.4933751181102362
21
0.3956246456692913
0
LINE
8
BLACK
6
CONTINUOUS
10
0.4933751181102362
20
0.3956246456692913
11
0.4933979527559055
21
0.3956008267716535
0
LINE
8
BLACK
6
CONTINUOUS
10
0.4933979527559055
20
0.3956008267716535
11
0.50217468503937
21
0.3844325984251968
0
LINE
8
BLACK
6
CONTINUOUS
10
0.50217468503937
20
0.3844325984251968
11
0.5021923622047244
21
0.3844049212598425
0
LINE
8
BLACK
6
CONTINUOUS
10
0.5021923622047244
20
0.3844049212598425
11
0.5022146062992126
21
0.3843806299212598
0
LINE
8
BLACK
6
CONTINUOUS
10
0.5022146062992126
20
0.3843806299212598
11
0.510741220472441
21
0.3730203149606299
0
LINE
8
BLACK
6
CONTINUOUS
10
0.510741220472441
20
0.3730203149606299
11
0.5107582677165354
21
0.3729922047244094
0
LINE
8
BLACK
6
CONTINUOUS
10
0.5107582677165354
20
0.3729922047244094
11
0.51078
21
0.3729674409448819
0
LINE
8
BLACK
6
CONTINUOUS
10
0.51078
20
0.3729674409448819
11
0.5190522834645669
21
0.3614206299212598
0
LINE
8
BLACK
6
CONTINUOUS
10
0.5190522834645669
20
0.3614206299212598
11
0.5190688188976378
21
0.361391968503937
0
LINE
8
BLACK
6
CONTINUOUS
10
0.5190688188976378
20
0.361391968503937
11
0.519089842519685
21
0.3613668897637795
0
LINE
8
BLACK
6
CONTINUOUS
10
0.519089842519685
20
0.3613668897637795
11
0.527103779527559
21
0.3496392519685039
0
LINE
8
BLACK
6
CONTINUOUS
10
0.527103779527559
20
0.3496392519685039
11
0.5271195275590551
21
0.3496105118110236
0
LINE
8
BLACK
6
CONTINUOUS
10
0.5271195275590551
20
0.3496105118110236
11
0.527140157480315
21
0.3495847637795276
0
LINE
8
BLACK
6
CONTINUOUS
10
0.527140157480315
20
0.3495847637795276
11
0.5348917716535433
21
0.337682125984252
0
LINE
8
BLACK
6
CONTINUOUS
10
0.5348917716535433
20
0.337682125984252
11
0.5349068503937008
21
0.3376531102362205
0
LINE
8
BLACK
6
CONTINUOUS
10
0.5349068503937008
20
0.3376531102362205
11
0.534926968503937
21
0.337626811023622
0
LINE
8
BLACK
6
CONTINUOUS
10
0.534926968503937
20
0.337626811023622
11
0.5424124015748031
21
0.325555
0
LINE
8
BLACK
6
CONTINUOUS
10
0.5424124015748031
20
0.325555
11
0.542426968503937
21
0.3255253543307087
0
LINE
8
BLACK
6
CONTINUOUS
10
0.542426968503937
20
0.3255253543307087
11
0.5424462992125985
21
0.3254988976377953
0
LINE
8
BLACK
6
CONTINUOUS
10
0.5424462992125985
20
0.3254988976377953
11
0.5496618897637795
21
0.3132638976377953
0
LINE
8
BLACK
6
CONTINUOUS
10
0.5496618897637795
20
0.3132638976377953
11
0.5496756692913386
21
0.3132341732283465
0
LINE
8
BLACK
6
CONTINUOUS
10
0.5496756692913386
20
0.3132341732283465
11
0.5496945669291339
21
0.3132070866141732
0
LINE
8
BLACK
6
CONTINUOUS
10
0.5496945669291339
20
0.3132070866141732
11
0.5566367716535433
21
0.3008149212598425
0
LINE
8
BLACK
6
CONTINUOUS
10
0.5566367716535433
20
0.3008149212598425
11
0.5566499212598425
21
0.3007848031496063
0
LINE
8
BLACK
6
CONTINUOUS
10
0.5566499212598425
20
0.3007848031496063
11
0.5566681889763779
21
0.3007573622047244
0
LINE
8
BLACK
6
CONTINUOUS
10
0.5566681889763779
20
0.3007573622047244
11
0.5633335826771654
21
0.2882141338582677
0
LINE
8
BLACK
6
CONTINUOUS
10
0.5633335826771654
20
0.2882141338582677
11
0.563346062992126
21
0.2881837401574803
0
LINE
8
BLACK
6
CONTINUOUS
10
0.563346062992126
20
0.2881837401574803
11
0.5633637007874016
21
0.288155905511811
0
LINE
8
BLACK
6
CONTINUOUS
10
0.5633637007874016
20
0.288155905511811
11
0.5697489763779527
21
0.2754677952755906
0
LINE
8
BLACK
6
CONTINUOUS
10
0.5697489763779527
20
0.2754677952755906
11
0.569760748031496
21
0.2754372047244095
0
LINE
8
BLACK
6
CONTINUOUS
10
0.569760748031496
20
0.2754372047244095
11
0.5697777952755906
21
0.275408937007874
0
LINE
8
BLACK
6
CONTINUOUS
10
0.5697777952755906
20
0.275408937007874
11
0.575879842519685
21
0.2625822047244095
0
LINE
8
BLACK
6
CONTINUOUS
10
0.575879842519685
20
0.2625822047244095
11
0.5758910236220472
21
0.2625511023622047
0
LINE
8
BLACK
6
CONTINUOUS
10
0.5758910236220472
20
0.2625511023622047
11
0.5759073228346456
21
0.2625226771653543
0
LINE
8
BLACK
6
CONTINUOUS
10
0.5759073228346456
20
0.2625226771653543
11
0.5817230708661417
21
0.2495636220472441
0
LINE
8
BLACK
6
CONTINUOUS
10
0.5817230708661417
20
0.2495636220472441
11
0.5817335039370078
21
0.2495324409448819
0
LINE
8
BLACK
6
CONTINUOUS
10
0.5817335039370078
20
0.2495324409448819
11
0.5817492519685039
21
0.2495035039370079
0
LINE
8
BLACK
6
CONTINUOUS
10
0.5817492519685039
20
0.2495035039370079
11
0.587275905511811
21
0.2364185826771653
0
LINE
8
BLACK
6
CONTINUOUS
10
0.587275905511811
20
0.2364185826771653
11
0.5872856692913385
21
0.236387125984252
0
LINE
8
BLACK
6
CONTINUOUS
10
0.5872856692913385
20
0.236387125984252
11
0.587300748031496
21
0.236357874015748
0
LINE
8
BLACK
6
CONTINUOUS
10
0.587300748031496
20
0.236357874015748
11
0.5925355118110236
21
0.2231534645669291
0
LINE
8
BLACK
6
CONTINUOUS
10
0.5925355118110236
20
0.2231534645669291
11
0.5925445669291338
21
0.2231218110236221
0
LINE
8
BLACK
6
CONTINUOUS
10
0.5925445669291338
20
0.2231218110236221
11
0.5925589763779527
21
0.2230922834645669
0
LINE
8
BLACK
6
CONTINUOUS
10
0.5925589763779527
20
0.2230922834645669
11
0.5974993700787401
21
0.209774842519685
0
LINE
8
BLACK
6
CONTINUOUS
10
0.5974993700787401
20
0.209774842519685
11
0.5975077559055118
21
0.2097429133858268
0
LINE
8
BLACK
6
CONTINUOUS
10
0.5975077559055118
20
0.2097429133858268
11
0.5975214566929133
21
0.2097131496062992
0
LINE
8
BLACK
6
CONTINUOUS
10
0.5975214566929133
20
0.2097131496062992
11
0.6021649606299212
21
0.1962894094488189
0
LINE
8
BLACK
6
CONTINUOUS
10
0.6021649606299212
20
0.1962894094488189
11
0.6021725984251969
21
0.1962574409448819
0
LINE
8
BLACK
6
CONTINUOUS
10
0.6021725984251969
20
0.1962574409448819
11
0.6021857086614173
21
0.1962272047244094
0
LINE
8
BLACK
6
CONTINUOUS
10
0.6021857086614173
20
0.1962272047244094
11
0.6065300393700788
21
0.1827035826771654
0
LINE
8
BLACK
6
CONTINUOUS
10
0.6065300393700788
20
0.1827035826771654
11
0.6065369291338583
21
0.1826715748031496
0
LINE
8
BLACK
6
CONTINUOUS
10
0.6065369291338583
20
0.1826715748031496
11
0.6065494094488189
21
0.1826409842519685
0
LINE
8
BLACK
6
CONTINUOUS
10
0.6065494094488189
20
0.1826409842519685
11
0.6105924409448819
21
0.1690242913385827
0
LINE
8
BLACK
6
CONTINUOUS
10
0.6105924409448819
20
0.1690242913385827
11
0.6105986614173228
21
0.1689920078740157
0
LINE
8
BLACK
6
CONTINUOUS
10
0.6105986614173228
20
0.1689920078740157
11
0.6106103937007874
21
0.1689612598425197
0
LINE
8
BLACK
6
CONTINUOUS
10
0.6106103937007874
20
0.1689612598425197
11
0.614350157480315
21
0.1552581889763779
0
LINE
8
BLACK
6
CONTINUOUS
10
0.614350157480315
20
0.1552581889763779
11
0.6143556692913386
21
0.1552255905511811
0
LINE
8
BLACK
6
CONTINUOUS
10
0.6143556692913386
20
0.1552255905511811
11
0.6143666929133859
21
0.1551947244094488
0
LINE
8
BLACK
6
CONTINUOUS
10
0.6143666929133859
20
0.1551947244094488
11
0.6178012992125984
21
0.1414120078740158
0
LINE
8
BLACK
6
CONTINUOUS
10
0.6178012992125984
20
0.1414120078740158
11
0.6178060629921259
21
0.1413795275590551
0
LINE
8
BLACK
6
CONTINUOUS
10
0.6178060629921259
20
0.1413795275590551
11
0.6178164566929134
21
0.1413482283464567
0
LINE
8
BLACK
6
CONTINUOUS
10
0.6178164566929134
20
0.1413482283464567
11
0.6209442519685039
21
0.1274926771653543
0
LINE
8
BLACK
6
CONTINUOUS
10
0.6209442519685039
20
0.1274926771653543
11
0.6209482677165354
21
0.1274601574803149
0
LINE
8
BLACK
6
CONTINUOUS
10
0.6209482677165354
20
0.1274601574803149
11
0.6209579921259842
21
0.1274285826771654
0
LINE
8
BLACK
6
CONTINUOUS
10
0.6209579921259842
20
0.1274285826771654
11
0.6237774015748031
21
0.1135069291338583
0
LINE
8
BLACK
6
CONTINUOUS
10
0.6237774015748031
20
0.1135069291338583
11
0.6237807086614173
21
0.1134741732283465
0
LINE
8
BLACK
6
CONTINUOUS
10
0.6237807086614173
20
0.1134741732283465
11
0.62378968503937
21
0.1134425590551181
0
LINE
8
BLACK
6
CONTINUOUS
10
0.62378968503937
20
0.1134425590551181
11
0.6262993307086614
21
0.099461811023622
0
LINE
8
BLACK
6
CONTINUOUS
10
0.6262993307086614
20
0.099461811023622
11
0.6263019291338583
21
0.0994290157480315
0
LINE
8
BLACK
6
CONTINUOUS
10
0.6263019291338583
20
0.0994290157480315
11
0.6263101968503937
21
0.0993971653543307
0
LINE
8
BLACK
6
CONTINUOUS
10
0.6263101968503937
20
0.0993971653543307
11
0.6285088976377953
21
0.0853641338582677
0
LINE
8
BLACK
6
CONTINUOUS
10
0.6285088976377953
20
0.0853641338582677
11
0.6285107480314961
21
0.0853314173228346
0
LINE
8
BLACK
6
CONTINUOUS
10
0.6285107480314961
20
0.0853314173228346
11
0.6285183464566929
21
0.0852992519685039
0
LINE
8
BLACK
6
CONTINUOUS
10
0.6285183464566929
20
0.0852992519685039
11
0.6304048818897637
21
0.071220905511811
0
LINE
8
BLACK
6
CONTINUOUS
10
0.6304048818897637
20
0.071220905511811
11
0.6304060236220472
21
0.0711880708661417
0
LINE
8
BLACK
6
CONTINUOUS
10
0.6304060236220472
20
0.0711880708661417
11
0.630412874015748
21
0.0711558267716535
0
LINE
8
BLACK
6
CONTINUOUS
10
0.630412874015748
20
0.0711558267716535
11
0.6319864566929134
21
0.0570390157480315
0
LINE
8
BLACK
6
CONTINUOUS
10
0.6319864566929134
20
0.0570390157480315
11
0.6319868503937007
21
0.0570061417322835
0
LINE
8
BLACK
6
CONTINUOUS
10
0.6319868503937007
20
0.0570061417322835
11
0.6319929921259843
21
0.0569738188976378
0
LINE
8
BLACK
6
CONTINUOUS
10
0.6319929921259843
20
0.0569738188976378
11
0.6332527952755905
21
0.0428255511811024
0
LINE
8
BLACK
6
CONTINUOUS
10
0.6332527952755905
20
0.0428255511811024
11
0.6332524803149606
21
0.0427928346456693
0
LINE
8
BLACK
6
CONTINUOUS
10
0.6332524803149606
20
0.0427928346456693
11
0.6332579133858267
21
0.0427601968503937
0
LINE
8
BLACK
6
CONTINUOUS
10
0.6332579133858267
20
0.0427601968503937
11
0.6342032677165355
21
0.0285874803149606
0
LINE
8
BLACK
6
CONTINUOUS
10
0.6342032677165355
20
0.0285874803149606
11
0.6342022047244095
21
0.0285545275590551
0
LINE
8
BLACK
6
CONTINUOUS
10
0.6342022047244095
20
0.0285545275590551
11
0.6342068897637795
21
0.0285220078740157
0
LINE
8
BLACK
6
CONTINUOUS
10
0.6342068897637795
20
0.0285220078740157
11
0.6348374409448819
21
0.0143317716535433
0
LINE
8
BLACK
6
CONTINUOUS
10
0.6348374409448819
20
0.0143317716535433
11
0.6348356692913386
21
0.0142990551181102
0
LINE
8
BLACK
6
CONTINUOUS
10
0.6348356692913386
20
0.0142990551181102
11
0.6348396456692913
21
0.0142662598425197
0
LINE
8
BLACK
6
CONTINUOUS
10
0.6348396456692913
20
0.0142662598425197
11
0.6351549606299213
21
0.0000655511811024
0
LINE
8
BLACK
6
CONTINUOUS
10
0.6351549606299213
20
0.0000655511811024
11
0.6351527559055118
21
0.000036811023622
0
LINE
8
BLACK
6
CONTINUOUS
10
0.6351527559055118
20
0.000036811023622
11
0.6351556692913386
21
0.000008188976378
0
LINE
8
BLACK
6
CONTINUOUS
10
0.6351556692913386
20
0.000008188976378
11
0.6351753937007873
21
-0.007093937007874
0
LINE
8
BLACK
6
CONTINUOUS
10
0.6351753937007873
20
-0.007093937007874
11
0.6351746062992126
21
-0.007102125984252
0
LINE
8
BLACK
6
CONTINUOUS
10
0.6351746062992126
20
-0.007102125984252
11
0.6351753937007873
21
-0.0071103149606299
0
LINE
8
BLACK
6
CONTINUOUS
10
0.6351753937007873
20
-0.0071103149606299
11
0.6351556692913386
21
-0.0142124409448819
0
LINE
8
BLACK
6
CONTINUOUS
10
0.6351556692913386
20
-0.0142124409448819
11
0.6351527559055118
21
-0.0142410236220472
0
LINE
8
BLACK
6
CONTINUOUS
10
0.6351527559055118
20
-0.0142410236220472
11
0.6351549606299213
21
-0.0142698031496063
0
LINE
8
BLACK
6
CONTINUOUS
10
0.6351549606299213
20
-0.0142698031496063
11
0.6348396456692913
21
-0.0284705118110236
0
LINE
8
BLACK
6
CONTINUOUS
10
0.6348396456692913
20
-0.0284705118110236
11
0.6348356692913386
21
-0.0285032677165354
0
LINE
8
BLACK
6
CONTINUOUS
10
0.6348356692913386
20
-0.0285032677165354
11
0.6348374409448819
21
-0.0285360236220472
0
LINE
8
BLACK
6
CONTINUOUS
10
0.6348374409448819
20
-0.0285360236220472
11
0.6342068897637795
21
-0.0427262598425197
0
LINE
8
BLACK
6
CONTINUOUS
10
0.6342068897637795
20
-0.0427262598425197
11
0.6342022047244095
21
-0.0427587401574803
0
LINE
8
BLACK
6
CONTINUOUS
10
0.6342022047244095
20
-0.0427587401574803
11
0.6342032677165355
21
-0.0427917322834646
0
LINE
8
BLACK
6
CONTINUOUS
10
0.6342032677165355
20
-0.0427917322834646
11
0.6332579133858267
21
-0.0569644488188976
0
LINE
8
BLACK
6
CONTINUOUS
10
0.6332579133858267
20
-0.0569644488188976
11
0.6332524803149606
21
-0.0569970472440945
0
LINE
8
BLACK
6
CONTINUOUS
10
0.6332524803149606
20
-0.0569970472440945
11
0.6332527952755905
21
-0.0570298031496063
0
LINE
8
BLACK
6
CONTINUOUS
10
0.6332527952755905
20
-0.0570298031496063
11
0.6319929921259843
21
-0.0711780708661417
0
LINE
8
BLACK
6
CONTINUOUS
10
0.6319929921259843
20
-0.0711780708661417
11
0.6319868503937007
21
-0.0712103543307087
0
LINE
8
BLACK
6
CONTINUOUS
10
0.6319868503937007
20
-0.0712103543307087
11
0.6319864566929134
21
-0.0712432677165354
0
LINE
8
BLACK
6
CONTINUOUS
10
0.6319864566929134
20
-0.0712432677165354
11
0.630412874015748
21
-0.0853600787401575
0
LINE
8
BLACK
6
CONTINUOUS
10
0.630412874015748
20
-0.0853600787401575
11
0.6304060236220472
21
-0.0853922834645669
0
LINE
8
BLACK
6
CONTINUOUS
10
0.6304060236220472
20
-0.0853922834645669
11
0.6304048818897637
21
-0.085425157480315
0
LINE
8
BLACK
6
CONTINUOUS
10
0.6304048818897637
20
-0.085425157480315
11
0.6285183464566929
21
-0.0995035039370079
0
LINE
8
BLACK
6
CONTINUOUS
10
0.6285183464566929
20
-0.0995035039370079
11
0.6285107480314961
21
-0.0995356299212598
0
LINE
8
BLACK
6
CONTINUOUS
10
0.6285107480314961
20
-0.0995356299212598
11
0.6285088976377953
21
-0.0995683858267716
0
LINE
8
BLACK
6
CONTINUOUS
10
0.6285088976377953
20
-0.0995683858267716
11
0.6263101968503937
21
-0.1136014173228346
0
LINE
8
BLACK
6
CONTINUOUS
10
0.6263101968503937
20
-0.1136014173228346
11
0.6263019291338583
21
-0.1136332283464567
0
LINE
8
BLACK
6
CONTINUOUS
10
0.6263019291338583
20
-0.1136332283464567
11
0.6262993307086614
21
-0.113666062992126
0
LINE
8
BLACK
6
CONTINUOUS
10
0.6262993307086614
20
-0.113666062992126
11
0.62378968503937
21
-0.127646811023622
0
LINE
8
BLACK
6
CONTINUOUS
10
0.62378968503937
20
-0.127646811023622
11
0.6237807086614173
21
-0.1276783858267717
0
LINE
8
BLACK
6
CONTINUOUS
10
0.6237807086614173
20
-0.1276783858267717
11
0.6237774015748031
21
-0.1277111811023622
0
LINE
8
BLACK
6
CONTINUOUS
10
0.6237774015748031
20
-0.1277111811023622
11
0.6209579921259842
21
-0.1416328346456693
0
LINE
8
BLACK
6
CONTINUOUS
10
0.6209579921259842
20
-0.1416328346456693
11
0.6209482677165354
21
-0.1416643700787402
0
LINE
8
BLACK
6
CONTINUOUS
10
0.6209482677165354
20
-0.1416643700787402
11
0.6209442519685039
21
-0.1416969291338583
0
LINE
8
BLACK
6
CONTINUOUS
10
0.6209442519685039
20
-0.1416969291338583
11
0.6178164566929134
21
-0.1555524803149606
0
LINE
8
BLACK
6
CONTINUOUS
10
0.6178164566929134
20
-0.1555524803149606
11
0.6178060629921259
21
-0.1555837401574803
0
LINE
8
BLACK
6
CONTINUOUS
10
0.6178060629921259
20
-0.1555837401574803
11
0.6178012992125984
21
-0.1556162598425197
0
LINE
8
BLACK
6
CONTINUOUS
10
0.6178012992125984
20
-0.1556162598425197
11
0.6143666929133859
21
-0.1693989763779528
0
LINE
8
BLACK
6
CONTINUOUS
10
0.6143666929133859
20
-0.1693989763779528
11
0.6143556692913386
21
-0.1694298031496063
0
LINE
8
BLACK
6
CONTINUOUS
10
0.6143556692913386
20
-0.1694298031496063
11
0.614350157480315
21
-0.1694624409448819
0
LINE
8
BLACK
6
CONTINUOUS
10
0.614350157480315
20
-0.1694624409448819
11
0.6106103937007874
21
-0.1831655118110236
0
LINE
8
BLACK
6
CONTINUOUS
10
0.6106103937007874
20
-0.1831655118110236
11
0.6105986614173228
21
-0.1831962204724409
0
LINE
8
BLACK
6
CONTINUOUS
10
0.6105986614173228
20
-0.1831962204724409
11
0.6105924409448819
21
-0.1832285433070866
0
LINE
8
BLACK
6
CONTINUOUS
10
0.6105924409448819
20
-0.1832285433070866
11
0.6065494094488189
21
-0.1968452362204724
0
LINE
8
BLACK
6
CONTINUOUS
10
0.6065494094488189
20
-0.1968452362204724
11
0.6065369291338583
21
-0.1968757874015748
0
LINE
8
BLACK
6
CONTINUOUS
10
0.6065369291338583
20
-0.1968757874015748
11
0.6065300393700788
21
-0.1969078346456693
0
LINE
8
BLACK
6
CONTINUOUS
10
0.6065300393700788
20
-0.1969078346456693
11
0.6021857086614173
21
-0.2104314566929134
0
LINE
8
BLACK
6
CONTINUOUS
10
0.6021857086614173
20
-0.2104314566929134
11
0.6021725984251969
21
-0.2104616535433071
0
LINE
8
BLACK
6
CONTINUOUS
10
0.6021725984251969
20
-0.2104616535433071
11
0.6021649606299212
21
-0.2104936614173228
0
LINE
8
BLACK
6
CONTINUOUS
10
0.6021649606299212
20
-0.2104936614173228
11
0.5975214566929133
21
-0.2239174015748031
0
LINE
8
BLACK
6
CONTINUOUS
10
0.5975214566929133
20
-0.2239174015748031
11
0.5975077559055118
21
-0.223947125984252
0
LINE
8
BLACK
6
CONTINUOUS
10
0.5975077559055118
20
-0.223947125984252
11
0.5974993700787401
21
-0.223979094488189
0
LINE
8
BLACK
6
CONTINUOUS
10
0.5974993700787401
20
-0.223979094488189
11
0.5925589763779527
21
-0.2372965354330709
0
LINE
8
BLACK
6
CONTINUOUS
10
0.5925589763779527
20
-0.2372965354330709
11
0.5925445669291338
21
-0.2373260236220472
0
LINE
8
BLACK
6
CONTINUOUS
10
0.5925445669291338
20
-0.2373260236220472
11
0.5925355118110236
21
-0.2373577165354331
0
LINE
8
BLACK
6
CONTINUOUS
10
0.5925355118110236
20
-0.2373577165354331
11
0.587300748031496
21
-0.250562125984252
0
LINE
8
BLACK
6
CONTINUOUS
10
0.587300748031496
20
-0.250562125984252
11
0.5872856692913385
21
-0.2505913385826772
0
LINE
8
BLACK
6
CONTINUOUS
10
0.5872856692913385
20
-0.2505913385826772
11
0.587275905511811
21
-0.2506228346456693
0
LINE
8
BLACK
6
CONTINUOUS
10
0.587275905511811
20
-0.2506228346456693
11
0.5817492519685039
21
-0.2637077559055118
0
LINE
8
BLACK
6
CONTINUOUS
10
0.5817492519685039
20
-0.2637077559055118
11
0.5817335039370078
21
-0.2637366535433071
0
LINE
8
BLACK
6
CONTINUOUS
10
0.5817335039370078
20
-0.2637366535433071
11
0.5817230708661417
21
-0.263767874015748
0
LINE
8
BLACK
6
CONTINUOUS
10
0.5817230708661417
20
-0.263767874015748
11
0.5759073228346456
21
-0.2767269291338583
0
LINE
8
BLACK
6
CONTINUOUS
10
0.5759073228346456
20
-0.2767269291338583
11
0.5758910236220472
21
-0.2767553149606299
0
LINE
8
BLACK
6
CONTINUOUS
10
0.5758910236220472
20
-0.2767553149606299
11
0.575879842519685
21
-0.2767864566929134
0
LINE
8
BLACK
6
CONTINUOUS
10
0.575879842519685
20
-0.2767864566929134
11
0.5697777952755906
21
-0.2896131889763779
0
LINE
8
BLACK
6
CONTINUOUS
10
0.5697777952755906
20
-0.2896131889763779
11
0.569760748031496
21
-0.2896414173228347
0
LINE
8
BLACK
6
CONTINUOUS
10
0.569760748031496
20
-0.2896414173228347
11
0.5697489763779527
21
-0.2896720472440945
0
LINE
8
BLACK
6
CONTINUOUS
10
0.5697489763779527
20
-0.2896720472440945
11
0.5633637007874016
21
-0.302360157480315
0
LINE
8
BLACK
6
CONTINUOUS
10
0.5633637007874016
20
-0.302360157480315
11
0.563346062992126
21
-0.3023879527559055
0
LINE
8
BLACK
6
CONTINUOUS
10
0.563346062992126
20
-0.3023879527559055
11
0.5633335826771654
21
-0.3024183858267717
0
LINE
8
BLACK
6
CONTINUOUS
10
0.5633335826771654
20
-0.3024183858267717
11
0.5566681889763779
21
-0.3149616141732283
0
LINE
8
BLACK
6
CONTINUOUS
10
0.5566681889763779
20
-0.3149616141732283
11
0.5566499212598425
21
-0.3149890157480315
0
LINE
8
BLACK
6
CONTINUOUS
10
0.5566499212598425
20
-0.3149890157480315
11
0.5566367716535433
21
-0.3150191732283464
0
LINE
8
BLACK
6
CONTINUOUS
10
0.5566367716535433
20
-0.3150191732283464
11
0.5496945669291339
21
-0.3274113385826772
0
LINE
8
BLACK
6
CONTINUOUS
10
0.5496945669291339
20
-0.3274113385826772
11
0.5496756692913386
21
-0.3274383858267716
0
LINE
8
BLACK
6
CONTINUOUS
10
0.5496756692913386
20
-0.3274383858267716
11
0.5496618897637795
21
-0.3274681496062992
0
LINE
8
BLACK
6
CONTINUOUS
10
0.5496618897637795
20
-0.3274681496062992
11
0.5424462992125985
21
-0.3397031496062992
0
LINE
8
BLACK
6
CONTINUOUS
10
0.5424462992125985
20
-0.3397031496062992
11
0.542426968503937
21
-0.3397295669291339
0
LINE
8
BLACK
6
CONTINUOUS
10
0.542426968503937
20
-0.3397295669291339
11
0.5424124015748031
21
-0.3397592519685039
0
LINE
8
BLACK
6
CONTINUOUS
10
0.5424124015748031
20
-0.3397592519685039
11
0.534926968503937
21
-0.351831062992126
0
LINE
8
BLACK
6
CONTINUOUS
10
0.534926968503937
20
-0.351831062992126
11
0.5349068503937008
21
-0.3518573228346457
0
LINE
8
BLACK
6
CONTINUOUS
10
0.5349068503937008
20
-0.3518573228346457
11
0.5348917716535433
21
-0.3518863779527559
0
LINE
8
BLACK
6
CONTINUOUS
10
0.5348917716535433
20
-0.3518863779527559
11
0.527140157480315
21
-0.3637890157480315
0
LINE
8
BLACK
6
CONTINUOUS
10
0.527140157480315
20
-0.3637890157480315
11
0.5271195275590551
21
-0.3638147244094488
0
LINE
8
BLACK
6
CONTINUOUS
10
0.5271195275590551
20
-0.3638147244094488
11
0.527103779527559
21
-0.3638435039370079
0
LINE
8
BLACK
6
CONTINUOUS
10
0.527103779527559
20
-0.3638435039370079
11
0.519089842519685
21
-0.3755711417322835
0
LINE
8
BLACK
6
CONTINUOUS
10
0.519089842519685
20
-0.3755711417322835
11
0.5190688188976378
21
-0.3755961811023622
0
LINE
8
BLACK
6
CONTINUOUS
10
0.5190688188976378
20
-0.3755961811023622
11
0.5190522834645669
21
-0.3756248818897638
0
LINE
8
BLACK
6
CONTINUOUS
10
0.5190522834645669
20
-0.3756248818897638
11
0.51078
21
-0.3871716929133858
0
LINE
8
BLACK
6
CONTINUOUS
10
0.51078
20
-0.3871716929133858
11
0.5107582677165354
21
-0.3871964173228347
0
LINE
8
BLACK
6
CONTINUOUS
10
0.5107582677165354
20
-0.3871964173228347
11
0.510741220472441
21
-0.3872245669291339
0
LINE
8
BLACK
6
CONTINUOUS
10
0.510741220472441
20
-0.3872245669291339
11
0.5022146062992126
21
-0.3985848818897638
0
LINE
8
BLACK
6
CONTINUOUS
10
0.5022146062992126
20
-0.3985848818897638
11
0.5021923622047244
21
-0.3986091338582677
0
LINE
8
BLACK
6
CONTINUOUS
10
0.5021923622047244
20
-0.3986091338582677
11
0.50217468503937
21
-0.3986368503937008
0
LINE
8
BLACK
6
CONTINUOUS
10
0.50217468503937
20
-0.3986368503937008
11
0.4933979527559055
21
-0.4098050787401575
0
LINE
8
BLACK
6
CONTINUOUS
10
0.4933979527559055
20
-0.4098050787401575
11
0.4933751181102362
21
-0.4098288582677165
0
LINE
8
BLACK
6
CONTINUOUS
10
0.4933751181102362
20
-0.4098288582677165
11
0.4933568503937008
21
-0.4098561811023622
0
LINE
8
BLACK
6
CONTINUOUS
10
0.4933568503937008
20
-0.4098561811023622
11
0.4843343700787401
21
-0.420826811023622
0
LINE
8
BLACK
6
CONTINUOUS
10
0.4843343700787401
20
-0.420826811023622
11
0.4843111417322835
21
-0.4208499212598425
0
LINE
8
BLACK
6
CONTINUOUS
10
0.4843111417322835
20
-0.4208499212598425
11
0.4842922047244094
21
-0.420876968503937
0
LINE
8
BLACK
6
CONTINUOUS
10
0.4842922047244094
20
-0.420876968503937
11
0.4750283464566929
21
-0.4316446062992126
0
LINE
8
BLACK
6
CONTINUOUS
10
0.4750283464566929
20
-0.4316446062992126
11
0.4750046456692913
21
-0.4316672047244094
0
LINE
8
BLACK
6
CONTINUOUS
10
0.4750046456692913
20
-0.4316672047244094
11
0.4749850787401575
21
-0.4316938188976378
0
LINE
8
BLACK
6
CONTINUOUS
10
0.4749850787401575
20
-0.4316938188976378
11
0.4654844881889764
21
-0.4422531102362204
0
LINE
8
BLACK
6
CONTINUOUS
10
0.4654844881889764
20
-0.4422531102362204
11
0.4654602755905512
21
-0.4422751968503937
0
LINE
8
BLACK
6
CONTINUOUS
10
0.4654602755905512
20
-0.4422751968503937
11
0.4654401181102362
21
-0.4423013779527559
0
LINE
8
BLACK
6
CONTINUOUS
10
0.4654401181102362
20
-0.4423013779527559
11
0.4557074409448819
21
-0.4526472047244094
0
LINE
8
BLACK
6
CONTINUOUS
10
0.4557074409448819
20
-0.4526472047244094
11
0.4556826771653543
21
-0.4526688188976378
0
LINE
8
BLACK
6
CONTINUOUS
10
0.4556826771653543
20
-0.4526688188976378
11
0.4556620078740157
21
-0.4526944488188976
0
LINE
8
BLACK
6
CONTINUOUS
10
0.4556620078740157
20
-0.4526944488188976
11
0.4457020866141732
21
-0.4628216141732283
0
LINE
8
BLACK
6
CONTINUOUS
10
0.4457020866141732
20
-0.4628216141732283
11
0.4456767716535433
21
-0.4628427165354331
0
LINE
8
BLACK
6
CONTINUOUS
10
0.4456767716535433
20
-0.4628427165354331
11
0.4456555905511811
21
-0.4628678346456693
0
LINE
8
BLACK
6
CONTINUOUS
10
0.4456555905511811
20
-0.4628678346456693
11
0.4354732677165354
21
-0.4727714173228346
0
LINE
8
BLACK
6
CONTINUOUS
10
0.4354732677165354
20
-0.4727714173228346
11
0.4354475196850394
21
-0.4727919291338583
0
LINE
8
BLACK
6
CONTINUOUS
10
0.4354475196850394
20
-0.4727919291338583
11
0.4354257874015748
21
-0.4728165748031496
0
LINE
8
BLACK
6
CONTINUOUS
10
0.4354257874015748
20
-0.4728165748031496
11
0.4250261417322835
21
-0.4824916535433071
0
LINE
8
BLACK
6
CONTINUOUS
10
0.4250261417322835
20
-0.4824916535433071
11
0.4249999606299212
21
-0.4825115748031496
0
LINE
8
BLACK
6
CONTINUOUS
10
0.4249999606299212
20
-0.4825115748031496
11
0.4249776377952756
21
-0.4825357874015748
0
LINE
8
BLACK
6
CONTINUOUS
10
0.4249776377952756
20
-0.4825357874015748
11
0.4143657480314961
21
-0.4919775984251968
0
LINE
8
BLACK
6
CONTINUOUS
10
0.4143657480314961
20
-0.4919775984251968
11
0.4143391338582677
21
-0.4919969291338582
0
LINE
8
BLACK
6
CONTINUOUS
10
0.4143391338582677
20
-0.4919969291338582
11
0.4143162992125984
21
-0.4920206299212598
0
LINE
8
BLACK
6
CONTINUOUS
10
0.4143162992125984
20
-0.4920206299212598
11
0.4034974409448819
21
-0.5012245275590551
0
LINE
8
BLACK
6
CONTINUOUS
10
0.4034974409448819
20
-0.5012245275590551
11
0.4034703149606299
21
-0.5012433070866141
0
LINE
8
BLACK
6
CONTINUOUS
10
0.4034703149606299
20
-0.5012433070866141
11
0.4034470472440945
21
-0.5012664173228346
0
LINE
8
BLACK
6
CONTINUOUS
10
0.4034470472440945
20
-0.5012664173228346
11
0.3924264960629921
21
-0.5102279133858267
0
LINE
8
BLACK
6
CONTINUOUS
10
0.3924264960629921
20
-0.5102279133858267
11
0.3923989763779527
21
-0.5102461023622047
0
LINE
8
BLACK
6
CONTINUOUS
10
0.3923989763779527
20
-0.5102461023622047
11
0.3923751574803149
21
-0.5102687007874016
0
LINE
8
BLACK
6
CONTINUOUS
10
0.3923751574803149
20
-0.5102687007874016
11
0.3811583858267716
21
-0.5189832677165355
0
LINE
8
BLACK
6
CONTINUOUS
10
0.3811583858267716
20
-0.5189832677165355
11
0.3811305511811023
21
-0.5190007480314961
0
LINE
8
BLACK
6
CONTINUOUS
10
0.3811305511811023
20
-0.5190007480314961
11
0.3811061811023622
21
-0.5190229133858267
0
LINE
8
BLACK
6
CONTINUOUS
10
0.3811061811023622
20
-0.5190229133858267
11
0.3696987007874016
21
-0.5274863385826771
0
LINE
8
BLACK
6
CONTINUOUS
10
0.3696987007874016
20
-0.5274863385826771
11
0.3696704724409449
21
-0.5275032283464567
0
LINE
8
BLACK
6
CONTINUOUS
10
0.3696704724409449
20
-0.5275032283464567
11
0.3696456299212598
21
-0.5275248031496063
0
LINE
8
BLACK
6
CONTINUOUS
10
0.3696456299212598
20
-0.5275248031496063
11
0.3580530708661417
21
-0.5357329133858267
0
LINE
8
BLACK
6
CONTINUOUS
10
0.3580530708661417
20
-0.5357329133858267
11
0.3580244094488189
21
-0.5357492125984252
0
LINE
8
BLACK
6
CONTINUOUS
10
0.3580244094488189
20
-0.5357492125984252
11
0.3579991338582677
21
-0.5357701968503937
0
LINE
8
BLACK
6
CONTINUOUS
10
0.3579991338582677
20
-0.5357701968503937
11
0.3462272440944882
21
-0.5437188976377952
0
LINE
8
BLACK
6
CONTINUOUS
10
0.3462272440944882
20
-0.5437188976377952
11
0.3461983858267716
21
-0.5437344488188977
0
LINE
8
BLACK
6
CONTINUOUS
10
0.3461983858267716
20
-0.5437344488188977
11
0.3461725196850394
21
-0.543755
0
LINE
8
BLACK
6
CONTINUOUS
10
0.3461725196850394
20
-0.543755
11
0.3342270472440945
21
-0.5514403937007873
0
LINE
8
BLACK
6
CONTINUOUS
10
0.3342270472440945
20
-0.5514403937007873
11
0.334197874015748
21
-0.5514553149606299
0
LINE
8
BLACK
6
CONTINUOUS
10
0.334197874015748
20
-0.5514553149606299
11
0.3341715354330709
21
-0.5514752755905512
0
LINE
8
BLACK
6
CONTINUOUS
10
0.3341715354330709
20
-0.5514752755905512
11
0.3220583858267717
21
-0.5588935826771654
0
LINE
8
BLACK
6
CONTINUOUS
10
0.3220583858267717
20
-0.5588935826771654
11
0.3220287401574803
21
-0.5589079133858268
0
LINE
8
BLACK
6
CONTINUOUS
10
0.3220287401574803
20
-0.5589079133858268
11
0.3220020866141732
21
-0.5589272047244095
0
LINE
8
BLACK
6
CONTINUOUS
10
0.3220020866141732
20
-0.5589272047244095
11
0.3097272047244095
21
-0.5660748031496062
0
LINE
8
BLACK
6
CONTINUOUS
10
0.3097272047244095
20
-0.5660748031496062
11
0.3096973228346457
21
-0.5660884645669291
0
LINE
8
BLACK
6
CONTINUOUS
10
0.3096973228346457
20
-0.5660884645669291
11
0.3096701968503937
21
-0.5661071653543307
0
LINE
8
BLACK
6
CONTINUOUS
10
0.3096701968503937
20
-0.5661071653543307
11
0.2972396850393701
21
-0.5729804724409449
0
LINE
8
BLACK
6
CONTINUOUS
10
0.2972396850393701
20
-0.5729804724409449
11
0.2972093700787402
21
-0.5729935039370079
0
LINE
8
BLACK
6
CONTINUOUS
10
0.2972093700787402
20
-0.5729935039370079
11
0.297181968503937
21
-0.5730115354330708
0
LINE
8
BLACK
6
CONTINUOUS
10
0.297181968503937
20
-0.5730115354330708
11
0.2846019291338582
21
-0.5796072047244094
0
LINE
8
BLACK
6
CONTINUOUS
10
0.2846019291338582
20
-0.5796072047244094
11
0.2845714566929134
21
-0.5796195275590551
0
LINE
8
BLACK
6
CONTINUOUS
10
0.2845714566929134
20
-0.5796195275590551
11
0.2845435433070866
21
-0.5796370078740157
0
LINE
8
BLACK
6
CONTINUOUS
10
0.2845435433070866
20
-0.5796370078740157
11
0.2718201968503937
21
-0.5859517716535433
0
LINE
8
BLACK
6
CONTINUOUS
10
0.2718201968503937
20
-0.5859517716535433
11
0.271789251968504
21
-0.5859634645669292
0
LINE
8
BLACK
6
CONTINUOUS
10
0.271789251968504
20
-0.5859634645669292
11
0.2717611417322834
21
-0.5859802362204725
0
LINE
8
BLACK
6
CONTINUOUS
10
0.2717611417322834
20
-0.5859802362204725
11
0.258900748031496
21
-0.5920109842519685
0
LINE
8
BLACK
6
CONTINUOUS
10
0.258900748031496
20
-0.5920109842519685
11
0.2588697244094488
21
-0.5920219291338582
0
LINE
8
BLACK
6
CONTINUOUS
10
0.2588697244094488
20
-0.5920219291338582
11
0.2588411023622047
21
-0.5920381496062992
0
LINE
8
BLACK
6
CONTINUOUS
10
0.2588411023622047
20
-0.5920381496062992
11
0.2458499606299213
21
-0.5977819291338583
0
LINE
8
BLACK
6
CONTINUOUS
10
0.2458499606299213
20
-0.5977819291338583
11
0.2458185433070866
21
-0.5977922440944882
0
LINE
8
BLACK
6
CONTINUOUS
10
0.2458185433070866
20
-0.5977922440944882
11
0.2457896850393701
21
-0.5978077559055118
0
LINE
8
BLACK
6
CONTINUOUS
10
0.2457896850393701
20
-0.5978077559055118
11
0.2326742519685039
21
-0.6032616535433071
0
LINE
8
BLACK
6
CONTINUOUS
10
0.2326742519685039
20
-0.6032616535433071
11
0.2326427559055118
21
-0.603271220472441
0
LINE
8
BLACK
6
CONTINUOUS
10
0.2326427559055118
20
-0.603271220472441
11
0.2326134645669291
21
-0.6032861417322835
0
LINE
8
BLACK
6
CONTINUOUS
10
0.2326134645669291
20
-0.6032861417322835
11
0.2193801968503937
21
-0.608447559055118
0
LINE
8
BLACK
6
CONTINUOUS
10
0.2193801968503937
20
-0.608447559055118
11
0.2193485433070866
21
-0.6084564173228346
0
LINE
8
BLACK
6
CONTINUOUS
10
0.2193485433070866
20
-0.6084564173228346
11
0.2193188582677165
21
-0.6084707086614173
0
LINE
8
BLACK
6
CONTINUOUS
10
0.2193188582677165
20
-0.6084707086614173
11
0.2059742519685039
21
-0.6133370866141732
0
LINE
8
BLACK
6
CONTINUOUS
10
0.2059742519685039
20
-0.6133370866141732
11
0.2059424015748031
21
-0.6133452362204724
0
LINE
8
BLACK
6
CONTINUOUS
10
0.2059424015748031
20
-0.6133452362204724
11
0.2059124409448819
21
-0.6133588582677165
0
LINE
8
BLACK
6
CONTINUOUS
10
0.2059124409448819
20
-0.6133588582677165
11
0.192463031496063
21
-0.6179277559055117
0
LINE
8
BLACK
6
CONTINUOUS
10
0.192463031496063
20
-0.6179277559055117
11
0.1924310236220472
21
-0.6179351968503937
0
LINE
8
BLACK
6
CONTINUOUS
10
0.1924310236220472
20
-0.6179351968503937
11
0.1924007480314961
21
-0.6179481496062992
0
LINE
8
BLACK
6
CONTINUOUS
10
0.1924007480314961
20
-0.6179481496062992
11
0.1788532677165354
21
-0.6222173622047243
0
LINE
8
BLACK
6
CONTINUOUS
10
0.1788532677165354
20
-0.6222173622047243
11
0.178821062992126
21
-0.6222240944881889
0
LINE
8
BLACK
6
CONTINUOUS
10
0.178821062992126
20
-0.6222240944881889
11
0.1787905118110236
21
-0.6222363779527559
0
LINE
8
BLACK
6
CONTINUOUS
10
0.1787905118110236
20
-0.6222363779527559
11
0.1651516141732284
21
-0.626203779527559
0
LINE
8
BLACK
6
CONTINUOUS
10
0.1651516141732284
20
-0.626203779527559
11
0.1651191732283465
21
-0.6262098031496063
0
LINE
8
BLACK
6
CONTINUOUS
10
0.1651191732283465
20
-0.6262098031496063
11
0.1650884645669291
21
-0.6262213779527559
0
LINE
8
BLACK
6
CONTINUOUS
10
0.1650884645669291
20
-0.6262213779527559
11
0.151364842519685
21
-0.629885
0
LINE
8
BLACK
6
CONTINUOUS
10
0.151364842519685
20
-0.629885
11
0.1513324803149606
21
-0.6298902755905512
0
LINE
8
BLACK
6
CONTINUOUS
10
0.1513324803149606
20
-0.6298902755905512
11
0.1513013385826772
21
-0.6299012204724409
0
LINE
8
BLACK
6
CONTINUOUS
10
0.1513013385826772
20
-0.6299012204724409
11
0.1374997637795276
21
-0.6332592913385826
0
LINE
8
BLACK
6
CONTINUOUS
10
0.1374997637795276
20
-0.6332592913385826
11
0.1374672440944882
21
-0.6332638582677165
0
LINE
8
BLACK
6
CONTINUOUS
10
0.1374672440944882
20
-0.6332638582677165
11
0.137435905511811
21
-0.6332740944881889
0
LINE
8
BLACK
6
CONTINUOUS
10
0.137435905511811
20
-0.6332740944881889
11
0.123563188976378
21
-0.6363249212598425
0
LINE
8
BLACK
6
CONTINUOUS
10
0.123563188976378
20
-0.6363249212598425
11
0.1235303937007874
21
-0.6363287795275591
0
LINE
8
BLACK
6
CONTINUOUS
10
0.1235303937007874
20
-0.6363287795275591
11
0.1234990157480315
21
-0.6363382677165355
0
LINE
8
BLACK
6
CONTINUOUS
10
0.1234990157480315
20
-0.6363382677165355
11
0.109561968503937
21
-0.6390803543307086
0
LINE
8
BLACK
6
CONTINUOUS
10
0.109561968503937
20
-0.6390803543307086
11
0.1095291338582677
21
-0.6390835039370079
0
LINE
8
BLACK
6
CONTINUOUS
10
0.1095291338582677
20
-0.6390835039370079
11
0.1094975196850394
21
-0.6390922834645669
0
LINE
8
BLACK
6
CONTINUOUS
10
0.1094975196850394
20
-0.6390922834645669
11
0.0955030708661417
21
-0.6415243307086614
0
LINE
8
BLACK
6
CONTINUOUS
10
0.0955030708661417
20
-0.6415243307086614
11
0.0954702362204724
21
-0.6415267322834646
0
LINE
8
BLACK
6
CONTINUOUS
10
0.0954702362204724
20
-0.6415267322834646
11
0.0954383464566929
21
-0.6415348425196851
0
LINE
8
BLACK
6
CONTINUOUS
10
0.0954383464566929
20
-0.6415348425196851
11
0.0813933070866142
21
-0.6436555511811023
0
LINE
8
BLACK
6
CONTINUOUS
10
0.0813933070866142
20
-0.6436555511811023
11
0.0813605905511811
21
-0.6436572047244095
0
LINE
8
BLACK
6
CONTINUOUS
10
0.0813605905511811
20
-0.6436572047244095
11
0.0813283858267717
21
-0.6436646456692913
0
LINE
8
BLACK
6
CONTINUOUS
10
0.0813283858267717
20
-0.6436646456692913
11
0.0672397637795276
21
-0.6454730708661417
0
LINE
8
BLACK
6
CONTINUOUS
10
0.0672397637795276
20
-0.6454730708661417
11
0.0672066535433071
21
-0.6454740157480314
0
LINE
8
BLACK
6
CONTINUOUS
10
0.0672066535433071
20
-0.6454740157480314
11
0.0671746062992126
21
-0.6454806692913385
0
LINE
8
BLACK
6
CONTINUOUS
10
0.0671746062992126
20
-0.6454806692913385
11
0.0530493307086614
21
-0.6469758661417323
0
LINE
8
BLACK
6
CONTINUOUS
10
0.0530493307086614
20
-0.6469758661417323
11
0.0530164173228346
21
-0.6469761023622047
0
LINE
8
BLACK
6
CONTINUOUS
10
0.0530164173228346
20
-0.6469761023622047
11
0.0529840551181102
21
-0.6469820472440945
0
LINE
8
BLACK
6
CONTINUOUS
10
0.0529840551181102
20
-0.6469820472440945
11
0.0388290551181102
21
-0.6481633070866142
0
LINE
8
BLACK
6
CONTINUOUS
10
0.0388290551181102
20
-0.6481633070866142
11
0.0387961023622047
21
-0.6481627952755905
0
LINE
8
BLACK
6
CONTINUOUS
10
0.0387961023622047
20
-0.6481627952755905
11
0.0387636614173228
21
-0.6481680314960629
0
LINE
8
BLACK
6
CONTINUOUS
10
0.0387636614173228
20
-0.6481680314960629
11
0.024585905511811
21
-0.6490347244094488
0
LINE
8
BLACK
6
CONTINUOUS
10
0.024585905511811
20
-0.6490347244094488
11
0.0245529527559055
21
-0.6490334645669291
0
LINE
8
BLACK
6
CONTINUOUS
10
0.0245529527559055
20
-0.6490334645669291
11
0.0245204330708661
21
-0.6490379921259842
0
LINE
8
BLACK
6
CONTINUOUS
10
0.0245204330708661
20
-0.6490379921259842
11
0.0103269291338583
21
-0.6495897637795276
0
LINE
8
BLACK
6
CONTINUOUS
10
0.0103269291338583
20
-0.6495897637795276
11
0.0102942519685039
21
-0.6495877952755905
0
LINE
8
BLACK
6
CONTINUOUS
10
0.0102942519685039
20
-0.6495877952755905
11
0.0102614173228346
21
-0.6495916141732283
0
LINE
8
BLACK
6
CONTINUOUS
10
0.0102614173228346
20
-0.6495916141732283
11
-0.0039408661417323
21
-0.6498281102362204
0
LINE
8
BLACK
6
CONTINUOUS
10
-0.0039408661417323
20
-0.6498281102362204
11
-0.0039737401574803
21
-0.6498253937007874
0
LINE
8
BLACK
6
CONTINUOUS
10
-0.0039737401574803
20
-0.6498253937007874
11
-0.0040064173228346
21
-0.6498284645669291
0
LINE
8
BLACK
6
CONTINUOUS
10
-0.0040064173228346
20
-0.6498284645669291
11
-0.0182104330708661
21
-0.6497496456692913
0
LINE
8
BLACK
6
CONTINUOUS
10
-0.0182104330708661
20
-0.6497496456692913
11
-0.0182432283464567
21
-0.6497462204724409
0
LINE
8
BLACK
6
CONTINUOUS
10
-0.0182432283464567
20
-0.6497462204724409
11
-0.0182759842519685
21
-0.6497485433070866
0
LINE
8
BLACK
6
CONTINUOUS
10
-0.0182759842519685
20
-0.6497485433070866
11
-0.0324747244094488
21
-0.6493543700787402
0
LINE
8
BLACK
6
CONTINUOUS
10
-0.0324747244094488
20
-0.6493543700787402
11
-0.0325074409448819
21
-0.6493501968503936
0
LINE
8
BLACK
6
CONTINUOUS
10
-0.0325074409448819
20
-0.6493501968503936
11
-0.0325402362204724
21
-0.649351811023622
0
LINE
8
BLACK
6
CONTINUOUS
10
-0.0325402362204724
20
-0.649351811023622
11
-0.0467267322834646
21
-0.6486425590551181
0
LINE
8
BLACK
6
CONTINUOUS
10
-0.0467267322834646
20
-0.6486425590551181
11
-0.0467591732283465
21
-0.648637716535433
0
LINE
8
BLACK
6
CONTINUOUS
10
-0.0467591732283465
20
-0.648637716535433
11
-0.0467921653543307
21
-0.6486385826771653
0
LINE
8
BLACK
6
CONTINUOUS
10
-0.0467921653543307
20
-0.6486385826771653
11
-0.0609594488188976
21
-0.6476145275590551
0
LINE
8
BLACK
6
CONTINUOUS
10
-0.0609594488188976
20
-0.6476145275590551
11
-0.0609920078740157
21
-0.6476088976377953
0
LINE
8
BLACK
6
CONTINUOUS
10
-0.0609920078740157
20
-0.6476088976377953
11
-0.0610247637795276
21
-0.6476090551181102
0
LINE
8
BLACK
6
CONTINUOUS
10
-0.0610247637795276
20
-0.6476090551181102
11
-0.0751657874015748
21
-0.6462707480314961
0
LINE
8
BLACK
6
CONTINUOUS
10
-0.0751657874015748
20
-0.6462707480314961
11
-0.075198031496063
21
-0.6462644488188977
0
LINE
8
BLACK
6
CONTINUOUS
10
-0.075198031496063
20
-0.6462644488188977
11
-0.0752309842519685
21
-0.6462638582677165
0
LINE
8
BLACK
6
CONTINUOUS
10
-0.0752309842519685
20
-0.6462638582677165
11
-0.0893388188976378
21
-0.644611968503937
0
LINE
8
BLACK
6
CONTINUOUS
10
-0.0893388188976378
20
-0.644611968503937
11
-0.0893709842519685
21
-0.6446049212598425
0
LINE
8
BLACK
6
CONTINUOUS
10
-0.0893709842519685
20
-0.6446049212598425
11
-0.0894038582677165
21
-0.6446036220472441
0
LINE
8
BLACK
6
CONTINUOUS
10
-0.0894038582677165
20
-0.6446036220472441
11
-0.1034715748031496
21
-0.6426388976377952
0
LINE
8
BLACK
6
CONTINUOUS
10
-0.1034715748031496
20
-0.6426388976377952
11
-0.1035036614173228
21
-0.6426311417322834
0
LINE
8
BLACK
6
CONTINUOUS
10
-0.1035036614173228
20
-0.6426311417322834
11
-0.1035363779527559
21
-0.6426290944881889
0
LINE
8
BLACK
6
CONTINUOUS
10
-0.1035363779527559
20
-0.6426290944881889
11
-0.117556968503937
21
-0.6403525590551181
0
LINE
8
BLACK
6
CONTINUOUS
10
-0.117556968503937
20
-0.6403525590551181
11
-0.1175887401574803
21
-0.6403441338582677
0
LINE
8
BLACK
6
CONTINUOUS
10
-0.1175887401574803
20
-0.6403441338582677
11
-0.1176215748031496
21
-0.6403413385826772
0
LINE
8
BLACK
6
CONTINUOUS
10
-0.1176215748031496
20
-0.6403413385826772
11
-0.1315881889763779
21
-0.6377541338582677
0
LINE
8
BLACK
6
CONTINUOUS
10
-0.1315881889763779
20
-0.6377541338582677
11
-0.1316197244094488
21
-0.637745
0
LINE
8
BLACK
6
CONTINUOUS
10
-0.1316197244094488
20
-0.637745
11
-0.1316524803149606
21
-0.6377414960629921
0
LINE
8
BLACK
6
CONTINUOUS
10
-0.1316524803149606
20
-0.6377414960629921
11
-0.1455582677165354
21
-0.634844842519685
0
LINE
8
BLACK
6
CONTINUOUS
10
-0.1455582677165354
20
-0.634844842519685
11
-0.1455897637795276
21
-0.6348349606299213
0
LINE
8
BLACK
6
CONTINUOUS
10
-0.1455897637795276
20
-0.6348349606299213
11
-0.1456222834645669
21
-0.6348307480314961
0
LINE
8
BLACK
6
CONTINUOUS
10
-0.1456222834645669
20
-0.6348307480314961
11
-0.1594602755905512
21
-0.6316261023622047
0
LINE
8
BLACK
6
CONTINUOUS
10
-0.1594602755905512
20
-0.6316261023622047
11
-0.1594913385826772
21
-0.6316155905511811
0
LINE
8
BLACK
6
CONTINUOUS
10
-0.1594913385826772
20
-0.6316155905511811
11
-0.1595239763779528
21
-0.6316106299212598
0
LINE
8
BLACK
6
CONTINUOUS
10
-0.1595239763779528
20
-0.6316106299212598
11
-0.1732874015748032
21
-0.6280995669291338
0
LINE
8
BLACK
6
CONTINUOUS
10
-0.1732874015748032
20
-0.6280995669291338
11
-0.1733185039370079
21
-0.6280882677165354
0
LINE
8
BLACK
6
CONTINUOUS
10
-0.1733185039370079
20
-0.6280882677165354
11
-0.1733507086614173
21
-0.6280826377952756
0
LINE
8
BLACK
6
CONTINUOUS
10
-0.1733507086614173
20
-0.6280826377952756
11
-0.187032874015748
21
-0.6242668897637795
0
LINE
8
BLACK
6
CONTINUOUS
10
-0.187032874015748
20
-0.6242668897637795
11
-0.1870635826771654
21
-0.6242549606299213
0
LINE
8
BLACK
6
CONTINUOUS
10
-0.1870635826771654
20
-0.6242549606299213
11
-0.1870957874015748
21
-0.6242485826771653
0
LINE
8
BLACK
6
CONTINUOUS
10
-0.1870957874015748
20
-0.6242485826771653
11
-0.2006898031496063
21
-0.6201300393700787
0
LINE
8
BLACK
6
CONTINUOUS
10
-0.2006898031496063
20
-0.6201300393700787
11
-0.2007201181102362
21
-0.6201174803149606
0
LINE
8
BLACK
6
CONTINUOUS
10
-0.2007201181102362
20
-0.6201174803149606
11
-0.2007523228346457
21
-0.6201103543307086
0
LINE
8
BLACK
6
CONTINUOUS
10
-0.2007523228346457
20
-0.6201103543307086
11
-0.2142516141732284
21
-0.6156910236220472
0
LINE
8
BLACK
6
CONTINUOUS
10
-0.2142516141732284
20
-0.6156910236220472
11
-0.2142818503937008
21
-0.615677716535433
0
LINE
8
BLACK
6
CONTINUOUS
10
-0.2142818503937008
20
-0.615677716535433
11
-0.2143136614173228
21
-0.6156699212598425
0
LINE
8
BLACK
6
CONTINUOUS
10
-0.2143136614173228
20
-0.6156699212598425
11
-0.2277114566929134
21
-0.6109520078740157
0
LINE
8
BLACK
6
CONTINUOUS
10
-0.2277114566929134
20
-0.6109520078740157
11
-0.2277413779527559
21
-0.610938031496063
0
LINE
8
BLACK
6
CONTINUOUS
10
-0.2277413779527559
20
-0.610938031496063
11
-0.2277730708661417
21
-0.6109295275590551
0
LINE
8
BLACK
6
CONTINUOUS
10
-0.2277730708661417
20
-0.6109295275590551
11
-0.2410628346456693
21
-0.6059153543307086
0
LINE
8
BLACK
6
CONTINUOUS
10
-0.2410628346456693
20
-0.6059153543307086
11
-0.2410923622047244
21
-0.6059007480314961
0
LINE
8
BLACK
6
CONTINUOUS
10
-0.2410923622047244
20
-0.6059007480314961
11
-0.2411238976377953
21
-0.6058915354330708
0
LINE
8
BLACK
6
CONTINUOUS
10
-0.2411238976377953
20
-0.6058915354330708
11
-0.2542990551181102
21
-0.6005835039370079
0
LINE
8
BLACK
6
CONTINUOUS
10
-0.2542990551181102
20
-0.6005835039370079
11
-0.2543281496062992
21
-0.6005683070866141
0
LINE
8
BLACK
6
CONTINUOUS
10
-0.2543281496062992
20
-0.6005683070866141
11
-0.2543596062992126
21
-0.6005583464566929
0
LINE
8
BLACK
6
CONTINUOUS
10
-0.2543596062992126
20
-0.6005583464566929
11
-0.2674136614173228
21
-0.5949591732283465
0
LINE
8
BLACK
6
CONTINUOUS
10
-0.2674136614173228
20
-0.5949591732283465
11
-0.2674423622047244
21
-0.5949433464566929
0
LINE
8
BLACK
6
CONTINUOUS
10
-0.2674423622047244
20
-0.5949433464566929
11
-0.2674736614173228
21
-0.5949326771653544
0
LINE
8
BLACK
6
CONTINUOUS
10
-0.2674736614173228
20
-0.5949326771653544
11
-0.2804001968503937
21
-0.5890450787401574
0
LINE
8
BLACK
6
CONTINUOUS
10
-0.2804001968503937
20
-0.5890450787401574
11
-0.2804286614173228
21
-0.5890285433070866
0
LINE
8
BLACK
6
CONTINUOUS
10
-0.2804286614173228
20
-0.5890285433070866
11
-0.2804595669291339
21
-0.5890172440944882
0
LINE
8
BLACK
6
CONTINUOUS
10
-0.2804595669291339
20
-0.5890172440944882
11
-0.2932522440944882
21
-0.582844094488189
0
LINE
8
BLACK
6
CONTINUOUS
10
-0.2932522440944882
20
-0.582844094488189
11
-0.2932803543307086
21
-0.5828269291338583
0
LINE
8
BLACK
6
CONTINUOUS
10
-0.2932803543307086
20
-0.5828269291338583
11
-0.2933109448818897
21
-0.5828149606299212
0
LINE
8
BLACK
6
CONTINUOUS
10
-0.2933109448818897
20
-0.5828149606299212
11
-0.3059634251968504
21
-0.5763593700787402
0
LINE
8
BLACK
6
CONTINUOUS
10
-0.3059634251968504
20
-0.5763593700787402
11
-0.3059912598425197
21
-0.5763415354330709
0
LINE
8
BLACK
6
CONTINUOUS
10
-0.3059912598425197
20
-0.5763415354330709
11
-0.3060214960629921
21
-0.5763288976377953
0
LINE
8
BLACK
6
CONTINUOUS
10
-0.3060214960629921
20
-0.5763288976377953
11
-0.3185275196850393
21
-0.5695939763779527
0
LINE
8
BLACK
6
CONTINUOUS
10
-0.3185275196850393
20
-0.5695939763779527
11
-0.3185547244094488
21
-0.5695756692913385
0
LINE
8
BLACK
6
CONTINUOUS
10
-0.3185547244094488
20
-0.5695756692913385
11
-0.3185848818897637
21
-0.5695622834645669
0
LINE
8
BLACK
6
CONTINUOUS
10
-0.3185848818897637
20
-0.5695622834645669
11
-0.3309383464566929
21
-0.5625514173228346
0
LINE
8
BLACK
6
CONTINUOUS
10
-0.3309383464566929
20
-0.5625514173228346
11
-0.3309652755905512
21
-0.5625324015748031
0
LINE
8
BLACK
6
CONTINUOUS
10
-0.3309652755905512
20
-0.5625324015748031
11
-0.330995
21
-0.5625184251968504
0
LINE
8
BLACK
6
CONTINUOUS
10
-0.330995
20
-0.5625184251968504
11
-0.3431897637795275
21
-0.555235
0
LINE
8
BLACK
6
CONTINUOUS
10
-0.3431897637795275
20
-0.555235
11
-0.3432162992125984
21
-0.5552153937007874
0
LINE
8
BLACK
6
CONTINUOUS
10
-0.3432162992125984
20
-0.5552153937007874
11
-0.3432456692913386
21
-0.5552007480314961
0
LINE
8
BLACK
6
CONTINUOUS
10
-0.3432456692913386
20
-0.5552007480314961
11
-0.3552757086614173
21
-0.5476484251968504
0
LINE
8
BLACK
6
CONTINUOUS
10
-0.3552757086614173
20
-0.5476484251968504
11
-0.3553016929133858
21
-0.5476283070866141
0
LINE
8
BLACK
6
CONTINUOUS
10
-0.3553016929133858
20
-0.5476283070866141
11
-0.3553308661417323
21
-0.5476129527559055
0
LINE
8
BLACK
6
CONTINUOUS
10
-0.3553308661417323
20
-0.5476129527559055
11
-0.3671902755905512
21
-0.5397953937007874
0
LINE
8
BLACK
6
CONTINUOUS
10
-0.3671902755905512
20
-0.5397953937007874
11
-0.367215905511811
21
-0.5397746456692913
0
LINE
8
BLACK
6
CONTINUOUS
10
-0.367215905511811
20
-0.5397746456692913
11
-0.3672446062992126
21
-0.5397587007874015
0
LINE
8
BLACK
6
CONTINUOUS
10
-0.3672446062992126
20
-0.5397587007874015
11
-0.3789275590551181
21
-0.5316798031496063
0
LINE
8
BLACK
6
CONTINUOUS
10
-0.3789275590551181
20
-0.5316798031496063
11
-0.3789527165354331
21
-0.5316584645669291
0
LINE
8
BLACK
6
CONTINUOUS
10
-0.3789527165354331
20
-0.5316584645669291
11
-0.3789810236220472
21
-0.5316419291338582
0
LINE
8
BLACK
6
CONTINUOUS
10
-0.3789810236220472
20
-0.5316419291338582
11
-0.3904817716535433
21
-0.5233056692913386
0
LINE
8
BLACK
6
CONTINUOUS
10
-0.3904817716535433
20
-0.5233056692913386
11
-0.3905063385826771
21
-0.5232838976377953
0
LINE
8
BLACK
6
CONTINUOUS
10
-0.3905063385826771
20
-0.5232838976377953
11
-0.3905344488188977
21
-0.5232666141732283
0
LINE
8
BLACK
6
CONTINUOUS
10
-0.3905344488188977
20
-0.5232666141732283
11
-0.4018472440944882
21
-0.5146770866141732
0
LINE
8
BLACK
6
CONTINUOUS
10
-0.4018472440944882
20
-0.5146770866141732
11
-0.4018714566929134
21
-0.5146546456692913
0
LINE
8
BLACK
6
CONTINUOUS
10
-0.4018714566929134
20
-0.5146546456692913
11
-0.4018990157480315
21
-0.5146368503937008
0
LINE
8
BLACK
6
CONTINUOUS
10
-0.4018990157480315
20
-0.5146368503937008
11
-0.4130183858267716
21
-0.5057982677165355
0
LINE
8
BLACK
6
CONTINUOUS
10
-0.4130183858267716
20
-0.5057982677165355
11
-0.4130420472440945
21
-0.5057753543307086
0
LINE
8
BLACK
6
CONTINUOUS
10
-0.4130420472440945
20
-0.5057753543307086
11
-0.4130692125984252
21
-0.5057569291338583
0
LINE
8
BLACK
6
CONTINUOUS
10
-0.4130692125984252
20
-0.5057569291338583
11
-0.4239896062992126
21
-0.4966737007874016
0
LINE
8
BLACK
6
CONTINUOUS
10
-0.4239896062992126
20
-0.4966737007874016
11
-0.4240128346456693
21
-0.4966501574803149
0
LINE
8
BLACK
6
CONTINUOUS
10
-0.4240128346456693
20
-0.4966501574803149
11
-0.4240394881889764
21
-0.496631220472441
0
LINE
8
BLACK
6
CONTINUOUS
10
-0.4240394881889764
20
-0.496631220472441
11
-0.4347555905511811
21
-0.4873077952755905
0
LINE
8
BLACK
6
CONTINUOUS
10
-0.4347555905511811
20
-0.4873077952755905
11
-0.4347782283464567
21
-0.4872838188976378
0
LINE
8
BLACK
6
CONTINUOUS
10
-0.4347782283464567
20
-0.4872838188976378
11
-0.4348045669291338
21
-0.4872642125984252
0
LINE
8
BLACK
6
CONTINUOUS
10
-0.4348045669291338
20
-0.4872642125984252
11
-0.4453109842519685
21
-0.4777051574803149
0
LINE
8
BLACK
6
CONTINUOUS
10
-0.4453109842519685
20
-0.4777051574803149
11
-0.445333031496063
21
-0.4776807480314961
0
LINE
8
BLACK
6
CONTINUOUS
10
-0.445333031496063
20
-0.4776807480314961
11
-0.4453589763779527
21
-0.4776605118110236
0
LINE
8
BLACK
6
CONTINUOUS
10
-0.4453589763779527
20
-0.4776605118110236
11
-0.4556505905511811
21
-0.4678705905511811
0
LINE
8
BLACK
6
CONTINUOUS
10
-0.4556505905511811
20
-0.4678705905511811
11
-0.4556720866141732
21
-0.4678457086614173
0
LINE
8
BLACK
6
CONTINUOUS
10
-0.4556720866141732
20
-0.4678457086614173
11
-0.4556975984251969
21
-0.4678248818897638
0
LINE
8
BLACK
6
CONTINUOUS
10
-0.4556975984251969
20
-0.4678248818897638
11
-0.4657693307086614
21
-0.4578088976377953
0
LINE
8
BLACK
6
CONTINUOUS
10
-0.4657693307086614
20
-0.4578088976377953
11
-0.4657903149606299
21
-0.4577834645669291
0
LINE
8
BLACK
6
CONTINUOUS
10
-0.4657903149606299
20
-0.4577834645669291
11
-0.4658152755905512
21
-0.4577621653543307
0
LINE
8
BLACK
6
CONTINUOUS
10
-0.4658152755905512
20
-0.4577621653543307
11
-0.4756621653543307
21
-0.4475250393700787
0
LINE
8
BLACK
6
CONTINUOUS
10
-0.4756621653543307
20
-0.4475250393700787
11
-0.4756825590551181
21
-0.4474991732283464
0
LINE
8
BLACK
6
CONTINUOUS
10
-0.4756825590551181
20
-0.4474991732283464
11
-0.4757070866141732
21
-0.4474772834645669
0
LINE
8
BLACK
6
CONTINUOUS
10
-0.4757070866141732
20
-0.4474772834645669
11
-0.4853242913385827
21
-0.437024094488189
0
LINE
8
BLACK
6
CONTINUOUS
10
-0.4853242913385827
20
-0.437024094488189
11
-0.485344094488189
21
-0.4369977952755905
0
LINE
8
BLACK
6
CONTINUOUS
10
-0.485344094488189
20
-0.4369977952755905
11
-0.4853681496062992
21
-0.4369753543307087
0
LINE
8
BLACK
6
CONTINUOUS
10
-0.4853681496062992
20
-0.4369753543307087
11
-0.4947509448818898
21
-0.4263112204724409
0
LINE
8
BLACK
6
CONTINUOUS
10
-0.4947509448818898
20
-0.4263112204724409
11
-0.4947701574803149
21
-0.4262845275590551
0
LINE
8
BLACK
6
CONTINUOUS
10
-0.4947701574803149
20
-0.4262845275590551
11
-0.4947937007874015
21
-0.4262615354330709
0
LINE
8
BLACK
6
CONTINUOUS
10
-0.4947937007874015
20
-0.4262615354330709
11
-0.5039374015748032
21
-0.4153917322834645
0
LINE
8
BLACK
6
CONTINUOUS
10
-0.5039374015748032
20
-0.4153917322834645
11
-0.5039560629921259
21
-0.4153644881889764
0
LINE
8
BLACK
6
CONTINUOUS
10
-0.5039560629921259
20
-0.4153644881889764
11
-0.5039790157480315
21
-0.4153411023622047
0
LINE
8
BLACK
6
CONTINUOUS
10
-0.5039790157480315
20
-0.4153411023622047
11
-0.5128791732283464
21
-0.4042709842519685
0
LINE
8
BLACK
6
CONTINUOUS
10
-0.5128791732283464
20
-0.4042709842519685
11
-0.5128971653543307
21
-0.4042434645669291
0
LINE
8
BLACK
6
CONTINUOUS
10
-0.5128971653543307
20
-0.4042434645669291
11
-0.51291968503937
21
-0.4042194488188977
0
LINE
8
BLACK
6
CONTINUOUS
10
-0.51291968503937
20
-0.4042194488188977
11
-0.5215718503937008
21
-0.3929544881889764
0
LINE
8
BLACK
6
CONTINUOUS
10
-0.5215718503937008
20
-0.3929544881889764
11
-0.5215892519685039
21
-0.3929265748031496
0
LINE
8
BLACK
6
CONTINUOUS
10
-0.5215892519685039
20
-0.3929265748031496
11
-0.5216112204724409
21
-0.3929020472440945
0
LINE
8
BLACK
6
CONTINUOUS
10
-0.5216112204724409
20
-0.3929020472440945
11
-0.530011220472441
21
-0.3814477952755905
0
LINE
8
BLACK
6
CONTINUOUS
10
-0.530011220472441
20
-0.3814477952755905
11
-0.530028031496063
21
-0.3814194488188976
0
LINE
8
BLACK
6
CONTINUOUS
10
-0.530028031496063
20
-0.3814194488188976
11
-0.5300494094488188
21
-0.3813944881889764
0
LINE
8
BLACK
6
CONTINUOUS
10
-0.5300494094488188
20
-0.3813944881889764
11
-0.538193031496063
21
-0.3697565354330709
0
LINE
8
BLACK
6
CONTINUOUS
10
-0.538193031496063
20
-0.3697565354330709
11
-0.5382092519685039
21
-0.3697277559055118
0
LINE
8
BLACK
6
CONTINUOUS
10
-0.5382092519685039
20
-0.3697277559055118
11
-0.53823
21
-0.3697024015748032
0
LINE
8
BLACK
6
CONTINUOUS
10
-0.53823
20
-0.3697024015748032
11
-0.5461132283464567
21
-0.3578865354330709
0
LINE
8
BLACK
6
CONTINUOUS
10
-0.5461132283464567
20
-0.3578865354330709
11
-0.5461286220472441
21
-0.3578576771653543
0
LINE
8
BLACK
6
CONTINUOUS
10
-0.5461286220472441
20
-0.3578576771653543
11
-0.5461490157480314
21
-0.3578316535433071
0
LINE
8
BLACK
6
CONTINUOUS
10
-0.5461490157480314
20
-0.3578316535433071
11
-0.553768031496063
21
-0.3458436614173228
0
LINE
8
BLACK
6
CONTINUOUS
10
-0.553768031496063
20
-0.3458436614173228
11
-0.5537829133858267
21
-0.3458142125984252
0
LINE
8
BLACK
6
CONTINUOUS
10
-0.5537829133858267
20
-0.3458142125984252
11
-0.5538025590551181
21
-0.3457879527559055
0
LINE
8
BLACK
6
CONTINUOUS
10
-0.5538025590551181
20
-0.3457879527559055
11
-0.5611535433070866
21
-0.3336338188976378
0
LINE
8
BLACK
6
CONTINUOUS
10
-0.5611535433070866
20
-0.3336338188976378
11
-0.5611677165354331
21
-0.3336041732283465
0
LINE
8
BLACK
6
CONTINUOUS
10
-0.5611677165354331
20
-0.3336041732283465
11
-0.5611868503937008
21
-0.3335773622047244
0
LINE
8
BLACK
6
CONTINUOUS
10
-0.5611868503937008
20
-0.3335773622047244
11
-0.5682661811023622
21
-0.321263031496063
0
LINE
8
BLACK
6
CONTINUOUS
10
-0.5682661811023622
20
-0.321263031496063
11
-0.5682797244094488
21
-0.321233031496063
0
LINE
8
BLACK
6
CONTINUOUS
10
-0.5682797244094488
20
-0.321233031496063
11
-0.5682982283464567
21
-0.3212058267716535
0
LINE
8
BLACK
6
CONTINUOUS
10
-0.5682982283464567
20
-0.3212058267716535
11
-0.5751024409448818
21
-0.3087373622047244
0
LINE
8
BLACK
6
CONTINUOUS
10
-0.5751024409448818
20
-0.3087373622047244
11
-0.57511531496063
21
-0.3087070472440945
0
LINE
8
BLACK
6
CONTINUOUS
10
-0.57511531496063
20
-0.3087070472440945
11
-0.5751331889763779
21
-0.3086794881889764
0
LINE
8
BLACK
6
CONTINUOUS
10
-0.5751331889763779
20
-0.3086794881889764
11
-0.581658937007874
21
-0.296063031496063
0
LINE
8
BLACK
6
CONTINUOUS
10
-0.581658937007874
20
-0.296063031496063
11
-0.5816711023622048
21
-0.2960325590551181
0
LINE
8
BLACK
6
CONTINUOUS
10
-0.5816711023622048
20
-0.2960325590551181
11
-0.5816884251968504
21
-0.2960044881889763
0
LINE
8
BLACK
6
CONTINUOUS
10
-0.5816884251968504
20
-0.2960044881889763
11
-0.5879324409448818
21
-0.2832462598425197
0
LINE
8
BLACK
6
CONTINUOUS
10
-0.5879324409448818
20
-0.2832462598425197
11
-0.5879439763779527
21
-0.2832153149606299
0
LINE
8
BLACK
6
CONTINUOUS
10
-0.5879439763779527
20
-0.2832153149606299
11
-0.5879605905511811
21
-0.2831870472440945
0
LINE
8
BLACK
6
CONTINUOUS
10
-0.5879605905511811
20
-0.2831870472440945
11
-0.593919842519685
21
-0.2702933858267716
0
LINE
8
BLACK
6
CONTINUOUS
10
-0.593919842519685
20
-0.2702933858267716
11
-0.5939306692913385
21
-0.2702622440944882
0
LINE
8
BLACK
6
CONTINUOUS
10
-0.5939306692913385
20
-0.2702622440944882
11
-0.5939466929133859
21
-0.2702335433070866
0
LINE
8
BLACK
6
CONTINUOUS
10
-0.5939466929133859
20
-0.2702335433070866
11
-0.5996182677165354
21
-0.2572107874015748
0
LINE
8
BLACK
6
CONTINUOUS
10
-0.5996182677165354
20
-0.2572107874015748
11
-0.5996284251968503
21
-0.2571793700787401
0
LINE
8
BLACK
6
CONTINUOUS
10
-0.5996284251968503
20
-0.2571793700787401
11
-0.5996437795275591
21
-0.2571503543307087
0
LINE
8
BLACK
6
CONTINUOUS
10
-0.5996437795275591
20
-0.2571503543307087
11
-0.6050248031496063
21
-0.244004842519685
0
LINE
8
BLACK
6
CONTINUOUS
10
-0.6050248031496063
20
-0.244004842519685
11
-0.6050342519685039
21
-0.2439732677165354
0
LINE
8
BLACK
6
CONTINUOUS
10
-0.6050342519685039
20
-0.2439732677165354
11
-0.605048937007874
21
-0.243943937007874
0
LINE
8
BLACK
6
CONTINUOUS
10
-0.605048937007874
20
-0.243943937007874
11
-0.6101368503937008
21
-0.2306822047244095
0
LINE
8
BLACK
6
CONTINUOUS
10
-0.6101368503937008
20
-0.2306822047244095
11
-0.6101455511811024
21
-0.2306505511811024
0
LINE
8
BLACK
6
CONTINUOUS
10
-0.6101455511811024
20
-0.2306505511811024
11
-0.61015968503937
21
-0.2306207086614173
0
LINE
8
BLACK
6
CONTINUOUS
10
-0.61015968503937
20
-0.2306207086614173
11
-0.6149518897637796
21
-0.2172492913385827
0
LINE
8
BLACK
6
CONTINUOUS
10
-0.6149518897637796
20
-0.2172492913385827
11
-0.6149599212598426
21
-0.2172173228346457
0
LINE
8
BLACK
6
CONTINUOUS
10
-0.6149599212598426
20
-0.2172173228346457
11
-0.6149733070866141
21
-0.2171873622047244
0
LINE
8
BLACK
6
CONTINUOUS
10
-0.6149733070866141
20
-0.2171873622047244
11
-0.6194674803149606
21
-0.203712874015748
0
LINE
8
BLACK
6
CONTINUOUS
10
-0.6194674803149606
20
-0.203712874015748
11
-0.619474842519685
21
-0.2036806692913386
0
LINE
8
BLACK
6
CONTINUOUS
10
-0.619474842519685
20
-0.2036806692913386
11
-0.6194875196850393
21
-0.2036504330708661
0
LINE
8
BLACK
6
CONTINUOUS
10
-0.6194875196850393
20
-0.2036504330708661
11
-0.6236814960629921
21
-0.1900794881889764
0
LINE
8
BLACK
6
CONTINUOUS
10
-0.6236814960629921
20
-0.1900794881889764
11
-0.6236881102362205
21
-0.1900471653543307
0
LINE
8
BLACK
6
CONTINUOUS
10
-0.6236881102362205
20
-0.1900471653543307
11
-0.6237001574803149
21
-0.1900166141732283
0
LINE
8
BLACK
6
CONTINUOUS
10
-0.6237001574803149
20
-0.1900166141732283
11
-0.6275917716535433
21
-0.176355905511811
0
LINE
8
BLACK
6
CONTINUOUS
10
-0.6275917716535433
20
-0.176355905511811
11
-0.6275976377952756
21
-0.1763236614173228
0
LINE
8
BLACK
6
CONTINUOUS
10
-0.6275976377952756
20
-0.1763236614173228
11
-0.6276090551181103
21
-0.1762926771653543
0
LINE
8
BLACK
6
CONTINUOUS
10
-0.6276090551181103
20
-0.1762926771653543
11
-0.6311964566929134
21
-0.162548937007874
0
LINE
8
BLACK
6
CONTINUOUS
10
-0.6311964566929134
20
-0.162548937007874
11
-0.631201653543307
21
-0.1625162598425197
0
LINE
8
BLACK
6
CONTINUOUS
10
-0.631201653543307
20
-0.1625162598425197
11
-0.6312122834645669
21
-0.1624853149606299
0
LINE
8
BLACK
6
CONTINUOUS
10
-0.6312122834645669
20
-0.1624853149606299
11
-0.6344937007874015
21
-0.1486653149606299
0
LINE
8
BLACK
6
CONTINUOUS
10
-0.6344937007874015
20
-0.1486653149606299
11
-0.6344981496062992
21
-0.1486327165354331
0
LINE
8
BLACK
6
CONTINUOUS
10
-0.6344981496062992
20
-0.1486327165354331
11
-0.6345081496062992
21
-0.1486013385826772
0
LINE
8
BLACK
6
CONTINUOUS
10
-0.6345081496062992
20
-0.1486013385826772
11
-0.6374819291338583
21
-0.1347119291338583
0
LINE
8
BLACK
6
CONTINUOUS
10
-0.6374819291338583
20
-0.1347119291338583
11
-0.6374856299212598
21
-0.1346792519685039
0
LINE
8
BLACK
6
CONTINUOUS
10
-0.6374856299212598
20
-0.1346792519685039
11
-0.6374949606299213
21
-0.1346476377952756
0
LINE
8
BLACK
6
CONTINUOUS
10
-0.6374949606299213
20
-0.1346476377952756
11
-0.6401596062992125
21
-0.1206956299212598
0
LINE
8
BLACK
6
CONTINUOUS
10
-0.6401596062992125
20
-0.1206956299212598
11
-0.6401625984251968
21
-0.1206629921259842
0
LINE
8
BLACK
6
CONTINUOUS
10
-0.6401625984251968
20
-0.1206629921259842
11
-0.6401712204724409
21
-0.1206311023622047
0
LINE
8
BLACK
6
CONTINUOUS
10
-0.6401712204724409
20
-0.1206311023622047
11
-0.6425255511811023
21
-0.1066233464566929
0
LINE
8
BLACK
6
CONTINUOUS
10
-0.6425255511811023
20
-0.1066233464566929
11
-0.6425278346456693
21
-0.1065903543307087
0
LINE
8
BLACK
6
CONTINUOUS
10
-0.6425278346456693
20
-0.1065903543307087
11
-0.6425356692913385
21
-0.1065585826771654
0
LINE
8
BLACK
6
CONTINUOUS
10
-0.6425356692913385
20
-0.1065585826771654
11
-0.6445784251968504
21
-0.0925020472440945
0
LINE
8
BLACK
6
CONTINUOUS
10
-0.6445784251968504
20
-0.0925020472440945
11
-0.6445799606299213
21
-0.0924692913385827
0
LINE
8
BLACK
6
CONTINUOUS
10
-0.6445799606299213
20
-0.0924692913385827
11
-0.6445871653543307
21
-0.0924370472440945
0
LINE
8
BLACK
6
CONTINUOUS
10
-0.6445871653543307
20
-0.0924370472440945
11
-0.6463173228346456
21
-0.0783385826771654
0
LINE
8
BLACK
6
CONTINUOUS
10
-0.6463173228346456
20
-0.0783385826771654
11
-0.6463181496062992
21
-0.0783055905511811
0
LINE
8
BLACK
6
CONTINUOUS
10
-0.6463181496062992
20
-0.0783055905511811
11
-0.6463245669291339
21
-0.0782734645669291
0
LINE
8
BLACK
6
CONTINUOUS
10
-0.6463245669291339
20
-0.0782734645669291
11
-0.6477413385826771
21
-0.0641400787401575
0
LINE
8
BLACK
6
CONTINUOUS
10
-0.6477413385826771
20
-0.0641400787401575
11
-0.6477414173228346
21
-0.0641072047244095
0
LINE
8
BLACK
6
CONTINUOUS
10
-0.6477414173228346
20
-0.0641072047244095
11
-0.6477471653543307
21
-0.0640747637795276
0
LINE
8
BLACK
6
CONTINUOUS
10
-0.6477471653543307
20
-0.0640747637795276
11
-0.648849842519685
21
-0.0499133858267717
0
LINE
8
BLACK
6
CONTINUOUS
10
-0.648849842519685
20
-0.0499133858267717
11
-0.6488491732283465
21
-0.0498803149606299
0
LINE
8
BLACK
6
CONTINUOUS
10
-0.6488491732283465
20
-0.0498803149606299
11
-0.6488541732283465
21
-0.0498479921259843
0
LINE
8
BLACK
6
CONTINUOUS
10
-0.6488541732283465
20
-0.0498479921259843
11
-0.6496422047244095
21
-0.0356656299212598
0
LINE
8
BLACK
6
CONTINUOUS
10
-0.6496422047244095
20
-0.0356656299212598
11
-0.6496408267716536
21
-0.0356325196850394
0
LINE
8
BLACK
6
CONTINUOUS
10
-0.6496408267716536
20
-0.0356325196850394
11
-0.6496450787401574
21
-0.0356001181102362
0
LINE
8
BLACK
6
CONTINUOUS
10
-0.6496450787401574
20
-0.0356001181102362
11
-0.650118031496063
21
-0.0214037795275591
0
LINE
8
BLACK
6
CONTINUOUS
10
-0.650118031496063
20
-0.0214037795275591
11
-0.650115905511811
21
-0.0213709448818898
0
LINE
8
BLACK
6
CONTINUOUS
10
-0.650115905511811
20
-0.0213709448818898
11
-0.6501194881889764
21
-0.0213382283464567
0
LINE
8
BLACK
6
CONTINUOUS
10
-0.6501194881889764
20
-0.0213382283464567
11
-0.6502771653543307
21
-0.0071349212598425
0
LINE
8
BLACK
6
CONTINUOUS
10
-0.6502771653543307
20
-0.0071349212598425
11
-0.6502743307086614
21
-0.007102125984252
0
LINE
8
BLACK
6
CONTINUOUS
10
-0.6502743307086614
20
-0.007102125984252
11
-0.6502771653543307
21
-0.0070693307086614
0
LINE
8
BLACK
6
CONTINUOUS
10
-0.6502771653543307
20
-0.0070693307086614
11
-0.6501194881889764
21
0.0071339763779528
0
LINE
8
BLACK
6
CONTINUOUS
10
-0.6501194881889764
20
0.0071339763779528
11
-0.650115905511811
21
0.0071667322834646
0
LINE
8
BLACK
6
CONTINUOUS
10
-0.650115905511811
20
0.0071667322834646
11
-0.650118031496063
21
0.0071995275590551
0
LINE
8
BLACK
6
CONTINUOUS
10
-0.650118031496063
20
0.0071995275590551
11
-0.6496450787401574
21
0.0213958661417323
0
LINE
8
BLACK
6
CONTINUOUS
10
-0.6496450787401574
20
0.0213958661417323
11
-0.6496408267716536
21
0.0214283070866142
0
LINE
8
BLACK
6
CONTINUOUS
10
-0.6496408267716536
20
0.0214283070866142
11
-0.6496422047244095
21
0.0214613779527559
0
LINE
8
BLACK
6
CONTINUOUS
10
-0.6496422047244095
20
0.0214613779527559
11
-0.6488541732283465
21
0.0356437401574803
0
LINE
8
BLACK
6
CONTINUOUS
10
-0.6488541732283465
20
0.0356437401574803
11
-0.6488491732283465
21
0.0356761023622047
0
LINE
8
BLACK
6
CONTINUOUS
10
-0.6488491732283465
20
0.0356761023622047
11
-0.648849842519685
21
0.0357091338582677
0
LINE
8
BLACK
6
CONTINUOUS
10
-0.648849842519685
20
0.0357091338582677
11
-0.6477471653543307
21
0.0498705118110236
0
LINE
8
BLACK
6
CONTINUOUS
10
-0.6477471653543307
20
0.0498705118110236
11
-0.6477414173228346
21
0.0499029921259843
0
LINE
8
BLACK
6
CONTINUOUS
10
-0.6477414173228346
20
0.0499029921259843
11
-0.6477413385826771
21
0.0499358267716535
0
LINE
8
BLACK
6
CONTINUOUS
10
-0.6477413385826771
20
0.0499358267716535
11
-0.6463245669291339
21
0.0640692125984252
0
LINE
8
BLACK
6
CONTINUOUS
10
-0.6463245669291339
20
0.0640692125984252
11
-0.6463181496062992
21
0.0641013779527559
0
LINE
8
BLACK
6
CONTINUOUS
10
-0.6463181496062992
20
0.0641013779527559
11
-0.6463173228346456
21
0.0641343307086614
0
LINE
8
BLACK
6
CONTINUOUS
10
-0.6463173228346456
20
0.0641343307086614
11
-0.6445871653543307
21
0.0782327952755905
0
LINE
8
BLACK
6
CONTINUOUS
10
-0.6445871653543307
20
0.0782327952755905
11
-0.6445799606299213
21
0.0782650787401575
0
LINE
8
BLACK
6
CONTINUOUS
10
-0.6445799606299213
20
0.0782650787401575
11
-0.6445784251968504
21
0.0782977952755906
0
LINE
8
BLACK
6
CONTINUOUS
10
-0.6445784251968504
20
0.0782977952755906
11
-0.6425356692913385
21
0.0923543307086614
0
LINE
8
BLACK
6
CONTINUOUS
10
-0.6425356692913385
20
0.0923543307086614
11
-0.6425278346456693
21
0.0923861417322835
0
LINE
8
BLACK
6
CONTINUOUS
10
-0.6425278346456693
20
0.0923861417322835
11
-0.6425255511811023
21
0.092419094488189
0
LINE
8
BLACK
6
CONTINUOUS
10
-0.6425255511811023
20
0.092419094488189
11
-0.6401712204724409
21
0.1064268503937008
0
LINE
8
BLACK
6
CONTINUOUS
10
-0.6401712204724409
20
0.1064268503937008
11
-0.6401625984251968
21
0.1064587795275591
0
LINE
8
BLACK
6
CONTINUOUS
10
-0.6401625984251968
20
0.1064587795275591
11
-0.6401596062992125
21
0.1064913779527559
0
LINE
8
BLACK
6
CONTINUOUS
10
-0.6401596062992125
20
0.1064913779527559
11
-0.6374949606299213
21
0.1204433858267717
0
LINE
8
BLACK
6
CONTINUOUS
10
-0.6374949606299213
20
0.1204433858267717
11
-0.6374856299212598
21
0.1204750393700787
0
LINE
8
BLACK
6
CONTINUOUS
10
-0.6374856299212598
20
0.1204750393700787
11
-0.6374819291338583
21
0.1205076771653543
0
LINE
8
BLACK
6
CONTINUOUS
10
-0.6374819291338583
20
0.1205076771653543
11
-0.6345081496062992
21
0.1343970866141732
0
LINE
8
BLACK
6
CONTINUOUS
10
-0.6345081496062992
20
0.1343970866141732
11
-0.6344981496062992
21
0.1344285039370079
0
LINE
8
BLACK
6
CONTINUOUS
10
-0.6344981496062992
20
0.1344285039370079
11
-0.6344937007874015
21
0.134461062992126
0
LINE
8
BLACK
6
CONTINUOUS
10
-0.6344937007874015
20
0.134461062992126
11
-0.6312122834645669
21
0.148281062992126
0
LINE
8
BLACK
6
CONTINUOUS
10
-0.6312122834645669
20
0.148281062992126
11
-0.631201653543307
21
0.1483120472440945
0
LINE
8
BLACK
6
CONTINUOUS
10
-0.631201653543307
20
0.1483120472440945
11
-0.6311964566929134
21
0.1483446850393701
0
LINE
8
BLACK
6
CONTINUOUS
10
-0.6311964566929134
20
0.1483446850393701
11
-0.6276090551181103
21
0.1620884251968504
0
LINE
8
BLACK
6
CONTINUOUS
10
-0.6276090551181103
20
0.1620884251968504
11
-0.6275976377952756
21
0.1621194488188976
0
LINE
8
BLACK
6
CONTINUOUS
10
-0.6275976377952756
20
0.1621194488188976
11
-0.6275917716535433
21
0.1621516535433071
0
LINE
8
BLACK
6
CONTINUOUS
10
-0.6275917716535433
20
0.1621516535433071
11
-0.6237001574803149
21
0.1758123622047244
0
LINE
8
BLACK
6
CONTINUOUS
10
-0.6237001574803149
20
0.1758123622047244
11
-0.6236881102362205
21
0.1758429527559055
0
LINE
8
BLACK
6
CONTINUOUS
10
-0.6236881102362205
20
0.1758429527559055
11
-0.6236814960629921
21
0.1758752362204724
0
LINE
8
BLACK
6
CONTINUOUS
10
-0.6236814960629921
20
0.1758752362204724
11
-0.6194875196850393
21
0.1894461811023622
0
LINE
8
BLACK
6
CONTINUOUS
10
-0.6194875196850393
20
0.1894461811023622
11
-0.619474842519685
21
0.1894764566929134
0
LINE
8
BLACK
6
CONTINUOUS
10
-0.619474842519685
20
0.1894764566929134
11
-0.6194674803149606
21
0.1895086220472441
0
LINE
8
BLACK
6
CONTINUOUS
10
-0.6194674803149606
20
0.1895086220472441
11
-0.6149733070866141
21
0.2029831102362205
0
LINE
8
BLACK
6
CONTINUOUS
10
-0.6149733070866141
20
0.2029831102362205
11
-0.6149599212598426
21
0.2030131102362205
0
LINE
8
BLACK
6
CONTINUOUS
10
-0.6149599212598426
20
0.2030131102362205
11
-0.6149518897637796
21
0.2030450393700787
0
LINE
8
BLACK
6
CONTINUOUS
10
-0.6149518897637796
20
0.2030450393700787
11
-0.61015968503937
21
0.2164164566929134
0
LINE
8
BLACK
6
CONTINUOUS
10
-0.61015968503937
20
0.2164164566929134
11
-0.6101455511811024
21
0.2164463385826772
0
LINE
8
BLACK
6
CONTINUOUS
10
-0.6101455511811024
20
0.2164463385826772
11
-0.6101368503937008
21
0.2164779527559055
0
LINE
8
BLACK
6
CONTINUOUS
10
-0.6101368503937008
20
0.2164779527559055
11
-0.605048937007874
21
0.2297396850393701
0
LINE
8
BLACK
6
CONTINUOUS
10
-0.605048937007874
20
0.2297396850393701
11
-0.6050342519685039
21
0.2297690551181102
0
LINE
8
BLACK
6
CONTINUOUS
10
-0.6050342519685039
20
0.2297690551181102
11
-0.6050248031496063
21
0.2298005905511811
0
LINE
8
BLACK
6
CONTINUOUS
10
-0.6050248031496063
20
0.2298005905511811
11
-0.5996437795275591
21
0.2429461023622047
0
LINE
8
BLACK
6
CONTINUOUS
10
-0.5996437795275591
20
0.2429461023622047
11
-0.5996284251968503
21
0.242975157480315
0
LINE
8
BLACK
6
CONTINUOUS
10
-0.5996284251968503
20
0.242975157480315
11
-0.5996182677165354
21
0.2430065354330709
0
LINE
8
BLACK
6
CONTINUOUS
10
-0.5996182677165354
20
0.2430065354330709
11
-0.5939466929133859
21
0.2560292913385827
0
LINE
8
BLACK
6
CONTINUOUS
10
-0.5939466929133859
20
0.2560292913385827
11
-0.5939306692913385
21
0.256058031496063
0
LINE
8
BLACK
6
CONTINUOUS
10
-0.5939306692913385
20
0.256058031496063
11
-0.593919842519685
21
0.2560891338582677
0
LINE
8
BLACK
6
CONTINUOUS
10
-0.593919842519685
20
0.2560891338582677
11
-0.5879605905511811
21
0.2689827952755905
0
LINE
8
BLACK
6
CONTINUOUS
10
-0.5879605905511811
20
0.2689827952755905
11
-0.5879439763779527
21
0.2690111023622047
0
LINE
8
BLACK
6
CONTINUOUS
10
-0.5879439763779527
20
0.2690111023622047
11
-0.5879324409448818
21
0.2690420078740157
0
LINE
8
BLACK
6
CONTINUOUS
10
-0.5879324409448818
20
0.2690420078740157
11
-0.5816884251968504
21
0.2818002362204725
0
LINE
8
BLACK
6
CONTINUOUS
10
-0.5816884251968504
20
0.2818002362204725
11
-0.5816711023622048
21
0.2818283464566929
0
LINE
8
BLACK
6
CONTINUOUS
10
-0.5816711023622048
20
0.2818283464566929
11
-0.581658937007874
21
0.2818587795275591
0
LINE
8
BLACK
6
CONTINUOUS
10
-0.581658937007874
20
0.2818587795275591
11
-0.5751331889763779
21
0.2944752362204724
0
LINE
8
BLACK
6
CONTINUOUS
10
-0.5751331889763779
20
0.2944752362204724
11
-0.57511531496063
21
0.2945028346456693
0
LINE
8
BLACK
6
CONTINUOUS
10
-0.57511531496063
20
0.2945028346456693
11
-0.5751024409448818
21
0.2945331102362205
0
LINE
8
BLACK
6
CONTINUOUS
10
-0.5751024409448818
20
0.2945331102362205
11
-0.5682982283464567
21
0.3070015748031496
0
LINE
8
BLACK
6
CONTINUOUS
10
-0.5682982283464567
20
0.3070015748031496
11
-0.5682797244094488
21
0.3070288188976378
0
LINE
8
BLACK
6
CONTINUOUS
10
-0.5682797244094488
20
0.3070288188976378
11
-0.5682661811023622
21
0.3070587795275591
0
LINE
8
BLACK
6
CONTINUOUS
10
-0.5682661811023622
20
0.3070587795275591
11
-0.5611868503937008
21
0.3193731102362204
0
LINE
8
BLACK
6
CONTINUOUS
10
-0.5611868503937008
20
0.3193731102362204
11
-0.5611677165354331
21
0.3193999606299213
0
LINE
8
BLACK
6
CONTINUOUS
10
-0.5611677165354331
20
0.3193999606299213
11
-0.5611535433070866
21
0.3194295669291338
0
LINE
8
BLACK
6
CONTINUOUS
10
-0.5611535433070866
20
0.3194295669291338
11
-0.5538025590551181
21
0.3315837007874016
0
LINE
8
BLACK
6
CONTINUOUS
10
-0.5538025590551181
20
0.3315837007874016
11
-0.5537829133858267
21
0.33161
0
LINE
8
BLACK
6
CONTINUOUS
10
-0.5537829133858267
20
0.33161
11
-0.553768031496063
21
0.3316394094488189
0
LINE
8
BLACK
6
CONTINUOUS
10
-0.553768031496063
20
0.3316394094488189
11
-0.5461490157480314
21
0.3436274015748031
0
LINE
8
BLACK
6
CONTINUOUS
10
-0.5461490157480314
20
0.3436274015748031
11
-0.5461286220472441
21
0.3436534645669291
0
LINE
8
BLACK
6
CONTINUOUS
10
-0.5461286220472441
20
0.3436534645669291
11
-0.5461132283464567
21
0.3436822834645669
0
LINE
8
BLACK
6
CONTINUOUS
10
-0.5461132283464567
20
0.3436822834645669
11
-0.53823
21
0.3554981496062992
0
LINE
8
BLACK
6
CONTINUOUS
10
-0.53823
20
0.3554981496062992
11
-0.5382092519685039
21
0.3555235433070866
0
LINE
8
BLACK
6
CONTINUOUS
10
-0.5382092519685039
20
0.3555235433070866
11
-0.538193031496063
21
0.3555522834645669
0
LINE
8
BLACK
6
CONTINUOUS
10
-0.538193031496063
20
0.3555522834645669
11
-0.5300494094488188
21
0.3671902362204724
0
LINE
8
BLACK
6
CONTINUOUS
10
-0.5300494094488188
20
0.3671902362204724
11
-0.530028031496063
21
0.3672152362204724
0
LINE
8
BLACK
6
CONTINUOUS
10
-0.530028031496063
20
0.3672152362204724
11
-0.530011220472441
21
0.3672435433070866
0
LINE
8
BLACK
6
CONTINUOUS
10
-0.530011220472441
20
0.3672435433070866
11
-0.5216112204724409
21
0.3786977952755906
0
LINE
8
BLACK
6
CONTINUOUS
10
-0.5216112204724409
20
0.3786977952755906
11
-0.5215892519685039
21
0.3787223622047244
0
LINE
8
BLACK
6
CONTINUOUS
10
-0.5215892519685039
20
0.3787223622047244
11
-0.5215718503937008
21
0.3787502362204724
0
LINE
8
BLACK
6
CONTINUOUS
10
-0.5215718503937008
20
0.3787502362204724
11
-0.51291968503937
21
0.3900151968503937
0
LINE
8
BLACK
6
CONTINUOUS
10
-0.51291968503937
20
0.3900151968503937
11
-0.5128971653543307
21
0.3900392519685039
0
LINE
8
BLACK
6
CONTINUOUS
10
-0.5128971653543307
20
0.3900392519685039
11
-0.5128791732283464
21
0.3900667322834646
0
LINE
8
BLACK
6
CONTINUOUS
10
-0.5128791732283464
20
0.3900667322834646
11
-0.5039790157480315
21
0.4011368503937008
0
LINE
8
BLACK
6
CONTINUOUS
10
-0.5039790157480315
20
0.4011368503937008
11
-0.5039560629921259
21
0.4011602755905512
0
LINE
8
BLACK
6
CONTINUOUS
10
-0.5039560629921259
20
0.4011602755905512
11
-0.5039374015748032
21
0.4011874803149606
0
LINE
8
BLACK
6
CONTINUOUS
10
-0.5039374015748032
20
0.4011874803149606
11
-0.4947937007874015
21
0.4120572834645669
0
LINE
8
BLACK
6
CONTINUOUS
10
-0.4947937007874015
20
0.4120572834645669
11
-0.4947701574803149
21
0.4120803149606299
0
LINE
8
BLACK
6
CONTINUOUS
10
-0.4947701574803149
20
0.4120803149606299
11
-0.4947509448818898
21
0.412106968503937
0
LINE
8
BLACK
6
CONTINUOUS
10
-0.4947509448818898
20
0.412106968503937
11
-0.4853681496062992
21
0.4227711023622047
0
LINE
8
BLACK
6
CONTINUOUS
10
-0.4853681496062992
20
0.4227711023622047
11
-0.485344094488189
21
0.4227935826771653
0
LINE
8
BLACK
6
CONTINUOUS
10
-0.485344094488189
20
0.4227935826771653
11
-0.4853242913385827
21
0.422819842519685
0
LINE
8
BLACK
6
CONTINUOUS
10
-0.4853242913385827
20
0.422819842519685
11
-0.4757070866141732
21
0.433273031496063
0
LINE
8
BLACK
6
CONTINUOUS
10
-0.4757070866141732
20
0.433273031496063
11
-0.4756825590551181
21
0.4332949606299212
0
LINE
8
BLACK
6
CONTINUOUS
10
-0.4756825590551181
20
0.4332949606299212
11
-0.4756621653543307
21
0.4333207874015748
0
LINE
8
BLACK
6
CONTINUOUS
10
-0.4756621653543307
20
0.4333207874015748
11
-0.4658152755905512
21
0.4435579133858268
0
LINE
8
BLACK
6
CONTINUOUS
10
-0.4658152755905512
20
0.4435579133858268
11
-0.4657903149606299
21
0.443579251968504
0
LINE
8
BLACK
6
CONTINUOUS
10
-0.4657903149606299
20
0.443579251968504
11
-0.4657693307086614
21
0.4436046456692913
0
LINE
8
BLACK
6
CONTINUOUS
10
-0.4657693307086614
20
0.4436046456692913
11
-0.4556975984251969
21
0.4536206299212598
0
LINE
8
BLACK
6
CONTINUOUS
10
-0.4556975984251969
20
0.4536206299212598
11
-0.4556720866141732
21
0.4536414960629921
0
LINE
8
BLACK
6
CONTINUOUS
10
-0.4556720866141732
20
0.4536414960629921
11
-0.4556505905511811
21
0.4536663385826771
0
LINE
8
BLACK
6
CONTINUOUS
10
-0.4556505905511811
20
0.4536663385826771
11
-0.4453589763779527
21
0.4634562598425197
0
LINE
8
BLACK
6
CONTINUOUS
10
-0.4453589763779527
20
0.4634562598425197
11
-0.445333031496063
21
0.4634765354330709
0
LINE
8
BLACK
6
CONTINUOUS
10
-0.445333031496063
20
0.4634765354330709
11
-0.4453109842519685
21
0.463500905511811
0
LINE
8
BLACK
6
CONTINUOUS
10
-0.4453109842519685
20
0.463500905511811
11
-0.4348045669291338
21
0.4730599606299212
0
LINE
8
BLACK
6
CONTINUOUS
10
-0.4348045669291338
20
0.4730599606299212
11
-0.4347782283464567
21
0.4730796062992126
0
LINE
8
BLACK
6
CONTINUOUS
10
-0.4347782283464567
20
0.4730796062992126
11
-0.4347555905511811
21
0.4731035433070866
0
LINE
8
BLACK
6
CONTINUOUS
10
-0.4347555905511811
20
0.4731035433070866
11
-0.4240394881889764
21
0.482426968503937
0
LINE
8
BLACK
6
CONTINUOUS
10
-0.4240394881889764
20
0.482426968503937
11
-0.4240128346456693
21
0.4824459448818897
0
LINE
8
BLACK
6
CONTINUOUS
10
-0.4240128346456693
20
0.4824459448818897
11
-0.4239896062992126
21
0.4824694488188976
0
LINE
8
BLACK
6
CONTINUOUS
10
-0.4239896062992126
20
0.4824694488188976
11
-0.4130692125984252
21
0.4915526771653543
0
LINE
8
BLACK
6
CONTINUOUS
10
-0.4130692125984252
20
0.4915526771653543
11
-0.4130420472440945
21
0.4915711417322834
0
LINE
8
BLACK
6
CONTINUOUS
10
-0.4130420472440945
20
0.4915711417322834
11
-0.4130183858267716
21
0.4915940157480315
0
LINE
8
BLACK
6
CONTINUOUS
10
-0.4130183858267716
20
0.4915940157480315
11
-0.4018990157480315
21
0.5004325984251968
0
LINE
8
BLACK
6
CONTINUOUS
10
-0.4018990157480315
20
0.5004325984251968
11
-0.4018714566929134
21
0.5004504330708661
0
LINE
8
BLACK
6
CONTINUOUS
10
-0.4018714566929134
20
0.5004504330708661
11
-0.4018472440944882
21
0.5004728346456693
0
LINE
8
BLACK
6
CONTINUOUS
10
-0.4018472440944882
20
0.5004728346456693
11
-0.3905344488188977
21
0.5090623622047245
0
LINE
8
BLACK
6
CONTINUOUS
10
-0.3905344488188977
20
0.5090623622047245
11
-0.3905063385826771
21
0.5090796850393701
0
LINE
8
BLACK
6
CONTINUOUS
10
-0.3905063385826771
20
0.5090796850393701
11
-0.3904817716535433
21
0.5091014173228346
0
LINE
8
BLACK
6
CONTINUOUS
10
-0.3904817716535433
20
0.5091014173228346
11
-0.3789810236220472
21
0.5174376771653543
0
LINE
8
BLACK
6
CONTINUOUS
10
-0.3789810236220472
20
0.5174376771653543
11
-0.3789527165354331
21
0.5174542519685039
0
LINE
8
BLACK
6
CONTINUOUS
10
-0.3789527165354331
20
0.5174542519685039
11
-0.3789275590551181
21
0.5174755511811023
0
LINE
8
BLACK
6
CONTINUOUS
10
-0.3789275590551181
20
0.5174755511811023
11
-0.3672446062992126
21
0.5255544488188977
0
LINE
8
BLACK
6
CONTINUOUS
10
-0.3672446062992126
20
0.5255544488188977
11
-0.367215905511811
21
0.5255704330708661
0
LINE
8
BLACK
6
CONTINUOUS
10
-0.367215905511811
20
0.5255704330708661
11
-0.3671902755905512
21
0.5255911417322835
0
LINE
8
BLACK
6
CONTINUOUS
10
-0.3671902755905512
20
0.5255911417322835
11
-0.3553308661417323
21
0.5334087007874015
0
LINE
8
BLACK
6
CONTINUOUS
10
-0.3553308661417323
20
0.5334087007874015
11
-0.3553016929133858
21
0.5334240944881889
0
LINE
8
BLACK
6
CONTINUOUS
10
-0.3553016929133858
20
0.5334240944881889
11
-0.3552757086614173
21
0.5334441732283465
0
LINE
8
BLACK
6
CONTINUOUS
10
-0.3552757086614173
20
0.5334441732283465
11
-0.3432456692913386
21
0.5409964960629922
0
LINE
8
BLACK
6
CONTINUOUS
10
-0.3432456692913386
20
0.5409964960629922
11
-0.3432162992125984
21
0.5410111811023622
0
LINE
8
BLACK
6
CONTINUOUS
10
-0.3432162992125984
20
0.5410111811023622
11
-0.3431897637795275
21
0.5410307480314961
0
LINE
8
BLACK
6
CONTINUOUS
10
-0.3431897637795275
20
0.5410307480314961
11
-0.330995
21
0.5483141732283464
0
LINE
8
BLACK
6
CONTINUOUS
10
-0.330995
20
0.5483141732283464
11
-0.3309652755905512
21
0.5483281889763779
0
LINE
8
BLACK
6
CONTINUOUS
10
-0.3309652755905512
20
0.5483281889763779
11
-0.3309383464566929
21
0.5483471653543307
0
LINE
8
BLACK
6
CONTINUOUS
10
-0.3309383464566929
20
0.5483471653543307
11
-0.3185848818897637
21
0.555358031496063
0
LINE
8
BLACK
6
CONTINUOUS
10
-0.3185848818897637
20
0.555358031496063
11
-0.3185547244094488
21
0.5553714566929133
0
LINE
8
BLACK
6
CONTINUOUS
10
-0.3185547244094488
20
0.5553714566929133
11
-0.3185275196850393
21
0.5553897244094488
0
LINE
8
BLACK
6
CONTINUOUS
10
-0.3185275196850393
20
0.5553897244094488
11
-0.3060214960629921
21
0.5621246456692913
0
LINE
8
BLACK
6
CONTINUOUS
10
-0.3060214960629921
20
0.5621246456692913
11
-0.3059912204724409
21
0.5621373228346457
0
LINE
8
BLACK
6
CONTINUOUS
10
-0.3059912204724409
20
0.5621373228346457
11
-0.3059634645669291
21
0.5621550787401575
0
LINE
8
BLACK
6
CONTINUOUS
10
-0.3059634645669291
20
0.5621550787401575
11
-0.3057694881889764
21
0.5622540551181102
0
LINE
8
BLACK
6
CONTINUOUS
10
-0.3057694881889764
20
0.5622540551181102
11
-0.3057694881889764
21
0.7047244094488189
0
LINE
8
BLACK
6
CONTINUOUS
10
-0.3057694881889764
20
0.7047244094488189
11
-0.3057127559055118
21
0.7053004724409448
0
LINE
8
BLACK
6
CONTINUOUS
10
-0.3057127559055118
20
0.7053004724409448
11
-0.3052718503937008
21
0.7063648818897638
0
LINE
8
BLACK
6
CONTINUOUS
10
-0.3052718503937008
20
0.7063648818897638
11
-0.3044572047244095
21
0.7071795275590551
0
LINE
8
BLACK
6
CONTINUOUS
10
-0.3044572047244095
20
0.7071795275590551
11
-0.3033927952755905
21
0.7076204330708661
0
LINE
8
BLACK
6
CONTINUOUS
10
-0.3033927952755905
20
0.7076204330708661
11
-0.3028167322834646
21
0.7076771653543307
0
LINE
8
BLACK
6
CONTINUOUS
10
-0.3028167322834646
20
0.7076771653543307
11
0.2877344488188976
21
0.7076771653543307
0
LINE
8
BLACK
6
CONTINUOUS
10
0.2877344488188976
20
0.7076771653543307
11
0.2883105118110236
21
0.7076204330708661
0
LINE
8
BLACK
6
CONTINUOUS
10
-0.2998639763779528
20
0.7017716535433071
11
-0.2998639763779528
21
0.560445748031496
0
LINE
8
BLACK
6
CONTINUOUS
10
-0.2998639763779528
20
0.560445748031496
11
-0.2998903937007874
21
0.5601776771653543
0
LINE
8
BLACK
6
CONTINUOUS
10
-0.2998903937007874
20
0.5601776771653543
11
-0.2998842519685039
21
0.56010031496063
0
LINE
8
BLACK
6
CONTINUOUS
10
-0.2998842519685039
20
0.56010031496063
11
-0.2999040157480315
21
0.5600394881889764
0
LINE
8
BLACK
6
CONTINUOUS
10
-0.2999040157480315
20
0.5600394881889764
11
-0.2999207086614173
21
0.5598696850393701
0
LINE
8
BLACK
6
CONTINUOUS
10
-0.2999207086614173
20
0.5598696850393701
11
-0.3000972834645669
21
0.5594434645669292
0
LINE
8
BLACK
6
CONTINUOUS
10
-0.3000972834645669
20
0.5594434645669292
11
-0.3002396456692913
21
0.5590044094488189
0
LINE
8
BLACK
6
CONTINUOUS
10
-0.3002396456692913
20
0.5590044094488189
11
-0.3003164173228347
21
0.5589144881889764
0
LINE
8
BLACK
6
CONTINUOUS
10
-0.3003164173228347
20
0.5589144881889764
11
-0.3003616141732283
21
0.5588052755905512
0
LINE
8
BLACK
6
CONTINUOUS
10
-0.3003616141732283
20
0.5588052755905512
11
-0.300687874015748
21
0.5584790551181102
0
LINE
8
BLACK
6
CONTINUOUS
10
-0.300687874015748
20
0.5584790551181102
11
-0.3009874015748031
21
0.5581279133858268
0
LINE
8
BLACK
6
CONTINUOUS
10
-0.3009874015748031
20
0.5581279133858268
11
-0.3011310236220472
21
0.558035905511811
0
LINE
8
BLACK
6
CONTINUOUS
10
-0.3011310236220472
20
0.558035905511811
11
-0.3011762598425197
21
0.5579906299212598
0
LINE
8
BLACK
6
CONTINUOUS
10
-0.3011762598425197
20
0.5579906299212598
11
-0.3012479527559055
21
0.5579609448818897
0
LINE
8
BLACK
6
CONTINUOUS
10
-0.3012479527559055
20
0.5579609448818897
11
-0.3014747244094488
21
0.5578155905511811
0
LINE
8
BLACK
6
CONTINUOUS
10
-0.3014747244094488
20
0.5578155905511811
11
-0.3032505511811023
21
0.5569095275590551
0
LINE
8
BLACK
6
CONTINUOUS
10
-0.3032505511811023
20
0.5569095275590551
11
-0.315696968503937
21
0.5502067322834645
0
LINE
8
BLACK
6
CONTINUOUS
10
-0.315696968503937
20
0.5502067322834645
11
-0.3279951574803149
21
0.5432272440944882
0
LINE
8
BLACK
6
CONTINUOUS
10
-0.3279951574803149
20
0.5432272440944882
11
-0.3401340157480315
21
0.5359772047244095
0
LINE
8
BLACK
6
CONTINUOUS
10
-0.3401340157480315
20
0.5359772047244095
11
-0.3521075590551181
21
0.5284603543307087
0
LINE
8
BLACK
6
CONTINUOUS
10
-0.3521075590551181
20
0.5284603543307087
11
-0.3639125590551181
21
0.5206786614173228
0
LINE
8
BLACK
6
CONTINUOUS
10
-0.3639125590551181
20
0.5206786614173228
11
-0.3755414566929134
21
0.5126371653543307
0
LINE
8
BLACK
6
CONTINUOUS
10
-0.3755414566929134
20
0.5126371653543307
11
-0.3869886220472441
21
0.5043397637795275
0
LINE
8
BLACK
6
CONTINUOUS
10
-0.3869886220472441
20
0.5043397637795275
11
-0.3982492519685039
21
0.4957898425196851
0
LINE
8
BLACK
6
CONTINUOUS
10
-0.3982492519685039
20
0.4957898425196851
11
-0.4093173622047244
21
0.4869920472440945
0
LINE
8
BLACK
6
CONTINUOUS
10
-0.4093173622047244
20
0.4869920472440945
11
-0.4201882677165354
21
0.4779499606299212
0
LINE
8
BLACK
6
CONTINUOUS
10
-0.4201882677165354
20
0.4779499606299212
11
-0.4308547244094488
21
0.4686696456692913
0
LINE
8
BLACK
6
CONTINUOUS
10
-0.4308547244094488
20
0.4686696456692913
11
-0.4413124409448819
21
0.4591549212598425
0
LINE
8
BLACK
6
CONTINUOUS
10
-0.4413124409448819
20
0.4591549212598425
11
-0.4515563385826771
21
0.4494103937007874
0
LINE
8
BLACK
6
CONTINUOUS
10
-0.4515563385826771
20
0.4494103937007874
11
-0.4615822047244094
21
0.43944
0
LINE
8
BLACK
6
CONTINUOUS
10
-0.4615822047244094
20
0.43944
11
-0.4713834251968504
21
0.4292503937007874
0
LINE
8
BLACK
6
CONTINUOUS
10
-0.4713834251968504
20
0.4292503937007874
11
-0.4809560236220473
21
0.4188456692913386
0
LINE
8
BLACK
6
CONTINUOUS
10
-0.4809560236220473
20
0.4188456692913386
11
-0.4902953937007874
21
0.408230905511811
0
LINE
8
BLACK
6
CONTINUOUS
10
-0.4902953937007874
20
0.408230905511811
11
-0.4993967716535433
21
0.3974113779527559
0
LINE
8
BLACK
6
CONTINUOUS
10
-0.4993967716535433
20
0.3974113779527559
11
-0.5082557480314961
21
0.3863925590551181
0
LINE
8
BLACK
6
CONTINUOUS
10
-0.5082557480314961
20
0.3863925590551181
11
-0.5168682283464566
21
0.3751792913385827
0
LINE
8
BLACK
6
CONTINUOUS
10
-0.5168682283464566
20
0.3751792913385827
11
-0.5252296850393701
21
0.3637775984251969
0
LINE
8
BLACK
6
CONTINUOUS
10
-0.5252296850393701
20
0.3637775984251969
11
-0.5333355905511811
21
0.3521935039370079
0
LINE
8
BLACK
6
CONTINUOUS
10
-0.5333355905511811
20
0.3521935039370079
11
-0.541182125984252
21
0.3404327165354331
0
LINE
8
BLACK
6
CONTINUOUS
10
-0.541182125984252
20
0.3404327165354331
11
-0.5487666929133859
21
0.328498937007874
0
LINE
8
BLACK
6
CONTINUOUS
10
-0.5487666929133859
20
0.328498937007874
11
-0.5560832283464566
21
0.316401811023622
0
LINE
8
BLACK
6
CONTINUOUS
10
-0.5560832283464566
20
0.316401811023622
11
-0.5631300787401574
21
0.304143937007874
0
LINE
8
BLACK
6
CONTINUOUS
10
-0.5631300787401574
20
0.304143937007874
11
-0.5699026377952756
21
0.2917334645669291
0
LINE
8
BLACK
6
CONTINUOUS
10
-0.5699026377952756
20
0.2917334645669291
11
-0.5763984251968504
21
0.279175
0
LINE
8
BLACK
6
CONTINUOUS
10
-0.5763984251968504
20
0.279175
11
-0.5826137401574804
21
0.2664754330708661
0
LINE
8
BLACK
6
CONTINUOUS
10
-0.5826137401574804
20
0.2664754330708661
11
-0.5885452755905511
21
0.2536417322834645
0
LINE
8
BLACK
6
CONTINUOUS
10
-0.5885452755905511
20
0.2536417322834645
11
-0.5941908267716536
21
0.2406787007874016
0
LINE
8
BLACK
6
CONTINUOUS
10
-0.5941908267716536
20
0.2406787007874016
11
-0.5995468503937008
21
0.2275942519685039
0
LINE
8
BLACK
6
CONTINUOUS
10
-0.5995468503937008
20
0.2275942519685039
11
-0.6046109448818897
21
0.2143946456692913
0
LINE
8
BLACK
6
CONTINUOUS
10
-0.6046109448818897
20
0.2143946456692913
11
-0.6093816141732283
21
0.2010833464566929
0
LINE
8
BLACK
6
CONTINUOUS
10
-0.6093816141732283
20
0.2010833464566929
11
-0.6138550787401574
21
0.1876709448818898
0
LINE
8
BLACK
6
CONTINUOUS
10
-0.6138550787401574
20
0.1876709448818898
11
-0.6180297244094488
21
0.1741625984251969
0
LINE
8
BLACK
6
CONTINUOUS
10
-0.6180297244094488
20
0.1741625984251969
11
-0.6219029527559055
21
0.1605664173228346
0
LINE
8
BLACK
6
CONTINUOUS
10
-0.6219029527559055
20
0.1605664173228346
11
-0.6254742913385827
21
0.1468841338582677
0
LINE
8
BLACK
6
CONTINUOUS
10
-0.6254742913385827
20
0.1468841338582677
11
-0.6287402362204725
21
0.1331293700787402
0
LINE
8
BLACK
6
CONTINUOUS
10
-0.6287402362204725
20
0.1331293700787402
11
-0.6317006299212599
21
0.1193024803149606
0
LINE
8
BLACK
6
CONTINUOUS
10
-0.6317006299212599
20
0.1193024803149606
11
-0.6343525196850394
21
0.1054173622047244
0
LINE
8
BLACK
6
CONTINUOUS
10
-0.6343525196850394
20
0.1054173622047244
11
-0.6366964960629921
21
0.0914713385826772
0
LINE
8
BLACK
6
CONTINUOUS
10
-0.6366964960629921
20
0.0914713385826772
11
-0.6387296456692914
21
0.0774807874015748
0
LINE
8
BLACK
6
CONTINUOUS
10
-0.6387296456692914
20
0.0774807874015748
11
-0.6404518503937008
21
0.0634469291338583
0
LINE
8
BLACK
6
CONTINUOUS
10
-0.6404518503937008
20
0.0634469291338583
11
-0.641861968503937
21
0.0493799212598425
0
LINE
8
BLACK
6
CONTINUOUS
10
-0.641861968503937
20
0.0493799212598425
11
-0.6429595669291338
21
0.0352836614173228
0
LINE
8
BLACK
6
CONTINUOUS
10
-0.6429595669291338
20
0.0352836614173228
11
-0.6437440551181102
21
0.021164842519685
0
LINE
8
BLACK
6
CONTINUOUS
10
-0.6437440551181102
20
0.021164842519685
11
-0.6442147637795276
21
0.0070357874015748
0
LINE
8
BLACK
6
CONTINUOUS
10
-0.6442147637795276
20
0.0070357874015748
11
-0.6443716929133858
21
-0.007102125984252
0
LINE
8
BLACK
6
CONTINUOUS
10
-0.6443716929133858
20
-0.007102125984252
11
-0.6442147637795276
21
-0.02124
0
LINE
8
BLACK
6
CONTINUOUS
10
-0.6442147637795276
20
-0.02124
11
-0.6437440551181102
21
-0.0353690551181102
0
LINE
8
BLACK
6
CONTINUOUS
10
-0.6437440551181102
20
-0.0353690551181102
11
-0.6429595669291338
21
-0.049487874015748
0
LINE
8
BLACK
6
CONTINUOUS
10
-0.6429595669291338
20
-0.049487874015748
11
-0.641861968503937
21
-0.0635841338582677
0
LINE
8
BLACK
6
CONTINUOUS
10
-0.641861968503937
20
-0.0635841338582677
11
-0.6404518503937008
21
-0.0776511417322835
0
LINE
8
BLACK
6
CONTINUOUS
10
-0.6404518503937008
20
-0.0776511417322835
11
-0.6387296456692914
21
-0.091685
0
LINE
8
BLACK
6
CONTINUOUS
10
-0.6387296456692914
20
-0.091685
11
-0.6366964960629921
21
-0.1056755511811024
0
LINE
8
BLACK
6
CONTINUOUS
10
-0.6366964960629921
20
-0.1056755511811024
11
-0.6343525196850394
21
-0.1196215748031496
0
LINE
8
BLACK
6
CONTINUOUS
10
-0.6343525196850394
20
-0.1196215748031496
11
-0.6317006299212599
21
-0.1335066929133858
0
LINE
8
BLACK
6
CONTINUOUS
10
-0.6317006299212599
20
-0.1335066929133858
11
-0.6287402362204725
21
-0.1473335826771653
0
LINE
8
BLACK
6
CONTINUOUS
10
-0.6287402362204725
20
-0.1473335826771653
11
-0.6254742913385827
21
-0.1610883464566929
0
LINE
8
BLACK
6
CONTINUOUS
10
-0.6254742913385827
20
-0.1610883464566929
11
-0.6219029527559055
21
-0.1747706299212598
0
LINE
8
BLACK
6
CONTINUOUS
10
-0.6219029527559055
20
-0.1747706299212598
11
-0.6180297244094488
21
-0.188366811023622
0
LINE
8
BLACK
6
CONTINUOUS
10
-0.6180297244094488
20
-0.188366811023622
11
-0.6138550787401574
21
-0.201875157480315
0
LINE
8
BLACK
6
CONTINUOUS
10
-0.6138550787401574
20
-0.201875157480315
11
-0.6093816141732283
21
-0.2152875590551181
0
LINE
8
BLACK
6
CONTINUOUS
10
-0.6093816141732283
20
-0.2152875590551181
11
-0.6046109448818897
21
-0.2285988582677165
0
LINE
8
BLACK
6
CONTINUOUS
10
-0.6046109448818897
20
-0.2285988582677165
11
-0.5995468503937008
21
-0.2417984645669291
0
LINE
8
BLACK
6
CONTINUOUS
10
-0.5995468503937008
20
-0.2417984645669291
11
-0.5941908267716536
21
-0.2548829133858267
0
LINE
8
BLACK
6
CONTINUOUS
10
-0.5941908267716536
20
-0.2548829133858267
11
-0.5885452755905511
21
-0.2678459448818897
0
LINE
8
BLACK
6
CONTINUOUS
10
-0.5885452755905511
20
-0.2678459448818897
11
-0.5826137401574804
21
-0.2806796456692913
0
LINE
8
BLACK
6
CONTINUOUS
10
-0.5826137401574804
20
-0.2806796456692913
11
-0.5763984251968504
21
-0.2933792125984252
0
LINE
8
BLACK
6
CONTINUOUS
10
-0.5763984251968504
20
-0.2933792125984252
11
-0.5699026377952756
21
-0.3059376771653543
0
LINE
8
BLACK
6
CONTINUOUS
10
-0.5699026377952756
20
-0.3059376771653543
11
-0.5631300787401574
21
-0.3183481496062992
0
LINE
8
BLACK
6
CONTINUOUS
10
-0.5631300787401574
20
-0.3183481496062992
11
-0.5560832283464566
21
-0.3306060236220472
0
LINE
8
BLACK
6
CONTINUOUS
10
-0.5560832283464566
20
-0.3306060236220472
11
-0.5487666929133859
21
-0.3427031496062992
0
LINE
8
BLACK
6
CONTINUOUS
10
-0.5487666929133859
20
-0.3427031496062992
11
-0.541182125984252
21
-0.3546369291338582
0
LINE
8
BLACK
6
CONTINUOUS
10
-0.541182125984252
20
-0.3546369291338582
11
-0.5333355905511811
21
-0.3663977165354331
0
LINE
8
BLACK
6
CONTINUOUS
10
-0.5333355905511811
20
-0.3663977165354331
11
-0.5252296850393701
21
-0.377981811023622
0
LINE
8
BLACK
6
CONTINUOUS
10
-0.5252296850393701
20
-0.377981811023622
11
-0.5168682283464566
21
-0.3893835039370079
0
LINE
8
BLACK
6
CONTINUOUS
10
-0.5168682283464566
20
-0.3893835039370079
11
-0.5082557480314961
21
-0.4005967716535433
0
LINE
8
BLACK
6
CONTINUOUS
10
-0.5082557480314961
20
-0.4005967716535433
11
-0.4993967716535433
21
-0.4116155905511811
0
LINE
8
BLACK
6
CONTINUOUS
10
-0.4993967716535433
20
-0.4116155905511811
11
-0.4902953937007874
21
-0.4224351181102362
0
LINE
8
BLACK
6
CONTINUOUS
10
-0.4902953937007874
20
-0.4224351181102362
11
-0.4809560236220473
21
-0.4330498818897638
0
LINE
8
BLACK
6
CONTINUOUS
10
-0.4809560236220473
20
-0.4330498818897638
11
-0.4713834251968504
21
-0.4434546062992126
0
LINE
8
BLACK
6
CONTINUOUS
10
-0.4713834251968504
20
-0.4434546062992126
11
-0.4615822047244094
21
-0.4536442125984252
0
LINE
8
BLACK
6
CONTINUOUS
10
-0.4615822047244094
20
-0.4536442125984252
11
-0.4515563385826771
21
-0.4636146062992126
0
LINE
8
BLACK
6
CONTINUOUS
10
-0.4515563385826771
20
-0.4636146062992126
11
-0.4413124409448819
21
-0.4733591338582677
0
LINE
8
BLACK
6
CONTINUOUS
10
-0.4413124409448819
20
-0.4733591338582677
11
-0.4308547244094488
21
-0.4828738582677165
0
LINE
8
BLACK
6
CONTINUOUS
10
-0.4308547244094488
20
-0.4828738582677165
11
-0.4201882677165354
21
-0.4921541732283464
0
LINE
8
BLACK
6
CONTINUOUS
10
-0.4201882677165354
20
-0.4921541732283464
11
-0.4093173622047244
21
-0.5011962598425197
0
LINE
8
BLACK
6
CONTINUOUS
10
-0.4093173622047244
20
-0.5011962598425197
11
-0.3982492519685039
21
-0.5099940551181102
0
LINE
8
BLACK
6
CONTINUOUS
10
-0.3982492519685039
20
-0.5099940551181102
11
-0.3869886220472441
21
-0.5185439763779528
0
LINE
8
BLACK
6
CONTINUOUS
10
-0.3869886220472441
20
-0.5185439763779528
11
-0.3755414566929134
21
-0.5268413779527559
0
LINE
8
BLACK
6
CONTINUOUS
10
-0.3755414566929134
20
-0.5268413779527559
11
-0.3639125590551181
21
-0.534882874015748
0
LINE
8
BLACK
6
CONTINUOUS
10
-0.3639125590551181
20
-0.534882874015748
11
-0.3521075590551181
21
-0.5426645669291339
0
LINE
8
BLACK
6
CONTINUOUS
10
-0.3521075590551181
20
-0.5426645669291339
11
-0.3401340157480315
21
-0.5501814173228347
0
LINE
8
BLACK
6
CONTINUOUS
10
-0.3401340157480315
20
-0.5501814173228347
11
-0.3279951574803149
21
-0.5574314566929134
0
LINE
8
BLACK
6
CONTINUOUS
10
-0.3279951574803149
20
-0.5574314566929134
11
-0.315696968503937
21
-0.5644109448818897
0
LINE
8
BLACK
6
CONTINUOUS
10
-0.315696968503937
20
-0.5644109448818897
11
-0.303251220472441
21
-0.5711133858267716
0
LINE
8
BLACK
6
CONTINUOUS
10
-0.303251220472441
20
-0.5711133858267716
11
-0.2906562204724409
21
-0.5775396456692913
0
LINE
8
BLACK
6
CONTINUOUS
10
-0.2906562204724409
20
-0.5775396456692913
11
-0.2779223622047244
21
-0.5836844094488188
0
LINE
8
BLACK
6
CONTINUOUS
10
-0.2779223622047244
20
-0.5836844094488188
11
-0.2650551574803149
21
-0.589545
0
LINE
8
BLACK
6
CONTINUOUS
10
-0.2650551574803149
20
-0.589545
11
-0.2520616141732284
21
-0.5951181889763779
0
LINE
8
BLACK
6
CONTINUOUS
10
-0.2520616141732284
20
-0.5951181889763779
11
-0.238949094488189
21
-0.6004009448818898
0
LINE
8
BLACK
6
CONTINUOUS
10
-0.238949094488189
20
-0.6004009448818898
11
-0.2257185433070866
21
-0.6053928346456693
0
LINE
8
BLACK
6
CONTINUOUS
10
-0.2257185433070866
20
-0.6053928346456693
11
-0.2123840551181102
21
-0.6100884251968504
0
LINE
8
BLACK
6
CONTINUOUS
10
-0.2123840551181102
20
-0.6100884251968504
11
-0.1989465748031496
21
-0.6144875984251968
0
LINE
8
BLACK
6
CONTINUOUS
10
-0.1989465748031496
20
-0.6144875984251968
11
-0.185415157480315
21
-0.6185871653543307
0
LINE
8
BLACK
6
CONTINUOUS
10
-0.185415157480315
20
-0.6185871653543307
11
-0.1717966535433071
21
-0.622385157480315
0
LINE
8
BLACK
6
CONTINUOUS
10
-0.1717966535433071
20
-0.622385157480315
11
-0.1580948818897638
21
-0.6258805118110236
0
LINE
8
BLACK
6
CONTINUOUS
10
-0.1580948818897638
20
-0.6258805118110236
11
-0.1443225590551181
21
-0.6290699606299213
0
LINE
8
BLACK
6
CONTINUOUS
10
-0.1443225590551181
20
-0.6290699606299213
11
-0.1304794881889764
21
-0.6319535433070866
0
LINE
8
BLACK
6
CONTINUOUS
10
-0.1304794881889764
20
-0.6319535433070866
11
-0.116577874015748
21
-0.6345287007874015
0
LINE
8
BLACK
6
CONTINUOUS
10
-0.116577874015748
20
-0.6345287007874015
11
-0.1026230708661417
21
-0.6367945669291338
0
LINE
8
BLACK
6
CONTINUOUS
10
-0.1026230708661417
20
-0.6367945669291338
11
-0.0886194094488189
21
-0.6387503543307086
0
LINE
8
BLACK
6
CONTINUOUS
10
-0.0886194094488189
20
-0.6387503543307086
11
-0.0745762992125984
21
-0.6403946456692913
0
LINE
8
BLACK
6
CONTINUOUS
10
-0.0745762992125984
20
-0.6403946456692913
11
-0.0605020078740157
21
-0.641726653543307
0
LINE
8
BLACK
6
CONTINUOUS
10
-0.0605020078740157
20
-0.641726653543307
11
-0.0463980708661417
21
-0.6427461023622048
0
LINE
8
BLACK
6
CONTINUOUS
10
-0.0463980708661417
20
-0.6427461023622048
11
-0.0322786614173228
21
-0.6434520078740157
0
LINE
8
BLACK
6
CONTINUOUS
10
-0.0322786614173228
20
-0.6434520078740157
11
-0.0181453937007874
21
-0.6438443700787402
0
LINE
8
BLACK
6
CONTINUOUS
10
-0.0181453937007874
20
-0.6438443700787402
11
-0.0040068897637795
21
-0.6439228346456692
0
LINE
8
BLACK
6
CONTINUOUS
10
-0.0040068897637795
20
-0.6439228346456692
11
0.0101317322834646
21
-0.6436874015748031
0
LINE
8
BLACK
6
CONTINUOUS
10
0.0101317322834646
20
-0.6436874015748031
11
0.0242581102362205
21
-0.6431382283464567
0
LINE
8
BLACK
6
CONTINUOUS
10
0.0242581102362205
20
-0.6431382283464567
11
0.0383705118110236
21
-0.6422755118110236
0
LINE
8
BLACK
6
CONTINUOUS
10
0.0383705118110236
20
-0.6422755118110236
11
0.0524603937007874
21
-0.6410996850393701
0
LINE
8
BLACK
6
CONTINUOUS
10
0.0524603937007874
20
-0.6410996850393701
11
0.0665192125984252
21
-0.6396115354330708
0
LINE
8
BLACK
6
CONTINUOUS
10
0.0665192125984252
20
-0.6396115354330708
11
0.0805451968503937
21
-0.6378111811023622
0
LINE
8
BLACK
6
CONTINUOUS
10
0.0805451968503937
20
-0.6378111811023622
11
0.0945240157480315
21
-0.6357004724409449
0
LINE
8
BLACK
6
CONTINUOUS
10
0.0945240157480315
20
-0.6357004724409449
11
0.1084533070866142
21
-0.6332797244094488
0
LINE
8
BLACK
6
CONTINUOUS
10
0.1084533070866142
20
-0.6332797244094488
11
0.1223255118110236
21
-0.6305504330708661
0
LINE
8
BLACK
6
CONTINUOUS
10
0.1223255118110236
20
-0.6305504330708661
11
0.136136062992126
21
-0.6275132677165354
0
LINE
8
BLACK
6
CONTINUOUS
10
0.136136062992126
20
-0.6275132677165354
11
0.1498742125984252
21
-0.6241706299212598
0
LINE
8
BLACK
6
CONTINUOUS
10
0.1498742125984252
20
-0.6241706299212598
11
0.1635335039370079
21
-0.6205241732283464
0
LINE
8
BLACK
6
CONTINUOUS
10
0.1635335039370079
20
-0.6205241732283464
11
0.1771096850393701
21
-0.616575
0
LINE
8
BLACK
6
CONTINUOUS
10
0.1771096850393701
20
-0.616575
11
0.1905946456692913
21
-0.6123254724409448
0
LINE
8
BLACK
6
CONTINUOUS
10
0.1905946456692913
20
-0.6123254724409448
11
0.2039814566929134
21
-0.6077778346456693
0
LINE
8
BLACK
6
CONTINUOUS
10
0.2039814566929134
20
-0.6077778346456693
11
0.2172650787401575
21
-0.6029337007874016
0
LINE
8
BLACK
6
CONTINUOUS
10
0.2172650787401575
20
-0.6029337007874016
11
0.2304369291338583
21
-0.5977962598425197
0
LINE
8
BLACK
6
CONTINUOUS
10
0.2304369291338583
20
-0.5977962598425197
11
0.243490905511811
21
-0.5923679133858267
0
LINE
8
BLACK
6
CONTINUOUS
10
0.243490905511811
20
-0.5923679133858267
11
0.256423031496063
21
-0.5866502362204724
0
LINE
8
BLACK
6
CONTINUOUS
10
0.256423031496063
20
-0.5866502362204724
11
0.2692243700787402
21
-0.5806472047244094
0
LINE
8
BLACK
6
CONTINUOUS
10
0.2692243700787402
20
-0.5806472047244094
11
0.2818892125984252
21
-0.5743614960629921
0
LINE
8
BLACK
6
CONTINUOUS
10
0.2818892125984252
20
-0.5743614960629921
11
0.2944093307086614
21
-0.5677972440944882
0
LINE
8
BLACK
6
CONTINUOUS
10
0.2944093307086614
20
-0.5677972440944882
11
0.3067828346456693
21
-0.5609555118110237
0
LINE
8
BLACK
6
CONTINUOUS
10
0.3067828346456693
20
-0.5609555118110237
11
0.319001968503937
21
-0.5538403543307087
0
LINE
8
BLACK
6
CONTINUOUS
10
0.319001968503937
20
-0.5538403543307087
11
0.3310603543307086
21
-0.5464555905511811
0
LINE
8
BLACK
6
CONTINUOUS
10
0.3310603543307086
20
-0.5464555905511811
11
0.3429493307086614
21
-0.5388064960629921
0
LINE
8
BLACK
6
CONTINUOUS
10
0.3429493307086614
20
-0.5388064960629921
11
0.3546667716535433
21
-0.5308945669291338
0
LINE
8
BLACK
6
CONTINUOUS
10
0.3546667716535433
20
-0.5308945669291338
11
0.3662061417322834
21
-0.5227241338582677
0
LINE
8
BLACK
6
CONTINUOUS
10
0.3662061417322834
20
-0.5227241338582677
11
0.3775613385826772
21
-0.5142994881889764
0
LINE
8
BLACK
6
CONTINUOUS
10
0.3775613385826772
20
-0.5142994881889764
11
0.3887255118110236
21
-0.5056257874015748
0
LINE
8
BLACK
6
CONTINUOUS
10
0.3887255118110236
20
-0.5056257874015748
11
0.3996952755905512
21
-0.4967056692913386
0
LINE
8
BLACK
6
CONTINUOUS
10
0.3996952755905512
20
-0.4967056692913386
11
0.4104649212598425
21
-0.4875436220472441
0
LINE
8
BLACK
6
CONTINUOUS
10
0.4104649212598425
20
-0.4875436220472441
11
0.4210277165354331
21
-0.4781455118110236
0
LINE
8
BLACK
6
CONTINUOUS
10
0.4210277165354331
20
-0.4781455118110236
11
0.4313790551181102
21
-0.4685153543307087
0
LINE
8
BLACK
6
CONTINUOUS
10
0.4313790551181102
20
-0.4685153543307087
11
0.4415141732283465
21
-0.4586576771653543
0
LINE
8
BLACK
6
CONTINUOUS
10
0.4415141732283465
20
-0.4586576771653543
11
0.4514287795275591
21
-0.4485766141732284
0
LINE
8
BLACK
6
CONTINUOUS
10
0.4514287795275591
20
-0.4485766141732284
11
0.4611163385826771
21
-0.4382787795275591
0
LINE
8
BLACK
6
CONTINUOUS
10
0.4611163385826771
20
-0.4382787795275591
11
0.4705736220472441
21
-0.4277675590551181
0
LINE
8
BLACK
6
CONTINUOUS
10
0.4705736220472441
20
-0.4277675590551181
11
0.4797938188976378
21
-0.4170506299212599
0
LINE
8
BLACK
6
CONTINUOUS
10
0.4797938188976378
20
-0.4170506299212599
11
0.4887745275590551
21
-0.4061307480314961
0
LINE
8
BLACK
6
CONTINUOUS
10
0.4887745275590551
20
-0.4061307480314961
11
0.497510157480315
21
-0.3950149212598425
0
LINE
8
BLACK
6
CONTINUOUS
10
0.497510157480315
20
-0.3950149212598425
11
0.5059976377952756
21
-0.3837067322834646
0
LINE
8
BLACK
6
CONTINUOUS
10
0.5059976377952756
20
-0.3837067322834646
11
0.5142334251968503
21
-0.3722108661417323
0
LINE
8
BLACK
6
CONTINUOUS
10
0.5142334251968503
20
-0.3722108661417323
11
0.5222094881889764
21
-0.3605386614173228
0
LINE
8
BLACK
6
CONTINUOUS
10
0.5222094881889764
20
-0.3605386614173228
11
0.5299249212598425
21
-0.3486915748031496
0
LINE
8
BLACK
6
CONTINUOUS
10
0.5299249212598425
20
-0.3486915748031496
11
0.5373760629921259
21
-0.336675157480315
0
LINE
8
BLACK
6
CONTINUOUS
10
0.5373760629921259
20
-0.336675157480315
11
0.5445581102362205
21
-0.3244970078740158
0
LINE
8
BLACK
6
CONTINUOUS
10
0.5445581102362205
20
-0.3244970078740158
11
0.5514680708661417
21
-0.3121624409448819
0
LINE
8
BLACK
6
CONTINUOUS
10
0.5514680708661417
20
-0.3121624409448819
11
0.5581032283464566
21
-0.2996761417322835
0
LINE
8
BLACK
6
CONTINUOUS
10
0.5581032283464566
20
-0.2996761417322835
11
0.5644587795275591
21
-0.2870470472440945
0
LINE
8
BLACK
6
CONTINUOUS
10
0.5644587795275591
20
-0.2870470472440945
11
0.5705331496062992
21
-0.2742785433070866
0
LINE
8
BLACK
6
CONTINUOUS
10
0.5705331496062992
20
-0.2742785433070866
11
0.5763218503937008
21
-0.2613797637795275
0
LINE
8
BLACK
6
CONTINUOUS
10
0.5763218503937008
20
-0.2613797637795275
11
0.5818228346456693
21
-0.2483555511811024
0
LINE
8
BLACK
6
CONTINUOUS
10
0.5818228346456693
20
-0.2483555511811024
11
0.587033937007874
21
-0.2352108661417323
0
LINE
8
BLACK
6
CONTINUOUS
10
0.587033937007874
20
-0.2352108661417323
11
0.5919511023622047
21
-0.221955905511811
0
LINE
8
BLACK
6
CONTINUOUS
10
0.5919511023622047
20
-0.221955905511811
11
0.5965729921259842
21
-0.2085945669291339
0
LINE
8
BLACK
6
CONTINUOUS
10
0.5965729921259842
20
-0.2085945669291339
11
0.6008973228346457
21
-0.1951333464566929
0
LINE
8
BLACK
6
CONTINUOUS
10
0.6008973228346457
20
-0.1951333464566929
11
0.6049220078740157
21
-0.1815784251968504
0
LINE
8
BLACK
6
CONTINUOUS
10
0.6049220078740157
20
-0.1815784251968504
11
0.6086445669291338
21
-0.1679383464566929
0
LINE
8
BLACK
6
CONTINUOUS
10
0.6086445669291338
20
-0.1679383464566929
11
0.6120629527559055
21
-0.1542206692913386
0
LINE
8
BLACK
6
CONTINUOUS
10
0.6120629527559055
20
-0.1542206692913386
11
0.6151762992125984
21
-0.1404292125984252
0
LINE
8
BLACK
6
CONTINUOUS
10
0.6151762992125984
20
-0.1404292125984252
11
0.6179829921259843
21
-0.1265703543307087
0
LINE
8
BLACK
6
CONTINUOUS
10
0.6179829921259843
20
-0.1265703543307087
11
0.620480905511811
21
-0.1126549606299213
0
LINE
8
BLACK
6
CONTINUOUS
10
0.620480905511811
20
-0.1126549606299213
11
0.6226693700787401
21
-0.0986872834645669
0
LINE
8
BLACK
6
CONTINUOUS
10
0.6226693700787401
20
-0.0986872834645669
11
0.6245474803149607
21
-0.084671968503937
0
LINE
8
BLACK
6
CONTINUOUS
10
0.6245474803149607
20
-0.084671968503937
11
0.6261137007874016
21
-0.0706214173228346
0
LINE
8
BLACK
6
CONTINUOUS
10
0.6261137007874016
20
-0.0706214173228346
11
0.6273675590551181
21
-0.0565399606299213
0
LINE
8
BLACK
6
CONTINUOUS
10
0.6273675590551181
20
-0.0565399606299213
11
0.6283086614173228
21
-0.0424306692913386
0
LINE
8
BLACK
6
CONTINUOUS
10
0.6283086614173228
20
-0.0424306692913386
11
0.6289362204724409
21
-0.0283075590551181
0
LINE
8
BLACK
6
CONTINUOUS
10
0.6289362204724409
20
-0.0283075590551181
11
0.6292502362204724
21
-0.014166968503937
0
LINE
8
BLACK
6
CONTINUOUS
10
0.6292502362204724
20
-0.014166968503937
11
0.629269842519685
21
-0.007102125984252
0
LINE
8
BLACK
6
CONTINUOUS
10
0.629269842519685
20
-0.007102125984252
11
0.6292502362204724
21
-0.0000372440944882
0
LINE
8
BLACK
6
CONTINUOUS
10
0.6292502362204724
20
-0.0000372440944882
11
0.6289362204724409
21
0.0141033464566929
0
LINE
8
BLACK
6
CONTINUOUS
10
0.6289362204724409
20
0.0141033464566929
11
0.6283086614173228
21
0.0282264566929134
0
LINE
8
BLACK
6
CONTINUOUS
10
0.6283086614173228
20
0.0282264566929134
11
0.6273675590551181
21
0.0423357480314961
0
LINE
8
BLACK
6
CONTINUOUS
10
0.6273675590551181
20
0.0423357480314961
11
0.6261137007874016
21
0.0564172047244094
0
LINE
8
BLACK
6
CONTINUOUS
10
0.6261137007874016
20
0.0564172047244094
11
0.6245474803149607
21
0.0704677559055118
0
LINE
8
BLACK
6
CONTINUOUS
10
0.6245474803149607
20
0.0704677559055118
11
0.6226693700787401
21
0.0844830708661417
0
LINE
8
BLACK
6
CONTINUOUS
10
0.6226693700787401
20
0.0844830708661417
11
0.620480905511811
21
0.0984507480314961
0
LINE
8
BLACK
6
CONTINUOUS
10
0.620480905511811
20
0.0984507480314961
11
0.6179829921259843
21
0.1123661417322835
0
LINE
8
BLACK
6
CONTINUOUS
10
0.6179829921259843
20
0.1123661417322835
11
0.6151762992125984
21
0.126225
0
LINE
8
BLACK
6
CONTINUOUS
10
0.6151762992125984
20
0.126225
11
0.6120629527559055
21
0.1400164566929134
0
LINE
8
BLACK
6
CONTINUOUS
10
0.6120629527559055
20
0.1400164566929134
11
0.6086445669291338
21
0.1537341338582677
0
LINE
8
BLACK
6
CONTINUOUS
10
0.6086445669291338
20
0.1537341338582677
11
0.6049220078740157
21
0.1673742125984252
0
LINE
8
BLACK
6
CONTINUOUS
10
0.6049220078740157
20
0.1673742125984252
11
0.6008973228346457
21
0.1809291338582677
0
LINE
8
BLACK
6
CONTINUOUS
10
0.6008973228346457
20
0.1809291338582677
11
0.5965729921259842
21
0.1943903543307087
0
LINE
8
BLACK
6
CONTINUOUS
10
0.5965729921259842
20
0.1943903543307087
11
0.5919511023622047
21
0.2077516929133858
0
LINE
8
BLACK
6
CONTINUOUS
10
0.5919511023622047
20
0.2077516929133858
11
0.587033937007874
21
0.2210066535433071
0
LINE
8
BLACK
6
CONTINUOUS
10
0.587033937007874
20
0.2210066535433071
11
0.5818228346456693
21
0.2341513385826772
0
LINE
8
BLACK
6
CONTINUOUS
10
0.5818228346456693
20
0.2341513385826772
11
0.5763218503937008
21
0.2471755511811023
0
LINE
8
BLACK
6
CONTINUOUS
10
0.5763218503937008
20
0.2471755511811023
11
0.5705331496062992
21
0.2600743307086614
0
LINE
8
BLACK
6
CONTINUOUS
10
0.5705331496062992
20
0.2600743307086614
11
0.5644587795275591
21
0.2728428346456693
0
LINE
8
BLACK
6
CONTINUOUS
10
0.5644587795275591
20
0.2728428346456693
11
0.5581032283464566
21
0.2854719291338583
0
LINE
8
BLACK
6
CONTINUOUS
10
0.5581032283464566
20
0.2854719291338583
11
0.5514680708661417
21
0.2979582283464567
0
LINE
8
BLACK
6
CONTINUOUS
10
0.5514680708661417
20
0.2979582283464567
11
0.5445581102362205
21
0.3102927952755906
0
LINE
8
BLACK
6
CONTINUOUS
10
0.5445581102362205
20
0.3102927952755906
11
0.5373760629921259
21
0.3224709448818898
0
LINE
8
BLACK
6
CONTINUOUS
10
0.5373760629921259
20
0.3224709448818898
11
0.5299249212598425
21
0.3344873622047244
0
LINE
8
BLACK
6
CONTINUOUS
10
0.5299249212598425
20
0.3344873622047244
11
0.5222094881889764
21
0.3463344488188976
0
LINE
8
BLACK
6
CONTINUOUS
10
0.5222094881889764
20
0.3463344488188976
11
0.5142334251968503
21
0.3580066535433071
0
LINE
8
BLACK
6
CONTINUOUS
10
0.5142334251968503
20
0.3580066535433071
11
0.5059976377952756
21
0.3695025196850394
0
LINE
8
BLACK
6
CONTINUOUS
10
0.5059976377952756
20
0.3695025196850394
11
0.497510157480315
21
0.3808107086614173
0
LINE
8
BLACK
6
CONTINUOUS
10
0.497510157480315
20
0.3808107086614173
11
0.4887745275590551
21
0.3919265354330709
0
LINE
8
BLACK
6
CONTINUOUS
10
0.4887745275590551
20
0.3919265354330709
11
0.4797938188976378
21
0.4028464173228347
0
LINE
8
BLACK
6
CONTINUOUS
10
0.4797938188976378
20
0.4028464173228347
11
0.4705736220472441
21
0.4135633464566929
0
LINE
8
BLACK
6
CONTINUOUS
10
0.4705736220472441
20
0.4135633464566929
11
0.4611163385826771
21
0.4240745669291339
0
LINE
8
BLACK
6
CONTINUOUS
10
0.4611163385826771
20
0.4240745669291339
11
0.4514287795275591
21
0.4343724015748031
0
LINE
8
BLACK
6
CONTINUOUS
10
0.4514287795275591
20
0.4343724015748031
11
0.4415141732283465
21
0.4444534645669291
0
LINE
8
BLACK
6
CONTINUOUS
10
0.4415141732283465
20
0.4444534645669291
11
0.4313790551181102
21
0.4543111417322834
0
LINE
8
BLACK
6
CONTINUOUS
10
0.4313790551181102
20
0.4543111417322834
11
0.4210277165354331
21
0.4639412992125984
0
LINE
8
BLACK
6
CONTINUOUS
10
0.4210277165354331
20
0.4639412992125984
11
0.4104649212598425
21
0.4733394094488189
0
LINE
8
BLACK
6
CONTINUOUS
10
0.4104649212598425
20
0.4733394094488189
11
0.3996952755905512
21
0.4825014566929134
0
LINE
8
BLACK
6
CONTINUOUS
10
0.3996952755905512
20
0.4825014566929134
11
0.3887255118110236
21
0.4914215748031496
0
LINE
8
BLACK
6
CONTINUOUS
10
0.3887255118110236
20
0.4914215748031496
11
0.3775613385826772
21
0.5000952755905512
0
LINE
8
BLACK
6
CONTINUOUS
10
0.3775613385826772
20
0.5000952755905512
11
0.3662061417322834
21
0.5085199212598425
0
LINE
8
BLACK
6
CONTINUOUS
10
0.3662061417322834
20
0.5085199212598425
11
0.3546667716535433
21
0.5166903543307086
0
LINE
8
BLACK
6
CONTINUOUS
10
0.3546667716535433
20
0.5166903543307086
11
0.3429493307086614
21
0.5246022834645669
0
LINE
8
BLACK
6
CONTINUOUS
10
0.3429493307086614
20
0.5246022834645669
11
0.3310603543307086
21
0.5322513779527559
0
LINE
8
BLACK
6
CONTINUOUS
10
0.3310603543307086
20
0.5322513779527559
11
0.319001968503937
21
0.5396361417322835
0
LINE
8
BLACK
6
CONTINUOUS
10
0.319001968503937
20
0.5396361417322835
11
0.3067828346456693
21
0.5467512992125985
0
LINE
8
BLACK
6
CONTINUOUS
10
0.3067828346456693
20
0.5467512992125985
11
0.2944100393700788
21
0.5535926377952756
0
LINE
8
BLACK
6
CONTINUOUS
10
0.2944100393700788
20
0.5535926377952756
11
0.2863633464566929
21
0.5578114960629921
0
LINE
8
BLACK
6
CONTINUOUS
10
0.2863633464566929
20
0.5578114960629921
11
0.2861636614173228
21
0.5579426377952755
0
LINE
8
BLACK
6
CONTINUOUS
10
0.2861636614173228
20
0.5579426377952755
11
0.2860939763779528
21
0.5579714960629921
0
LINE
8
BLACK
6
CONTINUOUS
10
0.2860939763779528
20
0.5579714960629921
11
0.2860447244094488
21
0.558020748031496
0
LINE
8
BLACK
6
CONTINUOUS
10
0.2860447244094488
20
0.558020748031496
11
0.2858794881889763
21
0.5581292519685039
0
LINE
8
BLACK
6
CONTINUOUS
10
0.2858794881889763
20
0.5581292519685039
11
0.2855942125984252
21
0.5584712598425197
0
LINE
8
BLACK
6
CONTINUOUS
10
0.2855942125984252
20
0.5584712598425197
11
0.2852793307086614
21
0.5587861417322835
0
LINE
8
BLACK
6
CONTINUOUS
10
0.2852793307086614
20
0.5587861417322835
11
0.2852277559055118
21
0.5589105905511811
0
LINE
8
BLACK
6
CONTINUOUS
10
0.2852277559055118
20
0.5589105905511811
11
0.2851415354330709
21
0.5590139763779527
0
LINE
8
BLACK
6
CONTINUOUS
10
0.2851415354330709
20
0.5590139763779527
11
0.2850088188976378
21
0.5594391338582677
0
LINE
8
BLACK
6
CONTINUOUS
10
0.2850088188976378
20
0.5594391338582677
11
0.2848384251968504
21
0.5598505511811024
0
LINE
8
BLACK
6
CONTINUOUS
10
0.2848384251968504
20
0.5598505511811024
11
0.2848190157480315
21
0.5600472834645669
0
LINE
8
BLACK
6
CONTINUOUS
10
0.2848190157480315
20
0.5600472834645669
11
0.2847983070866142
21
0.5601137401574803
0
LINE
8
BLACK
6
CONTINUOUS
10
0.2847983070866142
20
0.5601137401574803
11
0.2848050787401575
21
0.5601888976377952
0
LINE
8
BLACK
6
CONTINUOUS
10
0.2848050787401575
20
0.5601888976377952
11
0.2847816929133858
21
0.5604266141732284
0
LINE
8
BLACK
6
CONTINUOUS
10
0.2847816929133858
20
0.5604266141732284
11
0.2847816929133858
21
0.7017716535433071
0
LINE
8
BLACK
6
CONTINUOUS
10
0.2847816929133858
20
0.7017716535433071
11
-0.2998639763779528
21
0.7017716535433071
0
LINE
8
BLACK
6
CONTINUOUS
10
-0.6328792913385827
20
0.4362244488188976
11
-0.6233315748031496
21
0.4331222047244094
0
LINE
8
BLACK
6
CONTINUOUS
10
-0.6233315748031496
20
0.4331222047244094
11
-0.6143867322834645
21
0.4285645669291339
0
LINE
8
BLACK
6
CONTINUOUS
10
-0.6143867322834645
20
0.4285645669291339
11
-0.6062649606299213
21
0.4226637795275591
0
LINE
8
BLACK
6
CONTINUOUS
10
-0.6062649606299213
20
0.4226637795275591
11
-0.5991662598425197
21
0.4155650787401575
0
LINE
8
BLACK
6
CONTINUOUS
10
-0.5991662598425197
20
0.4155650787401575
11
-0.5932654724409449
21
0.4074433070866141
0
LINE
8
BLACK
6
CONTINUOUS
10
-0.5932654724409449
20
0.4074433070866141
11
-0.5887078346456692
21
0.3984984645669291
0
LINE
8
BLACK
6
CONTINUOUS
10
-0.5887078346456692
20
0.3984984645669291
11
-0.5856055905511811
21
0.388950748031496
0
LINE
8
BLACK
6
CONTINUOUS
10
-0.5856055905511811
20
0.388950748031496
11
-0.5840351181102362
21
0.3790352755905512
0
LINE
8
BLACK
6
CONTINUOUS
10
-0.5840351181102362
20
0.3790352755905512
11
-0.5840351181102362
21
0.368996220472441
0
LINE
8
BLACK
6
CONTINUOUS
10
-0.5840351181102362
20
0.368996220472441
11
-0.5856055905511811
21
0.359080748031496
0
LINE
8
BLACK
6
CONTINUOUS
10
-0.5856055905511811
20
0.359080748031496
11
-0.5887078346456692
21
0.349533031496063
0
LINE
8
BLACK
6
CONTINUOUS
10
-0.5887078346456692
20
0.349533031496063
11
-0.5932654724409449
21
0.3405881889763779
0
LINE
8
BLACK
6
CONTINUOUS
10
-0.5932654724409449
20
0.3405881889763779
11
-0.5991662598425197
21
0.3324664173228347
0
LINE
8
BLACK
6
CONTINUOUS
10
-0.5991662598425197
20
0.3324664173228347
11
-0.6062649606299213
21
0.3253677165354331
0
LINE
8
BLACK
6
CONTINUOUS
10
-0.6062649606299213
20
0.3253677165354331
11
-0.6143867322834645
21
0.3194669291338583
0
LINE
8
BLACK
6
CONTINUOUS
10
-0.6143867322834645
20
0.3194669291338583
11
-0.6233315748031496
21
0.3149092913385827
0
LINE
8
BLACK
6
CONTINUOUS
10
-0.6233315748031496
20
0.3149092913385827
11
-0.6328792913385827
21
0.3118070472440945
0
LINE
8
BLACK
6
CONTINUOUS
10
-0.6328792913385827
20
0.3118070472440945
11
-0.6427947637795275
21
0.3102365748031496
0
LINE
8
BLACK
6
CONTINUOUS
10
-0.6427947637795275
20
0.3102365748031496
11
-0.6528338188976378
21
0.3102365748031496
0
LINE
8
BLACK
6
CONTINUOUS
10
-0.6528338188976378
20
0.3102365748031496
11
-0.6627492913385826
21
0.3118070472440945
0
LINE
8
BLACK
6
CONTINUOUS
10
-0.6627492913385826
20
0.3118070472440945
11
-0.6722970078740157
21
0.3149092913385827
0
LINE
8
BLACK
6
CONTINUOUS
10
-0.6722970078740157
20
0.3149092913385827
11
-0.6812418503937008
21
0.3194669291338583
0
LINE
8
BLACK
6
CONTINUOUS
10
-0.6812418503937008
20
0.3194669291338583
11
-0.6893636220472441
21
0.3253677165354331
0
LINE
8
BLACK
6
CONTINUOUS
10
-0.6893636220472441
20
0.3253677165354331
11
-0.6964623228346457
21
0.3324664173228347
0
LINE
8
BLACK
6
CONTINUOUS
10
-0.6964623228346457
20
0.3324664173228347
11
-0.7023631102362204
21
0.3405881889763779
0
LINE
8
BLACK
6
CONTINUOUS
10
-0.7023631102362204
20
0.3405881889763779
11
-0.7069207480314961
21
0.349533031496063
0
LINE
8
BLACK
6
CONTINUOUS
10
-0.7069207480314961
20
0.349533031496063
11
-0.7100229921259842
21
0.359080748031496
0
LINE
8
BLACK
6
CONTINUOUS
10
-0.7100229921259842
20
0.359080748031496
11
-0.7115934645669291
21
0.368996220472441
0
LINE
8
BLACK
6
CONTINUOUS
10
-0.7115934645669291
20
0.368996220472441
11
-0.7115934645669291
21
0.3788958661417323
0
LINE
8
BLACK
6
CONTINUOUS
10
-0.7115934645669291
20
0.3788958661417323
11
-0.7115934645669291
21
0.3790352755905512
0
LINE
8
BLACK
6
CONTINUOUS
10
-0.7115934645669291
20
0.3790352755905512
11
-0.7100229921259842
21
0.388950748031496
0
LINE
8
BLACK
6
CONTINUOUS
10
-0.7100229921259842
20
0.388950748031496
11
-0.7069207480314961
21
0.3984984645669291
0
LINE
8
BLACK
6
CONTINUOUS
10
-0.7069207480314961
20
0.3984984645669291
11
-0.7023631102362204
21
0.4074433070866141
0
LINE
8
BLACK
6
CONTINUOUS
10
-0.7023631102362204
20
0.4074433070866141
11
-0.6964623228346457
21
0.4155650787401575
0
LINE
8
BLACK
6
CONTINUOUS
10
-0.6964623228346457
20
0.4155650787401575
11
-0.6893636220472441
21
0.4226637795275591
0
LINE
8
BLACK
6
CONTINUOUS
10
-0.6893636220472441
20
0.4226637795275591
11
-0.6812418503937008
21
0.4285645669291339
0
LINE
8
BLACK
6
CONTINUOUS
10
-0.6812418503937008
20
0.4285645669291339
11
-0.6722970078740157
21
0.4331222047244094
0
LINE
8
BLACK
6
CONTINUOUS
10
-0.6722970078740157
20
0.4331222047244094
11
-0.6627492913385826
21
0.4362244488188976
0
LINE
8
BLACK
6
CONTINUOUS
10
-0.6627492913385826
20
0.4362244488188976
11
-0.6528338188976378
21
0.4377949212598425
0
LINE
8
BLACK
6
CONTINUOUS
10
-0.6528338188976378
20
0.4377949212598425
11
-0.6427947637795275
21
0.4377949212598425
0
LINE
8
BLACK
6
CONTINUOUS
10
-0.6427947637795275
20
0.4377949212598425
11
-0.6328792913385827
21
0.4362244488188976
0
LINE
8
BLACK
6
CONTINUOUS
10
-0.7098221653543307
20
0.3691356299212598
11
-0.7082953149606299
21
0.3594955511811024
0
LINE
8
BLACK
6
CONTINUOUS
10
-0.7082953149606299
20
0.3594955511811024
11
-0.7052792519685039
21
0.3502129921259842
0
LINE
8
BLACK
6
CONTINUOUS
10
-0.7052792519685039
20
0.3502129921259842
11
-0.7008481889763779
21
0.3415165354330709
0
LINE
8
BLACK
6
CONTINUOUS
10
-0.7008481889763779
20
0.3415165354330709
11
-0.6951112598425196
21
0.3336203543307086
0
LINE
8
BLACK
6
CONTINUOUS
10
-0.6951112598425196
20
0.3336203543307086
11
-0.6882096850393701
21
0.3267187795275591
0
LINE
8
BLACK
6
CONTINUOUS
10
-0.6882096850393701
20
0.3267187795275591
11
-0.6803135039370078
21
0.3209818503937008
0
LINE
8
BLACK
6
CONTINUOUS
10
-0.6803135039370078
20
0.3209818503937008
11
-0.6716170472440944
21
0.3165507874015748
0
LINE
8
BLACK
6
CONTINUOUS
10
-0.6716170472440944
20
0.3165507874015748
11
-0.6623344881889763
21
0.3135347244094488
0
LINE
8
BLACK
6
CONTINUOUS
10
-0.6623344881889763
20
0.3135347244094488
11
-0.6526944094488188
21
0.312007874015748
0
LINE
8
BLACK
6
CONTINUOUS
10
-0.6526944094488188
20
0.312007874015748
11
-0.6429341732283465
21
0.312007874015748
0
LINE
8
BLACK
6
CONTINUOUS
10
-0.6429341732283465
20
0.312007874015748
11
-0.633294094488189
21
0.3135347244094488
0
LINE
8
BLACK
6
CONTINUOUS
10
-0.633294094488189
20
0.3135347244094488
11
-0.6240115354330709
21
0.3165507874015748
0
LINE
8
BLACK
6
CONTINUOUS
10
-0.6240115354330709
20
0.3165507874015748
11
-0.6153150787401575
21
0.3209818503937008
0
LINE
8
BLACK
6
CONTINUOUS
10
-0.6153150787401575
20
0.3209818503937008
11
-0.6074188976377952
21
0.3267187795275591
0
LINE
8
BLACK
6
CONTINUOUS
10
-0.6074188976377952
20
0.3267187795275591
11
-0.6005173228346457
21
0.3336203543307086
0
LINE
8
BLACK
6
CONTINUOUS
10
-0.6005173228346457
20
0.3336203543307086
11
-0.5947803937007874
21
0.3415165354330709
0
LINE
8
BLACK
6
CONTINUOUS
10
-0.5947803937007874
20
0.3415165354330709
11
-0.5903493307086614
21
0.3502129921259842
0
LINE
8
BLACK
6
CONTINUOUS
10
-0.5903493307086614
20
0.3502129921259842
11
-0.5873332677165354
21
0.3594955511811024
0
LINE
8
BLACK
6
CONTINUOUS
10
-0.5873332677165354
20
0.3594955511811024
11
-0.5858064173228347
21
0.3691356299212598
0
LINE
8
BLACK
6
CONTINUOUS
10
-0.5858064173228347
20
0.3691356299212598
11
-0.5858064173228347
21
0.3788958661417323
0
LINE
8
BLACK
6
CONTINUOUS
10
-0.5858064173228347
20
0.3788958661417323
11
-0.5873332677165354
21
0.3885359448818897
0
LINE
8
BLACK
6
CONTINUOUS
10
-0.5873332677165354
20
0.3885359448818897
11
-0.5903493307086614
21
0.3978185039370079
0
LINE
8
BLACK
6
CONTINUOUS
10
-0.5903493307086614
20
0.3978185039370079
11
-0.5947803937007874
21
0.4065149606299213
0
LINE
8
BLACK
6
CONTINUOUS
10
-0.5947803937007874
20
0.4065149606299213
11
-0.6005173228346457
21
0.4144111417322834
0
LINE
8
BLACK
6
CONTINUOUS
10
-0.6005173228346457
20
0.4144111417322834
11
-0.6074188976377952
21
0.4213127165354331
0
LINE
8
BLACK
6
CONTINUOUS
10
-0.6074188976377952
20
0.4213127165354331
11
-0.6153150787401575
21
0.4270496456692913
0
LINE
8
BLACK
6
CONTINUOUS
10
-0.6153150787401575
20
0.4270496456692913
11
-0.6240115354330709
21
0.4314807086614173
0
LINE
8
BLACK
6
CONTINUOUS
10
-0.6240115354330709
20
0.4314807086614173
11
-0.633294094488189
21
0.4344967716535433
0
LINE
8
BLACK
6
CONTINUOUS
10
-0.633294094488189
20
0.4344967716535433
11
-0.6429341732283465
21
0.4360236220472441
0
LINE
8
BLACK
6
CONTINUOUS
10
-0.6429341732283465
20
0.4360236220472441
11
-0.6526944094488188
21
0.4360236220472441
0
LINE
8
BLACK
6
CONTINUOUS
10
-0.6526944094488188
20
0.4360236220472441
11
-0.6623344881889763
21
0.4344967716535433
0
LINE
8
BLACK
6
CONTINUOUS
10
-0.6623344881889763
20
0.4344967716535433
11
-0.6716170472440944
21
0.4314807086614173
0
LINE
8
BLACK
6
CONTINUOUS
10
-0.6716170472440944
20
0.4314807086614173
11
-0.6803135039370078
21
0.4270496456692913
0
LINE
8
BLACK
6
CONTINUOUS
10
-0.6803135039370078
20
0.4270496456692913
11
-0.6882096850393701
21
0.4213127165354331
0
LINE
8
BLACK
6
CONTINUOUS
10
-0.6882096850393701
20
0.4213127165354331
11
-0.6951112598425196
21
0.4144111417322834
0
LINE
8
BLACK
6
CONTINUOUS
10
-0.6951112598425196
20
0.4144111417322834
11
-0.7008481889763779
21
0.4065149606299213
0
LINE
8
BLACK
6
CONTINUOUS
10
-0.7008481889763779
20
0.4065149606299213
11
-0.7052792519685039
21
0.3978185039370079
0
LINE
8
BLACK
6
CONTINUOUS
10
-0.7052792519685039
20
0.3978185039370079
11
-0.7082953149606299
21
0.3885359448818897
0
LINE
8
BLACK
6
CONTINUOUS
10
-0.7082953149606299
20
0.3885359448818897
11
-0.7098221653543307
21
0.3788958661417323
0
LINE
8
BLACK
6
CONTINUOUS
10
-0.7098221653543307
20
0.3788958661417323
11
-0.7098221653543307
21
0.3691356299212598
0
LINE
8
BLACK
6
CONTINUOUS
10
0.6627492913385826
20
0.4362244488188976
11
0.6722970078740157
21
0.4331222047244094
0
LINE
8
BLACK
6
CONTINUOUS
10
0.6722970078740157
20
0.4331222047244094
11
0.6812418503937008
21
0.4285645669291339
0
LINE
8
BLACK
6
CONTINUOUS
10
0.6812418503937008
20
0.4285645669291339
11
0.6893636220472441
21
0.4226637795275591
0
LINE
8
BLACK
6
CONTINUOUS
10
0.6893636220472441
20
0.4226637795275591
11
0.6964623228346457
21
0.4155650787401575
0
LINE
8
BLACK
6
CONTINUOUS
10
0.6964623228346457
20
0.4155650787401575
11
0.7023631102362204
21
0.4074433070866141
0
LINE
8
BLACK
6
CONTINUOUS
10
0.7023631102362204
20
0.4074433070866141
11
0.7069207480314961
21
0.3984984645669291
0
LINE
8
BLACK
6
CONTINUOUS
10
0.7069207480314961
20
0.3984984645669291
11
0.7100229921259842
21
0.388950748031496
0
LINE
8
BLACK
6
CONTINUOUS
10
0.7100229921259842
20
0.388950748031496
11
0.7115934645669291
21
0.3790352755905512
0
LINE
8
BLACK
6
CONTINUOUS
10
0.7115934645669291
20
0.3790352755905512
11
0.7115934645669291
21
0.368996220472441
0
LINE
8
BLACK
6
CONTINUOUS
10
0.7115934645669291
20
0.368996220472441
11
0.7100229921259842
21
0.359080748031496
0
LINE
8
BLACK
6
CONTINUOUS
10
0.7100229921259842
20
0.359080748031496
11
0.7069207480314961
21
0.349533031496063
0
LINE
8
BLACK
6
CONTINUOUS
10
0.7069207480314961
20
0.349533031496063
11
0.7023631102362204
21
0.3405881889763779
0
LINE
8
BLACK
6
CONTINUOUS
10
0.7023631102362204
20
0.3405881889763779
11
0.6964623228346457
21
0.3324664173228347
0
LINE
8
BLACK
6
CONTINUOUS
10
0.6964623228346457
20
0.3324664173228347
11
0.6893636220472441
21
0.3253677165354331
0
LINE
8
BLACK
6
CONTINUOUS
10
0.6893636220472441
20
0.3253677165354331
11
0.6812418503937008
21
0.3194669291338583
0
LINE
8
BLACK
6
CONTINUOUS
10
0.6812418503937008
20
0.3194669291338583
11
0.6722970078740157
21
0.3149092913385827
0
LINE
8
BLACK
6
CONTINUOUS
10
0.6722970078740157
20
0.3149092913385827
11
0.6627492913385826
21
0.3118070472440945
0
LINE
8
BLACK
6
CONTINUOUS
10
0.6627492913385826
20
0.3118070472440945
11
0.6528338188976378
21
0.3102365748031496
0
LINE
8
BLACK
6
CONTINUOUS
10
0.6528338188976378
20
0.3102365748031496
11
0.6427947637795275
21
0.3102365748031496
0
LINE
8
BLACK
6
CONTINUOUS
10
0.6427947637795275
20
0.3102365748031496
11
0.6328792913385827
21
0.3118070472440945
0
LINE
8
BLACK
6
CONTINUOUS
10
0.6328792913385827
20
0.3118070472440945
11
0.6233315748031496
21
0.3149092913385827
0
LINE
8
BLACK
6
CONTINUOUS
10
0.6233315748031496
20
0.3149092913385827
11
0.6143867322834645
21
0.3194669291338583
0
LINE
8
BLACK
6
CONTINUOUS
10
0.6143867322834645
20
0.3194669291338583
11
0.6062649606299213
21
0.3253677165354331
0
LINE
8
BLACK
6
CONTINUOUS
10
0.6062649606299213
20
0.3253677165354331
11
0.5991662598425197
21
0.3324664173228347
0
LINE
8
BLACK
6
CONTINUOUS
10
0.5991662598425197
20
0.3324664173228347
11
0.5932654724409449
21
0.3405881889763779
0
LINE
8
BLACK
6
CONTINUOUS
10
0.5932654724409449
20
0.3405881889763779
11
0.5887078346456692
21
0.349533031496063
0
LINE
8
BLACK
6
CONTINUOUS
10
0.5887078346456692
20
0.349533031496063
11
0.5856055905511811
21
0.359080748031496
0
LINE
8
BLACK
6
CONTINUOUS
10
0.5856055905511811
20
0.359080748031496
11
0.5840351181102362
21
0.368996220472441
0
LINE
8
BLACK
6
CONTINUOUS
10
0.5840351181102362
20
0.368996220472441
11
0.5840351181102362
21
0.3788958661417323
0
LINE
8
BLACK
6
CONTINUOUS
10
0.5840351181102362
20
0.3788958661417323
11
0.5840351181102362
21
0.3790352755905512
0
LINE
8
BLACK
6
CONTINUOUS
10
0.5840351181102362
20
0.3790352755905512
11
0.5856055905511811
21
0.388950748031496
0
LINE
8
BLACK
6
CONTINUOUS
10
0.5856055905511811
20
0.388950748031496
11
0.5887078346456692
21
0.3984984645669291
0
LINE
8
BLACK
6
CONTINUOUS
10
0.5887078346456692
20
0.3984984645669291
11
0.5932654724409449
21
0.4074433070866141
0
LINE
8
BLACK
6
CONTINUOUS
10
0.5932654724409449
20
0.4074433070866141
11
0.5991662598425197
21
0.4155650787401575
0
LINE
8
BLACK
6
CONTINUOUS
10
0.5991662598425197
20
0.4155650787401575
11
0.6062649606299213
21
0.4226637795275591
0
LINE
8
BLACK
6
CONTINUOUS
10
0.6062649606299213
20
0.4226637795275591
11
0.6143867322834645
21
0.4285645669291339
0
LINE
8
BLACK
6
CONTINUOUS
10
0.6143867322834645
20
0.4285645669291339
11
0.6233315748031496
21
0.4331222047244094
0
LINE
8
BLACK
6
CONTINUOUS
10
0.6233315748031496
20
0.4331222047244094
11
0.6328792913385827
21
0.4362244488188976
0
LINE
8
BLACK
6
CONTINUOUS
10
0.6328792913385827
20
0.4362244488188976
11
0.6427947637795275
21
0.4377949212598425
0
LINE
8
BLACK
6
CONTINUOUS
10
0.6427947637795275
20
0.4377949212598425
11
0.6528338188976378
21
0.4377949212598425
0
LINE
8
BLACK
6
CONTINUOUS
10
0.6528338188976378
20
0.4377949212598425
11
0.6627492913385826
21
0.4362244488188976
0
LINE
8
BLACK
6
CONTINUOUS
10
0.5858064173228347
20
0.3691356299212598
11
0.5873332677165354
21
0.3594955511811024
0
LINE
8
BLACK
6
CONTINUOUS
10
0.5873332677165354
20
0.3594955511811024
11
0.5903493307086614
21
0.3502129921259842
0
LINE
8
BLACK
6
CONTINUOUS
10
0.5903493307086614
20
0.3502129921259842
11
0.5947803937007874
21
0.3415165354330709
0
LINE
8
BLACK
6
CONTINUOUS
10
0.5947803937007874
20
0.3415165354330709
11
0.6005173228346457
21
0.3336203543307086
0
LINE
8
BLACK
6
CONTINUOUS
10
0.6005173228346457
20
0.3336203543307086
11
0.6074188976377952
21
0.3267187795275591
0
LINE
8
BLACK
6
CONTINUOUS
10
0.6074188976377952
20
0.3267187795275591
11
0.6153150787401575
21
0.3209818503937008
0
LINE
8
BLACK
6
CONTINUOUS
10
0.6153150787401575
20
0.3209818503937008
11
0.6240115354330709
21
0.3165507874015748
0
LINE
8
BLACK
6
CONTINUOUS
10
0.6240115354330709
20
0.3165507874015748
11
0.633294094488189
21
0.3135347244094488
0
LINE
8
BLACK
6
CONTINUOUS
10
0.633294094488189
20
0.3135347244094488
11
0.6429341732283465
21
0.312007874015748
0
LINE
8
BLACK
6
CONTINUOUS
10
0.6429341732283465
20
0.312007874015748
11
0.6526944094488188
21
0.312007874015748
0
LINE
8
BLACK
6
CONTINUOUS
10
0.6526944094488188
20
0.312007874015748
11
0.6623344881889763
21
0.3135347244094488
0
LINE
8
BLACK
6
CONTINUOUS
10
0.6623344881889763
20
0.3135347244094488
11
0.6716170472440944
21
0.3165507874015748
0
LINE
8
BLACK
6
CONTINUOUS
10
0.6716170472440944
20
0.3165507874015748
11
0.6803135039370078
21
0.3209818503937008
0
LINE
8
BLACK
6
CONTINUOUS
10
0.6803135039370078
20
0.3209818503937008
11
0.6882096850393701
21
0.3267187795275591
0
LINE
8
BLACK
6
CONTINUOUS
10
0.6882096850393701
20
0.3267187795275591
11
0.6951112598425196
21
0.3336203543307086
0
LINE
8
BLACK
6
CONTINUOUS
10
0.6951112598425196
20
0.3336203543307086
11
0.7008481889763779
21
0.3415165354330709
0
LINE
8
BLACK
6
CONTINUOUS
10
0.7008481889763779
20
0.3415165354330709
11
0.7052792519685039
21
0.3502129921259842
0
LINE
8
BLACK
6
CONTINUOUS
10
0.7052792519685039
20
0.3502129921259842
11
0.7082953149606299
21
0.3594955511811024
0
LINE
8
BLACK
6
CONTINUOUS
10
0.7082953149606299
20
0.3594955511811024
11
0.7098221653543307
21
0.3691356299212598
0
LINE
8
BLACK
6
CONTINUOUS
10
0.7098221653543307
20
0.3691356299212598
11
0.7098221653543307
21
0.3788958661417323
0
LINE
8
BLACK
6
CONTINUOUS
10
0.7098221653543307
20
0.3788958661417323
11
0.7082953149606299
21
0.3885359448818897
0
LINE
8
BLACK
6
CONTINUOUS
10
0.7082953149606299
20
0.3885359448818897
11
0.7052792519685039
21
0.3978185039370079
0
LINE
8
BLACK
6
CONTINUOUS
10
0.7052792519685039
20
0.3978185039370079
11
0.7008481889763779
21
0.4065149606299213
0
LINE
8
BLACK
6
CONTINUOUS
10
0.7008481889763779
20
0.4065149606299213
11
0.6951112598425196
21
0.4144111417322834
0
LINE
8
BLACK
6
CONTINUOUS
10
0.6951112598425196
20
0.4144111417322834
11
0.6882096850393701
21
0.4213127165354331
0
LINE
8
BLACK
6
CONTINUOUS
10
0.6882096850393701
20
0.4213127165354331
11
0.6803135039370078
21
0.4270496456692913
0
LINE
8
BLACK
6
CONTINUOUS
10
0.6803135039370078
20
0.4270496456692913
11
0.6716170472440944
21
0.4314807086614173
0
LINE
8
BLACK
6
CONTINUOUS
10
0.6716170472440944
20
0.4314807086614173
11
0.6623344881889763
21
0.4344967716535433
0
LINE
8
BLACK
6
CONTINUOUS
10
0.6623344881889763
20
0.4344967716535433
11
0.6526944094488188
21
0.4360236220472441
0
LINE
8
BLACK
6
CONTINUOUS
10
0.6526944094488188
20
0.4360236220472441
11
0.6429341732283465
21
0.4360236220472441
0
LINE
8
BLACK
6
CONTINUOUS
10
0.6429341732283465
20
0.4360236220472441
11
0.633294094488189
21
0.4344967716535433
0
LINE
8
BLACK
6
CONTINUOUS
10
0.633294094488189
20
0.4344967716535433
11
0.6240115354330709
21
0.4314807086614173
0
LINE
8
BLACK
6
CONTINUOUS
10
0.6240115354330709
20
0.4314807086614173
11
0.6153150787401575
21
0.4270496456692913
0
LINE
8
BLACK
6
CONTINUOUS
10
0.6153150787401575
20
0.4270496456692913
11
0.6074188976377952
21
0.4213127165354331
0
LINE
8
BLACK
6
CONTINUOUS
10
0.6074188976377952
20
0.4213127165354331
11
0.6005173228346457
21
0.4144111417322834
0
LINE
8
BLACK
6
CONTINUOUS
10
0.6005173228346457
20
0.4144111417322834
11
0.5947803937007874
21
0.4065149606299213
0
LINE
8
BLACK
6
CONTINUOUS
10
0.5947803937007874
20
0.4065149606299213
11
0.5903493307086614
21
0.3978185039370079
0
LINE
8
BLACK
6
CONTINUOUS
10
0.5903493307086614
20
0.3978185039370079
11
0.5873332677165354
21
0.3885359448818897
0
LINE
8
BLACK
6
CONTINUOUS
10
0.5873332677165354
20
0.3885359448818897
11
0.5858064173228347
21
0.3788958661417323
0
LINE
8
BLACK
6
CONTINUOUS
10
0.5858064173228347
20
0.3788958661417323
11
0.5858064173228347
21
0.3691356299212598
0
LINE
8
BLACK
6
CONTINUOUS
10
0.0942279527559055
20
2.5583046456692915
11
0.1569835039370079
21
2.555221653543307
0
LINE
8
BLACK
6
CONTINUOUS
10
0.1569835039370079
20
2.555221653543307
11
0.2196444881889764
21
2.5505995275590552
0
LINE
8
BLACK
6
CONTINUOUS
10
0.2196444881889764
20
2.5505995275590552
11
0.2821731889763779
21
2.5444409842519686
0
LINE
8
BLACK
6
CONTINUOUS
10
0.2821731889763779
20
2.5444409842519686
11
0.3445319291338583
21
2.5367497637795275
0
LINE
8
BLACK
6
CONTINUOUS
10
0.3445319291338583
20
2.5367497637795275
11
0.4066831102362204
21
2.5275305118110234
0
LINE
8
BLACK
6
CONTINUOUS
10
0.4066831102362204
20
2.5275305118110234
11
0.4685893307086614
21
2.5167887401574802
0
LINE
8
BLACK
6
CONTINUOUS
10
0.4685893307086614
20
2.5167887401574802
11
0.5302132677165354
21
2.5045309842519683
0
LINE
8
BLACK
6
CONTINUOUS
10
0.5302132677165354
20
2.5045309842519683
11
0.5915178346456693
21
2.4907645669291338
0
LINE
8
BLACK
6
CONTINUOUS
10
0.5915178346456693
20
2.4907645669291338
11
0.6524661417322835
21
2.4754978346456693
0
LINE
8
BLACK
6
CONTINUOUS
10
0.6524661417322835
20
2.4754978346456693
11
0.7130213779527559
21
2.4587399606299214
0
LINE
8
BLACK
6
CONTINUOUS
10
0.7130213779527559
20
2.4587399606299214
11
0.7731471259842519
21
2.4405009842519685
0
LINE
8
BLACK
6
CONTINUOUS
10
0.7731471259842519
20
2.4405009842519685
11
0.8328071653543306
21
2.420791968503937
0
LINE
8
BLACK
6
CONTINUOUS
10
0.8328071653543306
20
2.420791968503937
11
0.8919655511811023
21
2.3996247637795274
0
LINE
8
BLACK
6
CONTINUOUS
10
0.8919655511811023
20
2.3996247637795274
11
0.9505866535433071
21
2.377012125984252
0
LINE
8
BLACK
6
CONTINUOUS
10
0.9505866535433071
20
2.377012125984252
11
1.0086351181102362
21
2.3529676377952757
0
LINE
8
BLACK
6
CONTINUOUS
10
1.0086351181102362
20
2.3529676377952757
11
1.066076062992126
21
2.3275058267716533
0
LINE
8
BLACK
6
CONTINUOUS
10
1.066076062992126
20
2.3275058267716533
11
1.1228748425196851
21
2.3006420078740155
0
LINE
8
BLACK
6
CONTINUOUS
10
1.1228748425196851
20
2.3006420078740155
11
1.1789972440944883
21
2.2723923622047244
0
LINE
8
BLACK
6
CONTINUOUS
10
1.1789972440944883
20
2.2723923622047244
11
1.2344094488188977
21
2.2427739370078741
0
LINE
8
BLACK
6
CONTINUOUS
10
1.2344094488188977
20
2.2427739370078741
11
1.2890780708661418
21
2.211804527559055
0
LINE
8
BLACK
6
CONTINUOUS
10
1.2890780708661418
20
2.211804527559055
11
1.3429702362204725
21
2.1795027952755905
0
LINE
8
BLACK
6
CONTINUOUS
10
1.3429702362204725
20
2.1795027952755905
11
1.3960534251968504
21
2.1458882283464566
0
LINE
8
BLACK
6
CONTINUOUS
10
1.3960534251968504
20
2.1458882283464566
11
1.4482957086614172
21
2.110981062992126
0
LINE
8
BLACK
6
CONTINUOUS
10
1.4482957086614172
20
2.110981062992126
11
1.4996655905511811
21
2.0748023228346457
0
LINE
8
BLACK
6
CONTINUOUS
10
1.4996655905511811
20
2.0748023228346457
11
1.5501320866141732
21
2.0373738188976378
0
LINE
8
BLACK
6
CONTINUOUS
10
1.5501320866141732
20
2.0373738188976378
11
1.5996648818897636
21
1.9987180314960629
0
LINE
8
BLACK
6
CONTINUOUS
10
1.5996648818897636
20
1.9987180314960629
11
1.648234094488189
21
1.9588583070866141
0
LINE
8
BLACK
6
CONTINUOUS
10
1.648234094488189
20
1.9588583070866141
11
1.6958104724409448
21
1.9178186614173227
0
LINE
8
BLACK
6
CONTINUOUS
10
1.6958104724409448
20
1.9178186614173227
11
1.7423653543307087
21
1.875623779527559
0
LINE
8
BLACK
6
CONTINUOUS
10
1.7423653543307087
20
1.875623779527559
11
1.7878707086614172
21
1.832299094488189
0
LINE
8
BLACK
6
CONTINUOUS
10
1.7878707086614172
20
1.832299094488189
11
1.832299094488189
21
1.7878707086614172
0
LINE
8
BLACK
6
CONTINUOUS
10
1.832299094488189
20
1.7878707086614172
11
1.875623779527559
21
1.7423653543307087
0
LINE
8
BLACK
6
CONTINUOUS
10
1.875623779527559
20
1.7423653543307087
11
1.9178186614173227
21
1.6958104724409448
0
LINE
8
BLACK
6
CONTINUOUS
10
1.9178186614173227
20
1.6958104724409448
11
1.9588583070866141
21
1.648234094488189
0
LINE
8
BLACK
6
CONTINUOUS
10
1.9588583070866141
20
1.648234094488189
11
1.9987180314960629
21
1.5996648818897636
0
LINE
8
BLACK
6
CONTINUOUS
10
1.9987180314960629
20
1.5996648818897636
11
2.0373738188976378
21
1.5501320866141732
0
LINE
8
BLACK
6
CONTINUOUS
10
2.0373738188976378
20
1.5501320866141732
11
2.0748023228346457
21
1.4996655905511811
0
LINE
8
BLACK
6
CONTINUOUS
10
2.0748023228346457
20
1.4996655905511811
11
2.110981062992126
21
1.4482957086614172
0
LINE
8
BLACK
6
CONTINUOUS
10
2.110981062992126
20
1.4482957086614172
11
2.1458882283464566
21
1.3960534251968504
0
LINE
8
BLACK
6
CONTINUOUS
10
2.1458882283464566
20
1.3960534251968504
11
2.1795027952755905
21
1.3429702362204725
0
LINE
8
BLACK
6
CONTINUOUS
10
2.1795027952755905
20
1.3429702362204725
11
2.211804527559055
21
1.2890780708661418
0
LINE
8
BLACK
6
CONTINUOUS
10
2.211804527559055
20
1.2890780708661418
11
2.2427739370078741
21
1.2344094488188977
0
LINE
8
BLACK
6
CONTINUOUS
10
2.2427739370078741
20
1.2344094488188977
11
2.2723923622047244
21
1.1789972440944883
0
LINE
8
BLACK
6
CONTINUOUS
10
2.2723923622047244
20
1.1789972440944883
11
2.3006420078740155
21
1.1228748425196851
0
LINE
8
BLACK
6
CONTINUOUS
10
2.3006420078740155
20
1.1228748425196851
11
2.3275058267716533
21
1.066076062992126
0
LINE
8
BLACK
6
CONTINUOUS
10
2.3275058267716533
20
1.066076062992126
11
2.3529676377952757
21
1.0086351181102362
0
LINE
8
BLACK
6
CONTINUOUS
10
2.3529676377952757
20
1.0086351181102362
11
2.377012125984252
21
0.9505866535433071
0
LINE
8
BLACK
6
CONTINUOUS
10
2.377012125984252
20
0.9505866535433071
11
2.3996247637795274
21
0.8919655511811023
0
LINE
8
BLACK
6
CONTINUOUS
10
2.3996247637795274
20
0.8919655511811023
11
2.420791968503937
21
0.8328071653543306
0
LINE
8
BLACK
6
CONTINUOUS
10
2.420791968503937
20
0.8328071653543306
11
2.4405009842519685
21
0.7731471259842519
0
LINE
8
BLACK
6
CONTINUOUS
10
2.4405009842519685
20
0.7731471259842519
11
2.4587399606299214
21
0.7130213779527559
0
LINE
8
BLACK
6
CONTINUOUS
10
2.4587399606299214
20
0.7130213779527559
11
2.4754978346456693
21
0.6524661417322835
0
LINE
8
BLACK
6
CONTINUOUS
10
2.4754978346456693
20
0.6524661417322835
11
2.4907645669291338
21
0.5915178346456693
0
LINE
8
BLACK
6
CONTINUOUS
10
2.4907645669291338
20
0.5915178346456693
11
2.5045309842519683
21
0.5302132677165354
0
LINE
8
BLACK
6
CONTINUOUS
10
2.5045309842519683
20
0.5302132677165354
11
2.5167887401574802
21
0.4685893307086614
0
LINE
8
BLACK
6
CONTINUOUS
10
2.5167887401574802
20
0.4685893307086614
11
2.5275305118110234
21
0.4066831102362204
0
LINE
8
BLACK
6
CONTINUOUS
10
2.5275305118110234
20
0.4066831102362204
11
2.5367497637795275
21
0.3445319291338583
0
LINE
8
BLACK
6
CONTINUOUS
10
2.5367497637795275
20
0.3445319291338583
11
2.5444409842519686
21
0.2821731889763779
0
LINE
8
BLACK
6
CONTINUOUS
10
2.5444409842519686
20
0.2821731889763779
11
2.5505995275590552
21
0.2196444881889764
0
LINE
8
BLACK
6
CONTINUOUS
10
2.5505995275590552
20
0.2196444881889764
11
2.555221653543307
21
0.1569835039370079
0
LINE
8
BLACK
6
CONTINUOUS
10
2.555221653543307
20
0.1569835039370079
11
2.5583046456692915
21
0.0942279527559055
0
LINE
8
BLACK
6
CONTINUOUS
10
2.5583046456692915
20
0.0942279527559055
11
2.5598466141732281
21
0.0314156299212598
0
LINE
8
BLACK
6
CONTINUOUS
10
2.5598466141732281
20
0.0314156299212598
11
2.5598466141732281
21
-0.0314156299212598
0
LINE
8
BLACK
6
CONTINUOUS
10
2.5598466141732281
20
-0.0314156299212598
11
2.5583046456692915
21
-0.0942279527559055
0
LINE
8
BLACK
6
CONTINUOUS
10
2.5583046456692915
20
-0.0942279527559055
11
2.555221653543307
21
-0.1569835039370079
0
LINE
8
BLACK
6
CONTINUOUS
10
2.555221653543307
20
-0.1569835039370079
11
2.5505995275590552
21
-0.2196444881889764
0
LINE
8
BLACK
6
CONTINUOUS
10
2.5505995275590552
20
-0.2196444881889764
11
2.5444409842519686
21
-0.2821731889763779
0
LINE
8
BLACK
6
CONTINUOUS
10
2.5444409842519686
20
-0.2821731889763779
11
2.5367497637795275
21
-0.3445319291338583
0
LINE
8
BLACK
6
CONTINUOUS
10
2.5367497637795275
20
-0.3445319291338583
11
2.5275305118110234
21
-0.4066831102362204
0
LINE
8
BLACK
6
CONTINUOUS
10
2.5275305118110234
20
-0.4066831102362204
11
2.5167887401574802
21
-0.4685893307086614
0
LINE
8
BLACK
6
CONTINUOUS
10
2.5167887401574802
20
-0.4685893307086614
11
2.5045309842519683
21
-0.5302132677165354
0
LINE
8
BLACK
6
CONTINUOUS
10
2.5045309842519683
20
-0.5302132677165354
11
2.4907645669291338
21
-0.5915178346456693
0
LINE
8
BLACK
6
CONTINUOUS
10
2.4907645669291338
20
-0.5915178346456693
11
2.4754978346456693
21
-0.6524661417322835
0
LINE
8
BLACK
6
CONTINUOUS
10
2.4754978346456693
20
-0.6524661417322835
11
2.4587399606299214
21
-0.7130213779527559
0
LINE
8
BLACK
6
CONTINUOUS
10
2.4587399606299214
20
-0.7130213779527559
11
2.4405009842519685
21
-0.7731471259842519
0
LINE
8
BLACK
6
CONTINUOUS
10
2.4405009842519685
20
-0.7731471259842519
11
2.420791968503937
21
-0.8328071653543306
0
LINE
8
BLACK
6
CONTINUOUS
10
2.420791968503937
20
-0.8328071653543306
11
2.3996247637795274
21
-0.8919655511811023
0
LINE
8
BLACK
6
CONTINUOUS
10
2.3996247637795274
20
-0.8919655511811023
11
2.377012125984252
21
-0.9505866535433071
0
LINE
8
BLACK
6
CONTINUOUS
10
2.377012125984252
20
-0.9505866535433071
11
2.3529676377952757
21
-1.0086351181102362
0
LINE
8
BLACK
6
CONTINUOUS
10
2.3529676377952757
20
-1.0086351181102362
11
2.3275058267716533
21
-1.066076062992126
0
LINE
8
BLACK
6
CONTINUOUS
10
2.3275058267716533
20
-1.066076062992126
11
2.3006420078740155
21
-1.1228748425196851
0
LINE
8
BLACK
6
CONTINUOUS
10
2.3006420078740155
20
-1.1228748425196851
11
2.2723923622047244
21
-1.1789972440944883
0
LINE
8
BLACK
6
CONTINUOUS
10
2.2723923622047244
20
-1.1789972440944883
11
2.2427739370078741
21
-1.2344094488188977
0
LINE
8
BLACK
6
CONTINUOUS
10
2.2427739370078741
20
-1.2344094488188977
11
2.211804527559055
21
-1.2890780708661418
0
LINE
8
BLACK
6
CONTINUOUS
10
2.211804527559055
20
-1.2890780708661418
11
2.1795027952755905
21
-1.3429702362204725
0
LINE
8
BLACK
6
CONTINUOUS
10
2.1795027952755905
20
-1.3429702362204725
11
2.1458882283464566
21
-1.3960534251968504
0
LINE
8
BLACK
6
CONTINUOUS
10
2.1458882283464566
20
-1.3960534251968504
11
2.110981062992126
21
-1.4482957086614172
0
LINE
8
BLACK
6
CONTINUOUS
10
2.110981062992126
20
-1.4482957086614172
11
2.0748023228346457
21
-1.4996655905511811
0
LINE
8
BLACK
6
CONTINUOUS
10
2.0748023228346457
20
-1.4996655905511811
11
2.0373738188976378
21
-1.5501320866141732
0
LINE
8
BLACK
6
CONTINUOUS
10
2.0373738188976378
20
-1.5501320866141732
11
1.9987180314960629
21
-1.5996648818897636
0
LINE
8
BLACK
6
CONTINUOUS
10
1.9987180314960629
20
-1.5996648818897636
11
1.9588583070866141
21
-1.648234094488189
0
LINE
8
BLACK
6
CONTINUOUS
10
1.9588583070866141
20
-1.648234094488189
11
1.9178186614173227
21
-1.6958104724409448
0
LINE
8
BLACK
6
CONTINUOUS
10
1.9178186614173227
20
-1.6958104724409448
11
1.875623779527559
21
-1.7423653543307087
0
LINE
8
BLACK
6
CONTINUOUS
10
1.875623779527559
20
-1.7423653543307087
11
1.832299094488189
21
-1.7878707086614172
0
LINE
8
BLACK
6
CONTINUOUS
10
1.832299094488189
20
-1.7878707086614172
11
1.7878707086614172
21
-1.832299094488189
0
LINE
8
BLACK
6
CONTINUOUS
10
1.7878707086614172
20
-1.832299094488189
11
1.7423653543307087
21
-1.875623779527559
0
LINE
8
BLACK
6
CONTINUOUS
10
1.7423653543307087
20
-1.875623779527559
11
1.6958104724409448
21
-1.9178186614173227
0
LINE
8
BLACK
6
CONTINUOUS
10
1.6958104724409448
20
-1.9178186614173227
11
1.648234094488189
21
-1.9588583070866141
0
LINE
8
BLACK
6
CONTINUOUS
10
1.648234094488189
20
-1.9588583070866141
11
1.5996648818897636
21
-1.9987180314960629
0
LINE
8
BLACK
6
CONTINUOUS
10
1.5996648818897636
20
-1.9987180314960629
11
1.5501320866141732
21
-2.0373738188976378
0
LINE
8
BLACK
6
CONTINUOUS
10
1.5501320866141732
20
-2.0373738188976378
11
1.4996655905511811
21
-2.0748023228346457
0
LINE
8
BLACK
6
CONTINUOUS
10
1.4996655905511811
20
-2.0748023228346457
11
1.4482957086614172
21
-2.110981062992126
0
LINE
8
BLACK
6
CONTINUOUS
10
1.4482957086614172
20
-2.110981062992126
11
1.3960534251968504
21
-2.1458882283464566
0
LINE
8
BLACK
6
CONTINUOUS
10
1.3960534251968504
20
-2.1458882283464566
11
1.3429702362204725
21
-2.1795027952755905
0
LINE
8
BLACK
6
CONTINUOUS
10
1.3429702362204725
20
-2.1795027952755905
11
1.2890780708661418
21
-2.211804527559055
0
LINE
8
BLACK
6
CONTINUOUS
10
1.2890780708661418
20
-2.211804527559055
11
1.2344094488188977
21
-2.2427739370078741
0
LINE
8
BLACK
6
CONTINUOUS
10
1.2344094488188977
20
-2.2427739370078741
11
1.1789972440944883
21
-2.2723923622047244
0
LINE
8
BLACK
6
CONTINUOUS
10
1.1789972440944883
20
-2.2723923622047244
11
1.1228748425196851
21
-2.3006420078740155
0
LINE
8
BLACK
6
CONTINUOUS
10
1.1228748425196851
20
-2.3006420078740155
11
1.066076062992126
21
-2.3275058267716533
0
LINE
8
BLACK
6
CONTINUOUS
10
1.066076062992126
20
-2.3275058267716533
11
1.0086351181102362
21
-2.3529676377952757
0
LINE
8
BLACK
6
CONTINUOUS
10
1.0086351181102362
20
-2.3529676377952757
11
0.9505866535433071
21
-2.377012125984252
0
LINE
8
BLACK
6
CONTINUOUS
10
0.9505866535433071
20
-2.377012125984252
11
0.8919655511811023
21
-2.3996247637795274
0
LINE
8
BLACK
6
CONTINUOUS
10
0.8919655511811023
20
-2.3996247637795274
11
0.8328071653543306
21
-2.420791968503937
0
LINE
8
BLACK
6
CONTINUOUS
10
0.8328071653543306
20
-2.420791968503937
11
0.7731471259842519
21
-2.4405009842519685
0
LINE
8
BLACK
6
CONTINUOUS
10
0.7731471259842519
20
-2.4405009842519685
11
0.7130213779527559
21
-2.4587399606299214
0
LINE
8
BLACK
6
CONTINUOUS
10
0.7130213779527559
20
-2.4587399606299214
11
0.6524661417322835
21
-2.4754978346456693
0
LINE
8
BLACK
6
CONTINUOUS
10
0.6524661417322835
20
-2.4754978346456693
11
0.5915178346456693
21
-2.4907645669291338
0
LINE
8
BLACK
6
CONTINUOUS
10
0.5915178346456693
20
-2.4907645669291338
11
0.5302132677165354
21
-2.5045309842519683
0
LINE
8
BLACK
6
CONTINUOUS
10
0.5302132677165354
20
-2.5045309842519683
11
0.4685893307086614
21
-2.5167887401574802
0
LINE
8
BLACK
6
CONTINUOUS
10
0.4685893307086614
20
-2.5167887401574802
11
0.4066831102362204
21
-2.5275305118110234
0
LINE
8
BLACK
6
CONTINUOUS
10
0.4066831102362204
20
-2.5275305118110234
11
0.3445319291338583
21
-2.5367497637795275
0
LINE
8
BLACK
6
CONTINUOUS
10
0.3445319291338583
20
-2.5367497637795275
11
0.2821731889763779
21
-2.5444409842519686
0
LINE
8
BLACK
6
CONTINUOUS
10
0.2821731889763779
20
-2.5444409842519686
11
0.2196444881889764
21
-2.5505995275590552
0
LINE
8
BLACK
6
CONTINUOUS
10
0.2196444881889764
20
-2.5505995275590552
11
0.1569835039370079
21
-2.555221653543307
0
LINE
8
BLACK
6
CONTINUOUS
10
0.1569835039370079
20
-2.555221653543307
11
0.0942279527559055
21
-2.5583046456692915
0
LINE
8
BLACK
6
CONTINUOUS
10
0.0942279527559055
20
-2.5583046456692915
11
0.0314156299212598
21
-2.5598466141732281
0
LINE
8
BLACK
6
CONTINUOUS
10
0.0314156299212598
20
-2.5598466141732281
11
-0.0314156299212598
21
-2.5598466141732281
0
LINE
8
BLACK
6
CONTINUOUS
10
-0.0314156299212598
20
-2.5598466141732281
11
-0.0942279527559055
21
-2.5583046456692915
0
LINE
8
BLACK
6
CONTINUOUS
10
-0.0942279527559055
20
-2.5583046456692915
11
-0.1569835039370079
21
-2.555221653543307
0
LINE
8
BLACK
6
CONTINUOUS
10
-0.1569835039370079
20
-2.555221653543307
11
-0.2196444881889764
21
-2.5505995275590552
0
LINE
8
BLACK
6
CONTINUOUS
10
-0.2196444881889764
20
-2.5505995275590552
11
-0.2821731889763779
21
-2.5444409842519686
0
LINE
8
BLACK
6
CONTINUOUS
10
-0.2821731889763779
20
-2.5444409842519686
11
-0.3445319291338583
21
-2.5367497637795275
0
LINE
8
BLACK
6
CONTINUOUS
10
-0.3445319291338583
20
-2.5367497637795275
11
-0.4066831102362204
21
-2.5275305118110234
0
LINE
8
BLACK
6
CONTINUOUS
10
-0.4066831102362204
20
-2.5275305118110234
11
-0.4685893307086614
21
-2.5167887401574802
0
LINE
8
BLACK
6
CONTINUOUS
10
-0.4685893307086614
20
-2.5167887401574802
11
-0.5302132677165354
21
-2.5045309842519683
0
LINE
8
BLACK
6
CONTINUOUS
10
-0.5302132677165354
20
-2.5045309842519683
11
-0.5915178346456693
21
-2.4907645669291338
0
LINE
8
BLACK
6
CONTINUOUS
10
-0.5915178346456693
20
-2.4907645669291338
11
-0.6524661417322835
21
-2.4754978346456693
0
LINE
8
BLACK
6
CONTINUOUS
10
-0.6524661417322835
20
-2.4754978346456693
11
-0.7130213779527559
21
-2.4587399606299214
0
LINE
8
BLACK
6
CONTINUOUS
10
-0.7130213779527559
20
-2.4587399606299214
11
-0.7731471259842519
21
-2.4405009842519685
0
LINE
8
BLACK
6
CONTINUOUS
10
-0.7731471259842519
20
-2.4405009842519685
11
-0.8328071653543306
21
-2.420791968503937
0
LINE
8
BLACK
6
CONTINUOUS
10
-0.8328071653543306
20
-2.420791968503937
11
-0.8919655511811023
21
-2.3996247637795274
0
LINE
8
BLACK
6
CONTINUOUS
10
-0.8919655511811023
20
-2.3996247637795274
11
-0.9505866535433071
21
-2.377012125984252
0
LINE
8
BLACK
6
CONTINUOUS
10
-0.9505866535433071
20
-2.377012125984252
11
-1.0086351181102362
21
-2.3529676377952757
0
LINE
8
BLACK
6
CONTINUOUS
10
-1.0086351181102362
20
-2.3529676377952757
11
-1.066076062992126
21
-2.3275058267716533
0
LINE
8
BLACK
6
CONTINUOUS
10
-1.066076062992126
20
-2.3275058267716533
11
-1.1228748425196851
21
-2.3006420078740155
0
LINE
8
BLACK
6
CONTINUOUS
10
-1.1228748425196851
20
-2.3006420078740155
11
-1.1789972440944883
21
-2.2723923622047244
0
LINE
8
BLACK
6
CONTINUOUS
10
-1.1789972440944883
20
-2.2723923622047244
11
-1.2344094488188977
21
-2.2427739370078741
0
LINE
8
BLACK
6
CONTINUOUS
10
-1.2344094488188977
20
-2.2427739370078741
11
-1.2890780708661418
21
-2.211804527559055
0
LINE
8
BLACK
6
CONTINUOUS
10
-1.2890780708661418
20
-2.211804527559055
11
-1.3429702362204725
21
-2.1795027952755905
0
LINE
8
BLACK
6
CONTINUOUS
10
-1.3429702362204725
20
-2.1795027952755905
11
-1.3960534251968504
21
-2.1458882283464566
0
LINE
8
BLACK
6
CONTINUOUS
10
-1.3960534251968504
20
-2.1458882283464566
11
-1.4482957086614172
21
-2.110981062992126
0
LINE
8
BLACK
6
CONTINUOUS
10
-1.4482957086614172
20
-2.110981062992126
11
-1.4996655905511811
21
-2.0748023228346457
0
LINE
8
BLACK
6
CONTINUOUS
10
-1.4996655905511811
20
-2.0748023228346457
11
-1.5501320866141732
21
-2.0373738188976378
0
LINE
8
BLACK
6
CONTINUOUS
10
-1.5501320866141732
20
-2.0373738188976378
11
-1.5996648818897636
21
-1.9987180314960629
0
LINE
8
BLACK
6
CONTINUOUS
10
-1.5996648818897636
20
-1.9987180314960629
11
-1.648234094488189
21
-1.9588583070866141
0
LINE
8
BLACK
6
CONTINUOUS
10
-1.648234094488189
20
-1.9588583070866141
11
-1.6958104724409448
21
-1.9178186614173227
0
LINE
8
BLACK
6
CONTINUOUS
10
-1.6958104724409448
20
-1.9178186614173227
11
-1.7423653543307087
21
-1.875623779527559
0
LINE
8
BLACK
6
CONTINUOUS
10
-1.7423653543307087
20
-1.875623779527559
11
-1.7878707086614172
21
-1.832299094488189
0
LINE
8
BLACK
6
CONTINUOUS
10
-1.7878707086614172
20
-1.832299094488189
11
-1.832299094488189
21
-1.7878707086614172
0
LINE
8
BLACK
6
CONTINUOUS
10
-1.832299094488189
20
-1.7878707086614172
11
-1.875623779527559
21
-1.7423653543307087
0
LINE
8
BLACK
6
CONTINUOUS
10
-1.875623779527559
20
-1.7423653543307087
11
-1.9178186614173227
21
-1.6958104724409448
0
LINE
8
BLACK
6
CONTINUOUS
10
-1.9178186614173227
20
-1.6958104724409448
11
-1.9588583070866141
21
-1.648234094488189
0
LINE
8
BLACK
6
CONTINUOUS
10
-1.9588583070866141
20
-1.648234094488189
11
-1.9987180314960629
21
-1.5996648818897636
0
LINE
8
BLACK
6
CONTINUOUS
10
-1.9987180314960629
20
-1.5996648818897636
11
-2.0373738188976378
21
-1.5501320866141732
0
LINE
8
BLACK
6
CONTINUOUS
10
-2.0373738188976378
20
-1.5501320866141732
11
-2.0748023228346457
21
-1.4996655905511811
0
LINE
8
BLACK
6
CONTINUOUS
10
-2.0748023228346457
20
-1.4996655905511811
11
-2.110981062992126
21
-1.4482957086614172
0
LINE
8
BLACK
6
CONTINUOUS
10
-2.110981062992126
20
-1.4482957086614172
11
-2.1458882283464566
21
-1.3960534251968504
0
LINE
8
BLACK
6
CONTINUOUS
10
-2.1458882283464566
20
-1.3960534251968504
11
-2.1795027952755905
21
-1.3429702362204725
0
LINE
8
BLACK
6
CONTINUOUS
10
-2.1795027952755905
20
-1.3429702362204725
11
-2.211804527559055
21
-1.2890780708661418
0
LINE
8
BLACK
6
CONTINUOUS
10
-2.211804527559055
20
-1.2890780708661418
11
-2.2427739370078741
21
-1.2344094488188977
0
LINE
8
BLACK
6
CONTINUOUS
10
-2.2427739370078741
20
-1.2344094488188977
11
-2.2723923622047244
21
-1.1789972440944883
0
LINE
8
BLACK
6
CONTINUOUS
10
-2.2723923622047244
20
-1.1789972440944883
11
-2.3006420078740155
21
-1.1228748425196851
0
LINE
8
BLACK
6
CONTINUOUS
10
-2.3006420078740155
20
-1.1228748425196851
11
-2.3275058267716533
21
-1.066076062992126
0
LINE
8
BLACK
6
CONTINUOUS
10
-2.3275058267716533
20
-1.066076062992126
11
-2.3529676377952757
21
-1.0086351181102362
0
LINE
8
BLACK
6
CONTINUOUS
10
-2.3529676377952757
20
-1.0086351181102362
11
-2.377012125984252
21
-0.9505866535433071
0
LINE
8
BLACK
6
CONTINUOUS
10
-2.377012125984252
20
-0.9505866535433071
11
-2.3996247637795274
21
-0.8919655511811023
0
LINE
8
BLACK
6
CONTINUOUS
10
-2.3996247637795274
20
-0.8919655511811023
11
-2.420791968503937
21
-0.8328071653543306
0
LINE
8
BLACK
6
CONTINUOUS
10
-2.420791968503937
20
-0.8328071653543306
11
-2.4405009842519685
21
-0.7731471259842519
0
LINE
8
BLACK
6
CONTINUOUS
10
-2.4405009842519685
20
-0.7731471259842519
11
-2.4587399606299214
21
-0.7130213779527559
0
LINE
8
BLACK
6
CONTINUOUS
10
-2.4587399606299214
20
-0.7130213779527559
11
-2.4754978346456693
21
-0.6524661417322835
0
LINE
8
BLACK
6
CONTINUOUS
10
-2.4754978346456693
20
-0.6524661417322835
11
-2.4907645669291338
21
-0.5915178346456693
0
LINE
8
BLACK
6
CONTINUOUS
10
-2.4907645669291338
20
-0.5915178346456693
11
-2.5045309842519683
21
-0.5302132677165354
0
LINE
8
BLACK
6
CONTINUOUS
10
-2.5045309842519683
20
-0.5302132677165354
11
-2.5167887401574802
21
-0.4685893307086614
0
LINE
8
BLACK
6
CONTINUOUS
10
-2.5167887401574802
20
-0.4685893307086614
11
-2.5275305118110234
21
-0.4066831102362204
0
LINE
8
BLACK
6
CONTINUOUS
10
-2.5275305118110234
20
-0.4066831102362204
11
-2.5367497637795275
21
-0.3445319291338583
0
LINE
8
BLACK
6
CONTINUOUS
10
-2.5367497637795275
20
-0.3445319291338583
11
-2.5444409842519686
21
-0.2821731889763779
0
LINE
8
BLACK
6
CONTINUOUS
10
-2.5444409842519686
20
-0.2821731889763779
11
-2.5505995275590552
21
-0.2196444881889764
0
LINE
8
BLACK
6
CONTINUOUS
10
-2.5505995275590552
20
-0.2196444881889764
11
-2.555221653543307
21
-0.1569835039370079
0
LINE
8
BLACK
6
CONTINUOUS
10
-2.555221653543307
20
-0.1569835039370079
11
-2.5583046456692915
21
-0.0942279527559055
0
LINE
8
BLACK
6
CONTINUOUS
10
-2.5583046456692915
20
-0.0942279527559055
11
-2.5598466141732281
21
-0.0314156299212598
0
LINE
8
BLACK
6
CONTINUOUS
10
-2.5598466141732281
20
-0.0314156299212598
11
-2.5598466141732281
21
0.0313938188976378
0
LINE
8
BLACK
6
CONTINUOUS
10
-2.5598466141732281
20
0.0313938188976378
11
-2.5598466141732281
21
0.0314156299212598
0
LINE
8
BLACK
6
CONTINUOUS
10
-2.5598466141732281
20
0.0314156299212598
11
-2.5583046456692915
21
0.0942279527559055
0
LINE
8
BLACK
6
CONTINUOUS
10
-2.5583046456692915
20
0.0942279527559055
11
-2.555221653543307
21
0.1569835039370079
0
LINE
8
BLACK
6
CONTINUOUS
10
-2.555221653543307
20
0.1569835039370079
11
-2.5505995275590552
21
0.2196444881889764
0
LINE
8
BLACK
6
CONTINUOUS
10
-2.5505995275590552
20
0.2196444881889764
11
-2.5444409842519686
21
0.2821731889763779
0
LINE
8
BLACK
6
CONTINUOUS
10
-2.5444409842519686
20
0.2821731889763779
11
-2.5367497637795275
21
0.3445319291338583
0
LINE
8
BLACK
6
CONTINUOUS
10
-2.5367497637795275
20
0.3445319291338583
11
-2.5275305118110234
21
0.4066831102362204
0
LINE
8
BLACK
6
CONTINUOUS
10
-2.5275305118110234
20
0.4066831102362204
11
-2.5167887401574802
21
0.4685893307086614
0
LINE
8
BLACK
6
CONTINUOUS
10
-2.5167887401574802
20
0.4685893307086614
11
-2.5045309842519683
21
0.5302132677165354
0
LINE
8
BLACK
6
CONTINUOUS
10
-2.5045309842519683
20
0.5302132677165354
11
-2.4907645669291338
21
0.5915178346456693
0
LINE
8
BLACK
6
CONTINUOUS
10
-2.4907645669291338
20
0.5915178346456693
11
-2.4754978346456693
21
0.6524661417322835
0
LINE
8
BLACK
6
CONTINUOUS
10
-2.4754978346456693
20
0.6524661417322835
11
-2.4587399606299214
21
0.7130213779527559
0
LINE
8
BLACK
6
CONTINUOUS
10
-2.4587399606299214
20
0.7130213779527559
11
-2.4405009842519685
21
0.7731471259842519
0
LINE
8
BLACK
6
CONTINUOUS
10
-2.4405009842519685
20
0.7731471259842519
11
-2.420791968503937
21
0.8328071653543306
0
LINE
8
BLACK
6
CONTINUOUS
10
-2.420791968503937
20
0.8328071653543306
11
-2.3996247637795274
21
0.8919655511811023
0
LINE
8
BLACK
6
CONTINUOUS
10
-2.3996247637795274
20
0.8919655511811023
11
-2.377012125984252
21
0.9505866535433071
0
LINE
8
BLACK
6
CONTINUOUS
10
-2.377012125984252
20
0.9505866535433071
11
-2.3529676377952757
21
1.0086351181102362
0
LINE
8
BLACK
6
CONTINUOUS
10
-2.3529676377952757
20
1.0086351181102362
11
-2.3275058267716533
21
1.066076062992126
0
LINE
8
BLACK
6
CONTINUOUS
10
-2.3275058267716533
20
1.066076062992126
11
-2.3006420078740155
21
1.1228748425196851
0
LINE
8
BLACK
6
CONTINUOUS
10
-2.3006420078740155
20
1.1228748425196851
11
-2.2723923622047244
21
1.1789972440944883
0
LINE
8
BLACK
6
CONTINUOUS
10
-2.2723923622047244
20
1.1789972440944883
11
-2.2427739370078741
21
1.2344094488188977
0
LINE
8
BLACK
6
CONTINUOUS
10
-2.2427739370078741
20
1.2344094488188977
11
-2.211804527559055
21
1.2890780708661418
0
LINE
8
BLACK
6
CONTINUOUS
10
-2.211804527559055
20
1.2890780708661418
11
-2.1795027952755905
21
1.3429702362204725
0
LINE
8
BLACK
6
CONTINUOUS
10
-2.1795027952755905
20
1.3429702362204725
11
-2.1458882283464566
21
1.3960534251968504
0
LINE
8
BLACK
6
CONTINUOUS
10
-2.1458882283464566
20
1.3960534251968504
11
-2.110981062992126
21
1.4482957086614172
0
LINE
8
BLACK
6
CONTINUOUS
10
-2.110981062992126
20
1.4482957086614172
11
-2.0748023228346457
21
1.4996655905511811
0
LINE
8
BLACK
6
CONTINUOUS
10
-2.0748023228346457
20
1.4996655905511811
11
-2.0373738188976378
21
1.5501320866141732
0
LINE
8
BLACK
6
CONTINUOUS
10
-2.0373738188976378
20
1.5501320866141732
11
-1.9987180314960629
21
1.5996648818897636
0
LINE
8
BLACK
6
CONTINUOUS
10
-1.9987180314960629
20
1.5996648818897636
11
-1.9588583070866141
21
1.648234094488189
0
LINE
8
BLACK
6
CONTINUOUS
10
-1.9588583070866141
20
1.648234094488189
11
-1.9178186614173227
21
1.6958104724409448
0
LINE
8
BLACK
6
CONTINUOUS
10
-1.9178186614173227
20
1.6958104724409448
11
-1.875623779527559
21
1.7423653543307087
0
LINE
8
BLACK
6
CONTINUOUS
10
-1.875623779527559
20
1.7423653543307087
11
-1.832299094488189
21
1.7878707086614172
0
LINE
8
BLACK
6
CONTINUOUS
10
-1.832299094488189
20
1.7878707086614172
11
-1.7878707086614172
21
1.832299094488189
0
LINE
8
BLACK
6
CONTINUOUS
10
-1.7878707086614172
20
1.832299094488189
11
-1.7423653543307087
21
1.875623779527559
0
LINE
8
BLACK
6
CONTINUOUS
10
-1.7423653543307087
20
1.875623779527559
11
-1.6958104724409448
21
1.9178186614173227
0
LINE
8
BLACK
6
CONTINUOUS
10
-1.6958104724409448
20
1.9178186614173227
11
-1.648234094488189
21
1.9588583070866141
0
LINE
8
BLACK
6
CONTINUOUS
10
-1.648234094488189
20
1.9588583070866141
11
-1.5996648818897636
21
1.9987180314960629
0
LINE
8
BLACK
6
CONTINUOUS
10
-1.5996648818897636
20
1.9987180314960629
11
-1.5501320866141732
21
2.0373738188976378
0
LINE
8
BLACK
6
CONTINUOUS
10
-1.5501320866141732
20
2.0373738188976378
11
-1.4996655905511811
21
2.0748023228346457
0
LINE
8
BLACK
6
CONTINUOUS
10
-1.4996655905511811
20
2.0748023228346457
11
-1.4482957086614172
21
2.110981062992126
0
LINE
8
BLACK
6
CONTINUOUS
10
-1.4482957086614172
20
2.110981062992126
11
-1.3960534251968504
21
2.1458882283464566
0
LINE
8
BLACK
6
CONTINUOUS
10
-1.3960534251968504
20
2.1458882283464566
11
-1.3429702362204725
21
2.1795027952755905
0
LINE
8
BLACK
6
CONTINUOUS
10
-1.3429702362204725
20
2.1795027952755905
11
-1.2890780708661418
21
2.211804527559055
0
LINE
8
BLACK
6
CONTINUOUS
10
-1.2890780708661418
20
2.211804527559055
11
-1.2344094488188977
21
2.2427739370078741
0
LINE
8
BLACK
6
CONTINUOUS
10
-1.2344094488188977
20
2.2427739370078741
11
-1.1789972440944883
21
2.2723923622047244
0
LINE
8
BLACK
6
CONTINUOUS
10
-1.1789972440944883
20
2.2723923622047244
11
-1.1228748425196851
21
2.3006420078740155
0
LINE
8
BLACK
6
CONTINUOUS
10
-1.1228748425196851
20
2.3006420078740155
11
-1.066076062992126
21
2.3275058267716533
0
LINE
8
BLACK
6
CONTINUOUS
10
-1.066076062992126
20
2.3275058267716533
11
-1.0086351181102362
21
2.3529676377952757
0
LINE
8
BLACK
6
CONTINUOUS
10
-1.0086351181102362
20
2.3529676377952757
11
-0.9505866535433071
21
2.377012125984252
0
LINE
8
BLACK
6
CONTINUOUS
10
-0.9505866535433071
20
2.377012125984252
11
-0.8919655511811023
21
2.3996247637795274
0
LINE
8
BLACK
6
CONTINUOUS
10
-0.8919655511811023
20
2.3996247637795274
11
-0.8328071653543306
21
2.420791968503937
0
LINE
8
BLACK
6
CONTINUOUS
10
-0.8328071653543306
20
2.420791968503937
11
-0.7731471259842519
21
2.4405009842519685
0
LINE
8
BLACK
6
CONTINUOUS
10
-0.7731471259842519
20
2.4405009842519685
11
-0.7130213779527559
21
2.4587399606299214
0
LINE
8
BLACK
6
CONTINUOUS
10
-0.7130213779527559
20
2.4587399606299214
11
-0.6524661417322835
21
2.4754978346456693
0
LINE
8
BLACK
6
CONTINUOUS
10
-0.6524661417322835
20
2.4754978346456693
11
-0.5915178346456693
21
2.4907645669291338
0
LINE
8
BLACK
6
CONTINUOUS
10
-0.5915178346456693
20
2.4907645669291338
11
-0.5302132677165354
21
2.5045309842519683
0
LINE
8
BLACK
6
CONTINUOUS
10
-0.5302132677165354
20
2.5045309842519683
11
-0.4685893307086614
21
2.5167887401574802
0
LINE
8
BLACK
6
CONTINUOUS
10
-0.4685893307086614
20
2.5167887401574802
11
-0.4066831102362204
21
2.5275305118110234
0
LINE
8
BLACK
6
CONTINUOUS
10
-0.4066831102362204
20
2.5275305118110234
11
-0.3445319291338583
21
2.5367497637795275
0
LINE
8
BLACK
6
CONTINUOUS
10
-0.3445319291338583
20
2.5367497637795275
11
-0.2821731889763779
21
2.5444409842519686
0
LINE
8
BLACK
6
CONTINUOUS
10
-0.2821731889763779
20
2.5444409842519686
11
-0.2196444881889764
21
2.5505995275590552
0
LINE
8
BLACK
6
CONTINUOUS
10
-0.2196444881889764
20
2.5505995275590552
11
-0.1569835039370079
21
2.555221653543307
0
LINE
8
BLACK
6
CONTINUOUS
10
-0.1569835039370079
20
2.555221653543307
11
-0.0942279527559055
21
2.5583046456692915
0
LINE
8
BLACK
6
CONTINUOUS
10
-0.0942279527559055
20
2.5583046456692915
11
-0.0314156299212598
21
2.5598466141732281
0
LINE
8
BLACK
6
CONTINUOUS
10
-0.0314156299212598
20
2.5598466141732281
11
0.0314156299212598
21
2.5598466141732281
0
LINE
8
BLACK
6
CONTINUOUS
10
0.0314156299212598
20
2.5598466141732281
11
0.0942279527559055
21
2.5583046456692915
0
LINE
8
BLACK
6
CONTINUOUS
10
-2.5580708661417324
20
-0.0313938188976378
11
-2.55653
21
-0.0941625590551181
0
LINE
8
BLACK
6
CONTINUOUS
10
-2.55653
20
-0.0941625590551181
11
-2.5534491338582677
21
-0.1568746062992126
0
LINE
8
BLACK
6
CONTINUOUS
10
-2.5534491338582677
20
-0.1568746062992126
11
-2.5488301968503935
21
-0.219492125984252
0
LINE
8
BLACK
6
CONTINUOUS
10
-2.5488301968503935
20
-0.219492125984252
11
-2.5426759448818896
21
-0.2819774409448819
0
LINE
8
BLACK
6
CONTINUOUS
10
-2.5426759448818896
20
-0.2819774409448819
11
-2.5349900393700788
21
-0.3442929133858267
0
LINE
8
BLACK
6
CONTINUOUS
10
-2.5349900393700788
20
-0.3442929133858267
11
-2.5257772047244096
21
-0.4064009842519685
0
LINE
8
BLACK
6
CONTINUOUS
10
-2.5257772047244096
20
-0.4064009842519685
11
-2.515042874015748
21
-0.4682642519685039
0
LINE
8
BLACK
6
CONTINUOUS
10
-2.515042874015748
20
-0.4682642519685039
11
-2.502793622047244
21
-0.5298454724409448
0
LINE
8
BLACK
6
CONTINUOUS
10
-2.502793622047244
20
-0.5298454724409448
11
-2.4890367716535433
21
-0.5911075196850394
0
LINE
8
BLACK
6
CONTINUOUS
10
-2.4890367716535433
20
-0.5911075196850394
11
-2.4737806299212597
21
-0.6520135039370079
0
LINE
8
BLACK
6
CONTINUOUS
10
-2.4737806299212597
20
-0.6520135039370079
11
-2.4570343307086615
21
-0.7125267716535433
0
LINE
8
BLACK
6
CONTINUOUS
10
-2.4570343307086615
20
-0.7125267716535433
11
-2.438808031496063
21
-0.7726107874015747
0
LINE
8
BLACK
6
CONTINUOUS
10
-2.438808031496063
20
-0.7726107874015747
11
-2.4191127165354329
21
-0.8322294488188976
0
LINE
8
BLACK
6
CONTINUOUS
10
-2.4191127165354329
20
-0.8322294488188976
11
-2.3979601968503936
21
-0.891346811023622
0
LINE
8
BLACK
6
CONTINUOUS
10
-2.3979601968503936
20
-0.891346811023622
11
-2.3753632283464565
21
-0.9499272440944881
0
LINE
8
BLACK
6
CONTINUOUS
10
-2.3753632283464565
20
-0.9499272440944881
11
-2.351335433070866
21
-1.0079354724409448
0
LINE
8
BLACK
6
CONTINUOUS
10
-2.351335433070866
20
-1.0079354724409448
11
-2.3258912598425194
21
-1.0653365354330708
0
LINE
8
BLACK
6
CONTINUOUS
10
-2.3258912598425194
20
-1.0653365354330708
11
-2.2990461023622046
21
-1.1220959055118109
0
LINE
8
BLACK
6
CONTINUOUS
10
-2.2990461023622046
20
-1.1220959055118109
11
-2.2708160629921261
21
-1.1781793700787402
0
LINE
8
BLACK
6
CONTINUOUS
10
-2.2708160629921261
20
-1.1781793700787402
11
-2.2412181496062993
21
-1.2335531496062992
0
LINE
8
BLACK
6
CONTINUOUS
10
-2.2412181496062993
20
-1.2335531496062992
11
-2.2102702362204725
21
-1.2881838582677165
0
LINE
8
BLACK
6
CONTINUOUS
10
-2.2102702362204725
20
-1.2881838582677165
11
-2.1779909055118112
21
-1.342038622047244
0
LINE
8
BLACK
6
CONTINUOUS
10
-2.1779909055118112
20
-1.342038622047244
11
-2.1443996850393701
21
-1.3950849999999999
0
LINE
8
BLACK
6
CONTINUOUS
10
-2.1443996850393701
20
-1.3950849999999999
11
-2.1095167322834647
21
-1.4472910629921258
0
LINE
8
BLACK
6
CONTINUOUS
10
-2.1095167322834647
20
-1.4472910629921258
11
-2.0733630708661415
21
-1.4986252755905511
0
LINE
8
BLACK
6
CONTINUOUS
10
-2.0733630708661415
20
-1.4986252755905511
11
-2.0359605118110236
21
-1.549056811023622
0
LINE
8
BLACK
6
CONTINUOUS
10
-2.0359605118110236
20
-1.549056811023622
11
-1.9973315748031495
21
-1.5985552362204725
0
LINE
8
BLACK
6
CONTINUOUS
10
-1.9973315748031495
20
-1.5985552362204725
11
-1.9574994881889762
21
-1.647090748031496
0
LINE
8
BLACK
6
CONTINUOUS
10
-1.9574994881889762
20
-1.647090748031496
11
-1.9164883070866141
21
-1.694634094488189
0
LINE
8
BLACK
6
CONTINUOUS
10
-1.9164883070866141
20
-1.694634094488189
11
-1.8743226771653543
21
-1.7411566929133857
0
LINE
8
BLACK
6
CONTINUOUS
10
-1.8743226771653543
20
-1.7411566929133857
11
-1.831028031496063
21
-1.7866304724409448
0
LINE
8
BLACK
6
CONTINUOUS
10
-1.831028031496063
20
-1.7866304724409448
11
-1.7866304724409448
21
-1.831028031496063
0
LINE
8
BLACK
6
CONTINUOUS
10
-1.7866304724409448
20
-1.831028031496063
11
-1.7411566929133857
21
-1.8743226771653543
0
LINE
8
BLACK
6
CONTINUOUS
10
-1.7411566929133857
20
-1.8743226771653543
11
-1.694634094488189
21
-1.9164883070866141
0
LINE
8
BLACK
6
CONTINUOUS
10
-1.694634094488189
20
-1.9164883070866141
11
-1.647090748031496
21
-1.9574994881889762
0
LINE
8
BLACK
6
CONTINUOUS
10
-1.647090748031496
20
-1.9574994881889762
11
-1.5985552362204725
21
-1.9973315748031495
0
LINE
8
BLACK
6
CONTINUOUS
10
-1.5985552362204725
20
-1.9973315748031495
11
-1.549056811023622
21
-2.0359605118110236
0
LINE
8
BLACK
6
CONTINUOUS
10
-1.549056811023622
20
-2.0359605118110236
11
-1.4986252755905511
21
-2.0733630708661415
0
LINE
8
BLACK
6
CONTINUOUS
10
-1.4986252755905511
20
-2.0733630708661415
11
-1.4472910629921258
21
-2.1095167322834647
0
LINE
8
BLACK
6
CONTINUOUS
10
-1.4472910629921258
20
-2.1095167322834647
11
-1.3950849999999999
21
-2.1443996850393701
0
LINE
8
BLACK
6
CONTINUOUS
10
-1.3950849999999999
20
-2.1443996850393701
11
-1.342038622047244
21
-2.1779909055118112
0
LINE
8
BLACK
6
CONTINUOUS
10
-1.342038622047244
20
-2.1779909055118112
11
-1.2881838582677165
21
-2.2102702362204725
0
LINE
8
BLACK
6
CONTINUOUS
10
-1.2881838582677165
20
-2.2102702362204725
11
-1.2335531496062992
21
-2.2412181496062993
0
LINE
8
BLACK
6
CONTINUOUS
10
-1.2335531496062992
20
-2.2412181496062993
11
-1.1781793700787402
21
-2.2708160629921261
0
LINE
8
BLACK
6
CONTINUOUS
10
-1.1781793700787402
20
-2.2708160629921261
11
-1.1220959055118109
21
-2.2990461023622046
0
LINE
8
BLACK
6
CONTINUOUS
10
-1.1220959055118109
20
-2.2990461023622046
11
-1.0653365354330708
21
-2.3258912598425194
0
LINE
8
BLACK
6
CONTINUOUS
10
-1.0653365354330708
20
-2.3258912598425194
11
-1.0079354724409448
21
-2.351335433070866
0
LINE
8
BLACK
6
CONTINUOUS
10
-1.0079354724409448
20
-2.351335433070866
11
-0.9499272440944881
21
-2.3753632283464565
0
LINE
8
BLACK
6
CONTINUOUS
10
-0.9499272440944881
20
-2.3753632283464565
11
-0.891346811023622
21
-2.3979601968503936
0
LINE
8
BLACK
6
CONTINUOUS
10
-0.891346811023622
20
-2.3979601968503936
11
-0.8322294488188976
21
-2.4191127165354329
0
LINE
8
BLACK
6
CONTINUOUS
10
-0.8322294488188976
20
-2.4191127165354329
11
-0.7726107874015747
21
-2.438808031496063
0
LINE
8
BLACK
6
CONTINUOUS
10
-0.7726107874015747
20
-2.438808031496063
11
-0.7125267716535433
21
-2.4570343307086615
0
LINE
8
BLACK
6
CONTINUOUS
10
-0.7125267716535433
20
-2.4570343307086615
11
-0.6520135039370079
21
-2.4737806299212597
0
LINE
8
BLACK
6
CONTINUOUS
10
-0.6520135039370079
20
-2.4737806299212597
11
-0.5911075196850394
21
-2.4890367716535433
0
LINE
8
BLACK
6
CONTINUOUS
10
-0.5911075196850394
20
-2.4890367716535433
11
-0.5298454724409448
21
-2.502793622047244
0
LINE
8
BLACK
6
CONTINUOUS
10
-0.5298454724409448
20
-2.502793622047244
11
-0.4682642519685039
21
-2.515042874015748
0
LINE
8
BLACK
6
CONTINUOUS
10
-0.4682642519685039
20
-2.515042874015748
11
-0.4064009842519685
21
-2.5257772047244096
0
LINE
8
BLACK
6
CONTINUOUS
10
-0.4064009842519685
20
-2.5257772047244096
11
-0.3442929133858267
21
-2.5349900393700788
0
LINE
8
BLACK
6
CONTINUOUS
10
-0.3442929133858267
20
-2.5349900393700788
11
-0.2819774409448819
21
-2.5426759448818896
0
LINE
8
BLACK
6
CONTINUOUS
10
-0.2819774409448819
20
-2.5426759448818896
11
-0.219492125984252
21
-2.5488301968503935
0
LINE
8
BLACK
6
CONTINUOUS
10
-0.219492125984252
20
-2.5488301968503935
11
-0.1568746062992126
21
-2.5534491338582677
0
LINE
8
BLACK
6
CONTINUOUS
10
-0.1568746062992126
20
-2.5534491338582677
11
-0.0941625590551181
21
-2.55653
0
LINE
8
BLACK
6
CONTINUOUS
10
-0.0941625590551181
20
-2.55653
11
-0.0313938188976378
21
-2.5580708661417324
0
LINE
8
BLACK
6
CONTINUOUS
10
-0.0313938188976378
20
-2.5580708661417324
11
0.0313938188976378
21
-2.5580708661417324
0
LINE
8
BLACK
6
CONTINUOUS
10
0.0313938188976378
20
-2.5580708661417324
11
0.0941625590551181
21
-2.55653
0
LINE
8
BLACK
6
CONTINUOUS
10
0.0941625590551181
20
-2.55653
11
0.1568746062992126
21
-2.5534491338582677
0
LINE
8
BLACK
6
CONTINUOUS
10
0.1568746062992126
20
-2.5534491338582677
11
0.219492125984252
21
-2.5488301968503935
0
LINE
8
BLACK
6
CONTINUOUS
10
0.219492125984252
20
-2.5488301968503935
11
0.2819774409448819
21
-2.5426759448818896
0
LINE
8
BLACK
6
CONTINUOUS
10
0.2819774409448819
20
-2.5426759448818896
11
0.3442929133858267
21
-2.5349900393700788
0
LINE
8
BLACK
6
CONTINUOUS
10
0.3442929133858267
20
-2.5349900393700788
11
0.4064009842519685
21
-2.5257772047244096
0
LINE
8
BLACK
6
CONTINUOUS
10
0.4064009842519685
20
-2.5257772047244096
11
0.4682642519685039
21
-2.515042874015748
0
LINE
8
BLACK
6
CONTINUOUS
10
0.4682642519685039
20
-2.515042874015748
11
0.5298454724409448
21
-2.502793622047244
0
LINE
8
BLACK
6
CONTINUOUS
10
0.5298454724409448
20
-2.502793622047244
11
0.5911075196850394
21
-2.4890367716535433
0
LINE
8
BLACK
6
CONTINUOUS
10
0.5911075196850394
20
-2.4890367716535433
11
0.6520135039370079
21
-2.4737806299212597
0
LINE
8
BLACK
6
CONTINUOUS
10
0.6520135039370079
20
-2.4737806299212597
11
0.7125267716535433
21
-2.4570343307086615
0
LINE
8
BLACK
6
CONTINUOUS
10
0.7125267716535433
20
-2.4570343307086615
11
0.7726107874015747
21
-2.438808031496063
0
LINE
8
BLACK
6
CONTINUOUS
10
0.7726107874015747
20
-2.438808031496063
11
0.8322294488188976
21
-2.4191127165354329
0
LINE
8
BLACK
6
CONTINUOUS
10
0.8322294488188976
20
-2.4191127165354329
11
0.891346811023622
21
-2.3979601968503936
0
LINE
8
BLACK
6
CONTINUOUS
10
0.891346811023622
20
-2.3979601968503936
11
0.9499272440944881
21
-2.3753632283464565
0
LINE
8
BLACK
6
CONTINUOUS
10
0.9499272440944881
20
-2.3753632283464565
11
1.0079354724409448
21
-2.351335433070866
0
LINE
8
BLACK
6
CONTINUOUS
10
1.0079354724409448
20
-2.351335433070866
11
1.0653365354330708
21
-2.3258912598425194
0
LINE
8
BLACK
6
CONTINUOUS
10
1.0653365354330708
20
-2.3258912598425194
11
1.1220959055118109
21
-2.2990461023622046
0
LINE
8
BLACK
6
CONTINUOUS
10
1.1220959055118109
20
-2.2990461023622046
11
1.1781793700787402
21
-2.2708160629921261
0
LINE
8
BLACK
6
CONTINUOUS
10
1.1781793700787402
20
-2.2708160629921261
11
1.2335531496062992
21
-2.2412181496062993
0
LINE
8
BLACK
6
CONTINUOUS
10
1.2335531496062992
20
-2.2412181496062993
11
1.2881838582677165
21
-2.2102702362204725
0
LINE
8
BLACK
6
CONTINUOUS
10
1.2881838582677165
20
-2.2102702362204725
11
1.342038622047244
21
-2.1779909055118112
0
LINE
8
BLACK
6
CONTINUOUS
10
1.342038622047244
20
-2.1779909055118112
11
1.3950849999999999
21
-2.1443996850393701
0
LINE
8
BLACK
6
CONTINUOUS
10
1.3950849999999999
20
-2.1443996850393701
11
1.4472910629921258
21
-2.1095167322834647
0
LINE
8
BLACK
6
CONTINUOUS
10
1.4472910629921258
20
-2.1095167322834647
11
1.4986252755905511
21
-2.0733630708661415
0
LINE
8
BLACK
6
CONTINUOUS
10
1.4986252755905511
20
-2.0733630708661415
11
1.549056811023622
21
-2.0359605118110236
0
LINE
8
BLACK
6
CONTINUOUS
10
1.549056811023622
20
-2.0359605118110236
11
1.5985552362204725
21
-1.9973315748031495
0
LINE
8
BLACK
6
CONTINUOUS
10
1.5985552362204725
20
-1.9973315748031495
11
1.647090748031496
21
-1.9574994881889762
0
LINE
8
BLACK
6
CONTINUOUS
10
1.647090748031496
20
-1.9574994881889762
11
1.694634094488189
21
-1.9164883070866141
0
LINE
8
BLACK
6
CONTINUOUS
10
1.694634094488189
20
-1.9164883070866141
11
1.7411566929133857
21
-1.8743226771653543
0
LINE
8
BLACK
6
CONTINUOUS
10
1.7411566929133857
20
-1.8743226771653543
11
1.7866304724409448
21
-1.831028031496063
0
LINE
8
BLACK
6
CONTINUOUS
10
1.7866304724409448
20
-1.831028031496063
11
1.831028031496063
21
-1.7866304724409448
0
LINE
8
BLACK
6
CONTINUOUS
10
1.831028031496063
20
-1.7866304724409448
11
1.8743226771653543
21
-1.7411566929133857
0
LINE
8
BLACK
6
CONTINUOUS
10
1.8743226771653543
20
-1.7411566929133857
11
1.9164883070866141
21
-1.694634094488189
0
LINE
8
BLACK
6
CONTINUOUS
10
1.9164883070866141
20
-1.694634094488189
11
1.9574994881889762
21
-1.647090748031496
0
LINE
8
BLACK
6
CONTINUOUS
10
1.9574994881889762
20
-1.647090748031496
11
1.9973315748031495
21
-1.5985552362204725
0
LINE
8
BLACK
6
CONTINUOUS
10
1.9973315748031495
20
-1.5985552362204725
11
2.0359605118110236
21
-1.549056811023622
0
LINE
8
BLACK
6
CONTINUOUS
10
2.0359605118110236
20
-1.549056811023622
11
2.0733630708661415
21
-1.4986252755905511
0
LINE
8
BLACK
6
CONTINUOUS
10
2.0733630708661415
20
-1.4986252755905511
11
2.1095167322834647
21
-1.4472910629921258
0
LINE
8
BLACK
6
CONTINUOUS
10
2.1095167322834647
20
-1.4472910629921258
11
2.1443996850393701
21
-1.3950849999999999
0
LINE
8
BLACK
6
CONTINUOUS
10
2.1443996850393701
20
-1.3950849999999999
11
2.1779909055118112
21
-1.342038622047244
0
LINE
8
BLACK
6
CONTINUOUS
10
2.1779909055118112
20
-1.342038622047244
11
2.2102702362204725
21
-1.2881838582677165
0
LINE
8
BLACK
6
CONTINUOUS
10
2.2102702362204725
20
-1.2881838582677165
11
2.2412181496062993
21
-1.2335531496062992
0
LINE
8
BLACK
6
CONTINUOUS
10
2.2412181496062993
20
-1.2335531496062992
11
2.2708160629921261
21
-1.1781793700787402
0
LINE
8
BLACK
6
CONTINUOUS
10
2.2708160629921261
20
-1.1781793700787402
11
2.2990461023622046
21
-1.1220959055118109
0
LINE
8
BLACK
6
CONTINUOUS
10
2.2990461023622046
20
-1.1220959055118109
11
2.3258912598425194
21
-1.0653365354330708
0
LINE
8
BLACK
6
CONTINUOUS
10
2.3258912598425194
20
-1.0653365354330708
11
2.351335433070866
21
-1.0079354724409448
0
LINE
8
BLACK
6
CONTINUOUS
10
2.351335433070866
20
-1.0079354724409448
11
2.3753632283464565
21
-0.9499272440944881
0
LINE
8
BLACK
6
CONTINUOUS
10
2.3753632283464565
20
-0.9499272440944881
11
2.3979601968503936
21
-0.891346811023622
0
LINE
8
BLACK
6
CONTINUOUS
10
2.3979601968503936
20
-0.891346811023622
11
2.4191127165354329
21
-0.8322294488188976
0
LINE
8
BLACK
6
CONTINUOUS
10
2.4191127165354329
20
-0.8322294488188976
11
2.438808031496063
21
-0.7726107874015747
0
LINE
8
BLACK
6
CONTINUOUS
10
2.438808031496063
20
-0.7726107874015747
11
2.4570343307086615
21
-0.7125267716535433
0
LINE
8
BLACK
6
CONTINUOUS
10
2.4570343307086615
20
-0.7125267716535433
11
2.4737806299212597
21
-0.6520135039370079
0
LINE
8
BLACK
6
CONTINUOUS
10
2.4737806299212597
20
-0.6520135039370079
11
2.4890367716535433
21
-0.5911075196850394
0
LINE
8
BLACK
6
CONTINUOUS
10
2.4890367716535433
20
-0.5911075196850394
11
2.502793622047244
21
-0.5298454724409448
0
LINE
8
BLACK
6
CONTINUOUS
10
2.502793622047244
20
-0.5298454724409448
11
2.515042874015748
21
-0.4682642519685039
0
LINE
8
BLACK
6
CONTINUOUS
10
2.515042874015748
20
-0.4682642519685039
11
2.5257772047244096
21
-0.4064009842519685
0
LINE
8
BLACK
6
CONTINUOUS
10
2.5257772047244096
20
-0.4064009842519685
11
2.5349900393700788
21
-0.3442929133858267
0
LINE
8
BLACK
6
CONTINUOUS
10
2.5349900393700788
20
-0.3442929133858267
11
2.5426759448818896
21
-0.2819774409448819
0
LINE
8
BLACK
6
CONTINUOUS
10
2.5426759448818896
20
-0.2819774409448819
11
2.5488301968503935
21
-0.219492125984252
0
LINE
8
BLACK
6
CONTINUOUS
10
2.5488301968503935
20
-0.219492125984252
11
2.5534491338582677
21
-0.1568746062992126
0
LINE
8
BLACK
6
CONTINUOUS
10
2.5534491338582677
20
-0.1568746062992126
11
2.55653
21
-0.0941625590551181
0
LINE
8
BLACK
6
CONTINUOUS
10
2.55653
20
-0.0941625590551181
11
2.5580708661417324
21
-0.0313938188976378
0
LINE
8
BLACK
6
CONTINUOUS
10
2.5580708661417324
20
-0.0313938188976378
11
2.5580708661417324
21
0.0313938188976378
0
LINE
8
BLACK
6
CONTINUOUS
10
2.5580708661417324
20
0.0313938188976378
11
2.55653
21
0.0941625590551181
0
LINE
8
BLACK
6
CONTINUOUS
10
2.55653
20
0.0941625590551181
11
2.5534491338582677
21
0.1568746062992126
0
LINE
8
BLACK
6
CONTINUOUS
10
2.5534491338582677
20
0.1568746062992126
11
2.5488301968503935
21
0.219492125984252
0
LINE
8
BLACK
6
CONTINUOUS
10
2.5488301968503935
20
0.219492125984252
11
2.5426759448818896
21
0.2819774409448819
0
LINE
8
BLACK
6
CONTINUOUS
10
2.5426759448818896
20
0.2819774409448819
11
2.5349900393700788
21
0.3442929133858267
0
LINE
8
BLACK
6
CONTINUOUS
10
2.5349900393700788
20
0.3442929133858267
11
2.5257772047244096
21
0.4064009842519685
0
LINE
8
BLACK
6
CONTINUOUS
10
2.5257772047244096
20
0.4064009842519685
11
2.515042874015748
21
0.4682642519685039
0
LINE
8
BLACK
6
CONTINUOUS
10
2.515042874015748
20
0.4682642519685039
11
2.502793622047244
21
0.5298454724409448
0
LINE
8
BLACK
6
CONTINUOUS
10
2.502793622047244
20
0.5298454724409448
11
2.4890367716535433
21
0.5911075196850394
0
LINE
8
BLACK
6
CONTINUOUS
10
2.4890367716535433
20
0.5911075196850394
11
2.4737806299212597
21
0.6520135039370079
0
LINE
8
BLACK
6
CONTINUOUS
10
2.4737806299212597
20
0.6520135039370079
11
2.4570343307086615
21
0.7125267716535433
0
LINE
8
BLACK
6
CONTINUOUS
10
2.4570343307086615
20
0.7125267716535433
11
2.438808031496063
21
0.7726107874015747
0
LINE
8
BLACK
6
CONTINUOUS
10
2.438808031496063
20
0.7726107874015747
11
2.4191127165354329
21
0.8322294488188976
0
LINE
8
BLACK
6
CONTINUOUS
10
2.4191127165354329
20
0.8322294488188976
11
2.3979601968503936
21
0.891346811023622
0
LINE
8
BLACK
6
CONTINUOUS
10
2.3979601968503936
20
0.891346811023622
11
2.3753632283464565
21
0.9499272440944881
0
LINE
8
BLACK
6
CONTINUOUS
10
2.3753632283464565
20
0.9499272440944881
11
2.351335433070866
21
1.0079354724409448
0
LINE
8
BLACK
6
CONTINUOUS
10
2.351335433070866
20
1.0079354724409448
11
2.3258912598425194
21
1.0653365354330708
0
LINE
8
BLACK
6
CONTINUOUS
10
2.3258912598425194
20
1.0653365354330708
11
2.2990461023622046
21
1.1220959055118109
0
LINE
8
BLACK
6
CONTINUOUS
10
2.2990461023622046
20
1.1220959055118109
11
2.2708160629921261
21
1.1781793700787402
0
LINE
8
BLACK
6
CONTINUOUS
10
2.2708160629921261
20
1.1781793700787402
11
2.2412181496062993
21
1.2335531496062992
0
LINE
8
BLACK
6
CONTINUOUS
10
2.2412181496062993
20
1.2335531496062992
11
2.2102702362204725
21
1.2881838582677165
0
LINE
8
BLACK
6
CONTINUOUS
10
2.2102702362204725
20
1.2881838582677165
11
2.1779909055118112
21
1.342038622047244
0
LINE
8
BLACK
6
CONTINUOUS
10
2.1779909055118112
20
1.342038622047244
11
2.1443996850393701
21
1.3950849999999999
0
LINE
8
BLACK
6
CONTINUOUS
10
2.1443996850393701
20
1.3950849999999999
11
2.1095167322834647
21
1.4472910629921258
0
LINE
8
BLACK
6
CONTINUOUS
10
2.1095167322834647
20
1.4472910629921258
11
2.0733630708661415
21
1.4986252755905511
0
LINE
8
BLACK
6
CONTINUOUS
10
2.0733630708661415
20
1.4986252755905511
11
2.0359605118110236
21
1.549056811023622
0
LINE
8
BLACK
6
CONTINUOUS
10
2.0359605118110236
20
1.549056811023622
11
1.9973315748031495
21
1.5985552362204725
0
LINE
8
BLACK
6
CONTINUOUS
10
1.9973315748031495
20
1.5985552362204725
11
1.9574994881889762
21
1.647090748031496
0
LINE
8
BLACK
6
CONTINUOUS
10
1.9574994881889762
20
1.647090748031496
11
1.9164883070866141
21
1.694634094488189
0
LINE
8
BLACK
6
CONTINUOUS
10
1.9164883070866141
20
1.694634094488189
11
1.8743226771653543
21
1.7411566929133857
0
LINE
8
BLACK
6
CONTINUOUS
10
1.8743226771653543
20
1.7411566929133857
11
1.831028031496063
21
1.7866304724409448
0
LINE
8
BLACK
6
CONTINUOUS
10
1.831028031496063
20
1.7866304724409448
11
1.7866304724409448
21
1.831028031496063
0
LINE
8
BLACK
6
CONTINUOUS
10
1.7866304724409448
20
1.831028031496063
11
1.7411566929133857
21
1.8743226771653543
0
LINE
8
BLACK
6
CONTINUOUS
10
1.7411566929133857
20
1.8743226771653543
11
1.694634094488189
21
1.9164883070866141
0
LINE
8
BLACK
6
CONTINUOUS
10
1.694634094488189
20
1.9164883070866141
11
1.647090748031496
21
1.9574994881889762
0
LINE
8
BLACK
6
CONTINUOUS
10
1.647090748031496
20
1.9574994881889762
11
1.5985552362204725
21
1.9973315748031495
0
LINE
8
BLACK
6
CONTINUOUS
10
1.5985552362204725
20
1.9973315748031495
11
1.549056811023622
21
2.0359605118110236
0
LINE
8
BLACK
6
CONTINUOUS
10
1.549056811023622
20
2.0359605118110236
11
1.4986252755905511
21
2.0733630708661415
0
LINE
8
BLACK
6
CONTINUOUS
10
1.4986252755905511
20
2.0733630708661415
11
1.4472910629921258
21
2.1095167322834647
0
LINE
8
BLACK
6
CONTINUOUS
10
1.4472910629921258
20
2.1095167322834647
11
1.3950849999999999
21
2.1443996850393701
0
LINE
8
BLACK
6
CONTINUOUS
10
1.3950849999999999
20
2.1443996850393701
11
1.342038622047244
21
2.1779909055118112
0
LINE
8
BLACK
6
CONTINUOUS
10
1.342038622047244
20
2.1779909055118112
11
1.2881838582677165
21
2.2102702362204725
0
LINE
8
BLACK
6
CONTINUOUS
10
1.2881838582677165
20
2.2102702362204725
11
1.2335531496062992
21
2.2412181496062993
0
LINE
8
BLACK
6
CONTINUOUS
10
1.2335531496062992
20
2.2412181496062993
11
1.1781793700787402
21
2.2708160629921261
0
LINE
8
BLACK
6
CONTINUOUS
10
1.1781793700787402
20
2.2708160629921261
11
1.1220959055118109
21
2.2990461023622046
0
LINE
8
BLACK
6
CONTINUOUS
10
1.1220959055118109
20
2.2990461023622046
11
1.0653365354330708
21
2.3258912598425194
0
LINE
8
BLACK
6
CONTINUOUS
10
1.0653365354330708
20
2.3258912598425194
11
1.0079354724409448
21
2.351335433070866
0
LINE
8
BLACK
6
CONTINUOUS
10
1.0079354724409448
20
2.351335433070866
11
0.9499272440944881
21
2.3753632283464565
0
LINE
8
BLACK
6
CONTINUOUS
10
0.9499272440944881
20
2.3753632283464565
11
0.891346811023622
21
2.3979601968503936
0
LINE
8
BLACK
6
CONTINUOUS
10
0.891346811023622
20
2.3979601968503936
11
0.8322294488188976
21
2.4191127165354329
0
LINE
8
BLACK
6
CONTINUOUS
10
0.8322294488188976
20
2.4191127165354329
11
0.7726107874015747
21
2.438808031496063
0
LINE
8
BLACK
6
CONTINUOUS
10
0.7726107874015747
20
2.438808031496063
11
0.7125267716535433
21
2.4570343307086615
0
LINE
8
BLACK
6
CONTINUOUS
10
0.7125267716535433
20
2.4570343307086615
11
0.6520135039370079
21
2.4737806299212597
0
LINE
8
BLACK
6
CONTINUOUS
10
0.6520135039370079
20
2.4737806299212597
11
0.5911075196850394
21
2.4890367716535433
0
LINE
8
BLACK
6
CONTINUOUS
10
0.5911075196850394
20
2.4890367716535433
11
0.5298454724409448
21
2.502793622047244
0
LINE
8
BLACK
6
CONTINUOUS
10
0.5298454724409448
20
2.502793622047244
11
0.4682642519685039
21
2.515042874015748
0
LINE
8
BLACK
6
CONTINUOUS
10
0.4682642519685039
20
2.515042874015748
11
0.4064009842519685
21
2.5257772047244096
0
LINE
8
BLACK
6
CONTINUOUS
10
0.4064009842519685
20
2.5257772047244096
11
0.3442929133858267
21
2.5349900393700788
0
LINE
8
BLACK
6
CONTINUOUS
10
0.3442929133858267
20
2.5349900393700788
11
0.2819774409448819
21
2.5426759448818896
0
LINE
8
BLACK
6
CONTINUOUS
10
0.2819774409448819
20
2.5426759448818896
11
0.219492125984252
21
2.5488301968503935
0
LINE
8
BLACK
6
CONTINUOUS
10
0.219492125984252
20
2.5488301968503935
11
0.1568746062992126
21
2.5534491338582677
0
LINE
8
BLACK
6
CONTINUOUS
10
0.1568746062992126
20
2.5534491338582677
11
0.0941625590551181
21
2.55653
0
LINE
8
BLACK
6
CONTINUOUS
10
0.0941625590551181
20
2.55653
11
0.0313938188976378
21
2.5580708661417324
0
LINE
8
BLACK
6
CONTINUOUS
10
0.0313938188976378
20
2.5580708661417324
11
-0.0313938188976378
21
2.5580708661417324
0
LINE
8
BLACK
6
CONTINUOUS
10
-0.0313938188976378
20
2.5580708661417324
11
-0.0941625590551181
21
2.55653
0
LINE
8
BLACK
6
CONTINUOUS
10
-0.0941625590551181
20
2.55653
11
-0.1568746062992126
21
2.5534491338582677
0
LINE
8
BLACK
6
CONTINUOUS
10
-0.1568746062992126
20
2.5534491338582677
11
-0.219492125984252
21
2.5488301968503935
0
LINE
8
BLACK
6
CONTINUOUS
10
-0.219492125984252
20
2.5488301968503935
11
-0.2819774409448819
21
2.5426759448818896
0
LINE
8
BLACK
6
CONTINUOUS
10
-0.2819774409448819
20
2.5426759448818896
11
-0.3442929133858267
21
2.5349900393700788
0
LINE
8
BLACK
6
CONTINUOUS
10
-0.3442929133858267
20
2.5349900393700788
11
-0.4064009842519685
21
2.5257772047244096
0
LINE
8
BLACK
6
CONTINUOUS
10
-0.4064009842519685
20
2.5257772047244096
11
-0.4682642519685039
21
2.515042874015748
0
LINE
8
BLACK
6
CONTINUOUS
10
-0.4682642519685039
20
2.515042874015748
11
-0.5298454724409448
21
2.502793622047244
0
LINE
8
BLACK
6
CONTINUOUS
10
-0.5298454724409448
20
2.502793622047244
11
-0.5911075196850394
21
2.4890367716535433
0
LINE
8
BLACK
6
CONTINUOUS
10
-0.5911075196850394
20
2.4890367716535433
11
-0.6520135039370079
21
2.4737806299212597
0
LINE
8
BLACK
6
CONTINUOUS
10
-0.6520135039370079
20
2.4737806299212597
11
-0.7125267716535433
21
2.4570343307086615
0
LINE
8
BLACK
6
CONTINUOUS
10
-0.7125267716535433
20
2.4570343307086615
11
-0.7726107874015747
21
2.438808031496063
0
LINE
8
BLACK
6
CONTINUOUS
10
-0.7726107874015747
20
2.438808031496063
11
-0.8322294488188976
21
2.4191127165354329
0
LINE
8
BLACK
6
CONTINUOUS
10
-0.8322294488188976
20
2.4191127165354329
11
-0.891346811023622
21
2.3979601968503936
0
LINE
8
BLACK
6
CONTINUOUS
10
-0.891346811023622
20
2.3979601968503936
11
-0.9499272440944881
21
2.3753632283464565
0
LINE
8
BLACK
6
CONTINUOUS
10
-0.9499272440944881
20
2.3753632283464565
11
-1.0079354724409448
21
2.351335433070866
0
LINE
8
BLACK
6
CONTINUOUS
10
-1.0079354724409448
20
2.351335433070866
11
-1.0653365354330708
21
2.3258912598425194
0
LINE
8
BLACK
6
CONTINUOUS
10
-1.0653365354330708
20
2.3258912598425194
11
-1.1220959055118109
21
2.2990461023622046
0
LINE
8
BLACK
6
CONTINUOUS
10
-1.1220959055118109
20
2.2990461023622046
11
-1.1781793700787402
21
2.2708160629921261
0
LINE
8
BLACK
6
CONTINUOUS
10
-1.1781793700787402
20
2.2708160629921261
11
-1.2335531496062992
21
2.2412181496062993
0
LINE
8
BLACK
6
CONTINUOUS
10
-1.2335531496062992
20
2.2412181496062993
11
-1.2881838582677165
21
2.2102702362204725
0
LINE
8
BLACK
6
CONTINUOUS
10
-1.2881838582677165
20
2.2102702362204725
11
-1.342038622047244
21
2.1779909055118112
0
LINE
8
BLACK
6
CONTINUOUS
10
-1.342038622047244
20
2.1779909055118112
11
-1.3950849999999999
21
2.1443996850393701
0
LINE
8
BLACK
6
CONTINUOUS
10
-1.3950849999999999
20
2.1443996850393701
11
-1.4472910629921258
21
2.1095167322834647
0
LINE
8
BLACK
6
CONTINUOUS
10
-1.4472910629921258
20
2.1095167322834647
11
-1.4986252755905511
21
2.0733630708661415
0
LINE
8
BLACK
6
CONTINUOUS
10
-1.4986252755905511
20
2.0733630708661415
11
-1.549056811023622
21
2.0359605118110236
0
LINE
8
BLACK
6
CONTINUOUS
10
-1.549056811023622
20
2.0359605118110236
11
-1.5985552362204725
21
1.9973315748031495
0
LINE
8
BLACK
6
CONTINUOUS
10
-1.5985552362204725
20
1.9973315748031495
11
-1.647090748031496
21
1.9574994881889762
0
LINE
8
BLACK
6
CONTINUOUS
10
-1.647090748031496
20
1.9574994881889762
11
-1.694634094488189
21
1.9164883070866141
0
LINE
8
BLACK
6
CONTINUOUS
10
-1.694634094488189
20
1.9164883070866141
11
-1.7411566929133857
21
1.8743226771653543
0
LINE
8
BLACK
6
CONTINUOUS
10
-1.7411566929133857
20
1.8743226771653543
11
-1.7866304724409448
21
1.831028031496063
0
LINE
8
BLACK
6
CONTINUOUS
10
-1.7866304724409448
20
1.831028031496063
11
-1.831028031496063
21
1.7866304724409448
0
LINE
8
BLACK
6
CONTINUOUS
10
-1.831028031496063
20
1.7866304724409448
11
-1.8743226771653543
21
1.7411566929133857
0
LINE
8
BLACK
6
CONTINUOUS
10
-1.8743226771653543
20
1.7411566929133857
11
-1.9164883070866141
21
1.694634094488189
0
LINE
8
BLACK
6
CONTINUOUS
10
-1.9164883070866141
20
1.694634094488189
11
-1.9574994881889762
21
1.647090748031496
0
LINE
8
BLACK
6
CONTINUOUS
10
-1.9574994881889762
20
1.647090748031496
11
-1.9973315748031495
21
1.5985552362204725
0
LINE
8
BLACK
6
CONTINUOUS
10
-1.9973315748031495
20
1.5985552362204725
11
-2.0359605118110236
21
1.549056811023622
0
LINE
8
BLACK
6
CONTINUOUS
10
-2.0359605118110236
20
1.549056811023622
11
-2.0733630708661415
21
1.4986252755905511
0
LINE
8
BLACK
6
CONTINUOUS
10
-2.0733630708661415
20
1.4986252755905511
11
-2.1095167322834647
21
1.4472910629921258
0
LINE
8
BLACK
6
CONTINUOUS
10
-2.1095167322834647
20
1.4472910629921258
11
-2.1443996850393701
21
1.3950849999999999
0
LINE
8
BLACK
6
CONTINUOUS
10
-2.1443996850393701
20
1.3950849999999999
11
-2.1779909055118112
21
1.342038622047244
0
LINE
8
BLACK
6
CONTINUOUS
10
-2.1779909055118112
20
1.342038622047244
11
-2.2102702362204725
21
1.2881838582677165
0
LINE
8
BLACK
6
CONTINUOUS
10
-2.2102702362204725
20
1.2881838582677165
11
-2.2412181496062993
21
1.2335531496062992
0
LINE
8
BLACK
6
CONTINUOUS
10
-2.2412181496062993
20
1.2335531496062992
11
-2.2708160629921261
21
1.1781793700787402
0
LINE
8
BLACK
6
CONTINUOUS
10
-2.2708160629921261
20
1.1781793700787402
11
-2.2990461023622046
21
1.1220959055118109
0
LINE
8
BLACK
6
CONTINUOUS
10
-2.2990461023622046
20
1.1220959055118109
11
-2.3258912598425194
21
1.0653365354330708
0
LINE
8
BLACK
6
CONTINUOUS
10
-2.3258912598425194
20
1.0653365354330708
11
-2.351335433070866
21
1.0079354724409448
0
LINE
8
BLACK
6
CONTINUOUS
10
-2.351335433070866
20
1.0079354724409448
11
-2.3753632283464565
21
0.9499272440944881
0
LINE
8
BLACK
6
CONTINUOUS
10
-2.3753632283464565
20
0.9499272440944881
11
-2.3979601968503936
21
0.891346811023622
0
LINE
8
BLACK
6
CONTINUOUS
10
-2.3979601968503936
20
0.891346811023622
11
-2.4191127165354329
21
0.8322294488188976
0
LINE
8
BLACK
6
CONTINUOUS
10
-2.4191127165354329
20
0.8322294488188976
11
-2.438808031496063
21
0.7726107874015747
0
LINE
8
BLACK
6
CONTINUOUS
10
-2.438808031496063
20
0.7726107874015747
11
-2.4570343307086615
21
0.7125267716535433
0
LINE
8
BLACK
6
CONTINUOUS
10
-2.4570343307086615
20
0.7125267716535433
11
-2.4737806299212597
21
0.6520135039370079
0
LINE
8
BLACK
6
CONTINUOUS
10
-2.4737806299212597
20
0.6520135039370079
11
-2.4890367716535433
21
0.5911075196850394
0
LINE
8
BLACK
6
CONTINUOUS
10
-2.4890367716535433
20
0.5911075196850394
11
-2.502793622047244
21
0.5298454724409448
0
LINE
8
BLACK
6
CONTINUOUS
10
-2.502793622047244
20
0.5298454724409448
11
-2.515042874015748
21
0.4682642519685039
0
LINE
8
BLACK
6
CONTINUOUS
10
-2.515042874015748
20
0.4682642519685039
11
-2.5257772047244096
21
0.4064009842519685
0
LINE
8
BLACK
6
CONTINUOUS
10
-2.5257772047244096
20
0.4064009842519685
11
-2.5349900393700788
21
0.3442929133858267
0
LINE
8
BLACK
6
CONTINUOUS
10
-2.5349900393700788
20
0.3442929133858267
11
-2.5426759448818896
21
0.2819774409448819
0
LINE
8
BLACK
6
CONTINUOUS
10
-2.5426759448818896
20
0.2819774409448819
11
-2.5488301968503935
21
0.219492125984252
0
LINE
8
BLACK
6
CONTINUOUS
10
-2.5488301968503935
20
0.219492125984252
11
-2.5534491338582677
21
0.1568746062992126
0
LINE
8
BLACK
6
CONTINUOUS
10
-2.5534491338582677
20
0.1568746062992126
11
-2.55653
21
0.0941625590551181
0
LINE
8
BLACK
6
CONTINUOUS
10
-2.55653
20
0.0941625590551181
11
-2.5580708661417324
21
0.0313938188976378
0
LINE
8
BLACK
6
CONTINUOUS
10
-2.5580708661417324
20
0.0313938188976378
11
-2.5580708661417324
21
-0.0313938188976378
0
CIRCLE
8
BLACK
10
0.45
20
-1.918503937007874
40
0.0068897637795276
0
CIRCLE
8
BLACK
10
0.45
20
-2.0185039370078739
40
0.0068897637795276
0
CIRCLE
8
BLACK
10
0.35
20
-1.918503937007874
40
0.0068897637795276
0
CIRCLE
8
BLACK
10
0.35
20
-2.0185039370078739
40
0.0068897637795276
0
CIRCLE
8
BLACK
10
0.25
20
-1.918503937007874
40
0.0068897637795276
0
CIRCLE
8
BLACK
10
0.25
20
-2.0185039370078739
40
0.0068897637795276
0
CIRCLE
8
BLACK
10
0.15
20
-1.918503937007874
40
0.0068897637795276
0
CIRCLE
8
BLACK
10
0.15
20
-2.0185039370078739
40
0.0068897637795276
0
CIRCLE
8
BLACK
10
0.05
20
-1.918503937007874
40
0.0068897637795276
0
CIRCLE
8
BLACK
10
0.05
20
-2.0185039370078739
40
0.0068897637795276
0
CIRCLE
8
BLACK
10
-0.05
20
-1.918503937007874
40
0.0068897637795276
0
CIRCLE
8
BLACK
10
-0.05
20
-2.0185039370078739
40
0.0068897637795276
0
CIRCLE
8
BLACK
10
-0.15
20
-1.918503937007874
40
0.0068897637795276
0
CIRCLE
8
BLACK
10
-0.15
20
-2.0185039370078739
40
0.0068897637795276
0
CIRCLE
8
BLACK
10
-0.25
20
-1.918503937007874
40
0.0068897637795276
0
CIRCLE
8
BLACK
10
-0.25
20
-2.0185039370078739
40
0.0068897637795276
0
CIRCLE
8
BLACK
10
-0.35
20
-1.918503937007874
40
0.0068897637795276
0
CIRCLE
8
BLACK
10
-0.35
20
-2.0185039370078739
40
0.0068897637795276
0
CIRCLE
8
BLACK
10
-0.45
20
-1.918503937007874
40
0.0068897637795276
0
CIRCLE
8
BLACK
10
-0.45
20
-2.0185039370078739
40
0.0068897637795276
0
CIRCLE
8
BLACK
10
1.6024879527559055
20
-0.9251968503937008
40
0.0068897637795276
0
CIRCLE
8
BLACK
10
1.5024879527559054
20
-0.8251968503937007
40
0.0068897637795276
0
CIRCLE
8
BLACK
10
1.5024879527559054
20
-1.0251968503937008
40
0.0068897637795276
0
CIRCLE
8
BLACK
10
1.7024879527559054
20
-0.8251968503937007
40
0.0068897637795276
0
CIRCLE
8
BLACK
10
1.7024879527559054
20
-1.0251968503937008
40
0.0068897637795276
0
CIRCLE
8
BLACK
10
0.7858267716535433
20
-1.9196850393700786
40
0.0068897637795276
0
CIRCLE
8
BLACK
10
0.8858267716535433
20
-1.9196850393700786
40
0.0068897637795276
0
CIRCLE
8
BLACK
10
0.7858267716535433
20
-2.0196850393700787
40
0.0068897637795276
0
CIRCLE
8
BLACK
10
0.8858267716535433
20
-2.0196850393700787
40
0.0068897637795276
0
CIRCLE
8
BLACK
10
0.7858267716535433
20
-2.1196850393700788
40
0.0068897637795276
0
CIRCLE
8
BLACK
10
0.8858267716535433
20
-2.1196850393700788
40
0.0068897637795276
0
CIRCLE
8
BLACK
10
-1.6024879527559055
20
-0.9251968503937008
40
0.0068897637795276
0
CIRCLE
8
BLACK
10
-1.7024879527559054
20
-0.8251968503937007
40
0.0068897637795276
0
CIRCLE
8
BLACK
10
-1.7024879527559054
20
-1.0251968503937008
40
0.0068897637795276
0
CIRCLE
8
BLACK
10
-1.5024879527559054
20
-0.8251968503937007
40
0.0068897637795276
0
CIRCLE
8
BLACK
10
-1.5024879527559054
20
-1.0251968503937008
40
0.0068897637795276
0
CIRCLE
8
BLACK
10
0.
20
1.8503937007874016
40
0.0068897637795276
0
CIRCLE
8
BLACK
10
-0.1
20
1.9503937007874015
40
0.0068897637795276
0
CIRCLE
8
BLACK
10
-0.1
20
1.7503937007874015
40
0.0068897637795276
0
CIRCLE
8
BLACK
10
0.1
20
1.9503937007874015
40
0.0068897637795276
0
CIRCLE
8
BLACK
10
0.1
20
1.7503937007874015
40
0.0068897637795276
0
CIRCLE
8
BLACK
10
0.45
20
-1.918503937007874
40
0.0068897637795276
0
CIRCLE
8
BLACK
10
0.45
20
-2.0185039370078739
40
0.0068897637795276
0
CIRCLE
8
BLACK
10
0.35
20
-1.918503937007874
40
0.0068897637795276
0
CIRCLE
8
BLACK
10
0.35
20
-2.0185039370078739
40
0.0068897637795276
0
CIRCLE
8
BLACK
10
0.25
20
-1.918503937007874
40
0.0068897637795276
0
CIRCLE
8
BLACK
10
0.25
20
-2.0185039370078739
40
0.0068897637795276
0
CIRCLE
8
BLACK
10
0.15
20
-1.918503937007874
40
0.0068897637795276
0
CIRCLE
8
BLACK
10
0.15
20
-2.0185039370078739
40
0.0068897637795276
0
CIRCLE
8
BLACK
10
0.05
20
-1.918503937007874
40
0.0068897637795276
0
CIRCLE
8
BLACK
10
0.05
20
-2.0185039370078739
40
0.0068897637795276
0
CIRCLE
8
BLACK
10
-0.05
20
-1.918503937007874
40
0.0068897637795276
0
CIRCLE
8
BLACK
10
-0.05
20
-2.0185039370078739
40
0.0068897637795276
0
CIRCLE
8
BLACK
10
-0.15
20
-1.918503937007874
40
0.0068897637795276
0
CIRCLE
8
BLACK
10
-0.15
20
-2.0185039370078739
40
0.0068897637795276
0
CIRCLE
8
BLACK
10
-0.25
20
-1.918503937007874
40
0.0068897637795276
0
CIRCLE
8
BLACK
10
-0.25
20
-2.0185039370078739
40
0.0068897637795276
0
CIRCLE
8
BLACK
10
-0.35
20
-1.918503937007874
40
0.0068897637795276
0
CIRCLE
8
BLACK
10
-0.35
20
-2.0185039370078739
40
0.0068897637795276
0
CIRCLE
8
BLACK
10
-0.45
20
-1.918503937007874
40
0.0068897637795276
0
CIRCLE
8
BLACK
10
-0.45
20
-2.0185039370078739
40
0.0068897637795276
0
CIRCLE
8
BLACK
10
1.6024879527559055
20
-0.9251968503937008
40
0.0068897637795276
0
CIRCLE
8
BLACK
10
1.5024879527559054
20
-0.8251968503937007
40
0.0068897637795276
0
CIRCLE
8
BLACK
10
1.5024879527559054
20
-1.0251968503937008
40
0.0068897637795276
0
CIRCLE
8
BLACK
10
1.7024879527559054
20
-0.8251968503937007
40
0.0068897637795276
0
CIRCLE
8
BLACK
10
1.7024879527559054
20
-1.0251968503937008
40
0.0068897637795276
0
CIRCLE
8
BLACK
10
0.7858267716535433
20
-1.9196850393700786
40
0.0068897637795276
0
CIRCLE
8
BLACK
10
0.8858267716535433
20
-1.9196850393700786
40
0.0068897637795276
0
CIRCLE
8
BLACK
10
0.7858267716535433
20
-2.0196850393700787
40
0.0068897637795276
0
CIRCLE
8
BLACK
10
0.8858267716535433
20
-2.0196850393700787
40
0.0068897637795276
0
CIRCLE
8
BLACK
10
0.7858267716535433
20
-2.1196850393700788
40
0.0068897637795276
0
CIRCLE
8
BLACK
10
0.8858267716535433
20
-2.1196850393700788
40
0.0068897637795276
0
CIRCLE
8
BLACK
10
-1.6024879527559055
20
-0.9251968503937008
40
0.0068897637795276
0
CIRCLE
8
BLACK
10
-1.7024879527559054
20
-0.8251968503937007
40
0.0068897637795276
0
CIRCLE
8
BLACK
10
-1.7024879527559054
20
-1.0251968503937008
40
0.0068897637795276
0
CIRCLE
8
BLACK
10
-1.5024879527559054
20
-0.8251968503937007
40
0.0068897637795276
0
CIRCLE
8
BLACK
10
-1.5024879527559054
20
-1.0251968503937008
40
0.0068897637795276
0
CIRCLE
8
BLACK
10
0.
20
1.8503937007874016
40
0.0068897637795276
0
CIRCLE
8
BLACK
10
-0.1
20
1.9503937007874015
40
0.0068897637795276
0
CIRCLE
8
BLACK
10
-0.1
20
1.7503937007874015
40
0.0068897637795276
0
CIRCLE
8
BLACK
10
0.1
20
1.9503937007874015
40
0.0068897637795276
0
CIRCLE
8
BLACK
10
0.1
20
1.7503937007874015
40
0.0068897637795276
  0
ENDSEC
  0
EOF
