  0
SECTION
  2
HEADER
  9
$ANGBASE
  50
0.0
  9
$ANGDIR
  70
1
  9
$MEASUREMENT
  70
0
  9
$INSUNITS
  70
1
  0
ENDSEC
  0
SECTION
  2
TABLES
  0
TABLE
  2
LTYPE
  70
4
  0
LTYPE
  5
40F
  2
CONTINUOUS
  70
0
  3
Solid line
  72
65
  73
0
  40
0.0
  0
LTYPE
  5
410
  2
DASHDOT
 70
0
  3
Dash Dot ____ _ ____ _
 72
65
 73
4
 40
2.0
 49
1.25
 49
-0.25
 49
0.25
 49
-0.25
  0
LTYPE
  5
411
  2
DASHED
 70
0
  3
Dashed __ __ __ __ __
 72
65
 73
2
 40
0.75
 49
0.5
 49
-0.25
  0
LTYPE
  5
43B
  2
DOTTED
 70
0
  3
Dotted .  .  .  .
 72
65
 73
2
 40
0.2
 49
0.0
 49
-0.2
  0
ENDTAB
  0
TABLE
  2
STYLE
  70
4
  0
STYLE
  2
KICAD
  70
0
  40
0
  41
1
  42
1
  50
0
  71
0
  3
isocp.shx
  0
STYLE
  2
KICADB
  70
0
  40
0
  41
1
  42
1
  50
0
  71
0
  3
isocp.shx
  0
STYLE
  2
KICADI
  70
0
  40
0
  41
1
  42
1
  50
15
  71
0
  3
isocp.shx
  0
STYLE
  2
KICADBI
  70
0
  40
0
  41
1
  42
1
  50
15
  71
0
  3
isocp.shx
  0
ENDTAB
  0
TABLE
  2
LAYER
  70
1
  0
LAYER
  2
BLACK
  70
0
  62
250
  6
CONTINUOUS
  0
ENDTAB
  0
ENDSEC
  0
SECTION
  2
ENTITIES
0
LINE
8
BLACK
6
CONTINUOUS
10
-0.2337696850393701
20
-2.2098264960629921
11
-0.2336716929133858
21
-2.2098670866141732
0
LINE
8
BLACK
6
CONTINUOUS
10
-0.2336716929133858
20
-2.2098670866141732
11
-0.2335658661417323
21
-2.2098746062992127
0
LINE
8
BLACK
6
CONTINUOUS
10
-0.2335658661417323
20
-2.2098746062992127
11
-0.2330252362204724
21
-2.2100814960629922
0
LINE
8
BLACK
6
CONTINUOUS
10
-0.2330252362204724
20
-2.2100814960629922
11
-0.2292757086614173
21
-2.2119562598425198
0
LINE
8
BLACK
6
CONTINUOUS
10
-0.2292757086614173
20
-2.2119562598425198
11
-0.2290277165354331
21
-2.2121123228346455
0
LINE
8
BLACK
6
CONTINUOUS
10
-0.2290277165354331
20
-2.2121123228346455
11
-0.2289557480314961
21
-2.2121421653543307
0
LINE
8
BLACK
6
CONTINUOUS
10
-0.2289557480314961
20
-2.2121421653543307
11
-0.2288748031496063
21
-2.2122086220472439
0
LINE
8
BLACK
6
CONTINUOUS
10
-0.2288748031496063
20
-2.2122086220472439
11
-0.2287858267716535
21
-2.2122646062992124
0
LINE
8
BLACK
6
CONTINUOUS
10
-0.2287858267716535
20
-2.2122646062992124
11
-0.2287346850393701
21
-2.2123235826771652
0
LINE
8
BLACK
6
CONTINUOUS
10
-0.2287346850393701
20
-2.2123235826771652
11
-0.2285083070866142
21
-2.2125093700787399
0
LINE
8
BLACK
6
CONTINUOUS
10
-0.2285083070866142
20
-2.2125093700787399
11
-0.2266335433070866
21
-2.2143841338582675
0
LINE
8
BLACK
6
CONTINUOUS
10
-0.2266335433070866
20
-2.2143841338582675
11
-0.2264477952755906
21
-2.214610472440945
0
LINE
8
BLACK
6
CONTINUOUS
10
-0.2264477952755906
20
-2.214610472440945
11
-0.226388779527559
21
-2.214661653543307
0
LINE
8
BLACK
6
CONTINUOUS
10
-0.226388779527559
20
-2.214661653543307
11
-0.2263328346456693
21
-2.2147505905511808
0
LINE
8
BLACK
6
CONTINUOUS
10
-0.2263328346456693
20
-2.2147505905511808
11
-0.2262663385826772
21
-2.2148315748031497
0
LINE
8
BLACK
6
CONTINUOUS
10
-0.2262663385826772
20
-2.2148315748031497
11
-0.2262365354330709
21
-2.2149035039370077
0
LINE
8
BLACK
6
CONTINUOUS
10
-0.2262365354330709
20
-2.2149035039370077
11
-0.2260804330708661
21
-2.2151515354330709
0
LINE
8
BLACK
6
CONTINUOUS
10
-0.2260804330708661
20
-2.2151515354330709
11
-0.2242056692913386
21
-2.218901062992126
0
LINE
8
BLACK
6
CONTINUOUS
10
-0.2242056692913386
20
-2.218901062992126
11
-0.2239987795275591
21
-2.2194416535433072
0
LINE
8
BLACK
6
CONTINUOUS
10
-0.2239987795275591
20
-2.2194416535433072
11
-0.2239912598425197
21
-2.2195475196850394
0
LINE
8
BLACK
6
CONTINUOUS
10
-0.2239912598425197
20
-2.2195475196850394
11
-0.2239506692913386
21
-2.2196455118110237
0
LINE
8
BLACK
6
CONTINUOUS
10
-0.2239506692913386
20
-2.2196455118110237
11
-0.223893937007874
21
-2.2202215748031495
0
LINE
8
BLACK
6
CONTINUOUS
10
-0.223893937007874
20
-2.2202215748031495
11
-0.223893937007874
21
-2.2314701574803149
0
LINE
8
BLACK
6
CONTINUOUS
10
-0.223893937007874
20
-2.2314701574803149
11
-0.2239506692913386
21
-2.2320462204724407
0
LINE
8
BLACK
6
CONTINUOUS
10
-0.2239506692913386
20
-2.2320462204724407
11
-0.2239912598425197
21
-2.2321441732283462
0
LINE
8
BLACK
6
CONTINUOUS
10
-0.2239912598425197
20
-2.2321441732283462
11
-0.2239987795275591
21
-2.2322500787401576
0
LINE
8
BLACK
6
CONTINUOUS
10
-0.2239987795275591
20
-2.2322500787401576
11
-0.2242056692913386
21
-2.2327906692913384
0
LINE
8
BLACK
6
CONTINUOUS
10
-0.2242056692913386
20
-2.2327906692913384
11
-0.2260804330708661
21
-2.2365401968503935
0
LINE
8
BLACK
6
CONTINUOUS
10
-0.2260804330708661
20
-2.2365401968503935
11
-0.2262364960629921
21
-2.2367880708661416
0
LINE
8
BLACK
6
CONTINUOUS
10
-0.2262364960629921
20
-2.2367880708661416
11
-0.2262662992125984
21
-2.2368601181102363
0
LINE
8
BLACK
6
CONTINUOUS
10
-0.2262662992125984
20
-2.2368601181102363
11
-0.2263328346456693
21
-2.2369411417322835
0
LINE
8
BLACK
6
CONTINUOUS
10
-0.2263328346456693
20
-2.2369411417322835
11
-0.226388779527559
21
-2.2370300787401574
0
LINE
8
BLACK
6
CONTINUOUS
10
-0.226388779527559
20
-2.2370300787401574
11
-0.2264477952755906
21
-2.2370812204724411
0
LINE
8
BLACK
6
CONTINUOUS
10
-0.2264477952755906
20
-2.2370812204724411
11
-0.2266335433070866
21
-2.2373075984251969
0
LINE
8
BLACK
6
CONTINUOUS
10
-0.2266335433070866
20
-2.2373075984251969
11
-0.2285082677165354
21
-2.2391823622047244
0
LINE
8
BLACK
6
CONTINUOUS
10
-0.2285082677165354
20
-2.2391823622047244
11
-0.2287346456692913
21
-2.2393681102362204
0
LINE
8
BLACK
6
CONTINUOUS
10
-0.2287346456692913
20
-2.2393681102362204
11
-0.2287858267716535
21
-2.2394271653543307
0
LINE
8
BLACK
6
CONTINUOUS
10
-0.2287858267716535
20
-2.2394271653543307
11
-0.2288748031496063
21
-2.2394831496062992
0
LINE
8
BLACK
6
CONTINUOUS
10
-0.2288748031496063
20
-2.2394831496062992
11
-0.2289557480314961
21
-2.2395496062992124
0
LINE
8
BLACK
6
CONTINUOUS
10
-0.2289557480314961
20
-2.2395496062992124
11
-0.2290277165354331
21
-2.2395794094488188
0
LINE
8
BLACK
6
CONTINUOUS
10
-0.2290277165354331
20
-2.2395794094488188
11
-0.2292757086614173
21
-2.2397355118110234
0
LINE
8
BLACK
6
CONTINUOUS
10
-0.2292757086614173
20
-2.2397355118110234
11
-0.2330252362204724
21
-2.2416102755905509
0
LINE
8
BLACK
6
CONTINUOUS
10
-0.2330252362204724
20
-2.2416102755905509
11
-0.2335658661417323
21
-2.2418171653543308
0
LINE
8
BLACK
6
CONTINUOUS
10
-0.2335658661417323
20
-2.2418171653543308
11
-0.2336716929133858
21
-2.2418246456692912
0
LINE
8
BLACK
6
CONTINUOUS
10
-0.2336716929133858
20
-2.2418246456692912
11
-0.2337696850393701
21
-2.241865275590551
0
LINE
8
BLACK
6
CONTINUOUS
10
-0.2337696850393701
20
-2.241865275590551
11
-0.234345748031496
21
-2.2419220078740159
0
LINE
8
BLACK
6
CONTINUOUS
10
-0.234345748031496
20
-2.2419220078740159
11
-0.2399700393700787
21
-2.2419220078740159
0
LINE
8
BLACK
6
CONTINUOUS
10
-0.2399700393700787
20
-2.2419220078740159
11
-0.2405461023622047
21
-2.241865275590551
0
LINE
8
BLACK
6
CONTINUOUS
10
-0.2405461023622047
20
-2.241865275590551
11
-0.240644094488189
21
-2.2418246850393699
0
LINE
8
BLACK
6
CONTINUOUS
10
-0.240644094488189
20
-2.2418246850393699
11
-0.2407499606299213
21
-2.2418171653543308
0
LINE
8
BLACK
6
CONTINUOUS
10
-0.2407499606299213
20
-2.2418171653543308
11
-0.2412905511811023
21
-2.2416102755905509
0
LINE
8
BLACK
6
CONTINUOUS
10
-0.2412905511811023
20
-2.2416102755905509
11
-0.2450400787401575
21
-2.2397355118110234
0
LINE
8
BLACK
6
CONTINUOUS
10
-0.2450400787401575
20
-2.2397355118110234
11
-0.2452881102362205
21
-2.2395794094488188
0
LINE
8
BLACK
6
CONTINUOUS
10
-0.2452881102362205
20
-2.2395794094488188
11
-0.2453600393700787
21
-2.2395496062992124
0
LINE
8
BLACK
6
CONTINUOUS
10
-0.2453600393700787
20
-2.2395496062992124
11
-0.2454410236220472
21
-2.2394831496062992
0
LINE
8
BLACK
6
CONTINUOUS
10
-0.2454410236220472
20
-2.2394831496062992
11
-0.2455299606299212
21
-2.2394271653543307
0
LINE
8
BLACK
6
CONTINUOUS
10
-0.2455299606299212
20
-2.2394271653543307
11
-0.2455811811023622
21
-2.2393681102362204
0
LINE
8
BLACK
6
CONTINUOUS
10
-0.2455811811023622
20
-2.2393681102362204
11
-0.2458075196850394
21
-2.2391823622047244
0
LINE
8
BLACK
6
CONTINUOUS
10
-0.2458075196850394
20
-2.2391823622047244
11
-0.2476822834645669
21
-2.2373075590551181
0
LINE
8
BLACK
6
CONTINUOUS
10
-0.2476822834645669
20
-2.2373075590551181
11
-0.247868031496063
21
-2.2370812204724411
0
LINE
8
BLACK
6
CONTINUOUS
10
-0.247868031496063
20
-2.2370812204724411
11
-0.2479270078740158
21
-2.2370300787401574
0
LINE
8
BLACK
6
CONTINUOUS
10
-0.2479270078740158
20
-2.2370300787401574
11
-0.2479829921259842
21
-2.2369411417322835
0
LINE
8
BLACK
6
CONTINUOUS
10
-0.2479829921259842
20
-2.2369411417322835
11
-0.2480494881889764
21
-2.2368601181102363
0
LINE
8
BLACK
6
CONTINUOUS
10
-0.2480494881889764
20
-2.2368601181102363
11
-0.2480793307086614
21
-2.2367880708661416
0
LINE
8
BLACK
6
CONTINUOUS
10
-0.2480793307086614
20
-2.2367880708661416
11
-0.2482353543307086
21
-2.2365401968503935
0
LINE
8
BLACK
6
CONTINUOUS
10
-0.2482353543307086
20
-2.2365401968503935
11
-0.2501101181102362
21
-2.2327906692913384
0
LINE
8
BLACK
6
CONTINUOUS
10
-0.2501101181102362
20
-2.2327906692913384
11
-0.2503170078740157
21
-2.2322500393700788
0
LINE
8
BLACK
6
CONTINUOUS
10
-0.2503170078740157
20
-2.2322500393700788
11
-0.2503245275590551
21
-2.232144212598425
0
LINE
8
BLACK
6
CONTINUOUS
10
-0.2503245275590551
20
-2.232144212598425
11
-0.2503651181102362
21
-2.2320462204724407
0
LINE
8
BLACK
6
CONTINUOUS
10
-0.2503651181102362
20
-2.2320462204724407
11
-0.2504218503937008
21
-2.2314701574803149
0
LINE
8
BLACK
6
CONTINUOUS
10
-0.2504218503937008
20
-2.2314701574803149
11
-0.2504218503937008
21
-2.2202215748031495
0
LINE
8
BLACK
6
CONTINUOUS
10
-0.2504218503937008
20
-2.2202215748031495
11
-0.2503651181102362
21
-2.2196455118110237
0
LINE
8
BLACK
6
CONTINUOUS
10
-0.2503651181102362
20
-2.2196455118110237
11
-0.2503245275590551
21
-2.2195474803149606
0
LINE
8
BLACK
6
CONTINUOUS
10
-0.2503245275590551
20
-2.2195474803149606
11
-0.2503170078740157
21
-2.2194416929133856
0
LINE
8
BLACK
6
CONTINUOUS
10
-0.2503170078740157
20
-2.2194416929133856
11
-0.2501101181102362
21
-2.218901062992126
0
LINE
8
BLACK
6
CONTINUOUS
10
-0.2501101181102362
20
-2.218901062992126
11
-0.2482353543307086
21
-2.2151515354330709
0
LINE
8
BLACK
6
CONTINUOUS
10
-0.2482353543307086
20
-2.2151515354330709
11
-0.2480792913385827
21
-2.2149035039370077
0
LINE
8
BLACK
6
CONTINUOUS
10
-0.2480792913385827
20
-2.2149035039370077
11
-0.2480494488188976
21
-2.2148315748031497
0
LINE
8
BLACK
6
CONTINUOUS
10
-0.2480494488188976
20
-2.2148315748031497
11
-0.2479829921259842
21
-2.2147505905511808
0
LINE
8
BLACK
6
CONTINUOUS
10
-0.2479829921259842
20
-2.2147505905511808
11
-0.2479270078740158
21
-2.214661653543307
0
LINE
8
BLACK
6
CONTINUOUS
10
-0.2479270078740158
20
-2.214661653543307
11
-0.247868031496063
21
-2.214610472440945
0
LINE
8
BLACK
6
CONTINUOUS
10
-0.247868031496063
20
-2.214610472440945
11
-0.2476822440944882
21
-2.2143841338582675
0
LINE
8
BLACK
6
CONTINUOUS
10
-0.2476822440944882
20
-2.2143841338582675
11
-0.2458074803149606
21
-2.2125093700787399
0
LINE
8
BLACK
6
CONTINUOUS
10
-0.2458074803149606
20
-2.2125093700787399
11
-0.2455811417322835
21
-2.2123235826771652
0
LINE
8
BLACK
6
CONTINUOUS
10
-0.2455811417322835
20
-2.2123235826771652
11
-0.2455299606299212
21
-2.2122646062992124
0
LINE
8
BLACK
6
CONTINUOUS
10
-0.2455299606299212
20
-2.2122646062992124
11
-0.2454410236220472
21
-2.2122086220472439
0
LINE
8
BLACK
6
CONTINUOUS
10
-0.2454410236220472
20
-2.2122086220472439
11
-0.2453600393700787
21
-2.2121421653543307
0
LINE
8
BLACK
6
CONTINUOUS
10
-0.2453600393700787
20
-2.2121421653543307
11
-0.2452881102362205
21
-2.2121123228346455
0
LINE
8
BLACK
6
CONTINUOUS
10
-0.2452881102362205
20
-2.2121123228346455
11
-0.2450400787401575
21
-2.2119562598425198
0
LINE
8
BLACK
6
CONTINUOUS
10
-0.2450400787401575
20
-2.2119562598425198
11
-0.2412905511811023
21
-2.2100814960629922
0
LINE
8
BLACK
6
CONTINUOUS
10
-0.2412905511811023
20
-2.2100814960629922
11
-0.2407499606299213
21
-2.2098746062992127
0
LINE
8
BLACK
6
CONTINUOUS
10
-0.2407499606299213
20
-2.2098746062992127
11
-0.240644094488189
21
-2.2098670472440944
0
LINE
8
BLACK
6
CONTINUOUS
10
-0.240644094488189
20
-2.2098670472440944
11
-0.2405461023622047
21
-2.2098264960629921
0
LINE
8
BLACK
6
CONTINUOUS
10
-0.2405461023622047
20
-2.2098264960629921
11
-0.2399700393700787
21
-2.2097697637795277
0
LINE
8
BLACK
6
CONTINUOUS
10
-0.2399700393700787
20
-2.2097697637795277
11
-0.234345748031496
21
-2.2097697637795277
0
LINE
8
BLACK
6
CONTINUOUS
10
-0.234345748031496
20
-2.2097697637795277
11
-0.2337696850393701
21
-2.2098264960629921
0
LINE
8
BLACK
6
CONTINUOUS
10
-0.2419704724409449
20
-2.2170240157480317
11
-0.2431675984251968
21
-2.2182211417322835
0
LINE
8
BLACK
6
CONTINUOUS
10
-0.2431675984251968
20
-2.2182211417322835
11
-0.2445163385826772
21
-2.2209186220472441
0
LINE
8
BLACK
6
CONTINUOUS
10
-0.2445163385826772
20
-2.2209186220472441
11
-0.2445163385826772
21
-2.2307731102362203
0
LINE
8
BLACK
6
CONTINUOUS
10
-0.2445163385826772
20
-2.2307731102362203
11
-0.2431675984251968
21
-2.2334705905511809
0
LINE
8
BLACK
6
CONTINUOUS
10
-0.2431675984251968
20
-2.2334705905511809
11
-0.2419704724409449
21
-2.2346677559055119
0
LINE
8
BLACK
6
CONTINUOUS
10
-0.2419704724409449
20
-2.2346677559055119
11
-0.2392729921259842
21
-2.2360164960629922
0
LINE
8
BLACK
6
CONTINUOUS
10
-0.2392729921259842
20
-2.2360164960629922
11
-0.2350427952755905
21
-2.2360164960629922
0
LINE
8
BLACK
6
CONTINUOUS
10
-0.2350427952755905
20
-2.2360164960629922
11
-0.2323453543307087
21
-2.2346677559055119
0
LINE
8
BLACK
6
CONTINUOUS
10
-0.2323453543307087
20
-2.2346677559055119
11
-0.2311482283464567
21
-2.2334705905511809
0
LINE
8
BLACK
6
CONTINUOUS
10
-0.2311482283464567
20
-2.2334705905511809
11
-0.2297994488188976
21
-2.2307731102362203
0
LINE
8
BLACK
6
CONTINUOUS
10
-0.2297994488188976
20
-2.2307731102362203
11
-0.2297994488188976
21
-2.2209186220472441
0
LINE
8
BLACK
6
CONTINUOUS
10
-0.2297994488188976
20
-2.2209186220472441
11
-0.231148188976378
21
-2.2182211417322835
0
LINE
8
BLACK
6
CONTINUOUS
10
-0.231148188976378
20
-2.2182211417322835
11
-0.2323453149606299
21
-2.2170240157480317
0
LINE
8
BLACK
6
CONTINUOUS
10
-0.2323453149606299
20
-2.2170240157480317
11
-0.2350427952755905
21
-2.2156752755905513
0
LINE
8
BLACK
6
CONTINUOUS
10
-0.2350427952755905
20
-2.2156752755905513
11
-0.2392729921259842
21
-2.2156752755905513
0
LINE
8
BLACK
6
CONTINUOUS
10
-0.2392729921259842
20
-2.2156752755905513
11
-0.2419704724409449
21
-2.2170240157480317
0
LINE
8
BLACK
6
CONTINUOUS
10
-0.1727127559055118
20
-2.1971440551181103
11
-0.1718981102362205
21
-2.1979587007874017
0
LINE
8
BLACK
6
CONTINUOUS
10
-0.1718981102362205
20
-2.1979587007874017
11
-0.1714572047244095
21
-2.1990231102362205
0
LINE
8
BLACK
6
CONTINUOUS
10
-0.1714572047244095
20
-2.1990231102362205
11
-0.1714004724409449
21
-2.1995991732283464
0
LINE
8
BLACK
6
CONTINUOUS
10
-0.1714004724409449
20
-2.1995991732283464
11
-0.1714004724409449
21
-2.2097697637795277
0
LINE
8
BLACK
6
CONTINUOUS
10
-0.1714004724409449
20
-2.2097697637795277
11
-0.1649794094488189
21
-2.2097697637795277
0
LINE
8
BLACK
6
CONTINUOUS
10
-0.1649794094488189
20
-2.2097697637795277
11
-0.1644033464566929
21
-2.2098264960629921
0
LINE
8
BLACK
6
CONTINUOUS
10
-0.1644033464566929
20
-2.2098264960629921
11
-0.163338937007874
21
-2.2102674015748032
0
LINE
8
BLACK
6
CONTINUOUS
10
-0.163338937007874
20
-2.2102674015748032
11
-0.1625242913385827
21
-2.2110820472440946
0
LINE
8
BLACK
6
CONTINUOUS
10
-0.1625242913385827
20
-2.2110820472440946
11
-0.1620833858267716
21
-2.2121464566929134
0
LINE
8
BLACK
6
CONTINUOUS
10
-0.1620833858267716
20
-2.2121464566929134
11
-0.1620833858267716
21
-2.2132985826771652
0
LINE
8
BLACK
6
CONTINUOUS
10
-0.1620833858267716
20
-2.2132985826771652
11
-0.1625242913385827
21
-2.2143629921259844
0
LINE
8
BLACK
6
CONTINUOUS
10
-0.1625242913385827
20
-2.2143629921259844
11
-0.163338937007874
21
-2.2151776377952754
0
LINE
8
BLACK
6
CONTINUOUS
10
-0.163338937007874
20
-2.2151776377952754
11
-0.1644033464566929
21
-2.2156185433070865
0
LINE
8
BLACK
6
CONTINUOUS
10
-0.1644033464566929
20
-2.2156185433070865
11
-0.1649794094488189
21
-2.2156752755905513
0
LINE
8
BLACK
6
CONTINUOUS
10
-0.1649794094488189
20
-2.2156752755905513
11
-0.1714004724409449
21
-2.2156752755905513
0
LINE
8
BLACK
6
CONTINUOUS
10
-0.1714004724409449
20
-2.2156752755905513
11
-0.1714004724409449
21
-2.2326478740157478
0
LINE
8
BLACK
6
CONTINUOUS
10
-0.1714004724409449
20
-2.2326478740157478
11
-0.1702776377952756
21
-2.234893622047244
0
LINE
8
BLACK
6
CONTINUOUS
10
-0.1702776377952756
20
-2.234893622047244
11
-0.1680318897637795
21
-2.2360164960629922
0
LINE
8
BLACK
6
CONTINUOUS
10
-0.1680318897637795
20
-2.2360164960629922
11
-0.1649794094488189
21
-2.2360164960629922
0
LINE
8
BLACK
6
CONTINUOUS
10
-0.1649794094488189
20
-2.2360164960629922
11
-0.1644033464566929
21
-2.2360732283464566
0
LINE
8
BLACK
6
CONTINUOUS
10
-0.1644033464566929
20
-2.2360732283464566
11
-0.163338937007874
21
-2.2365141338582677
0
LINE
8
BLACK
6
CONTINUOUS
10
-0.163338937007874
20
-2.2365141338582677
11
-0.1625242913385827
21
-2.2373287795275592
0
LINE
8
BLACK
6
CONTINUOUS
10
-0.1625242913385827
20
-2.2373287795275592
11
-0.1620833858267716
21
-2.238393188976378
0
LINE
8
BLACK
6
CONTINUOUS
10
-0.1620833858267716
20
-2.238393188976378
11
-0.1620833858267716
21
-2.2395453149606297
0
LINE
8
BLACK
6
CONTINUOUS
10
-0.1620833858267716
20
-2.2395453149606297
11
-0.1625242913385827
21
-2.2406097244094489
0
LINE
8
BLACK
6
CONTINUOUS
10
-0.1625242913385827
20
-2.2406097244094489
11
-0.163338937007874
21
-2.24142437007874
0
LINE
8
BLACK
6
CONTINUOUS
10
-0.163338937007874
20
-2.24142437007874
11
-0.1644033464566929
21
-2.241865275590551
0
LINE
8
BLACK
6
CONTINUOUS
10
-0.1644033464566929
20
-2.241865275590551
11
-0.1649794094488189
21
-2.2419220078740159
0
LINE
8
BLACK
6
CONTINUOUS
10
-0.1649794094488189
20
-2.2419220078740159
11
-0.168728937007874
21
-2.2419220078740159
0
LINE
8
BLACK
6
CONTINUOUS
10
-0.168728937007874
20
-2.2419220078740159
11
-0.169305
21
-2.241865275590551
0
LINE
8
BLACK
6
CONTINUOUS
10
-0.169305
20
-2.241865275590551
11
-0.1694029921259843
21
-2.2418246850393699
0
LINE
8
BLACK
6
CONTINUOUS
10
-0.1694029921259843
20
-2.2418246850393699
11
-0.1695088582677165
21
-2.2418171653543308
0
LINE
8
BLACK
6
CONTINUOUS
10
-0.1695088582677165
20
-2.2418171653543308
11
-0.1700494488188976
21
-2.2416102755905509
0
LINE
8
BLACK
6
CONTINUOUS
10
-0.1700494488188976
20
-2.2416102755905509
11
-0.1737989763779527
21
-2.2397355118110234
0
LINE
8
BLACK
6
CONTINUOUS
10
-0.1737989763779527
20
-2.2397355118110234
11
-0.1738953543307087
21
-2.2396748425196851
0
LINE
8
BLACK
6
CONTINUOUS
10
-0.1738953543307087
20
-2.2396748425196851
11
-0.1739407480314961
21
-2.2396597244094489
0
LINE
8
BLACK
6
CONTINUOUS
10
-0.1739407480314961
20
-2.2396597244094489
11
-0.1739973228346457
21
-2.2396106692913387
0
LINE
8
BLACK
6
CONTINUOUS
10
-0.1739973228346457
20
-2.2396106692913387
11
-0.1742888582677165
21
-2.2394271653543307
0
LINE
8
BLACK
6
CONTINUOUS
10
-0.1742888582677165
20
-2.2394271653543307
11
-0.1745315354330709
21
-2.2391473228346457
0
LINE
8
BLACK
6
CONTINUOUS
10
-0.1745315354330709
20
-2.2391473228346457
11
-0.1748111417322835
21
-2.2389048425196849
0
LINE
8
BLACK
6
CONTINUOUS
10
-0.1748111417322835
20
-2.2389048425196849
11
-0.1749946456692913
21
-2.2386133464566931
0
LINE
8
BLACK
6
CONTINUOUS
10
-0.1749946456692913
20
-2.2386133464566931
11
-0.1750437007874016
21
-2.2385567716535433
0
LINE
8
BLACK
6
CONTINUOUS
10
-0.1750437007874016
20
-2.2385567716535433
11
-0.1750588582677165
21
-2.2385112992125982
0
LINE
8
BLACK
6
CONTINUOUS
10
-0.1750588582677165
20
-2.2385112992125982
11
-0.1751194881889764
21
-2.2384149999999998
0
LINE
8
BLACK
6
CONTINUOUS
10
-0.1751194881889764
20
-2.2384149999999998
11
-0.1769942519685039
21
-2.234665433070866
0
LINE
8
BLACK
6
CONTINUOUS
10
-0.1769942519685039
20
-2.234665433070866
11
-0.1772011417322835
21
-2.2341248031496064
0
LINE
8
BLACK
6
CONTINUOUS
10
-0.1772011417322835
20
-2.2341248031496064
11
-0.1772086614173228
21
-2.2340189763779525
0
LINE
8
BLACK
6
CONTINUOUS
10
-0.1772086614173228
20
-2.2340189763779525
11
-0.1772492519685039
21
-2.2339209842519683
0
LINE
8
BLACK
6
CONTINUOUS
10
-0.1772492519685039
20
-2.2339209842519683
11
-0.1773059842519685
21
-2.2333449212598424
0
LINE
8
BLACK
6
CONTINUOUS
10
-0.1773059842519685
20
-2.2333449212598424
11
-0.1773059842519685
21
-2.2156752755905513
0
LINE
8
BLACK
6
CONTINUOUS
10
-0.1773059842519685
20
-2.2156752755905513
11
-0.1799775196850394
21
-2.2156752755905513
0
LINE
8
BLACK
6
CONTINUOUS
10
-0.1799775196850394
20
-2.2156752755905513
11
-0.1805535826771653
21
-2.2156185433070865
0
LINE
8
BLACK
6
CONTINUOUS
10
-0.1805535826771653
20
-2.2156185433070865
11
-0.1816179921259843
21
-2.2151776377952754
0
LINE
8
BLACK
6
CONTINUOUS
10
-0.1816179921259843
20
-2.2151776377952754
11
-0.1824326377952756
21
-2.2143629921259844
0
LINE
8
BLACK
6
CONTINUOUS
10
-0.1824326377952756
20
-2.2143629921259844
11
-0.1828735433070866
21
-2.2132985826771652
0
LINE
8
BLACK
6
CONTINUOUS
10
-0.1828735433070866
20
-2.2132985826771652
11
-0.1828735433070866
21
-2.2121464566929134
0
LINE
8
BLACK
6
CONTINUOUS
10
-0.1828735433070866
20
-2.2121464566929134
11
-0.1824326377952756
21
-2.2110820472440946
0
LINE
8
BLACK
6
CONTINUOUS
10
-0.1824326377952756
20
-2.2110820472440946
11
-0.1816179921259843
21
-2.2102674015748032
0
LINE
8
BLACK
6
CONTINUOUS
10
-0.1816179921259843
20
-2.2102674015748032
11
-0.1805535826771653
21
-2.2098264960629921
0
LINE
8
BLACK
6
CONTINUOUS
10
-0.1805535826771653
20
-2.2098264960629921
11
-0.1799775196850394
21
-2.2097697637795277
0
LINE
8
BLACK
6
CONTINUOUS
10
-0.1799775196850394
20
-2.2097697637795277
11
-0.1773059842519685
21
-2.2097697637795277
0
LINE
8
BLACK
6
CONTINUOUS
10
-0.1773059842519685
20
-2.2097697637795277
11
-0.1773059842519685
21
-2.1995991732283464
0
LINE
8
BLACK
6
CONTINUOUS
10
-0.1773059842519685
20
-2.1995991732283464
11
-0.1772492519685039
21
-2.1990231102362205
0
LINE
8
BLACK
6
CONTINUOUS
10
-0.1772492519685039
20
-2.1990231102362205
11
-0.1768083464566929
21
-2.1979587007874017
0
LINE
8
BLACK
6
CONTINUOUS
10
-0.1768083464566929
20
-2.1979587007874017
11
-0.1759937007874016
21
-2.1971440551181103
0
LINE
8
BLACK
6
CONTINUOUS
10
-0.1759937007874016
20
-2.1971440551181103
11
-0.1749292913385827
21
-2.1967031496062992
0
LINE
8
BLACK
6
CONTINUOUS
10
-0.1749292913385827
20
-2.1967031496062992
11
-0.1737771653543307
21
-2.1967031496062992
0
LINE
8
BLACK
6
CONTINUOUS
10
-0.1737771653543307
20
-2.1967031496062992
11
-0.1727127559055118
21
-2.1971440551181103
0
LINE
8
BLACK
6
CONTINUOUS
10
-0.0912874803149606
20
-2.2098264960629921
11
-0.0911894881889764
21
-2.2098670866141732
0
LINE
8
BLACK
6
CONTINUOUS
10
-0.0911894881889764
20
-2.2098670866141732
11
-0.0910836614173228
21
-2.2098746062992127
0
LINE
8
BLACK
6
CONTINUOUS
10
-0.0910836614173228
20
-2.2098746062992127
11
-0.090543031496063
21
-2.2100814960629922
0
LINE
8
BLACK
6
CONTINUOUS
10
-0.090543031496063
20
-2.2100814960629922
11
-0.0867935039370079
21
-2.2119562598425198
0
LINE
8
BLACK
6
CONTINUOUS
10
-0.0867935039370079
20
-2.2119562598425198
11
-0.0866971653543307
21
-2.2120168897637793
0
LINE
8
BLACK
6
CONTINUOUS
10
-0.0866971653543307
20
-2.2120168897637793
11
-0.0866517322834646
21
-2.2120320472440946
0
LINE
8
BLACK
6
CONTINUOUS
10
-0.0866517322834646
20
-2.2120320472440946
11
-0.0865951968503937
21
-2.2120810629921261
0
LINE
8
BLACK
6
CONTINUOUS
10
-0.0865951968503937
20
-2.2120810629921261
11
-0.0863036220472441
21
-2.2122646062992124
0
LINE
8
BLACK
6
CONTINUOUS
10
-0.0863036220472441
20
-2.2122646062992124
11
-0.086061062992126
21
-2.2125442913385824
0
LINE
8
BLACK
6
CONTINUOUS
10
-0.086061062992126
20
-2.2125442913385824
11
-0.0857813385826772
21
-2.2127868897637795
0
LINE
8
BLACK
6
CONTINUOUS
10
-0.0857813385826772
20
-2.2127868897637795
11
-0.0855978346456693
21
-2.2130784251968505
0
LINE
8
BLACK
6
CONTINUOUS
10
-0.0855978346456693
20
-2.2130784251968505
11
-0.0855487795275591
21
-2.2131349999999999
0
LINE
8
BLACK
6
CONTINUOUS
10
-0.0855487795275591
20
-2.2131349999999999
11
-0.0855336614173228
21
-2.2131803937007875
0
LINE
8
BLACK
6
CONTINUOUS
10
-0.0855336614173228
20
-2.2131803937007875
11
-0.0854729921259842
21
-2.2132767716535433
0
LINE
8
BLACK
6
CONTINUOUS
10
-0.0854729921259842
20
-2.2132767716535433
11
-0.0835982283464567
21
-2.2170262992125984
0
LINE
8
BLACK
6
CONTINUOUS
10
-0.0835982283464567
20
-2.2170262992125984
11
-0.0833913385826772
21
-2.2175668897637797
0
LINE
8
BLACK
6
CONTINUOUS
10
-0.0833913385826772
20
-2.2175668897637797
11
-0.0833838188976378
21
-2.2176727559055118
0
LINE
8
BLACK
6
CONTINUOUS
10
-0.0833838188976378
20
-2.2176727559055118
11
-0.0833432283464567
21
-2.2177707480314961
0
LINE
8
BLACK
6
CONTINUOUS
10
-0.0833432283464567
20
-2.2177707480314961
11
-0.0832864960629921
21
-2.218346811023622
0
LINE
8
BLACK
6
CONTINUOUS
10
-0.0832864960629921
20
-2.218346811023622
11
-0.0832864960629921
21
-2.2220963385826771
0
LINE
8
BLACK
6
CONTINUOUS
10
-0.0832864960629921
20
-2.2220963385826771
11
-0.0833432283464567
21
-2.2226724015748029
0
LINE
8
BLACK
6
CONTINUOUS
10
-0.0833432283464567
20
-2.2226724015748029
11
-0.0834540157480315
21
-2.2229397637795274
0
LINE
8
BLACK
6
CONTINUOUS
10
-0.0834540157480315
20
-2.2229397637795274
11
-0.0835101181102362
21
-2.2232234645669289
0
LINE
8
BLACK
6
CONTINUOUS
10
-0.0835101181102362
20
-2.2232234645669289
11
-0.0836722047244094
21
-2.2234665748031497
0
LINE
8
BLACK
6
CONTINUOUS
10
-0.0836722047244094
20
-2.2234665748031497
11
-0.0837841338582677
21
-2.2237368110236222
0
LINE
8
BLACK
6
CONTINUOUS
10
-0.0837841338582677
20
-2.2237368110236222
11
-0.0839887795275591
21
-2.2239414566929132
0
LINE
8
BLACK
6
CONTINUOUS
10
-0.0839887795275591
20
-2.2239414566929132
11
-0.0841491732283465
21
-2.2241820472440943
0
LINE
8
BLACK
6
CONTINUOUS
10
-0.0841491732283465
20
-2.2241820472440943
11
-0.0843920078740157
21
-2.2243446456692912
0
LINE
8
BLACK
6
CONTINUOUS
10
-0.0843920078740157
20
-2.2243446456692912
11
-0.0845987795275591
21
-2.2245514566929132
0
LINE
8
BLACK
6
CONTINUOUS
10
-0.0845987795275591
20
-2.2245514566929132
11
-0.084866062992126
21
-2.2246621653543306
0
LINE
8
BLACK
6
CONTINUOUS
10
-0.084866062992126
20
-2.2246621653543306
11
-0.0851064173228346
21
-2.2248231496062991
0
LINE
8
BLACK
6
CONTINUOUS
10
-0.0851064173228346
20
-2.2248231496062991
11
-0.0856601968503937
21
-2.2249917716535434
0
LINE
8
BLACK
6
CONTINUOUS
10
-0.0856601968503937
20
-2.2249917716535434
11
-0.1020341338582677
21
-2.2282665354330708
0
LINE
8
BLACK
6
CONTINUOUS
10
-0.1020341338582677
20
-2.2282665354330708
11
-0.1020341338582677
21
-2.2326478740157478
0
LINE
8
BLACK
6
CONTINUOUS
10
-0.1020341338582677
20
-2.2326478740157478
11
-0.1009112992125984
21
-2.234893622047244
0
LINE
8
BLACK
6
CONTINUOUS
10
-0.1009112992125984
20
-2.234893622047244
11
-0.0986655511811024
21
-2.2360164960629922
0
LINE
8
BLACK
6
CONTINUOUS
10
-0.0986655511811024
20
-2.2360164960629922
11
-0.0925605905511811
21
-2.2360164960629922
0
LINE
8
BLACK
6
CONTINUOUS
10
-0.0925605905511811
20
-2.2360164960629922
11
-0.0894345275590551
21
-2.2344534645669292
0
LINE
8
BLACK
6
CONTINUOUS
10
-0.0894345275590551
20
-2.2344534645669292
11
-0.088893937007874
21
-2.2342465748031497
0
LINE
8
BLACK
6
CONTINUOUS
10
-0.088893937007874
20
-2.2342465748031497
11
-0.0877447244094488
21
-2.2341649212598425
0
LINE
8
BLACK
6
CONTINUOUS
10
-0.0877447244094488
20
-2.2341649212598425
11
-0.0866517322834646
21
-2.234529251968504
0
LINE
8
BLACK
6
CONTINUOUS
10
-0.0866517322834646
20
-2.234529251968504
11
-0.0857813779527559
21
-2.2352840944881889
0
LINE
8
BLACK
6
CONTINUOUS
10
-0.0857813779527559
20
-2.2352840944881889
11
-0.0852661023622047
21
-2.2363146062992127
0
LINE
8
BLACK
6
CONTINUOUS
10
-0.0852661023622047
20
-2.2363146062992127
11
-0.0851844488188976
21
-2.2374638188976377
0
LINE
8
BLACK
6
CONTINUOUS
10
-0.0851844488188976
20
-2.2374638188976377
11
-0.0855487795275591
21
-2.2385567716535433
0
LINE
8
BLACK
6
CONTINUOUS
10
-0.0855487795275591
20
-2.2385567716535433
11
-0.0863036220472441
21
-2.2394271653543307
0
LINE
8
BLACK
6
CONTINUOUS
10
-0.0863036220472441
20
-2.2394271653543307
11
-0.0867935039370079
21
-2.2397355118110234
0
LINE
8
BLACK
6
CONTINUOUS
10
-0.0867935039370079
20
-2.2397355118110234
11
-0.090543031496063
21
-2.2416102755905509
0
LINE
8
BLACK
6
CONTINUOUS
10
-0.090543031496063
20
-2.2416102755905509
11
-0.0910836614173228
21
-2.2418171653543308
0
LINE
8
BLACK
6
CONTINUOUS
10
-0.0910836614173228
20
-2.2418171653543308
11
-0.0911894881889764
21
-2.2418246456692912
0
LINE
8
BLACK
6
CONTINUOUS
10
-0.0911894881889764
20
-2.2418246456692912
11
-0.0912874803149606
21
-2.241865275590551
0
LINE
8
BLACK
6
CONTINUOUS
10
-0.0912874803149606
20
-2.241865275590551
11
-0.0918635433070866
21
-2.2419220078740159
0
LINE
8
BLACK
6
CONTINUOUS
10
-0.0918635433070866
20
-2.2419220078740159
11
-0.0993625984251968
21
-2.2419220078740159
0
LINE
8
BLACK
6
CONTINUOUS
10
-0.0993625984251968
20
-2.2419220078740159
11
-0.0999386614173228
21
-2.241865275590551
0
LINE
8
BLACK
6
CONTINUOUS
10
-0.0999386614173228
20
-2.241865275590551
11
-0.1000366535433071
21
-2.2418246850393699
0
LINE
8
BLACK
6
CONTINUOUS
10
-0.1000366535433071
20
-2.2418246850393699
11
-0.1001425196850394
21
-2.2418171653543308
0
LINE
8
BLACK
6
CONTINUOUS
10
-0.1001425196850394
20
-2.2418171653543308
11
-0.1006831102362205
21
-2.2416102755905509
0
LINE
8
BLACK
6
CONTINUOUS
10
-0.1006831102362205
20
-2.2416102755905509
11
-0.1044326377952756
21
-2.2397355118110234
0
LINE
8
BLACK
6
CONTINUOUS
10
-0.1044326377952756
20
-2.2397355118110234
11
-0.1045290157480315
21
-2.2396748425196851
0
LINE
8
BLACK
6
CONTINUOUS
10
-0.1045290157480315
20
-2.2396748425196851
11
-0.1045744094488189
21
-2.2396597244094489
0
LINE
8
BLACK
6
CONTINUOUS
10
-0.1045744094488189
20
-2.2396597244094489
11
-0.1046309842519685
21
-2.2396106692913387
0
LINE
8
BLACK
6
CONTINUOUS
10
-0.1046309842519685
20
-2.2396106692913387
11
-0.1049225196850394
21
-2.2394271653543307
0
LINE
8
BLACK
6
CONTINUOUS
10
-0.1049225196850394
20
-2.2394271653543307
11
-0.1051651968503937
21
-2.2391473228346457
0
LINE
8
BLACK
6
CONTINUOUS
10
-0.1051651968503937
20
-2.2391473228346457
11
-0.1054448031496063
21
-2.2389048425196849
0
LINE
8
BLACK
6
CONTINUOUS
10
-0.1054448031496063
20
-2.2389048425196849
11
-0.1056283070866142
21
-2.2386133464566931
0
LINE
8
BLACK
6
CONTINUOUS
10
-0.1056283070866142
20
-2.2386133464566931
11
-0.1056773622047244
21
-2.2385567716535433
0
LINE
8
BLACK
6
CONTINUOUS
10
-0.1056773622047244
20
-2.2385567716535433
11
-0.1056925196850394
21
-2.2385112992125982
0
LINE
8
BLACK
6
CONTINUOUS
10
-0.1056925196850394
20
-2.2385112992125982
11
-0.1057531496062992
21
-2.2384149999999998
0
LINE
8
BLACK
6
CONTINUOUS
10
-0.1057531496062992
20
-2.2384149999999998
11
-0.1076279133858268
21
-2.234665433070866
0
LINE
8
BLACK
6
CONTINUOUS
10
-0.1076279133858268
20
-2.234665433070866
11
-0.1078348031496063
21
-2.2341248031496064
0
LINE
8
BLACK
6
CONTINUOUS
10
-0.1078348031496063
20
-2.2341248031496064
11
-0.1078423228346457
21
-2.2340189763779525
0
LINE
8
BLACK
6
CONTINUOUS
10
-0.1078423228346457
20
-2.2340189763779525
11
-0.1078829133858268
21
-2.2339209842519683
0
LINE
8
BLACK
6
CONTINUOUS
10
-0.1078829133858268
20
-2.2339209842519683
11
-0.1079396456692913
21
-2.2333449212598424
0
LINE
8
BLACK
6
CONTINUOUS
10
-0.1079396456692913
20
-2.2333449212598424
11
-0.1079396456692913
21
-2.218346811023622
0
LINE
8
BLACK
6
CONTINUOUS
10
-0.1079396456692913
20
-2.218346811023622
11
-0.1078829133858268
21
-2.2177707480314961
0
LINE
8
BLACK
6
CONTINUOUS
10
-0.1078829133858268
20
-2.2177707480314961
11
-0.1078423228346457
21
-2.2176727165354331
0
LINE
8
BLACK
6
CONTINUOUS
10
-0.1078423228346457
20
-2.2176727165354331
11
-0.1078348031496063
21
-2.217566929133858
0
LINE
8
BLACK
6
CONTINUOUS
10
-0.1078348031496063
20
-2.217566929133858
11
-0.1076279133858268
21
-2.2170262992125984
0
LINE
8
BLACK
6
CONTINUOUS
10
-0.1076279133858268
20
-2.2170262992125984
11
-0.1057531496062992
21
-2.2132767716535433
0
LINE
8
BLACK
6
CONTINUOUS
10
-0.1057531496062992
20
-2.2132767716535433
11
-0.1056925196850394
21
-2.2131803937007875
0
LINE
8
BLACK
6
CONTINUOUS
10
-0.1056925196850394
20
-2.2131803937007875
11
-0.1056773622047244
21
-2.2131349999999999
0
LINE
8
BLACK
6
CONTINUOUS
10
-0.1056773622047244
20
-2.2131349999999999
11
-0.1056283464566929
21
-2.2130784251968505
0
LINE
8
BLACK
6
CONTINUOUS
10
-0.1056283464566929
20
-2.2130784251968505
11
-0.1054448031496063
21
-2.2127868897637795
0
LINE
8
BLACK
6
CONTINUOUS
10
-0.1054448031496063
20
-2.2127868897637795
11
-0.1051651181102362
21
-2.2125442913385824
0
LINE
8
BLACK
6
CONTINUOUS
10
-0.1051651181102362
20
-2.2125442913385824
11
-0.1049225196850394
21
-2.2122646062992124
0
LINE
8
BLACK
6
CONTINUOUS
10
-0.1049225196850394
20
-2.2122646062992124
11
-0.1046309842519685
21
-2.2120810629921261
0
LINE
8
BLACK
6
CONTINUOUS
10
-0.1046309842519685
20
-2.2120810629921261
11
-0.1045744094488189
21
-2.2120320472440946
0
LINE
8
BLACK
6
CONTINUOUS
10
-0.1045744094488189
20
-2.2120320472440946
11
-0.1045290157480315
21
-2.2120168897637793
0
LINE
8
BLACK
6
CONTINUOUS
10
-0.1045290157480315
20
-2.2120168897637793
11
-0.1044326377952756
21
-2.2119562598425198
0
LINE
8
BLACK
6
CONTINUOUS
10
-0.1044326377952756
20
-2.2119562598425198
11
-0.1006831102362205
21
-2.2100814960629922
0
LINE
8
BLACK
6
CONTINUOUS
10
-0.1006831102362205
20
-2.2100814960629922
11
-0.1001425196850394
21
-2.2098746062992127
0
LINE
8
BLACK
6
CONTINUOUS
10
-0.1001425196850394
20
-2.2098746062992127
11
-0.1000366535433071
21
-2.2098670472440944
0
LINE
8
BLACK
6
CONTINUOUS
10
-0.1000366535433071
20
-2.2098670472440944
11
-0.0999386614173228
21
-2.2098264960629921
0
LINE
8
BLACK
6
CONTINUOUS
10
-0.0999386614173228
20
-2.2098264960629921
11
-0.0993625984251968
21
-2.2097697637795277
0
LINE
8
BLACK
6
CONTINUOUS
10
-0.0993625984251968
20
-2.2097697637795277
11
-0.0918635433070866
21
-2.2097697637795277
0
LINE
8
BLACK
6
CONTINUOUS
10
-0.0918635433070866
20
-2.2097697637795277
11
-0.0912874803149606
21
-2.2098264960629921
0
LINE
8
BLACK
6
CONTINUOUS
10
-0.1009112992125984
20
-2.2167981102362204
11
-0.1020341338582677
21
-2.2190438582677166
0
LINE
8
BLACK
6
CONTINUOUS
10
-0.1020341338582677
20
-2.2190438582677166
11
-0.1020341338582677
21
-2.2222440551181104
0
LINE
8
BLACK
6
CONTINUOUS
10
-0.1020341338582677
20
-2.2222440551181104
11
-0.0891920078740158
21
-2.2196756692913384
0
LINE
8
BLACK
6
CONTINUOUS
10
-0.0891920078740158
20
-2.2196756692913384
11
-0.0891920078740158
21
-2.2190438582677166
0
LINE
8
BLACK
6
CONTINUOUS
10
-0.0891920078740158
20
-2.2190438582677166
11
-0.0903148818897638
21
-2.2167981102362204
0
LINE
8
BLACK
6
CONTINUOUS
10
-0.0903148818897638
20
-2.2167981102362204
11
-0.0925605905511811
21
-2.2156752755905513
0
LINE
8
BLACK
6
CONTINUOUS
10
-0.0925605905511811
20
-2.2156752755905513
11
-0.0986655511811024
21
-2.2156752755905513
0
LINE
8
BLACK
6
CONTINUOUS
10
-0.0986655511811024
20
-2.2156752755905513
11
-0.1009112992125984
21
-2.2167981102362204
0
LINE
8
BLACK
6
CONTINUOUS
10
-0.0152324409448819
20
-2.1971440551181103
11
-0.0144177952755906
21
-2.1979587007874017
0
LINE
8
BLACK
6
CONTINUOUS
10
-0.0144177952755906
20
-2.1979587007874017
11
-0.0139768897637795
21
-2.1990231102362205
0
LINE
8
BLACK
6
CONTINUOUS
10
-0.0139768897637795
20
-2.1990231102362205
11
-0.013920157480315
21
-2.1995991732283464
0
LINE
8
BLACK
6
CONTINUOUS
10
-0.013920157480315
20
-2.1995991732283464
11
-0.013920157480315
21
-2.2389692519685038
0
LINE
8
BLACK
6
CONTINUOUS
10
-0.013920157480315
20
-2.2389692519685038
11
-0.0139768897637795
21
-2.2395453149606297
0
LINE
8
BLACK
6
CONTINUOUS
10
-0.0139768897637795
20
-2.2395453149606297
11
-0.0144177952755906
21
-2.2406097244094489
0
LINE
8
BLACK
6
CONTINUOUS
10
-0.0144177952755906
20
-2.2406097244094489
11
-0.0152324409448819
21
-2.24142437007874
0
LINE
8
BLACK
6
CONTINUOUS
10
-0.0152324409448819
20
-2.24142437007874
11
-0.0162968503937008
21
-2.241865275590551
0
LINE
8
BLACK
6
CONTINUOUS
10
-0.0162968503937008
20
-2.241865275590551
11
-0.0174489763779528
21
-2.241865275590551
0
LINE
8
BLACK
6
CONTINUOUS
10
-0.0174489763779528
20
-2.241865275590551
11
-0.0185133858267717
21
-2.24142437007874
0
LINE
8
BLACK
6
CONTINUOUS
10
-0.0185133858267717
20
-2.24142437007874
11
-0.0186523228346457
21
-2.2412854330708663
0
LINE
8
BLACK
6
CONTINUOUS
10
-0.0186523228346457
20
-2.2412854330708663
11
-0.0193019291338583
21
-2.2416102755905509
0
LINE
8
BLACK
6
CONTINUOUS
10
-0.0193019291338583
20
-2.2416102755905509
11
-0.0198425590551181
21
-2.2418171653543308
0
LINE
8
BLACK
6
CONTINUOUS
10
-0.0198425590551181
20
-2.2418171653543308
11
-0.0199483858267717
21
-2.2418246456692912
0
LINE
8
BLACK
6
CONTINUOUS
10
-0.0199483858267717
20
-2.2418246456692912
11
-0.0200463779527559
21
-2.241865275590551
0
LINE
8
BLACK
6
CONTINUOUS
10
-0.0200463779527559
20
-2.241865275590551
11
-0.0206224409448819
21
-2.2419220078740159
0
LINE
8
BLACK
6
CONTINUOUS
10
-0.0206224409448819
20
-2.2419220078740159
11
-0.0281214960629921
21
-2.2419220078740159
0
LINE
8
BLACK
6
CONTINUOUS
10
-0.0281214960629921
20
-2.2419220078740159
11
-0.0286975590551181
21
-2.241865275590551
0
LINE
8
BLACK
6
CONTINUOUS
10
-0.0286975590551181
20
-2.241865275590551
11
-0.0287955511811024
21
-2.2418246850393699
0
LINE
8
BLACK
6
CONTINUOUS
10
-0.0287955511811024
20
-2.2418246850393699
11
-0.0289014173228346
21
-2.2418171653543308
0
LINE
8
BLACK
6
CONTINUOUS
10
-0.0289014173228346
20
-2.2418171653543308
11
-0.0294420078740157
21
-2.2416102755905509
0
LINE
8
BLACK
6
CONTINUOUS
10
-0.0294420078740157
20
-2.2416102755905509
11
-0.0331915354330709
21
-2.2397355118110234
0
LINE
8
BLACK
6
CONTINUOUS
10
-0.0331915354330709
20
-2.2397355118110234
11
-0.0334395669291339
21
-2.2395794094488188
0
LINE
8
BLACK
6
CONTINUOUS
10
-0.0334395669291339
20
-2.2395794094488188
11
-0.0335114960629921
21
-2.2395496062992124
0
LINE
8
BLACK
6
CONTINUOUS
10
-0.0335114960629921
20
-2.2395496062992124
11
-0.0335924803149606
21
-2.2394831496062992
0
LINE
8
BLACK
6
CONTINUOUS
10
-0.0335924803149606
20
-2.2394831496062992
11
-0.0336814173228346
21
-2.2394271653543307
0
LINE
8
BLACK
6
CONTINUOUS
10
-0.0336814173228346
20
-2.2394271653543307
11
-0.0337326377952756
21
-2.2393681102362204
0
LINE
8
BLACK
6
CONTINUOUS
10
-0.0337326377952756
20
-2.2393681102362204
11
-0.0339589763779528
21
-2.2391823622047244
0
LINE
8
BLACK
6
CONTINUOUS
10
-0.0339589763779528
20
-2.2391823622047244
11
-0.0358337401574803
21
-2.2373075590551181
0
LINE
8
BLACK
6
CONTINUOUS
10
-0.0358337401574803
20
-2.2373075590551181
11
-0.0360194881889764
21
-2.2370812204724411
0
LINE
8
BLACK
6
CONTINUOUS
10
-0.0360194881889764
20
-2.2370812204724411
11
-0.0360784645669291
21
-2.2370300787401574
0
LINE
8
BLACK
6
CONTINUOUS
10
-0.0360784645669291
20
-2.2370300787401574
11
-0.0361344488188976
21
-2.2369411417322835
0
LINE
8
BLACK
6
CONTINUOUS
10
-0.0361344488188976
20
-2.2369411417322835
11
-0.0362009448818898
21
-2.2368601181102363
0
LINE
8
BLACK
6
CONTINUOUS
10
-0.0362009448818898
20
-2.2368601181102363
11
-0.0362307874015748
21
-2.2367880708661416
0
LINE
8
BLACK
6
CONTINUOUS
10
-0.0362307874015748
20
-2.2367880708661416
11
-0.036386811023622
21
-2.2365401968503935
0
LINE
8
BLACK
6
CONTINUOUS
10
-0.036386811023622
20
-2.2365401968503935
11
-0.0382615748031496
21
-2.2327906692913384
0
LINE
8
BLACK
6
CONTINUOUS
10
-0.0382615748031496
20
-2.2327906692913384
11
-0.0384684645669291
21
-2.2322500393700788
0
LINE
8
BLACK
6
CONTINUOUS
10
-0.0384684645669291
20
-2.2322500393700788
11
-0.0384759842519685
21
-2.232144212598425
0
LINE
8
BLACK
6
CONTINUOUS
10
-0.0384759842519685
20
-2.232144212598425
11
-0.0385165748031496
21
-2.2320462204724407
0
LINE
8
BLACK
6
CONTINUOUS
10
-0.0385165748031496
20
-2.2320462204724407
11
-0.0385733070866142
21
-2.2314701574803149
0
LINE
8
BLACK
6
CONTINUOUS
10
-0.0385733070866142
20
-2.2314701574803149
11
-0.0385733070866142
21
-2.2202215748031495
0
LINE
8
BLACK
6
CONTINUOUS
10
-0.0385733070866142
20
-2.2202215748031495
11
-0.0385165748031496
21
-2.2196455118110237
0
LINE
8
BLACK
6
CONTINUOUS
10
-0.0385165748031496
20
-2.2196455118110237
11
-0.0384759842519685
21
-2.2195474803149606
0
LINE
8
BLACK
6
CONTINUOUS
10
-0.0384759842519685
20
-2.2195474803149606
11
-0.0384684645669291
21
-2.2194416929133856
0
LINE
8
BLACK
6
CONTINUOUS
10
-0.0384684645669291
20
-2.2194416929133856
11
-0.0382615748031496
21
-2.218901062992126
0
LINE
8
BLACK
6
CONTINUOUS
10
-0.0382615748031496
20
-2.218901062992126
11
-0.036386811023622
21
-2.2151515354330709
0
LINE
8
BLACK
6
CONTINUOUS
10
-0.036386811023622
20
-2.2151515354330709
11
-0.0362307480314961
21
-2.2149035039370077
0
LINE
8
BLACK
6
CONTINUOUS
10
-0.0362307480314961
20
-2.2149035039370077
11
-0.036200905511811
21
-2.2148315748031497
0
LINE
8
BLACK
6
CONTINUOUS
10
-0.036200905511811
20
-2.2148315748031497
11
-0.0361344488188976
21
-2.2147505905511808
0
LINE
8
BLACK
6
CONTINUOUS
10
-0.0361344488188976
20
-2.2147505905511808
11
-0.0360784645669291
21
-2.214661653543307
0
LINE
8
BLACK
6
CONTINUOUS
10
-0.0360784645669291
20
-2.214661653543307
11
-0.0360194881889764
21
-2.214610472440945
0
LINE
8
BLACK
6
CONTINUOUS
10
-0.0360194881889764
20
-2.214610472440945
11
-0.0358337007874016
21
-2.2143841338582675
0
LINE
8
BLACK
6
CONTINUOUS
10
-0.0358337007874016
20
-2.2143841338582675
11
-0.033958937007874
21
-2.2125093700787399
0
LINE
8
BLACK
6
CONTINUOUS
10
-0.033958937007874
20
-2.2125093700787399
11
-0.0337325984251969
21
-2.2123235826771652
0
LINE
8
BLACK
6
CONTINUOUS
10
-0.0337325984251969
20
-2.2123235826771652
11
-0.0336814173228346
21
-2.2122646062992124
0
LINE
8
BLACK
6
CONTINUOUS
10
-0.0336814173228346
20
-2.2122646062992124
11
-0.0335924803149606
21
-2.2122086220472439
0
LINE
8
BLACK
6
CONTINUOUS
10
-0.0335924803149606
20
-2.2122086220472439
11
-0.0335114960629921
21
-2.2121421653543307
0
LINE
8
BLACK
6
CONTINUOUS
10
-0.0335114960629921
20
-2.2121421653543307
11
-0.0334395669291339
21
-2.2121123228346455
0
LINE
8
BLACK
6
CONTINUOUS
10
-0.0334395669291339
20
-2.2121123228346455
11
-0.0331915354330709
21
-2.2119562598425198
0
LINE
8
BLACK
6
CONTINUOUS
10
-0.0331915354330709
20
-2.2119562598425198
11
-0.0294420078740157
21
-2.2100814960629922
0
LINE
8
BLACK
6
CONTINUOUS
10
-0.0294420078740157
20
-2.2100814960629922
11
-0.0289014173228346
21
-2.2098746062992127
0
LINE
8
BLACK
6
CONTINUOUS
10
-0.0289014173228346
20
-2.2098746062992127
11
-0.0287955511811024
21
-2.2098670472440944
0
LINE
8
BLACK
6
CONTINUOUS
10
-0.0287955511811024
20
-2.2098670472440944
11
-0.0286975590551181
21
-2.2098264960629921
0
LINE
8
BLACK
6
CONTINUOUS
10
-0.0286975590551181
20
-2.2098264960629921
11
-0.0281214960629921
21
-2.2097697637795277
0
LINE
8
BLACK
6
CONTINUOUS
10
-0.0281214960629921
20
-2.2097697637795277
11
-0.0206224409448819
21
-2.2097697637795277
0
LINE
8
BLACK
6
CONTINUOUS
10
-0.0206224409448819
20
-2.2097697637795277
11
-0.0200463779527559
21
-2.2098264960629921
0
LINE
8
BLACK
6
CONTINUOUS
10
-0.0200463779527559
20
-2.2098264960629921
11
-0.0199483858267717
21
-2.2098670866141732
0
LINE
8
BLACK
6
CONTINUOUS
10
-0.0199483858267717
20
-2.2098670866141732
11
-0.0198425590551181
21
-2.2098746062992127
0
LINE
8
BLACK
6
CONTINUOUS
10
-0.0198425590551181
20
-2.2098746062992127
11
-0.0198256692913386
21
-2.2098810629921259
0
LINE
8
BLACK
6
CONTINUOUS
10
-0.0198256692913386
20
-2.2098810629921259
11
-0.0198256692913386
21
-2.1995991732283464
0
LINE
8
BLACK
6
CONTINUOUS
10
-0.0198256692913386
20
-2.1995991732283464
11
-0.019768937007874
21
-2.1990231102362205
0
LINE
8
BLACK
6
CONTINUOUS
10
-0.019768937007874
20
-2.1990231102362205
11
-0.019328031496063
21
-2.1979587007874017
0
LINE
8
BLACK
6
CONTINUOUS
10
-0.019328031496063
20
-2.1979587007874017
11
-0.0185133858267717
21
-2.1971440551181103
0
LINE
8
BLACK
6
CONTINUOUS
10
-0.0185133858267717
20
-2.1971440551181103
11
-0.0174489763779528
21
-2.1967031496062992
0
LINE
8
BLACK
6
CONTINUOUS
10
-0.0174489763779528
20
-2.1967031496062992
11
-0.0162968503937008
21
-2.1967031496062992
0
LINE
8
BLACK
6
CONTINUOUS
10
-0.0162968503937008
20
-2.1967031496062992
11
-0.0152324409448819
21
-2.1971440551181103
0
LINE
8
BLACK
6
CONTINUOUS
10
-0.0301219291338583
20
-2.2170240157480317
11
-0.0313190551181102
21
-2.2182211417322835
0
LINE
8
BLACK
6
CONTINUOUS
10
-0.0313190551181102
20
-2.2182211417322835
11
-0.0326677952755905
21
-2.2209186220472441
0
LINE
8
BLACK
6
CONTINUOUS
10
-0.0326677952755905
20
-2.2209186220472441
11
-0.0326677952755905
21
-2.2307731102362203
0
LINE
8
BLACK
6
CONTINUOUS
10
-0.0326677952755905
20
-2.2307731102362203
11
-0.0313190551181102
21
-2.2334705905511809
0
LINE
8
BLACK
6
CONTINUOUS
10
-0.0313190551181102
20
-2.2334705905511809
11
-0.0301219291338583
21
-2.2346677559055119
0
LINE
8
BLACK
6
CONTINUOUS
10
-0.0301219291338583
20
-2.2346677559055119
11
-0.0274244488188976
21
-2.2360164960629922
0
LINE
8
BLACK
6
CONTINUOUS
10
-0.0274244488188976
20
-2.2360164960629922
11
-0.0213194881889764
21
-2.2360164960629922
0
LINE
8
BLACK
6
CONTINUOUS
10
-0.0213194881889764
20
-2.2360164960629922
11
-0.0198256692913386
21
-2.2352695669291336
0
LINE
8
BLACK
6
CONTINUOUS
10
-0.0198256692913386
20
-2.2352695669291336
11
-0.0198256692913386
21
-2.2164221653543308
0
LINE
8
BLACK
6
CONTINUOUS
10
-0.0198256692913386
20
-2.2164221653543308
11
-0.0213194881889764
21
-2.2156752755905513
0
LINE
8
BLACK
6
CONTINUOUS
10
-0.0213194881889764
20
-2.2156752755905513
11
-0.0274244488188976
21
-2.2156752755905513
0
LINE
8
BLACK
6
CONTINUOUS
10
-0.0274244488188976
20
-2.2156752755905513
11
-0.0301219291338583
21
-2.2170240157480317
0
LINE
8
BLACK
6
CONTINUOUS
10
0.0436956692913386
20
-2.2098264960629921
11
0.0437936614173228
21
-2.2098670866141732
0
LINE
8
BLACK
6
CONTINUOUS
10
0.0437936614173228
20
-2.2098670866141732
11
0.0438994881889764
21
-2.2098746062992127
0
LINE
8
BLACK
6
CONTINUOUS
10
0.0438994881889764
20
-2.2098746062992127
11
0.0444401181102362
21
-2.2100814960629922
0
LINE
8
BLACK
6
CONTINUOUS
10
0.0444401181102362
20
-2.2100814960629922
11
0.0481896456692913
21
-2.2119562598425198
0
LINE
8
BLACK
6
CONTINUOUS
10
0.0481896456692913
20
-2.2119562598425198
11
0.0482859842519685
21
-2.2120168897637793
0
LINE
8
BLACK
6
CONTINUOUS
10
0.0482859842519685
20
-2.2120168897637793
11
0.0483314173228346
21
-2.2120320472440946
0
LINE
8
BLACK
6
CONTINUOUS
10
0.0483314173228346
20
-2.2120320472440946
11
0.0483879527559055
21
-2.2120810629921261
0
LINE
8
BLACK
6
CONTINUOUS
10
0.0483879527559055
20
-2.2120810629921261
11
0.0486795275590551
21
-2.2122646062992124
0
LINE
8
BLACK
6
CONTINUOUS
10
0.0486795275590551
20
-2.2122646062992124
11
0.0489220866141732
21
-2.2125442913385824
0
LINE
8
BLACK
6
CONTINUOUS
10
0.0489220866141732
20
-2.2125442913385824
11
0.049201811023622
21
-2.2127868897637795
0
LINE
8
BLACK
6
CONTINUOUS
10
0.049201811023622
20
-2.2127868897637795
11
0.0493853149606299
21
-2.2130784251968505
0
LINE
8
BLACK
6
CONTINUOUS
10
0.0493853149606299
20
-2.2130784251968505
11
0.0494343700787402
21
-2.2131349999999999
0
LINE
8
BLACK
6
CONTINUOUS
10
0.0494343700787402
20
-2.2131349999999999
11
0.0494494881889764
21
-2.2131803937007875
0
LINE
8
BLACK
6
CONTINUOUS
10
0.0494494881889764
20
-2.2131803937007875
11
0.049510157480315
21
-2.2132767716535433
0
LINE
8
BLACK
6
CONTINUOUS
10
0.049510157480315
20
-2.2132767716535433
11
0.0513849212598425
21
-2.2170262992125984
0
LINE
8
BLACK
6
CONTINUOUS
10
0.0513849212598425
20
-2.2170262992125984
11
0.051591811023622
21
-2.2175668897637797
0
LINE
8
BLACK
6
CONTINUOUS
10
0.051591811023622
20
-2.2175668897637797
11
0.0515993307086614
21
-2.2176727559055118
0
LINE
8
BLACK
6
CONTINUOUS
10
0.0515993307086614
20
-2.2176727559055118
11
0.0516399212598425
21
-2.2177707480314961
0
LINE
8
BLACK
6
CONTINUOUS
10
0.0516399212598425
20
-2.2177707480314961
11
0.0516966535433071
21
-2.218346811023622
0
LINE
8
BLACK
6
CONTINUOUS
10
0.0516966535433071
20
-2.218346811023622
11
0.0516966535433071
21
-2.2389692519685038
0
LINE
8
BLACK
6
CONTINUOUS
10
0.0516966535433071
20
-2.2389692519685038
11
0.0516399212598425
21
-2.2395453149606297
0
LINE
8
BLACK
6
CONTINUOUS
10
0.0516399212598425
20
-2.2395453149606297
11
0.0511990157480315
21
-2.2406097244094489
0
LINE
8
BLACK
6
CONTINUOUS
10
0.0511990157480315
20
-2.2406097244094489
11
0.0503843700787402
21
-2.24142437007874
0
LINE
8
BLACK
6
CONTINUOUS
10
0.0503843700787402
20
-2.24142437007874
11
0.0493199606299213
21
-2.241865275590551
0
LINE
8
BLACK
6
CONTINUOUS
10
0.0493199606299213
20
-2.241865275590551
11
0.0481678346456693
21
-2.241865275590551
0
LINE
8
BLACK
6
CONTINUOUS
10
0.0481678346456693
20
-2.241865275590551
11
0.0471034251968504
21
-2.24142437007874
0
LINE
8
BLACK
6
CONTINUOUS
10
0.0471034251968504
20
-2.24142437007874
11
0.0469644881889764
21
-2.2412854330708663
0
LINE
8
BLACK
6
CONTINUOUS
10
0.0469644881889764
20
-2.2412854330708663
11
0.0463148818897638
21
-2.2416102755905509
0
LINE
8
BLACK
6
CONTINUOUS
10
0.0463148818897638
20
-2.2416102755905509
11
0.0457742519685039
21
-2.2418171653543308
0
LINE
8
BLACK
6
CONTINUOUS
10
0.0457742519685039
20
-2.2418171653543308
11
0.0456684251968504
21
-2.2418246456692912
0
LINE
8
BLACK
6
CONTINUOUS
10
0.0456684251968504
20
-2.2418246456692912
11
0.0455704330708661
21
-2.241865275590551
0
LINE
8
BLACK
6
CONTINUOUS
10
0.0455704330708661
20
-2.241865275590551
11
0.0449943700787402
21
-2.2419220078740159
0
LINE
8
BLACK
6
CONTINUOUS
10
0.0449943700787402
20
-2.2419220078740159
11
0.0356205511811024
21
-2.2419220078740159
0
LINE
8
BLACK
6
CONTINUOUS
10
0.0356205511811024
20
-2.2419220078740159
11
0.0350444881889764
21
-2.241865275590551
0
LINE
8
BLACK
6
CONTINUOUS
10
0.0350444881889764
20
-2.241865275590551
11
0.0349464960629921
21
-2.2418246850393699
0
LINE
8
BLACK
6
CONTINUOUS
10
0.0349464960629921
20
-2.2418246850393699
11
0.0348406299212598
21
-2.2418171653543308
0
LINE
8
BLACK
6
CONTINUOUS
10
0.0348406299212598
20
-2.2418171653543308
11
0.0343000393700787
21
-2.2416102755905509
0
LINE
8
BLACK
6
CONTINUOUS
10
0.0343000393700787
20
-2.2416102755905509
11
0.0305505118110236
21
-2.2397355118110234
0
LINE
8
BLACK
6
CONTINUOUS
10
0.0305505118110236
20
-2.2397355118110234
11
0.0304541338582677
21
-2.2396748425196851
0
LINE
8
BLACK
6
CONTINUOUS
10
0.0304541338582677
20
-2.2396748425196851
11
0.0304087401574803
21
-2.2396597244094489
0
LINE
8
BLACK
6
CONTINUOUS
10
0.0304087401574803
20
-2.2396597244094489
11
0.0303521653543307
21
-2.2396106692913387
0
LINE
8
BLACK
6
CONTINUOUS
10
0.0303521653543307
20
-2.2396106692913387
11
0.0300606299212598
21
-2.2394271653543307
0
LINE
8
BLACK
6
CONTINUOUS
10
0.0300606299212598
20
-2.2394271653543307
11
0.0298179527559055
21
-2.2391473228346457
0
LINE
8
BLACK
6
CONTINUOUS
10
0.0298179527559055
20
-2.2391473228346457
11
0.0295383464566929
21
-2.2389048425196849
0
LINE
8
BLACK
6
CONTINUOUS
10
0.0295383464566929
20
-2.2389048425196849
11
0.029354842519685
21
-2.2386133464566931
0
LINE
8
BLACK
6
CONTINUOUS
10
0.029354842519685
20
-2.2386133464566931
11
0.0293057874015748
21
-2.2385567716535433
0
LINE
8
BLACK
6
CONTINUOUS
10
0.0293057874015748
20
-2.2385567716535433
11
0.0292906299212598
21
-2.2385112992125982
0
LINE
8
BLACK
6
CONTINUOUS
10
0.0292906299212598
20
-2.2385112992125982
11
0.02923
21
-2.2384149999999998
0
LINE
8
BLACK
6
CONTINUOUS
10
0.02923
20
-2.2384149999999998
11
0.0273552362204724
21
-2.234665433070866
0
LINE
8
BLACK
6
CONTINUOUS
10
0.0273552362204724
20
-2.234665433070866
11
0.0271483464566929
21
-2.2341248031496064
0
LINE
8
BLACK
6
CONTINUOUS
10
0.0271483464566929
20
-2.2341248031496064
11
0.0271408267716535
21
-2.2340189763779525
0
LINE
8
BLACK
6
CONTINUOUS
10
0.0271408267716535
20
-2.2340189763779525
11
0.0271002362204724
21
-2.2339209842519683
0
LINE
8
BLACK
6
CONTINUOUS
10
0.0271002362204724
20
-2.2339209842519683
11
0.0270435039370079
21
-2.2333449212598424
0
LINE
8
BLACK
6
CONTINUOUS
10
0.0270435039370079
20
-2.2333449212598424
11
0.0270435039370079
21
-2.2295953937007873
0
LINE
8
BLACK
6
CONTINUOUS
10
0.0270435039370079
20
-2.2295953937007873
11
0.0271002362204724
21
-2.2290193307086614
0
LINE
8
BLACK
6
CONTINUOUS
10
0.0271002362204724
20
-2.2290193307086614
11
0.0271408267716535
21
-2.2289212992125984
0
LINE
8
BLACK
6
CONTINUOUS
10
0.0271408267716535
20
-2.2289212992125984
11
0.0271483464566929
21
-2.2288155118110238
0
LINE
8
BLACK
6
CONTINUOUS
10
0.0271483464566929
20
-2.2288155118110238
11
0.0273552362204724
21
-2.2282748818897637
0
LINE
8
BLACK
6
CONTINUOUS
10
0.0273552362204724
20
-2.2282748818897637
11
0.02923
21
-2.2245253543307086
0
LINE
8
BLACK
6
CONTINUOUS
10
0.02923
20
-2.2245253543307086
11
0.0292906299212598
21
-2.2244289763779528
0
LINE
8
BLACK
6
CONTINUOUS
10
0.0292906299212598
20
-2.2244289763779528
11
0.0293057874015748
21
-2.2243835826771652
0
LINE
8
BLACK
6
CONTINUOUS
10
0.0293057874015748
20
-2.2243835826771652
11
0.0293548031496063
21
-2.2243270078740158
0
LINE
8
BLACK
6
CONTINUOUS
10
0.0293548031496063
20
-2.2243270078740158
11
0.0295383464566929
21
-2.2240354724409448
0
LINE
8
BLACK
6
CONTINUOUS
10
0.0295383464566929
20
-2.2240354724409448
11
0.029818031496063
21
-2.2237928740157478
0
LINE
8
BLACK
6
CONTINUOUS
10
0.029818031496063
20
-2.2237928740157478
11
0.0300606299212598
21
-2.2235131889763777
0
LINE
8
BLACK
6
CONTINUOUS
10
0.0300606299212598
20
-2.2235131889763777
11
0.0303521653543307
21
-2.2233296456692915
0
LINE
8
BLACK
6
CONTINUOUS
10
0.0303521653543307
20
-2.2233296456692915
11
0.0304087401574803
21
-2.22328062992126
0
LINE
8
BLACK
6
CONTINUOUS
10
0.0304087401574803
20
-2.22328062992126
11
0.0304541338582677
21
-2.2232654724409446
0
LINE
8
BLACK
6
CONTINUOUS
10
0.0304541338582677
20
-2.2232654724409446
11
0.0305505118110236
21
-2.2232048425196851
0
LINE
8
BLACK
6
CONTINUOUS
10
0.0305505118110236
20
-2.2232048425196851
11
0.0343000393700787
21
-2.2213300787401575
0
LINE
8
BLACK
6
CONTINUOUS
10
0.0343000393700787
20
-2.2213300787401575
11
0.0348406299212598
21
-2.2211231889763781
0
LINE
8
BLACK
6
CONTINUOUS
10
0.0348406299212598
20
-2.2211231889763781
11
0.0349464960629921
21
-2.2211156299212598
0
LINE
8
BLACK
6
CONTINUOUS
10
0.0349464960629921
20
-2.2211156299212598
11
0.0350444881889764
21
-2.2210750787401574
0
LINE
8
BLACK
6
CONTINUOUS
10
0.0350444881889764
20
-2.2210750787401574
11
0.0356205511811024
21
-2.221018346456693
0
LINE
8
BLACK
6
CONTINUOUS
10
0.0356205511811024
20
-2.221018346456693
11
0.0442973228346457
21
-2.221018346456693
0
LINE
8
BLACK
6
CONTINUOUS
10
0.0442973228346457
20
-2.221018346456693
11
0.0457911417322835
21
-2.2202714173228344
0
LINE
8
BLACK
6
CONTINUOUS
10
0.0457911417322835
20
-2.2202714173228344
11
0.0457911417322835
21
-2.2190438582677166
0
LINE
8
BLACK
6
CONTINUOUS
10
0.0457911417322835
20
-2.2190438582677166
11
0.0446682677165354
21
-2.2167981102362204
0
LINE
8
BLACK
6
CONTINUOUS
10
0.0446682677165354
20
-2.2167981102362204
11
0.0424225590551181
21
-2.2156752755905513
0
LINE
8
BLACK
6
CONTINUOUS
10
0.0424225590551181
20
-2.2156752755905513
11
0.0363175984251968
21
-2.2156752755905513
0
LINE
8
BLACK
6
CONTINUOUS
10
0.0363175984251968
20
-2.2156752755905513
11
0.0331915354330709
21
-2.217238307086614
0
LINE
8
BLACK
6
CONTINUOUS
10
0.0331915354330709
20
-2.217238307086614
11
0.032650905511811
21
-2.2174451968503934
0
LINE
8
BLACK
6
CONTINUOUS
10
0.032650905511811
20
-2.2174451968503934
11
0.0315016929133858
21
-2.2175268503937007
0
LINE
8
BLACK
6
CONTINUOUS
10
0.0315016929133858
20
-2.2175268503937007
11
0.0304087401574803
21
-2.2171625196850395
0
LINE
8
BLACK
6
CONTINUOUS
10
0.0304087401574803
20
-2.2171625196850395
11
0.0295383464566929
21
-2.2164076771653543
0
LINE
8
BLACK
6
CONTINUOUS
10
0.0295383464566929
20
-2.2164076771653543
11
0.0290231102362205
21
-2.2153771653543308
0
LINE
8
BLACK
6
CONTINUOUS
10
0.0290231102362205
20
-2.2153771653543308
11
0.0289414566929134
21
-2.2142279527559054
0
LINE
8
BLACK
6
CONTINUOUS
10
0.0289414566929134
20
-2.2142279527559054
11
0.0293057874015748
21
-2.2131349999999999
0
LINE
8
BLACK
6
CONTINUOUS
10
0.0293057874015748
20
-2.2131349999999999
11
0.0300606299212598
21
-2.2122646062992124
0
LINE
8
BLACK
6
CONTINUOUS
10
0.0300606299212598
20
-2.2122646062992124
11
0.0305505118110236
21
-2.2119562598425198
0
LINE
8
BLACK
6
CONTINUOUS
10
0.0305505118110236
20
-2.2119562598425198
11
0.0343000393700787
21
-2.2100814960629922
0
LINE
8
BLACK
6
CONTINUOUS
10
0.0343000393700787
20
-2.2100814960629922
11
0.0348406299212598
21
-2.2098746062992127
0
LINE
8
BLACK
6
CONTINUOUS
10
0.0348406299212598
20
-2.2098746062992127
11
0.0349464960629921
21
-2.2098670472440944
0
LINE
8
BLACK
6
CONTINUOUS
10
0.0349464960629921
20
-2.2098670472440944
11
0.0350444881889764
21
-2.2098264960629921
0
LINE
8
BLACK
6
CONTINUOUS
10
0.0350444881889764
20
-2.2098264960629921
11
0.0356205511811024
21
-2.2097697637795277
0
LINE
8
BLACK
6
CONTINUOUS
10
0.0356205511811024
20
-2.2097697637795277
11
0.0431196062992126
21
-2.2097697637795277
0
LINE
8
BLACK
6
CONTINUOUS
10
0.0431196062992126
20
-2.2097697637795277
11
0.0436956692913386
21
-2.2098264960629921
0
LINE
8
BLACK
6
CONTINUOUS
10
0.0457742519685039
20
-2.2268190157480316
11
0.0456684251968504
21
-2.226826496062992
0
LINE
8
BLACK
6
CONTINUOUS
10
0.0456684251968504
20
-2.226826496062992
11
0.0455704330708661
21
-2.2268671259842518
0
LINE
8
BLACK
6
CONTINUOUS
10
0.0455704330708661
20
-2.2268671259842518
11
0.0449943700787402
21
-2.2269238582677167
0
LINE
8
BLACK
6
CONTINUOUS
10
0.0449943700787402
20
-2.2269238582677167
11
0.0363175984251968
21
-2.2269238582677167
0
LINE
8
BLACK
6
CONTINUOUS
10
0.0363175984251968
20
-2.2269238582677167
11
0.0340718503937008
21
-2.2280466929133858
0
LINE
8
BLACK
6
CONTINUOUS
10
0.0340718503937008
20
-2.2280466929133858
11
0.0329490157480315
21
-2.2302924409448819
0
LINE
8
BLACK
6
CONTINUOUS
10
0.0329490157480315
20
-2.2302924409448819
11
0.0329490157480315
21
-2.2326478740157478
0
LINE
8
BLACK
6
CONTINUOUS
10
0.0329490157480315
20
-2.2326478740157478
11
0.0340718503937008
21
-2.234893622047244
0
LINE
8
BLACK
6
CONTINUOUS
10
0.0340718503937008
20
-2.234893622047244
11
0.0363175984251968
21
-2.2360164960629922
0
LINE
8
BLACK
6
CONTINUOUS
10
0.0363175984251968
20
-2.2360164960629922
11
0.0442973228346457
21
-2.2360164960629922
0
LINE
8
BLACK
6
CONTINUOUS
10
0.0442973228346457
20
-2.2360164960629922
11
0.0457911417322835
21
-2.2352695669291336
0
LINE
8
BLACK
6
CONTINUOUS
10
0.0457911417322835
20
-2.2352695669291336
11
0.0457911417322835
21
-2.2268125196850392
0
LINE
8
BLACK
6
CONTINUOUS
10
0.0457911417322835
20
-2.2268125196850392
11
0.0457742519685039
21
-2.2268190157480316
0
LINE
8
BLACK
6
CONTINUOUS
10
0.1216254724409449
20
-2.1971440551181103
11
0.1224401181102362
21
-2.1979587007874017
0
LINE
8
BLACK
6
CONTINUOUS
10
0.1224401181102362
20
-2.1979587007874017
11
0.1228810236220472
21
-2.1990231102362205
0
LINE
8
BLACK
6
CONTINUOUS
10
0.1228810236220472
20
-2.1990231102362205
11
0.1229377559055118
21
-2.1995991732283464
0
LINE
8
BLACK
6
CONTINUOUS
10
0.1229377559055118
20
-2.1995991732283464
11
0.1229377559055118
21
-2.2389692519685038
0
LINE
8
BLACK
6
CONTINUOUS
10
0.1229377559055118
20
-2.2389692519685038
11
0.1228810236220472
21
-2.2395453149606297
0
LINE
8
BLACK
6
CONTINUOUS
10
0.1228810236220472
20
-2.2395453149606297
11
0.1224401181102362
21
-2.2406097244094489
0
LINE
8
BLACK
6
CONTINUOUS
10
0.1224401181102362
20
-2.2406097244094489
11
0.1216254724409449
21
-2.24142437007874
0
LINE
8
BLACK
6
CONTINUOUS
10
0.1216254724409449
20
-2.24142437007874
11
0.120561062992126
21
-2.241865275590551
0
LINE
8
BLACK
6
CONTINUOUS
10
0.120561062992126
20
-2.241865275590551
11
0.119408937007874
21
-2.241865275590551
0
LINE
8
BLACK
6
CONTINUOUS
10
0.119408937007874
20
-2.241865275590551
11
0.1183445275590551
21
-2.24142437007874
0
LINE
8
BLACK
6
CONTINUOUS
10
0.1183445275590551
20
-2.24142437007874
11
0.1182055905511811
21
-2.2412854330708663
0
LINE
8
BLACK
6
CONTINUOUS
10
0.1182055905511811
20
-2.2412854330708663
11
0.1175559842519685
21
-2.2416102755905509
0
LINE
8
BLACK
6
CONTINUOUS
10
0.1175559842519685
20
-2.2416102755905509
11
0.1170153543307087
21
-2.2418171653543308
0
LINE
8
BLACK
6
CONTINUOUS
10
0.1170153543307087
20
-2.2418171653543308
11
0.1169095275590551
21
-2.2418246456692912
0
LINE
8
BLACK
6
CONTINUOUS
10
0.1169095275590551
20
-2.2418246456692912
11
0.1168115354330709
21
-2.241865275590551
0
LINE
8
BLACK
6
CONTINUOUS
10
0.1168115354330709
20
-2.241865275590551
11
0.1162354724409449
21
-2.2419220078740159
0
LINE
8
BLACK
6
CONTINUOUS
10
0.1162354724409449
20
-2.2419220078740159
11
0.1087364173228346
21
-2.2419220078740159
0
LINE
8
BLACK
6
CONTINUOUS
10
0.1087364173228346
20
-2.2419220078740159
11
0.1081603543307087
21
-2.241865275590551
0
LINE
8
BLACK
6
CONTINUOUS
10
0.1081603543307087
20
-2.241865275590551
11
0.1080623622047244
21
-2.2418246850393699
0
LINE
8
BLACK
6
CONTINUOUS
10
0.1080623622047244
20
-2.2418246850393699
11
0.1079564960629921
21
-2.2418171653543308
0
LINE
8
BLACK
6
CONTINUOUS
10
0.1079564960629921
20
-2.2418171653543308
11
0.107415905511811
21
-2.2416102755905509
0
LINE
8
BLACK
6
CONTINUOUS
10
0.107415905511811
20
-2.2416102755905509
11
0.1036663779527559
21
-2.2397355118110234
0
LINE
8
BLACK
6
CONTINUOUS
10
0.1036663779527559
20
-2.2397355118110234
11
0.1034183464566929
21
-2.2395794094488188
0
LINE
8
BLACK
6
CONTINUOUS
10
0.1034183464566929
20
-2.2395794094488188
11
0.1033464173228346
21
-2.2395496062992124
0
LINE
8
BLACK
6
CONTINUOUS
10
0.1033464173228346
20
-2.2395496062992124
11
0.1032654330708661
21
-2.2394831496062992
0
LINE
8
BLACK
6
CONTINUOUS
10
0.1032654330708661
20
-2.2394831496062992
11
0.1031764960629921
21
-2.2394271653543307
0
LINE
8
BLACK
6
CONTINUOUS
10
0.1031764960629921
20
-2.2394271653543307
11
0.1031252755905512
21
-2.2393681102362204
0
LINE
8
BLACK
6
CONTINUOUS
10
0.1031252755905512
20
-2.2393681102362204
11
0.102898937007874
21
-2.2391823622047244
0
LINE
8
BLACK
6
CONTINUOUS
10
0.102898937007874
20
-2.2391823622047244
11
0.1010241732283464
21
-2.2373075590551181
0
LINE
8
BLACK
6
CONTINUOUS
10
0.1010241732283464
20
-2.2373075590551181
11
0.1008384251968504
21
-2.2370812204724411
0
LINE
8
BLACK
6
CONTINUOUS
10
0.1008384251968504
20
-2.2370812204724411
11
0.1007794488188976
21
-2.2370300787401574
0
LINE
8
BLACK
6
CONTINUOUS
10
0.1007794488188976
20
-2.2370300787401574
11
0.1007234645669291
21
-2.2369411417322835
0
LINE
8
BLACK
6
CONTINUOUS
10
0.1007234645669291
20
-2.2369411417322835
11
0.100656968503937
21
-2.2368601181102363
0
LINE
8
BLACK
6
CONTINUOUS
10
0.100656968503937
20
-2.2368601181102363
11
0.100627125984252
21
-2.2367880708661416
0
LINE
8
BLACK
6
CONTINUOUS
10
0.100627125984252
20
-2.2367880708661416
11
0.1004711023622047
21
-2.2365401968503935
0
LINE
8
BLACK
6
CONTINUOUS
10
0.1004711023622047
20
-2.2365401968503935
11
0.0985963385826772
21
-2.2327906692913384
0
LINE
8
BLACK
6
CONTINUOUS
10
0.0985963385826772
20
-2.2327906692913384
11
0.0983894488188976
21
-2.2322500393700788
0
LINE
8
BLACK
6
CONTINUOUS
10
0.0983894488188976
20
-2.2322500393700788
11
0.0983819291338583
21
-2.232144212598425
0
LINE
8
BLACK
6
CONTINUOUS
10
0.0983819291338583
20
-2.232144212598425
11
0.0983413385826772
21
-2.2320462204724407
0
LINE
8
BLACK
6
CONTINUOUS
10
0.0983413385826772
20
-2.2320462204724407
11
0.0982846062992126
21
-2.2314701574803149
0
LINE
8
BLACK
6
CONTINUOUS
10
0.0982846062992126
20
-2.2314701574803149
11
0.0982846062992126
21
-2.2202215748031495
0
LINE
8
BLACK
6
CONTINUOUS
10
0.0982846062992126
20
-2.2202215748031495
11
0.0983413385826772
21
-2.2196455118110237
0
LINE
8
BLACK
6
CONTINUOUS
10
0.0983413385826772
20
-2.2196455118110237
11
0.0983819291338583
21
-2.2195474803149606
0
LINE
8
BLACK
6
CONTINUOUS
10
0.0983819291338583
20
-2.2195474803149606
11
0.0983894488188976
21
-2.2194416929133856
0
LINE
8
BLACK
6
CONTINUOUS
10
0.0983894488188976
20
-2.2194416929133856
11
0.0985963385826772
21
-2.218901062992126
0
LINE
8
BLACK
6
CONTINUOUS
10
0.0985963385826772
20
-2.218901062992126
11
0.1004711023622047
21
-2.2151515354330709
0
LINE
8
BLACK
6
CONTINUOUS
10
0.1004711023622047
20
-2.2151515354330709
11
0.1006271653543307
21
-2.2149035039370077
0
LINE
8
BLACK
6
CONTINUOUS
10
0.1006271653543307
20
-2.2149035039370077
11
0.1006570078740157
21
-2.2148315748031497
0
LINE
8
BLACK
6
CONTINUOUS
10
0.1006570078740157
20
-2.2148315748031497
11
0.1007234645669291
21
-2.2147505905511808
0
LINE
8
BLACK
6
CONTINUOUS
10
0.1007234645669291
20
-2.2147505905511808
11
0.1007794488188976
21
-2.214661653543307
0
LINE
8
BLACK
6
CONTINUOUS
10
0.1007794488188976
20
-2.214661653543307
11
0.1008384251968504
21
-2.214610472440945
0
LINE
8
BLACK
6
CONTINUOUS
10
0.1008384251968504
20
-2.214610472440945
11
0.1010242125984252
21
-2.2143841338582675
0
LINE
8
BLACK
6
CONTINUOUS
10
0.1010242125984252
20
-2.2143841338582675
11
0.1028989763779528
21
-2.2125093700787399
0
LINE
8
BLACK
6
CONTINUOUS
10
0.1028989763779528
20
-2.2125093700787399
11
0.1031253149606299
21
-2.2123235826771652
0
LINE
8
BLACK
6
CONTINUOUS
10
0.1031253149606299
20
-2.2123235826771652
11
0.1031764960629921
21
-2.2122646062992124
0
LINE
8
BLACK
6
CONTINUOUS
10
0.1031764960629921
20
-2.2122646062992124
11
0.1032654330708661
21
-2.2122086220472439
0
LINE
8
BLACK
6
CONTINUOUS
10
0.1032654330708661
20
-2.2122086220472439
11
0.1033464173228346
21
-2.2121421653543307
0
LINE
8
BLACK
6
CONTINUOUS
10
0.1033464173228346
20
-2.2121421653543307
11
0.1034183464566929
21
-2.2121123228346455
0
LINE
8
BLACK
6
CONTINUOUS
10
0.1034183464566929
20
-2.2121123228346455
11
0.1036663779527559
21
-2.2119562598425198
0
LINE
8
BLACK
6
CONTINUOUS
10
0.1036663779527559
20
-2.2119562598425198
11
0.107415905511811
21
-2.2100814960629922
0
LINE
8
BLACK
6
CONTINUOUS
10
0.107415905511811
20
-2.2100814960629922
11
0.1079564960629921
21
-2.2098746062992127
0
LINE
8
BLACK
6
CONTINUOUS
10
0.1079564960629921
20
-2.2098746062992127
11
0.1080623622047244
21
-2.2098670472440944
0
LINE
8
BLACK
6
CONTINUOUS
10
0.1080623622047244
20
-2.2098670472440944
11
0.1081603543307087
21
-2.2098264960629921
0
LINE
8
BLACK
6
CONTINUOUS
10
0.1081603543307087
20
-2.2098264960629921
11
0.1087364173228346
21
-2.2097697637795277
0
LINE
8
BLACK
6
CONTINUOUS
10
0.1087364173228346
20
-2.2097697637795277
11
0.1162354724409449
21
-2.2097697637795277
0
LINE
8
BLACK
6
CONTINUOUS
10
0.1162354724409449
20
-2.2097697637795277
11
0.1168115354330709
21
-2.2098264960629921
0
LINE
8
BLACK
6
CONTINUOUS
10
0.1168115354330709
20
-2.2098264960629921
11
0.1169095275590551
21
-2.2098670866141732
0
LINE
8
BLACK
6
CONTINUOUS
10
0.1169095275590551
20
-2.2098670866141732
11
0.1170153543307087
21
-2.2098746062992127
0
LINE
8
BLACK
6
CONTINUOUS
10
0.1170153543307087
20
-2.2098746062992127
11
0.1170322440944882
21
-2.2098810629921259
0
LINE
8
BLACK
6
CONTINUOUS
10
0.1170322440944882
20
-2.2098810629921259
11
0.1170322440944882
21
-2.1995991732283464
0
LINE
8
BLACK
6
CONTINUOUS
10
0.1170322440944882
20
-2.1995991732283464
11
0.1170889763779527
21
-2.1990231102362205
0
LINE
8
BLACK
6
CONTINUOUS
10
0.1170889763779527
20
-2.1990231102362205
11
0.1175298818897638
21
-2.1979587007874017
0
LINE
8
BLACK
6
CONTINUOUS
10
0.1175298818897638
20
-2.1979587007874017
11
0.1183445275590551
21
-2.1971440551181103
0
LINE
8
BLACK
6
CONTINUOUS
10
0.1183445275590551
20
-2.1971440551181103
11
0.119408937007874
21
-2.1967031496062992
0
LINE
8
BLACK
6
CONTINUOUS
10
0.119408937007874
20
-2.1967031496062992
11
0.120561062992126
21
-2.1967031496062992
0
LINE
8
BLACK
6
CONTINUOUS
10
0.120561062992126
20
-2.1967031496062992
11
0.1216254724409449
21
-2.1971440551181103
0
LINE
8
BLACK
6
CONTINUOUS
10
0.1067359842519685
20
-2.2170240157480317
11
0.1055388582677165
21
-2.2182211417322835
0
LINE
8
BLACK
6
CONTINUOUS
10
0.1055388582677165
20
-2.2182211417322835
11
0.1041901181102362
21
-2.2209186220472441
0
LINE
8
BLACK
6
CONTINUOUS
10
0.1041901181102362
20
-2.2209186220472441
11
0.1041901181102362
21
-2.2307731102362203
0
LINE
8
BLACK
6
CONTINUOUS
10
0.1041901181102362
20
-2.2307731102362203
11
0.1055388582677165
21
-2.2334705905511809
0
LINE
8
BLACK
6
CONTINUOUS
10
0.1055388582677165
20
-2.2334705905511809
11
0.1067359842519685
21
-2.2346677559055119
0
LINE
8
BLACK
6
CONTINUOUS
10
0.1067359842519685
20
-2.2346677559055119
11
0.1094334645669291
21
-2.2360164960629922
0
LINE
8
BLACK
6
CONTINUOUS
10
0.1094334645669291
20
-2.2360164960629922
11
0.1155384251968504
21
-2.2360164960629922
0
LINE
8
BLACK
6
CONTINUOUS
10
0.1155384251968504
20
-2.2360164960629922
11
0.1170322440944882
21
-2.2352695669291336
0
LINE
8
BLACK
6
CONTINUOUS
10
0.1170322440944882
20
-2.2352695669291336
11
0.1170322440944882
21
-2.2164221653543308
0
LINE
8
BLACK
6
CONTINUOUS
10
0.1170322440944882
20
-2.2164221653543308
11
0.1155384251968504
21
-2.2156752755905513
0
LINE
8
BLACK
6
CONTINUOUS
10
0.1155384251968504
20
-2.2156752755905513
11
0.1094334645669291
21
-2.2156752755905513
0
LINE
8
BLACK
6
CONTINUOUS
10
0.1094334645669291
20
-2.2156752755905513
11
0.1067359842519685
21
-2.2170240157480317
0
LINE
8
BLACK
6
CONTINUOUS
10
0.2121400787401575
20
-2.1966751181102362
11
0.2122178346456693
21
-2.1966696062992126
0
LINE
8
BLACK
6
CONTINUOUS
10
0.2122178346456693
20
-2.1966696062992126
11
0.2123200787401575
21
-2.1966928346456691
0
LINE
8
BLACK
6
CONTINUOUS
10
0.2123200787401575
20
-2.1966928346456691
11
0.2124246062992126
21
-2.1967031496062992
0
LINE
8
BLACK
6
CONTINUOUS
10
0.2124246062992126
20
-2.1967031496062992
11
0.2124966929133858
21
-2.1967329921259844
0
LINE
8
BLACK
6
CONTINUOUS
10
0.2124966929133858
20
-2.1967329921259844
11
0.2127822834645669
21
-2.1967979527559054
0
LINE
8
BLACK
6
CONTINUOUS
10
0.2127822834645669
20
-2.1967979527559054
11
0.2184065748031496
21
-2.1986727165354329
0
LINE
8
BLACK
6
CONTINUOUS
10
0.2184065748031496
20
-2.1986727165354329
11
0.2189351181102362
21
-2.1989087007874013
0
LINE
8
BLACK
6
CONTINUOUS
10
0.2189351181102362
20
-2.1989087007874013
11
0.2190152362204724
21
-2.198978188976378
0
LINE
8
BLACK
6
CONTINUOUS
10
0.2190152362204724
20
-2.198978188976378
11
0.2191133070866142
21
-2.1990188188976378
0
LINE
8
BLACK
6
CONTINUOUS
10
0.2191133070866142
20
-2.1990188188976378
11
0.2195607480314961
21
-2.199386023622047
0
LINE
8
BLACK
6
CONTINUOUS
10
0.2195607480314961
20
-2.199386023622047
11
0.2233102755905512
21
-2.2031355511811022
0
LINE
8
BLACK
6
CONTINUOUS
10
0.2233102755905512
20
-2.2031355511811022
11
0.2234961023622047
21
-2.2033619291338584
0
LINE
8
BLACK
6
CONTINUOUS
10
0.2234961023622047
20
-2.2033619291338584
11
0.2235550393700787
21
-2.2034130708661417
0
LINE
8
BLACK
6
CONTINUOUS
10
0.2235550393700787
20
-2.2034130708661417
11
0.223610905511811
21
-2.2035018110236222
0
LINE
8
BLACK
6
CONTINUOUS
10
0.223610905511811
20
-2.2035018110236222
11
0.2236775196850394
21
-2.2035829921259844
0
LINE
8
BLACK
6
CONTINUOUS
10
0.2236775196850394
20
-2.2035829921259844
11
0.2237073622047244
21
-2.2036551181102362
0
LINE
8
BLACK
6
CONTINUOUS
10
0.2237073622047244
20
-2.2036551181102362
11
0.2238633858267716
21
-2.2039029527559055
0
LINE
8
BLACK
6
CONTINUOUS
10
0.2238633858267716
20
-2.2039029527559055
11
0.2257381496062992
21
-2.2076524803149606
0
LINE
8
BLACK
6
CONTINUOUS
10
0.2257381496062992
20
-2.2076524803149606
11
0.2257542519685039
21
-2.2076945669291339
0
LINE
8
BLACK
6
CONTINUOUS
10
0.2257542519685039
20
-2.2076945669291339
11
0.225766968503937
21
-2.2077117322834647
0
LINE
8
BLACK
6
CONTINUOUS
10
0.225766968503937
20
-2.2077117322834647
11
0.2258532677165354
21
-2.2079533070866142
0
LINE
8
BLACK
6
CONTINUOUS
10
0.2258532677165354
20
-2.2079533070866142
11
0.2259450393700787
21
-2.2081930708661415
0
LINE
8
BLACK
6
CONTINUOUS
10
0.2259450393700787
20
-2.2081930708661415
11
0.2259465354330709
21
-2.2082143307086612
0
LINE
8
BLACK
6
CONTINUOUS
10
0.2259465354330709
20
-2.2082143307086612
11
0.2259617322834646
21
-2.2082568503937008
0
LINE
8
BLACK
6
CONTINUOUS
10
0.2259617322834646
20
-2.2082568503937008
11
0.2278364960629921
21
-2.215755905511811
0
LINE
8
BLACK
6
CONTINUOUS
10
0.2278364960629921
20
-2.215755905511811
11
0.2278512598425197
21
-2.2158557480314962
0
LINE
8
BLACK
6
CONTINUOUS
10
0.2278512598425197
20
-2.2158557480314962
11
0.2278679133858268
21
-2.2158959842519685
0
LINE
8
BLACK
6
CONTINUOUS
10
0.2278679133858268
20
-2.2158959842519685
11
0.2278892519685039
21
-2.2161129921259843
0
LINE
8
BLACK
6
CONTINUOUS
10
0.2278892519685039
20
-2.2161129921259843
11
0.2279211417322834
21
-2.216328503937008
0
LINE
8
BLACK
6
CONTINUOUS
10
0.2279211417322834
20
-2.216328503937008
11
0.2279147244094488
21
-2.2163714960629921
0
LINE
8
BLACK
6
CONTINUOUS
10
0.2279147244094488
20
-2.2163714960629921
11
0.2279246456692913
21
-2.2164720472440944
0
LINE
8
BLACK
6
CONTINUOUS
10
0.2279246456692913
20
-2.2164720472440944
11
0.2279246456692913
21
-2.2220963385826771
0
LINE
8
BLACK
6
CONTINUOUS
10
0.2279246456692913
20
-2.2220963385826771
11
0.2279147244094488
21
-2.2221968503937006
0
LINE
8
BLACK
6
CONTINUOUS
10
0.2279147244094488
20
-2.2221968503937006
11
0.2279211417322834
21
-2.2222398818897635
0
LINE
8
BLACK
6
CONTINUOUS
10
0.2279211417322834
20
-2.2222398818897635
11
0.2278892519685039
21
-2.2224553543307084
0
LINE
8
BLACK
6
CONTINUOUS
10
0.2278892519685039
20
-2.2224553543307084
11
0.2278679133858268
21
-2.2226724015748029
0
LINE
8
BLACK
6
CONTINUOUS
10
0.2278679133858268
20
-2.2226724015748029
11
0.2278512598425197
21
-2.222712598425197
0
LINE
8
BLACK
6
CONTINUOUS
10
0.2278512598425197
20
-2.222712598425197
11
0.2278364960629921
21
-2.2228124803149605
0
LINE
8
BLACK
6
CONTINUOUS
10
0.2278364960629921
20
-2.2228124803149605
11
0.2259617322834646
21
-2.2303115354330707
0
LINE
8
BLACK
6
CONTINUOUS
10
0.2259617322834646
20
-2.2303115354330707
11
0.2259465354330709
21
-2.2303540157480315
0
LINE
8
BLACK
6
CONTINUOUS
10
0.2259465354330709
20
-2.2303540157480315
11
0.2259450393700787
21
-2.23037531496063
0
LINE
8
BLACK
6
CONTINUOUS
10
0.2259450393700787
20
-2.23037531496063
11
0.2258532677165354
21
-2.2306150393700785
0
LINE
8
BLACK
6
CONTINUOUS
10
0.2258532677165354
20
-2.2306150393700785
11
0.225766968503937
21
-2.2308566535433072
0
LINE
8
BLACK
6
CONTINUOUS
10
0.225766968503937
20
-2.2308566535433072
11
0.2257542519685039
21
-2.2308737795275588
0
LINE
8
BLACK
6
CONTINUOUS
10
0.2257542519685039
20
-2.2308737795275588
11
0.2257381496062992
21
-2.2309159055118108
0
LINE
8
BLACK
6
CONTINUOUS
10
0.2257381496062992
20
-2.2309159055118108
11
0.2238633858267716
21
-2.234665433070866
0
LINE
8
BLACK
6
CONTINUOUS
10
0.2238633858267716
20
-2.234665433070866
11
0.2237073228346457
21
-2.2349133070866141
0
LINE
8
BLACK
6
CONTINUOUS
10
0.2237073228346457
20
-2.2349133070866141
11
0.2236775196850394
21
-2.2349853543307088
0
LINE
8
BLACK
6
CONTINUOUS
10
0.2236775196850394
20
-2.2349853543307088
11
0.2236109842519685
21
-2.235066377952756
0
LINE
8
BLACK
6
CONTINUOUS
10
0.2236109842519685
20
-2.235066377952756
11
0.2235550393700787
21
-2.2351553149606298
0
LINE
8
BLACK
6
CONTINUOUS
10
0.2235550393700787
20
-2.2351553149606298
11
0.2234960236220472
21
-2.2352064566929135
0
LINE
8
BLACK
6
CONTINUOUS
10
0.2234960236220472
20
-2.2352064566929135
11
0.2233103149606299
21
-2.2354327952755906
0
LINE
8
BLACK
6
CONTINUOUS
10
0.2233103149606299
20
-2.2354327952755906
11
0.2195607480314961
21
-2.2391824015748032
0
LINE
8
BLACK
6
CONTINUOUS
10
0.2195607480314961
20
-2.2391824015748032
11
0.2191133070866142
21
-2.2395496062992124
0
LINE
8
BLACK
6
CONTINUOUS
10
0.2191133070866142
20
-2.2395496062992124
11
0.2190152362204724
21
-2.2395901968503935
0
LINE
8
BLACK
6
CONTINUOUS
10
0.2190152362204724
20
-2.2395901968503935
11
0.2189351181102362
21
-2.2396597244094489
0
LINE
8
BLACK
6
CONTINUOUS
10
0.2189351181102362
20
-2.2396597244094489
11
0.2184065748031496
21
-2.2398957086614173
0
LINE
8
BLACK
6
CONTINUOUS
10
0.2184065748031496
20
-2.2398957086614173
11
0.2127822834645669
21
-2.2417704724409449
0
LINE
8
BLACK
6
CONTINUOUS
10
0.2127822834645669
20
-2.2417704724409449
11
0.2124966929133858
21
-2.2418353937007875
0
LINE
8
BLACK
6
CONTINUOUS
10
0.2124966929133858
20
-2.2418353937007875
11
0.2124246062992126
21
-2.241865275590551
0
LINE
8
BLACK
6
CONTINUOUS
10
0.2124246062992126
20
-2.241865275590551
11
0.2123200787401575
21
-2.2418755511811024
0
LINE
8
BLACK
6
CONTINUOUS
10
0.2123200787401575
20
-2.2418755511811024
11
0.2122178346456693
21
-2.2418988188976376
0
LINE
8
BLACK
6
CONTINUOUS
10
0.2122178346456693
20
-2.2418988188976376
11
0.2121400787401575
21
-2.2418932677165353
0
LINE
8
BLACK
6
CONTINUOUS
10
0.2121400787401575
20
-2.2418932677165353
11
0.2118485433070866
21
-2.2419220078740159
0
LINE
8
BLACK
6
CONTINUOUS
10
0.2118485433070866
20
-2.2419220078740159
11
0.2024747244094488
21
-2.2419220078740159
0
LINE
8
BLACK
6
CONTINUOUS
10
0.2024747244094488
20
-2.2419220078740159
11
0.2018986614173228
21
-2.241865275590551
0
LINE
8
BLACK
6
CONTINUOUS
10
0.2018986614173228
20
-2.241865275590551
11
0.2008342519685039
21
-2.24142437007874
0
LINE
8
BLACK
6
CONTINUOUS
10
0.2008342519685039
20
-2.24142437007874
11
0.2000196062992126
21
-2.2406097244094489
0
LINE
8
BLACK
6
CONTINUOUS
10
0.2000196062992126
20
-2.2406097244094489
11
0.1995787007874016
21
-2.2395453149606297
0
LINE
8
BLACK
6
CONTINUOUS
10
0.1995787007874016
20
-2.2395453149606297
11
0.199521968503937
21
-2.2389692519685038
0
LINE
8
BLACK
6
CONTINUOUS
10
0.199521968503937
20
-2.2389692519685038
11
0.199521968503937
21
-2.1995991732283464
0
LINE
8
BLACK
6
CONTINUOUS
10
0.199521968503937
20
-2.1995991732283464
11
0.1995787007874016
21
-2.1990231102362205
0
LINE
8
BLACK
6
CONTINUOUS
10
0.1995787007874016
20
-2.1990231102362205
11
0.2000196062992126
21
-2.1979587007874017
0
LINE
8
BLACK
6
CONTINUOUS
10
0.2000196062992126
20
-2.1979587007874017
11
0.2008342519685039
21
-2.1971440551181103
0
LINE
8
BLACK
6
CONTINUOUS
10
0.2008342519685039
20
-2.1971440551181103
11
0.2018986614173228
21
-2.1967031496062992
0
LINE
8
BLACK
6
CONTINUOUS
10
0.2018986614173228
20
-2.1967031496062992
11
0.2024747244094488
21
-2.1966464173228344
0
LINE
8
BLACK
6
CONTINUOUS
10
0.2024747244094488
20
-2.1966464173228344
11
0.2118485433070866
21
-2.1966464173228344
0
LINE
8
BLACK
6
CONTINUOUS
10
0.2118485433070866
20
-2.1966464173228344
11
0.2121400787401575
21
-2.1966751181102362
0
LINE
8
BLACK
6
CONTINUOUS
10
0.2054274803149606
20
-2.2360164960629922
11
0.2113694094488189
21
-2.2360164960629922
0
LINE
8
BLACK
6
CONTINUOUS
10
0.2113694094488189
20
-2.2360164960629922
11
0.2158777952755905
21
-2.2345136614173229
0
LINE
8
BLACK
6
CONTINUOUS
10
0.2158777952755905
20
-2.2345136614173229
11
0.2187955905511811
21
-2.2315958267716534
0
LINE
8
BLACK
6
CONTINUOUS
10
0.2187955905511811
20
-2.2315958267716534
11
0.2203111023622047
21
-2.2285648425196851
0
LINE
8
BLACK
6
CONTINUOUS
10
0.2203111023622047
20
-2.2285648425196851
11
0.2220191338582677
21
-2.2217327952755905
0
LINE
8
BLACK
6
CONTINUOUS
10
0.2220191338582677
20
-2.2217327952755905
11
0.2220191338582677
21
-2.216835590551181
0
LINE
8
BLACK
6
CONTINUOUS
10
0.2220191338582677
20
-2.216835590551181
11
0.2203111023622047
21
-2.2100035433070864
0
LINE
8
BLACK
6
CONTINUOUS
10
0.2203111023622047
20
-2.2100035433070864
11
0.2187956299212598
21
-2.2069725590551181
0
LINE
8
BLACK
6
CONTINUOUS
10
0.2187956299212598
20
-2.2069725590551181
11
0.2158777952755905
21
-2.2040547244094486
0
LINE
8
BLACK
6
CONTINUOUS
10
0.2158777952755905
20
-2.2040547244094486
11
0.2113694094488189
21
-2.202551929133858
0
LINE
8
BLACK
6
CONTINUOUS
10
0.2113694094488189
20
-2.202551929133858
11
0.2054274803149606
21
-2.202551929133858
0
LINE
8
BLACK
6
CONTINUOUS
10
0.2054274803149606
20
-2.202551929133858
11
0.2054274803149606
21
-2.2360164960629922
0
LINE
8
BLACK
6
CONTINUOUS
10
0.2571344488188976
20
-2.1966751181102362
11
0.2572122047244094
21
-2.1966696062992126
0
LINE
8
BLACK
6
CONTINUOUS
10
0.2572122047244094
20
-2.1966696062992126
11
0.2573144488188976
21
-2.1966928346456691
0
LINE
8
BLACK
6
CONTINUOUS
10
0.2573144488188976
20
-2.1966928346456691
11
0.2574189763779527
21
-2.1967031496062992
0
LINE
8
BLACK
6
CONTINUOUS
10
0.2574189763779527
20
-2.1967031496062992
11
0.257491062992126
21
-2.1967329921259844
0
LINE
8
BLACK
6
CONTINUOUS
10
0.257491062992126
20
-2.1967329921259844
11
0.2577766535433071
21
-2.1967979527559054
0
LINE
8
BLACK
6
CONTINUOUS
10
0.2577766535433071
20
-2.1967979527559054
11
0.2634009448818898
21
-2.1986727165354329
0
LINE
8
BLACK
6
CONTINUOUS
10
0.2634009448818898
20
-2.1986727165354329
11
0.2639294881889764
21
-2.1989087007874013
0
LINE
8
BLACK
6
CONTINUOUS
10
0.2639294881889764
20
-2.1989087007874013
11
0.2640096062992126
21
-2.198978188976378
0
LINE
8
BLACK
6
CONTINUOUS
10
0.2640096062992126
20
-2.198978188976378
11
0.2641076771653543
21
-2.1990188188976378
0
LINE
8
BLACK
6
CONTINUOUS
10
0.2641076771653543
20
-2.1990188188976378
11
0.2645551181102362
21
-2.199386023622047
0
LINE
8
BLACK
6
CONTINUOUS
10
0.2645551181102362
20
-2.199386023622047
11
0.2664298818897638
21
-2.2012607874015746
0
LINE
8
BLACK
6
CONTINUOUS
10
0.2664298818897638
20
-2.2012607874015746
11
0.2667970866141732
21
-2.2017082283464569
0
LINE
8
BLACK
6
CONTINUOUS
10
0.2667970866141732
20
-2.2017082283464569
11
0.2672379921259843
21
-2.2027726377952757
0
LINE
8
BLACK
6
CONTINUOUS
10
0.2672379921259843
20
-2.2027726377952757
11
0.2672379921259843
21
-2.2039247244094486
0
LINE
8
BLACK
6
CONTINUOUS
10
0.2672379921259843
20
-2.2039247244094486
11
0.2667970866141732
21
-2.2049891338582674
0
LINE
8
BLACK
6
CONTINUOUS
10
0.2667970866141732
20
-2.2049891338582674
11
0.2659824015748031
21
-2.2058038188976377
0
LINE
8
BLACK
6
CONTINUOUS
10
0.2659824015748031
20
-2.2058038188976377
11
0.2649179921259843
21
-2.2062447244094487
0
LINE
8
BLACK
6
CONTINUOUS
10
0.2649179921259843
20
-2.2062447244094487
11
0.263765905511811
21
-2.2062447244094487
0
LINE
8
BLACK
6
CONTINUOUS
10
0.263765905511811
20
-2.2062447244094487
11
0.2627014960629921
21
-2.2058038188976377
0
LINE
8
BLACK
6
CONTINUOUS
10
0.2627014960629921
20
-2.2058038188976377
11
0.2622540551181102
21
-2.2054366141732284
0
LINE
8
BLACK
6
CONTINUOUS
10
0.2622540551181102
20
-2.2054366141732284
11
0.2608721653543307
21
-2.2040547244094486
0
LINE
8
BLACK
6
CONTINUOUS
10
0.2608721653543307
20
-2.2040547244094486
11
0.2563637795275591
21
-2.202551929133858
0
LINE
8
BLACK
6
CONTINUOUS
10
0.2563637795275591
20
-2.202551929133858
11
0.2535725196850394
21
-2.202551929133858
0
LINE
8
BLACK
6
CONTINUOUS
10
0.2535725196850394
20
-2.202551929133858
11
0.2490641338582677
21
-2.2040547244094486
0
LINE
8
BLACK
6
CONTINUOUS
10
0.2490641338582677
20
-2.2040547244094486
11
0.2461462992125984
21
-2.2069725590551181
0
LINE
8
BLACK
6
CONTINUOUS
10
0.2461462992125984
20
-2.2069725590551181
11
0.2446307874015748
21
-2.2100035433070864
0
LINE
8
BLACK
6
CONTINUOUS
10
0.2446307874015748
20
-2.2100035433070864
11
0.2429227952755905
21
-2.216835590551181
0
LINE
8
BLACK
6
CONTINUOUS
10
0.2429227952755905
20
-2.216835590551181
11
0.2429227952755905
21
-2.2217327952755905
0
LINE
8
BLACK
6
CONTINUOUS
10
0.2429227952755905
20
-2.2217327952755905
11
0.2446307874015748
21
-2.2285648425196851
0
LINE
8
BLACK
6
CONTINUOUS
10
0.2446307874015748
20
-2.2285648425196851
11
0.2461462992125984
21
-2.2315958267716534
0
LINE
8
BLACK
6
CONTINUOUS
10
0.2461462992125984
20
-2.2315958267716534
11
0.2490641338582677
21
-2.2345137007874016
0
LINE
8
BLACK
6
CONTINUOUS
10
0.2490641338582677
20
-2.2345137007874016
11
0.2535725196850394
21
-2.2360164960629922
0
LINE
8
BLACK
6
CONTINUOUS
10
0.2535725196850394
20
-2.2360164960629922
11
0.2563637795275591
21
-2.2360164960629922
0
LINE
8
BLACK
6
CONTINUOUS
10
0.2563637795275591
20
-2.2360164960629922
11
0.2608721653543307
21
-2.2345136614173229
0
LINE
8
BLACK
6
CONTINUOUS
10
0.2608721653543307
20
-2.2345136614173229
11
0.2622540157480315
21
-2.2331318110236218
0
LINE
8
BLACK
6
CONTINUOUS
10
0.2622540157480315
20
-2.2331318110236218
11
0.2627014960629921
21
-2.2327645669291338
0
LINE
8
BLACK
6
CONTINUOUS
10
0.2627014960629921
20
-2.2327645669291338
11
0.263765905511811
21
-2.2323236614173227
0
LINE
8
BLACK
6
CONTINUOUS
10
0.263765905511811
20
-2.2323236614173227
11
0.2649179921259843
21
-2.2323236614173227
0
LINE
8
BLACK
6
CONTINUOUS
10
0.2649179921259843
20
-2.2323236614173227
11
0.2659824015748031
21
-2.2327645275590551
0
LINE
8
BLACK
6
CONTINUOUS
10
0.2659824015748031
20
-2.2327645275590551
11
0.2667970866141732
21
-2.2335792125984253
0
LINE
8
BLACK
6
CONTINUOUS
10
0.2667970866141732
20
-2.2335792125984253
11
0.2672379921259843
21
-2.2346436220472441
0
LINE
8
BLACK
6
CONTINUOUS
10
0.2672379921259843
20
-2.2346436220472441
11
0.2672379921259843
21
-2.2357957086614171
0
LINE
8
BLACK
6
CONTINUOUS
10
0.2672379921259843
20
-2.2357957086614171
11
0.266797125984252
21
-2.2368601181102363
0
LINE
8
BLACK
6
CONTINUOUS
10
0.266797125984252
20
-2.2368601181102363
11
0.2664298818897638
21
-2.2373075984251969
0
LINE
8
BLACK
6
CONTINUOUS
10
0.2664298818897638
20
-2.2373075984251969
11
0.2645551574803149
21
-2.2391823622047244
0
LINE
8
BLACK
6
CONTINUOUS
10
0.2645551574803149
20
-2.2391823622047244
11
0.2641076771653543
21
-2.2395496062992124
0
LINE
8
BLACK
6
CONTINUOUS
10
0.2641076771653543
20
-2.2395496062992124
11
0.2640096062992126
21
-2.2395901968503935
0
LINE
8
BLACK
6
CONTINUOUS
10
0.2640096062992126
20
-2.2395901968503935
11
0.2639294881889764
21
-2.2396597244094489
0
LINE
8
BLACK
6
CONTINUOUS
10
0.2639294881889764
20
-2.2396597244094489
11
0.2634009448818898
21
-2.2398957086614173
0
LINE
8
BLACK
6
CONTINUOUS
10
0.2634009448818898
20
-2.2398957086614173
11
0.2577766535433071
21
-2.2417704724409449
0
LINE
8
BLACK
6
CONTINUOUS
10
0.2577766535433071
20
-2.2417704724409449
11
0.257491062992126
21
-2.2418353937007875
0
LINE
8
BLACK
6
CONTINUOUS
10
0.257491062992126
20
-2.2418353937007875
11
0.2574189763779527
21
-2.241865275590551
0
LINE
8
BLACK
6
CONTINUOUS
10
0.2574189763779527
20
-2.241865275590551
11
0.2573144488188976
21
-2.2418755511811024
0
LINE
8
BLACK
6
CONTINUOUS
10
0.2573144488188976
20
-2.2418755511811024
11
0.2572122047244094
21
-2.2418988188976376
0
LINE
8
BLACK
6
CONTINUOUS
10
0.2572122047244094
20
-2.2418988188976376
11
0.2571344488188976
21
-2.2418932677165353
0
LINE
8
BLACK
6
CONTINUOUS
10
0.2571344488188976
20
-2.2418932677165353
11
0.2568429133858268
21
-2.2419220078740159
0
LINE
8
BLACK
6
CONTINUOUS
10
0.2568429133858268
20
-2.2419220078740159
11
0.2530933858267717
21
-2.2419220078740159
0
LINE
8
BLACK
6
CONTINUOUS
10
0.2530933858267717
20
-2.2419220078740159
11
0.2528017716535433
21
-2.2418932677165353
0
LINE
8
BLACK
6
CONTINUOUS
10
0.2528017716535433
20
-2.2418932677165353
11
0.2527240551181102
21
-2.2418988188976376
0
LINE
8
BLACK
6
CONTINUOUS
10
0.2527240551181102
20
-2.2418988188976376
11
0.2526217716535433
21
-2.2418755511811024
0
LINE
8
BLACK
6
CONTINUOUS
10
0.2526217716535433
20
-2.2418755511811024
11
0.2525173228346457
21
-2.241865275590551
0
LINE
8
BLACK
6
CONTINUOUS
10
0.2525173228346457
20
-2.241865275590551
11
0.2524452362204724
21
-2.2418353937007875
0
LINE
8
BLACK
6
CONTINUOUS
10
0.2524452362204724
20
-2.2418353937007875
11
0.2521596062992126
21
-2.2417704724409449
0
LINE
8
BLACK
6
CONTINUOUS
10
0.2521596062992126
20
-2.2417704724409449
11
0.2465353543307087
21
-2.2398957086614173
0
LINE
8
BLACK
6
CONTINUOUS
10
0.2465353543307087
20
-2.2398957086614173
11
0.2460067716535433
21
-2.2396597244094489
0
LINE
8
BLACK
6
CONTINUOUS
10
0.2460067716535433
20
-2.2396597244094489
11
0.2459266535433071
21
-2.2395902362204723
0
LINE
8
BLACK
6
CONTINUOUS
10
0.2459266535433071
20
-2.2395902362204723
11
0.2458286220472441
21
-2.2395496456692912
0
LINE
8
BLACK
6
CONTINUOUS
10
0.2458286220472441
20
-2.2395496456692912
11
0.2453811811023622
21
-2.2391824015748032
0
LINE
8
BLACK
6
CONTINUOUS
10
0.2453811811023622
20
-2.2391824015748032
11
0.2416316535433071
21
-2.2354328346456693
0
LINE
8
BLACK
6
CONTINUOUS
10
0.2416316535433071
20
-2.2354328346456693
11
0.2414458661417323
21
-2.2352064566929135
0
LINE
8
BLACK
6
CONTINUOUS
10
0.2414458661417323
20
-2.2352064566929135
11
0.2413868897637795
21
-2.2351553149606298
0
LINE
8
BLACK
6
CONTINUOUS
10
0.2413868897637795
20
-2.2351553149606298
11
0.241330905511811
21
-2.235066377952756
0
LINE
8
BLACK
6
CONTINUOUS
10
0.241330905511811
20
-2.235066377952756
11
0.2412644094488189
21
-2.2349853543307088
0
LINE
8
BLACK
6
CONTINUOUS
10
0.2412644094488189
20
-2.2349853543307088
11
0.2412345669291339
21
-2.2349133070866141
0
LINE
8
BLACK
6
CONTINUOUS
10
0.2412345669291339
20
-2.2349133070866141
11
0.2410785433070866
21
-2.234665433070866
0
LINE
8
BLACK
6
CONTINUOUS
10
0.2410785433070866
20
-2.234665433070866
11
0.2392037795275591
21
-2.2309159055118108
0
LINE
8
BLACK
6
CONTINUOUS
10
0.2392037795275591
20
-2.2309159055118108
11
0.2391876377952756
21
-2.2308737795275588
0
LINE
8
BLACK
6
CONTINUOUS
10
0.2391876377952756
20
-2.2308737795275588
11
0.2391749606299212
21
-2.2308566535433072
0
LINE
8
BLACK
6
CONTINUOUS
10
0.2391749606299212
20
-2.2308566535433072
11
0.2390885039370079
21
-2.2306146850393702
0
LINE
8
BLACK
6
CONTINUOUS
10
0.2390885039370079
20
-2.2306146850393702
11
0.2389968897637795
21
-2.2303752755905513
0
LINE
8
BLACK
6
CONTINUOUS
10
0.2389968897637795
20
-2.2303752755905513
11
0.2389953543307086
21
-2.2303540157480315
0
LINE
8
BLACK
6
CONTINUOUS
10
0.2389953543307086
20
-2.2303540157480315
11
0.2389801968503937
21
-2.2303115354330707
0
LINE
8
BLACK
6
CONTINUOUS
10
0.2389801968503937
20
-2.2303115354330707
11
0.2371054330708661
21
-2.2228124803149605
0
LINE
8
BLACK
6
CONTINUOUS
10
0.2371054330708661
20
-2.2228124803149605
11
0.2370906299212598
21
-2.222712598425197
0
LINE
8
BLACK
6
CONTINUOUS
10
0.2370906299212598
20
-2.222712598425197
11
0.2370740157480315
21
-2.2226724015748029
0
LINE
8
BLACK
6
CONTINUOUS
10
0.2370740157480315
20
-2.2226724015748029
11
0.2370526377952756
21
-2.2224553543307084
0
LINE
8
BLACK
6
CONTINUOUS
10
0.2370526377952756
20
-2.2224553543307084
11
0.2370207874015748
21
-2.2222398818897635
0
LINE
8
BLACK
6
CONTINUOUS
10
0.2370207874015748
20
-2.2222398818897635
11
0.2370271653543307
21
-2.2221968503937006
0
LINE
8
BLACK
6
CONTINUOUS
10
0.2370271653543307
20
-2.2221968503937006
11
0.2370172834645669
21
-2.2220963385826771
0
LINE
8
BLACK
6
CONTINUOUS
10
0.2370172834645669
20
-2.2220963385826771
11
0.2370172834645669
21
-2.2164720472440944
0
LINE
8
BLACK
6
CONTINUOUS
10
0.2370172834645669
20
-2.2164720472440944
11
0.2370271653543307
21
-2.2163714960629921
0
LINE
8
BLACK
6
CONTINUOUS
10
0.2370271653543307
20
-2.2163714960629921
11
0.2370207874015748
21
-2.216328503937008
0
LINE
8
BLACK
6
CONTINUOUS
10
0.2370207874015748
20
-2.216328503937008
11
0.2370526377952756
21
-2.2161129921259843
0
LINE
8
BLACK
6
CONTINUOUS
10
0.2370526377952756
20
-2.2161129921259843
11
0.2370740157480315
21
-2.2158959842519685
0
LINE
8
BLACK
6
CONTINUOUS
10
0.2370740157480315
20
-2.2158959842519685
11
0.2370906299212598
21
-2.2158557480314962
0
LINE
8
BLACK
6
CONTINUOUS
10
0.2370906299212598
20
-2.2158557480314962
11
0.2371054330708661
21
-2.215755905511811
0
LINE
8
BLACK
6
CONTINUOUS
10
0.2371054330708661
20
-2.215755905511811
11
0.2389801968503937
21
-2.2082568503937008
0
LINE
8
BLACK
6
CONTINUOUS
10
0.2389801968503937
20
-2.2082568503937008
11
0.2389953543307086
21
-2.2082143307086612
0
LINE
8
BLACK
6
CONTINUOUS
10
0.2389953543307086
20
-2.2082143307086612
11
0.2389968897637795
21
-2.2081931102362202
0
LINE
8
BLACK
6
CONTINUOUS
10
0.2389968897637795
20
-2.2081931102362202
11
0.2390885039370079
21
-2.207953661417323
0
LINE
8
BLACK
6
CONTINUOUS
10
0.2390885039370079
20
-2.207953661417323
11
0.2391749606299212
21
-2.2077117322834647
0
LINE
8
BLACK
6
CONTINUOUS
10
0.2391749606299212
20
-2.2077117322834647
11
0.2391876377952756
21
-2.2076945669291339
0
LINE
8
BLACK
6
CONTINUOUS
10
0.2391876377952756
20
-2.2076945669291339
11
0.2392037795275591
21
-2.2076524803149606
0
LINE
8
BLACK
6
CONTINUOUS
10
0.2392037795275591
20
-2.2076524803149606
11
0.2410785433070866
21
-2.2039029527559055
0
LINE
8
BLACK
6
CONTINUOUS
10
0.2410785433070866
20
-2.2039029527559055
11
0.2412346062992126
21
-2.2036549212598424
0
LINE
8
BLACK
6
CONTINUOUS
10
0.2412346062992126
20
-2.2036549212598424
11
0.2412644488188976
21
-2.2035829921259844
0
LINE
8
BLACK
6
CONTINUOUS
10
0.2412644488188976
20
-2.2035829921259844
11
0.241330905511811
21
-2.2035020078740155
0
LINE
8
BLACK
6
CONTINUOUS
10
0.241330905511811
20
-2.2035020078740155
11
0.2413868897637795
21
-2.2034130708661417
0
LINE
8
BLACK
6
CONTINUOUS
10
0.2413868897637795
20
-2.2034130708661417
11
0.2414458661417323
21
-2.2033618897637797
0
LINE
8
BLACK
6
CONTINUOUS
10
0.2414458661417323
20
-2.2033618897637797
11
0.2416316535433071
21
-2.2031355511811022
0
LINE
8
BLACK
6
CONTINUOUS
10
0.2416316535433071
20
-2.2031355511811022
11
0.2453811811023622
21
-2.199386023622047
0
LINE
8
BLACK
6
CONTINUOUS
10
0.2453811811023622
20
-2.199386023622047
11
0.2458286220472441
21
-2.1990187795275591
0
LINE
8
BLACK
6
CONTINUOUS
10
0.2458286220472441
20
-2.1990187795275591
11
0.2459266535433071
21
-2.1989781496062992
0
LINE
8
BLACK
6
CONTINUOUS
10
0.2459266535433071
20
-2.1989781496062992
11
0.2460067716535433
21
-2.1989087007874013
0
LINE
8
BLACK
6
CONTINUOUS
10
0.2460067716535433
20
-2.1989087007874013
11
0.2465353543307087
21
-2.1986727165354329
0
LINE
8
BLACK
6
CONTINUOUS
10
0.2465353543307087
20
-2.1986727165354329
11
0.2521596062992126
21
-2.1967979527559054
0
LINE
8
BLACK
6
CONTINUOUS
10
0.2521596062992126
20
-2.1967979527559054
11
0.2524452362204724
21
-2.1967329921259844
0
LINE
8
BLACK
6
CONTINUOUS
10
0.2524452362204724
20
-2.1967329921259844
11
0.2525173228346457
21
-2.1967031496062992
0
LINE
8
BLACK
6
CONTINUOUS
10
0.2525173228346457
20
-2.1967031496062992
11
0.2526217716535433
21
-2.1966928346456691
0
LINE
8
BLACK
6
CONTINUOUS
10
0.2526217716535433
20
-2.1966928346456691
11
0.2527240551181102
21
-2.1966696062992126
0
LINE
8
BLACK
6
CONTINUOUS
10
0.2527240551181102
20
-2.1966696062992126
11
0.2528017716535433
21
-2.1966751181102362
0
LINE
8
BLACK
6
CONTINUOUS
10
0.2528017716535433
20
-2.1966751181102362
11
0.2530933858267717
21
-2.1966464173228344
0
LINE
8
BLACK
6
CONTINUOUS
10
0.2530933858267717
20
-2.1966464173228344
11
0.2568429133858268
21
-2.1966464173228344
0
LINE
8
BLACK
6
CONTINUOUS
10
0.2568429133858268
20
-2.1966464173228344
11
0.2571344488188976
21
-2.1966751181102362
0
LINE
8
BLACK
6
CONTINUOUS
10
0.1767974803149606
20
-2.196736338582677
11
0.1770079133858268
21
-2.1967512992125986
0
LINE
8
BLACK
6
CONTINUOUS
10
0.1770079133858268
20
-2.1967512992125986
11
0.1773390157480315
21
-2.1969168503937007
0
LINE
8
BLACK
6
CONTINUOUS
10
0.1773390157480315
20
-2.1969168503937007
11
0.1776902755905512
21
-2.1970339370078737
0
LINE
8
BLACK
6
CONTINUOUS
10
0.1776902755905512
20
-2.1970339370078737
11
0.1778496062992126
21
-2.197172125984252
0
LINE
8
BLACK
6
CONTINUOUS
10
0.1778496062992126
20
-2.197172125984252
11
0.1780383464566929
21
-2.197266496062992
0
LINE
8
BLACK
6
CONTINUOUS
10
0.1780383464566929
20
-2.197266496062992
11
0.1782809842519685
21
-2.1975462204724407
0
LINE
8
BLACK
6
CONTINUOUS
10
0.1782809842519685
20
-2.1975462204724407
11
0.1785606692913386
21
-2.1977888188976378
0
LINE
8
BLACK
6
CONTINUOUS
10
0.1785606692913386
20
-2.1977888188976378
11
0.1786549606299213
21
-2.1979774409448818
0
LINE
8
BLACK
6
CONTINUOUS
10
0.1786549606299213
20
-2.1979774409448818
11
0.1787932283464567
21
-2.1981368503937007
0
LINE
8
BLACK
6
CONTINUOUS
10
0.1787932283464567
20
-2.1981368503937007
11
0.1790292125984252
21
-2.1986654330708659
0
LINE
8
BLACK
6
CONTINUOUS
10
0.1790292125984252
20
-2.1986654330708659
11
0.1921525590551181
21
-2.2380355118110238
0
LINE
8
BLACK
6
CONTINUOUS
10
0.1921525590551181
20
-2.2380355118110238
11
0.192280905511811
21
-2.2385999212598424
0
LINE
8
BLACK
6
CONTINUOUS
10
0.192280905511811
20
-2.2385999212598424
11
0.1921992125984252
21
-2.2397491338582678
0
LINE
8
BLACK
6
CONTINUOUS
10
0.1921992125984252
20
-2.2397491338582678
11
0.1916840157480315
21
-2.2407796062992125
0
LINE
8
BLACK
6
CONTINUOUS
10
0.1916840157480315
20
-2.2407796062992125
11
0.1908136220472441
21
-2.2415344881889765
0
LINE
8
BLACK
6
CONTINUOUS
10
0.1908136220472441
20
-2.2415344881889765
11
0.1897206299212598
21
-2.2418988188976376
0
LINE
8
BLACK
6
CONTINUOUS
10
0.1897206299212598
20
-2.2418988188976376
11
0.1885714173228346
21
-2.2418171259842521
0
LINE
8
BLACK
6
CONTINUOUS
10
0.1885714173228346
20
-2.2418171259842521
11
0.1875409842519685
21
-2.2413018897637795
0
LINE
8
BLACK
6
CONTINUOUS
10
0.1875409842519685
20
-2.2413018897637795
11
0.1867861023622047
21
-2.2404315354330708
0
LINE
8
BLACK
6
CONTINUOUS
10
0.1867861023622047
20
-2.2404315354330708
11
0.1865501181102362
21
-2.2399029921259843
0
LINE
8
BLACK
6
CONTINUOUS
10
0.1865501181102362
20
-2.2399029921259843
11
0.1834735826771653
21
-2.2306733858267718
0
LINE
8
BLACK
6
CONTINUOUS
10
0.1834735826771653
20
-2.2306733858267718
11
0.1689824015748032
21
-2.2306733858267718
0
LINE
8
BLACK
6
CONTINUOUS
10
0.1689824015748032
20
-2.2306733858267718
11
0.1659058661417323
21
-2.2399029921259843
0
LINE
8
BLACK
6
CONTINUOUS
10
0.1659058661417323
20
-2.2399029921259843
11
0.1656698818897638
21
-2.2404315748031496
0
LINE
8
BLACK
6
CONTINUOUS
10
0.1656698818897638
20
-2.2404315748031496
11
0.164915
21
-2.2413019291338583
0
LINE
8
BLACK
6
CONTINUOUS
10
0.164915
20
-2.2413019291338583
11
0.1638845669291339
21
-2.2418171259842521
0
LINE
8
BLACK
6
CONTINUOUS
10
0.1638845669291339
20
-2.2418171259842521
11
0.1627353543307087
21
-2.2418988188976376
0
LINE
8
BLACK
6
CONTINUOUS
10
0.1627353543307087
20
-2.2418988188976376
11
0.1616423228346457
21
-2.2415344881889765
0
LINE
8
BLACK
6
CONTINUOUS
10
0.1616423228346457
20
-2.2415344881889765
11
0.160771968503937
21
-2.2407796062992125
0
LINE
8
BLACK
6
CONTINUOUS
10
0.160771968503937
20
-2.2407796062992125
11
0.1602567716535433
21
-2.2397491732283465
0
LINE
8
BLACK
6
CONTINUOUS
10
0.1602567716535433
20
-2.2397491732283465
11
0.1601750787401575
21
-2.2385999606299212
0
LINE
8
BLACK
6
CONTINUOUS
10
0.1601750787401575
20
-2.2385999606299212
11
0.1603034251968504
21
-2.2380355118110238
0
LINE
8
BLACK
6
CONTINUOUS
10
0.1603034251968504
20
-2.2380355118110238
11
0.1734267716535433
21
-2.1986654330708659
0
LINE
8
BLACK
6
CONTINUOUS
10
0.1734267716535433
20
-2.1986654330708659
11
0.1736627559055118
21
-2.1981368897637794
0
LINE
8
BLACK
6
CONTINUOUS
10
0.1736627559055118
20
-2.1981368897637794
11
0.1738009448818898
21
-2.1979775196850393
0
LINE
8
BLACK
6
CONTINUOUS
10
0.1738009448818898
20
-2.1979775196850393
11
0.1738953149606299
21
-2.1977888188976378
0
LINE
8
BLACK
6
CONTINUOUS
10
0.1738953149606299
20
-2.1977888188976378
11
0.174175157480315
21
-2.1975460629921257
0
LINE
8
BLACK
6
CONTINUOUS
10
0.174175157480315
20
-2.1975460629921257
11
0.1744176377952756
21
-2.1972665354330707
0
LINE
8
BLACK
6
CONTINUOUS
10
0.1744176377952756
20
-2.1972665354330707
11
0.1746061811023622
21
-2.1971722440944883
0
LINE
8
BLACK
6
CONTINUOUS
10
0.1746061811023622
20
-2.1971722440944883
11
0.1747656692913386
21
-2.1970339370078737
0
LINE
8
BLACK
6
CONTINUOUS
10
0.1747656692913386
20
-2.1970339370078737
11
0.1751170472440945
21
-2.1969168110236219
0
LINE
8
BLACK
6
CONTINUOUS
10
0.1751170472440945
20
-2.1969168110236219
11
0.1754480708661417
21
-2.1967512992125986
0
LINE
8
BLACK
6
CONTINUOUS
10
0.1754480708661417
20
-2.1967512992125986
11
0.1756584645669291
21
-2.196736338582677
0
LINE
8
BLACK
6
CONTINUOUS
10
0.1756584645669291
20
-2.196736338582677
11
0.1758587007874016
21
-2.1966696062992126
0
LINE
8
BLACK
6
CONTINUOUS
10
0.1758587007874016
20
-2.1966696062992126
11
0.1762279921259843
21
-2.1966958267716534
0
LINE
8
BLACK
6
CONTINUOUS
10
0.1762279921259843
20
-2.1966958267716534
11
0.1765972834645669
21
-2.1966696062992126
0
LINE
8
BLACK
6
CONTINUOUS
10
0.1765972834645669
20
-2.1966696062992126
11
0.1767974803149606
21
-2.196736338582677
0
LINE
8
BLACK
6
CONTINUOUS
10
0.170950905511811
20
-2.2247678740157482
11
0.1815050787401575
21
-2.2247678740157482
0
LINE
8
BLACK
6
CONTINUOUS
10
0.1815050787401575
20
-2.2247678740157482
11
0.1762279921259843
21
-2.2089365748031495
0
LINE
8
BLACK
6
CONTINUOUS
10
0.1762279921259843
20
-2.2089365748031495
11
0.170950905511811
21
-2.2247678740157482
0
LINE
8
BLACK
6
CONTINUOUS
10
-0.2825136220472441
20
-2.1967031496062992
11
-0.2814492125984252
21
-2.1971440551181103
0
LINE
8
BLACK
6
CONTINUOUS
10
-0.2814492125984252
20
-2.1971440551181103
11
-0.2806345669291339
21
-2.1979587007874017
0
LINE
8
BLACK
6
CONTINUOUS
10
-0.2806345669291339
20
-2.1979587007874017
11
-0.2801936614173228
21
-2.1990231102362205
0
LINE
8
BLACK
6
CONTINUOUS
10
-0.2801936614173228
20
-2.1990231102362205
11
-0.2801936614173228
21
-2.2001752362204723
0
LINE
8
BLACK
6
CONTINUOUS
10
-0.2801936614173228
20
-2.2001752362204723
11
-0.2806345669291339
21
-2.2012396456692911
0
LINE
8
BLACK
6
CONTINUOUS
10
-0.2806345669291339
20
-2.2012396456692911
11
-0.2814492125984252
21
-2.2020542913385825
0
LINE
8
BLACK
6
CONTINUOUS
10
-0.2814492125984252
20
-2.2020542913385825
11
-0.2825136220472441
21
-2.2024951968503936
0
LINE
8
BLACK
6
CONTINUOUS
10
-0.2825136220472441
20
-2.2024951968503936
11
-0.2830896850393701
21
-2.202551929133858
0
LINE
8
BLACK
6
CONTINUOUS
10
-0.2830896850393701
20
-2.202551929133858
11
-0.2861421653543307
21
-2.202551929133858
0
LINE
8
BLACK
6
CONTINUOUS
10
-0.2861421653543307
20
-2.202551929133858
11
-0.2883879133858268
21
-2.2036747637795275
0
LINE
8
BLACK
6
CONTINUOUS
10
-0.2883879133858268
20
-2.2036747637795275
11
-0.2895107480314961
21
-2.2059205118110237
0
LINE
8
BLACK
6
CONTINUOUS
10
-0.2895107480314961
20
-2.2059205118110237
11
-0.2895107480314961
21
-2.2097697637795277
0
LINE
8
BLACK
6
CONTINUOUS
10
-0.2895107480314961
20
-2.2097697637795277
11
-0.2830896850393701
21
-2.2097697637795277
0
LINE
8
BLACK
6
CONTINUOUS
10
-0.2830896850393701
20
-2.2097697637795277
11
-0.2825136220472441
21
-2.2098264960629921
0
LINE
8
BLACK
6
CONTINUOUS
10
-0.2825136220472441
20
-2.2098264960629921
11
-0.2814492125984252
21
-2.2102674015748032
0
LINE
8
BLACK
6
CONTINUOUS
10
-0.2814492125984252
20
-2.2102674015748032
11
-0.2806345669291339
21
-2.2110820472440946
0
LINE
8
BLACK
6
CONTINUOUS
10
-0.2806345669291339
20
-2.2110820472440946
11
-0.2801936614173228
21
-2.2121464566929134
0
LINE
8
BLACK
6
CONTINUOUS
10
-0.2801936614173228
20
-2.2121464566929134
11
-0.2801936614173228
21
-2.2132985826771652
0
LINE
8
BLACK
6
CONTINUOUS
10
-0.2801936614173228
20
-2.2132985826771652
11
-0.2806345669291339
21
-2.2143629921259844
0
LINE
8
BLACK
6
CONTINUOUS
10
-0.2806345669291339
20
-2.2143629921259844
11
-0.2814492125984252
21
-2.2151776377952754
0
LINE
8
BLACK
6
CONTINUOUS
10
-0.2814492125984252
20
-2.2151776377952754
11
-0.2825136220472441
21
-2.2156185433070865
0
LINE
8
BLACK
6
CONTINUOUS
10
-0.2825136220472441
20
-2.2156185433070865
11
-0.2830896850393701
21
-2.2156752755905513
0
LINE
8
BLACK
6
CONTINUOUS
10
-0.2830896850393701
20
-2.2156752755905513
11
-0.2895107480314961
21
-2.2156752755905513
0
LINE
8
BLACK
6
CONTINUOUS
10
-0.2895107480314961
20
-2.2156752755905513
11
-0.2895107480314961
21
-2.2389692519685038
0
LINE
8
BLACK
6
CONTINUOUS
10
-0.2895107480314961
20
-2.2389692519685038
11
-0.2895674803149606
21
-2.2395453149606297
0
LINE
8
BLACK
6
CONTINUOUS
10
-0.2895674803149606
20
-2.2395453149606297
11
-0.2900083858267716
21
-2.2406097244094489
0
LINE
8
BLACK
6
CONTINUOUS
10
-0.2900083858267716
20
-2.2406097244094489
11
-0.290823031496063
21
-2.24142437007874
0
LINE
8
BLACK
6
CONTINUOUS
10
-0.290823031496063
20
-2.24142437007874
11
-0.2918874409448819
21
-2.241865275590551
0
LINE
8
BLACK
6
CONTINUOUS
10
-0.2918874409448819
20
-2.241865275590551
11
-0.2930395669291339
21
-2.241865275590551
0
LINE
8
BLACK
6
CONTINUOUS
10
-0.2930395669291339
20
-2.241865275590551
11
-0.2941039763779528
21
-2.24142437007874
0
LINE
8
BLACK
6
CONTINUOUS
10
-0.2941039763779528
20
-2.24142437007874
11
-0.2949186220472441
21
-2.2406097244094489
0
LINE
8
BLACK
6
CONTINUOUS
10
-0.2949186220472441
20
-2.2406097244094489
11
-0.2953595275590551
21
-2.2395453149606297
0
LINE
8
BLACK
6
CONTINUOUS
10
-0.2953595275590551
20
-2.2395453149606297
11
-0.2954162598425197
21
-2.2389692519685038
0
LINE
8
BLACK
6
CONTINUOUS
10
-0.2954162598425197
20
-2.2389692519685038
11
-0.2954162598425197
21
-2.2156752755905513
0
LINE
8
BLACK
6
CONTINUOUS
10
-0.2954162598425197
20
-2.2156752755905513
11
-0.2980877952755905
21
-2.2156752755905513
0
LINE
8
BLACK
6
CONTINUOUS
10
-0.2980877952755905
20
-2.2156752755905513
11
-0.2986638582677165
21
-2.2156185433070865
0
LINE
8
BLACK
6
CONTINUOUS
10
-0.2986638582677165
20
-2.2156185433070865
11
-0.2997282677165354
21
-2.2151776377952754
0
LINE
8
BLACK
6
CONTINUOUS
10
-0.2997282677165354
20
-2.2151776377952754
11
-0.3005429133858268
21
-2.2143629921259844
0
LINE
8
BLACK
6
CONTINUOUS
10
-0.3005429133858268
20
-2.2143629921259844
11
-0.3009838188976378
21
-2.2132985826771652
0
LINE
8
BLACK
6
CONTINUOUS
10
-0.3009838188976378
20
-2.2132985826771652
11
-0.3009838188976378
21
-2.2121464566929134
0
LINE
8
BLACK
6
CONTINUOUS
10
-0.3009838188976378
20
-2.2121464566929134
11
-0.3005429133858268
21
-2.2110820472440946
0
LINE
8
BLACK
6
CONTINUOUS
10
-0.3005429133858268
20
-2.2110820472440946
11
-0.2997282677165354
21
-2.2102674015748032
0
LINE
8
BLACK
6
CONTINUOUS
10
-0.2997282677165354
20
-2.2102674015748032
11
-0.2986638582677165
21
-2.2098264960629921
0
LINE
8
BLACK
6
CONTINUOUS
10
-0.2986638582677165
20
-2.2098264960629921
11
-0.2980877952755905
21
-2.2097697637795277
0
LINE
8
BLACK
6
CONTINUOUS
10
-0.2980877952755905
20
-2.2097697637795277
11
-0.2954162598425197
21
-2.2097697637795277
0
LINE
8
BLACK
6
CONTINUOUS
10
-0.2954162598425197
20
-2.2097697637795277
11
-0.2954162598425197
21
-2.2052234645669291
0
LINE
8
BLACK
6
CONTINUOUS
10
-0.2954162598425197
20
-2.2052234645669291
11
-0.2953595275590551
21
-2.2046474015748032
0
LINE
8
BLACK
6
CONTINUOUS
10
-0.2953595275590551
20
-2.2046474015748032
11
-0.295318937007874
21
-2.2045493700787402
0
LINE
8
BLACK
6
CONTINUOUS
10
-0.295318937007874
20
-2.2045493700787402
11
-0.2953114173228346
21
-2.2044435826771651
0
LINE
8
BLACK
6
CONTINUOUS
10
-0.2953114173228346
20
-2.2044435826771651
11
-0.2951045275590551
21
-2.2039029527559055
0
LINE
8
BLACK
6
CONTINUOUS
10
-0.2951045275590551
20
-2.2039029527559055
11
-0.2932297637795275
21
-2.2001534251968504
0
LINE
8
BLACK
6
CONTINUOUS
10
-0.2932297637795275
20
-2.2001534251968504
11
-0.2931691338582677
21
-2.2000570472440946
0
LINE
8
BLACK
6
CONTINUOUS
10
-0.2931691338582677
20
-2.2000570472440946
11
-0.2931539763779528
21
-2.200011653543307
0
LINE
8
BLACK
6
CONTINUOUS
10
-0.2931539763779528
20
-2.200011653543307
11
-0.2931049606299213
21
-2.1999550787401576
0
LINE
8
BLACK
6
CONTINUOUS
10
-0.2931049606299213
20
-2.1999550787401576
11
-0.2929214173228347
21
-2.1996635433070866
0
LINE
8
BLACK
6
CONTINUOUS
10
-0.2929214173228347
20
-2.1996635433070866
11
-0.2926417322834646
21
-2.1994209448818896
0
LINE
8
BLACK
6
CONTINUOUS
10
-0.2926417322834646
20
-2.1994209448818896
11
-0.2923991338582677
21
-2.1991412598425195
0
LINE
8
BLACK
6
CONTINUOUS
10
-0.2923991338582677
20
-2.1991412598425195
11
-0.2921075984251968
21
-2.1989577165354328
0
LINE
8
BLACK
6
CONTINUOUS
10
-0.2921075984251968
20
-2.1989577165354328
11
-0.2920510236220472
21
-2.1989087007874013
0
LINE
8
BLACK
6
CONTINUOUS
10
-0.2920510236220472
20
-2.1989087007874013
11
-0.2920056299212598
21
-2.1988935433070864
0
LINE
8
BLACK
6
CONTINUOUS
10
-0.2920056299212598
20
-2.1988935433070864
11
-0.2919092519685039
21
-2.1988329133858269
0
LINE
8
BLACK
6
CONTINUOUS
10
-0.2919092519685039
20
-2.1988329133858269
11
-0.2881597244094488
21
-2.1969581496062993
0
LINE
8
BLACK
6
CONTINUOUS
10
-0.2881597244094488
20
-2.1969581496062993
11
-0.2876191338582677
21
-2.1967512598425198
0
LINE
8
BLACK
6
CONTINUOUS
10
-0.2876191338582677
20
-2.1967512598425198
11
-0.2875132677165354
21
-2.1967437007874016
0
LINE
8
BLACK
6
CONTINUOUS
10
-0.2875132677165354
20
-2.1967437007874016
11
-0.2874152755905512
21
-2.1967031496062992
0
LINE
8
BLACK
6
CONTINUOUS
10
-0.2874152755905512
20
-2.1967031496062992
11
-0.2868392125984252
21
-2.1966464173228344
0
LINE
8
BLACK
6
CONTINUOUS
10
-0.2868392125984252
20
-2.1966464173228344
11
-0.2830896850393701
21
-2.1966464173228344
0
LINE
8
BLACK
6
CONTINUOUS
10
-0.2830896850393701
20
-2.1966464173228344
11
-0.2825136220472441
21
-2.1967031496062992
0
LINE
8
BLACK
6
CONTINUOUS
10
-0.2581416535433071
20
-2.2098264960629921
11
-0.2570772440944882
21
-2.2102674015748032
0
LINE
8
BLACK
6
CONTINUOUS
10
-0.2570772440944882
20
-2.2102674015748032
11
-0.2562625984251968
21
-2.2110820472440946
0
LINE
8
BLACK
6
CONTINUOUS
10
-0.2562625984251968
20
-2.2110820472440946
11
-0.2558216929133858
21
-2.2121464566929134
0
LINE
8
BLACK
6
CONTINUOUS
10
-0.2558216929133858
20
-2.2121464566929134
11
-0.2558216929133858
21
-2.2132985826771652
0
LINE
8
BLACK
6
CONTINUOUS
10
-0.2558216929133858
20
-2.2132985826771652
11
-0.2562625984251968
21
-2.2143629921259844
0
LINE
8
BLACK
6
CONTINUOUS
10
-0.2562625984251968
20
-2.2143629921259844
11
-0.2570772440944882
21
-2.2151776377952754
0
LINE
8
BLACK
6
CONTINUOUS
10
-0.2570772440944882
20
-2.2151776377952754
11
-0.2581416535433071
21
-2.2156185433070865
0
LINE
8
BLACK
6
CONTINUOUS
10
-0.2581416535433071
20
-2.2156185433070865
11
-0.2587177165354331
21
-2.2156752755905513
0
LINE
8
BLACK
6
CONTINUOUS
10
-0.2587177165354331
20
-2.2156752755905513
11
-0.2617701968503937
21
-2.2156752755905513
0
LINE
8
BLACK
6
CONTINUOUS
10
-0.2617701968503937
20
-2.2156752755905513
11
-0.2644676771653543
21
-2.2170240157480317
0
LINE
8
BLACK
6
CONTINUOUS
10
-0.2644676771653543
20
-2.2170240157480317
11
-0.2656648031496063
21
-2.2182211417322835
0
LINE
8
BLACK
6
CONTINUOUS
10
-0.2656648031496063
20
-2.2182211417322835
11
-0.2670135433070866
21
-2.2209186220472441
0
LINE
8
BLACK
6
CONTINUOUS
10
-0.2670135433070866
20
-2.2209186220472441
11
-0.2670135433070866
21
-2.2389692519685038
0
LINE
8
BLACK
6
CONTINUOUS
10
-0.2670135433070866
20
-2.2389692519685038
11
-0.2670702755905512
21
-2.2395453149606297
0
LINE
8
BLACK
6
CONTINUOUS
10
-0.2670702755905512
20
-2.2395453149606297
11
-0.2675111811023622
21
-2.2406097244094489
0
LINE
8
BLACK
6
CONTINUOUS
10
-0.2675111811023622
20
-2.2406097244094489
11
-0.2683258267716536
21
-2.24142437007874
0
LINE
8
BLACK
6
CONTINUOUS
10
-0.2683258267716536
20
-2.24142437007874
11
-0.2693902362204724
21
-2.241865275590551
0
LINE
8
BLACK
6
CONTINUOUS
10
-0.2693902362204724
20
-2.241865275590551
11
-0.2705423622047244
21
-2.241865275590551
0
LINE
8
BLACK
6
CONTINUOUS
10
-0.2705423622047244
20
-2.241865275590551
11
-0.2716067716535433
21
-2.24142437007874
0
LINE
8
BLACK
6
CONTINUOUS
10
-0.2716067716535433
20
-2.24142437007874
11
-0.2724214173228346
21
-2.2406097244094489
0
LINE
8
BLACK
6
CONTINUOUS
10
-0.2724214173228346
20
-2.2406097244094489
11
-0.2728623228346457
21
-2.2395453149606297
0
LINE
8
BLACK
6
CONTINUOUS
10
-0.2728623228346457
20
-2.2395453149606297
11
-0.2729190551181102
21
-2.2389692519685038
0
LINE
8
BLACK
6
CONTINUOUS
10
-0.2729190551181102
20
-2.2389692519685038
11
-0.2729190551181102
21
-2.2127225196850393
0
LINE
8
BLACK
6
CONTINUOUS
10
-0.2729190551181102
20
-2.2127225196850393
11
-0.2728623228346457
21
-2.2121464566929134
0
LINE
8
BLACK
6
CONTINUOUS
10
-0.2728623228346457
20
-2.2121464566929134
11
-0.2724214173228346
21
-2.2110820472440946
0
LINE
8
BLACK
6
CONTINUOUS
10
-0.2724214173228346
20
-2.2110820472440946
11
-0.2716067716535433
21
-2.2102674015748032
0
LINE
8
BLACK
6
CONTINUOUS
10
-0.2716067716535433
20
-2.2102674015748032
11
-0.2705423622047244
21
-2.2098264960629921
0
LINE
8
BLACK
6
CONTINUOUS
10
-0.2705423622047244
20
-2.2098264960629921
11
-0.2693902362204724
21
-2.2098264960629921
0
LINE
8
BLACK
6
CONTINUOUS
10
-0.2693902362204724
20
-2.2098264960629921
11
-0.2683258267716536
21
-2.2102674015748032
0
LINE
8
BLACK
6
CONTINUOUS
10
-0.2683258267716536
20
-2.2102674015748032
11
-0.2675111811023622
21
-2.2110820472440946
0
LINE
8
BLACK
6
CONTINUOUS
10
-0.2675111811023622
20
-2.2110820472440946
11
-0.2672157086614173
21
-2.2117954330708662
0
LINE
8
BLACK
6
CONTINUOUS
10
-0.2672157086614173
20
-2.2117954330708662
11
-0.2637877559055118
21
-2.2100814960629922
0
LINE
8
BLACK
6
CONTINUOUS
10
-0.2637877559055118
20
-2.2100814960629922
11
-0.2632471653543307
21
-2.2098746062992127
0
LINE
8
BLACK
6
CONTINUOUS
10
-0.2632471653543307
20
-2.2098746062992127
11
-0.2631412992125984
21
-2.2098670472440944
0
LINE
8
BLACK
6
CONTINUOUS
10
-0.2631412992125984
20
-2.2098670472440944
11
-0.2630433070866142
21
-2.2098264960629921
0
LINE
8
BLACK
6
CONTINUOUS
10
-0.2630433070866142
20
-2.2098264960629921
11
-0.2624672440944882
21
-2.2097697637795277
0
LINE
8
BLACK
6
CONTINUOUS
10
-0.2624672440944882
20
-2.2097697637795277
11
-0.2587177165354331
21
-2.2097697637795277
0
LINE
8
BLACK
6
CONTINUOUS
10
-0.2587177165354331
20
-2.2097697637795277
11
-0.2581416535433071
21
-2.2098264960629921
0
LINE
8
BLACK
6
CONTINUOUS
10
-0.1981491338582677
20
-2.2098264960629921
11
-0.1980511417322835
21
-2.2098670866141732
0
LINE
8
BLACK
6
CONTINUOUS
10
-0.1980511417322835
20
-2.2098670866141732
11
-0.1979453149606299
21
-2.2098746062992127
0
LINE
8
BLACK
6
CONTINUOUS
10
-0.1979453149606299
20
-2.2098746062992127
11
-0.1974046850393701
21
-2.2100814960629922
0
LINE
8
BLACK
6
CONTINUOUS
10
-0.1974046850393701
20
-2.2100814960629922
11
-0.1936551574803149
21
-2.2119562598425198
0
LINE
8
BLACK
6
CONTINUOUS
10
-0.1936551574803149
20
-2.2119562598425198
11
-0.1935588188976378
21
-2.2120168897637793
0
LINE
8
BLACK
6
CONTINUOUS
10
-0.1935588188976378
20
-2.2120168897637793
11
-0.1935133858267717
21
-2.2120320472440946
0
LINE
8
BLACK
6
CONTINUOUS
10
-0.1935133858267717
20
-2.2120320472440946
11
-0.1934568503937008
21
-2.2120810629921261
0
LINE
8
BLACK
6
CONTINUOUS
10
-0.1934568503937008
20
-2.2120810629921261
11
-0.1931652755905512
21
-2.2122646062992124
0
LINE
8
BLACK
6
CONTINUOUS
10
-0.1931652755905512
20
-2.2122646062992124
11
-0.1929227165354331
21
-2.2125442913385824
0
LINE
8
BLACK
6
CONTINUOUS
10
-0.1929227165354331
20
-2.2125442913385824
11
-0.1926429921259842
21
-2.2127868897637795
0
LINE
8
BLACK
6
CONTINUOUS
10
-0.1926429921259842
20
-2.2127868897637795
11
-0.1924594881889764
21
-2.2130784251968505
0
LINE
8
BLACK
6
CONTINUOUS
10
-0.1924594881889764
20
-2.2130784251968505
11
-0.1924104330708661
21
-2.2131349999999999
0
LINE
8
BLACK
6
CONTINUOUS
10
-0.1924104330708661
20
-2.2131349999999999
11
-0.1923953149606299
21
-2.2131803937007875
0
LINE
8
BLACK
6
CONTINUOUS
10
-0.1923953149606299
20
-2.2131803937007875
11
-0.1923346456692913
21
-2.2132767716535433
0
LINE
8
BLACK
6
CONTINUOUS
10
-0.1923346456692913
20
-2.2132767716535433
11
-0.1904598818897638
21
-2.2170262992125984
0
LINE
8
BLACK
6
CONTINUOUS
10
-0.1904598818897638
20
-2.2170262992125984
11
-0.1902529921259843
21
-2.2175668897637797
0
LINE
8
BLACK
6
CONTINUOUS
10
-0.1902529921259843
20
-2.2175668897637797
11
-0.1902454724409449
21
-2.2176727559055118
0
LINE
8
BLACK
6
CONTINUOUS
10
-0.1902454724409449
20
-2.2176727559055118
11
-0.1902048818897638
21
-2.2177707480314961
0
LINE
8
BLACK
6
CONTINUOUS
10
-0.1902048818897638
20
-2.2177707480314961
11
-0.1901481496062992
21
-2.218346811023622
0
LINE
8
BLACK
6
CONTINUOUS
10
-0.1901481496062992
20
-2.218346811023622
11
-0.1901481496062992
21
-2.2389692519685038
0
LINE
8
BLACK
6
CONTINUOUS
10
-0.1901481496062992
20
-2.2389692519685038
11
-0.1902048818897638
21
-2.2395453149606297
0
LINE
8
BLACK
6
CONTINUOUS
10
-0.1902048818897638
20
-2.2395453149606297
11
-0.1906457874015748
21
-2.2406097244094489
0
LINE
8
BLACK
6
CONTINUOUS
10
-0.1906457874015748
20
-2.2406097244094489
11
-0.1914604330708661
21
-2.24142437007874
0
LINE
8
BLACK
6
CONTINUOUS
10
-0.1914604330708661
20
-2.24142437007874
11
-0.192524842519685
21
-2.241865275590551
0
LINE
8
BLACK
6
CONTINUOUS
10
-0.192524842519685
20
-2.241865275590551
11
-0.193676968503937
21
-2.241865275590551
0
LINE
8
BLACK
6
CONTINUOUS
10
-0.193676968503937
20
-2.241865275590551
11
-0.1947413779527559
21
-2.24142437007874
0
LINE
8
BLACK
6
CONTINUOUS
10
-0.1947413779527559
20
-2.24142437007874
11
-0.1955560236220472
21
-2.2406097244094489
0
LINE
8
BLACK
6
CONTINUOUS
10
-0.1955560236220472
20
-2.2406097244094489
11
-0.1959969291338583
21
-2.2395453149606297
0
LINE
8
BLACK
6
CONTINUOUS
10
-0.1959969291338583
20
-2.2395453149606297
11
-0.1960536614173228
21
-2.2389692519685038
0
LINE
8
BLACK
6
CONTINUOUS
10
-0.1960536614173228
20
-2.2389692519685038
11
-0.1960536614173228
21
-2.2190438582677166
0
LINE
8
BLACK
6
CONTINUOUS
10
-0.1960536614173228
20
-2.2190438582677166
11
-0.1971765354330709
21
-2.2167981102362204
0
LINE
8
BLACK
6
CONTINUOUS
10
-0.1971765354330709
20
-2.2167981102362204
11
-0.1994222440944882
21
-2.2156752755905513
0
LINE
8
BLACK
6
CONTINUOUS
10
-0.1994222440944882
20
-2.2156752755905513
11
-0.2036524409448819
21
-2.2156752755905513
0
LINE
8
BLACK
6
CONTINUOUS
10
-0.2036524409448819
20
-2.2156752755905513
11
-0.2063499212598425
21
-2.2170240157480317
0
LINE
8
BLACK
6
CONTINUOUS
10
-0.2063499212598425
20
-2.2170240157480317
11
-0.2070210236220472
21
-2.2176951181102362
0
LINE
8
BLACK
6
CONTINUOUS
10
-0.2070210236220472
20
-2.2176951181102362
11
-0.2070210236220472
21
-2.2389692519685038
0
LINE
8
BLACK
6
CONTINUOUS
10
-0.2070210236220472
20
-2.2389692519685038
11
-0.2070777559055118
21
-2.2395453149606297
0
LINE
8
BLACK
6
CONTINUOUS
10
-0.2070777559055118
20
-2.2395453149606297
11
-0.2075186614173228
21
-2.2406097244094489
0
LINE
8
BLACK
6
CONTINUOUS
10
-0.2075186614173228
20
-2.2406097244094489
11
-0.2083333070866142
21
-2.24142437007874
0
LINE
8
BLACK
6
CONTINUOUS
10
-0.2083333070866142
20
-2.24142437007874
11
-0.2093977165354331
21
-2.241865275590551
0
LINE
8
BLACK
6
CONTINUOUS
10
-0.2093977165354331
20
-2.241865275590551
11
-0.210549842519685
21
-2.241865275590551
0
LINE
8
BLACK
6
CONTINUOUS
10
-0.210549842519685
20
-2.241865275590551
11
-0.2116142519685039
21
-2.24142437007874
0
LINE
8
BLACK
6
CONTINUOUS
10
-0.2116142519685039
20
-2.24142437007874
11
-0.2124288976377953
21
-2.2406097244094489
0
LINE
8
BLACK
6
CONTINUOUS
10
-0.2124288976377953
20
-2.2406097244094489
11
-0.2128698031496063
21
-2.2395453149606297
0
LINE
8
BLACK
6
CONTINUOUS
10
-0.2128698031496063
20
-2.2395453149606297
11
-0.2129265354330709
21
-2.2389692519685038
0
LINE
8
BLACK
6
CONTINUOUS
10
-0.2129265354330709
20
-2.2389692519685038
11
-0.2129265354330709
21
-2.2127225196850393
0
LINE
8
BLACK
6
CONTINUOUS
10
-0.2129265354330709
20
-2.2127225196850393
11
-0.2128698031496063
21
-2.2121464566929134
0
LINE
8
BLACK
6
CONTINUOUS
10
-0.2128698031496063
20
-2.2121464566929134
11
-0.2124288976377953
21
-2.2110820472440946
0
LINE
8
BLACK
6
CONTINUOUS
10
-0.2124288976377953
20
-2.2110820472440946
11
-0.2116142519685039
21
-2.2102674015748032
0
LINE
8
BLACK
6
CONTINUOUS
10
-0.2116142519685039
20
-2.2102674015748032
11
-0.210549842519685
21
-2.2098264960629921
0
LINE
8
BLACK
6
CONTINUOUS
10
-0.210549842519685
20
-2.2098264960629921
11
-0.2093977165354331
21
-2.2098264960629921
0
LINE
8
BLACK
6
CONTINUOUS
10
-0.2093977165354331
20
-2.2098264960629921
11
-0.2083333070866142
21
-2.2102674015748032
0
LINE
8
BLACK
6
CONTINUOUS
10
-0.2083333070866142
20
-2.2102674015748032
11
-0.2075694881889764
21
-2.2110312204724409
0
LINE
8
BLACK
6
CONTINUOUS
10
-0.2075694881889764
20
-2.2110312204724409
11
-0.20567
21
-2.2100814960629922
0
LINE
8
BLACK
6
CONTINUOUS
10
-0.20567
20
-2.2100814960629922
11
-0.2051294094488189
21
-2.2098746062992127
0
LINE
8
BLACK
6
CONTINUOUS
10
-0.2051294094488189
20
-2.2098746062992127
11
-0.2050235433070866
21
-2.2098670472440944
0
LINE
8
BLACK
6
CONTINUOUS
10
-0.2050235433070866
20
-2.2098670472440944
11
-0.2049255511811024
21
-2.2098264960629921
0
LINE
8
BLACK
6
CONTINUOUS
10
-0.2049255511811024
20
-2.2098264960629921
11
-0.2043494881889764
21
-2.2097697637795277
0
LINE
8
BLACK
6
CONTINUOUS
10
-0.2043494881889764
20
-2.2097697637795277
11
-0.1987251968503937
21
-2.2097697637795277
0
LINE
8
BLACK
6
CONTINUOUS
10
-0.1987251968503937
20
-2.2097697637795277
11
-0.1981491338582677
21
-2.2098264960629921
0
LINE
8
BLACK
6
CONTINUOUS
10
-0.0575416929133858
20
-2.2098264960629921
11
-0.0574437007874016
21
-2.2098670866141732
0
LINE
8
BLACK
6
CONTINUOUS
10
-0.0574437007874016
20
-2.2098670866141732
11
-0.057337874015748
21
-2.2098746062992127
0
LINE
8
BLACK
6
CONTINUOUS
10
-0.057337874015748
20
-2.2098746062992127
11
-0.0567972440944882
21
-2.2100814960629922
0
LINE
8
BLACK
6
CONTINUOUS
10
-0.0567972440944882
20
-2.2100814960629922
11
-0.0530477165354331
21
-2.2119562598425198
0
LINE
8
BLACK
6
CONTINUOUS
10
-0.0530477165354331
20
-2.2119562598425198
11
-0.0529513779527559
21
-2.2120168897637793
0
LINE
8
BLACK
6
CONTINUOUS
10
-0.0529513779527559
20
-2.2120168897637793
11
-0.0529059448818898
21
-2.2120320472440946
0
LINE
8
BLACK
6
CONTINUOUS
10
-0.0529059448818898
20
-2.2120320472440946
11
-0.0528494094488189
21
-2.2120810629921261
0
LINE
8
BLACK
6
CONTINUOUS
10
-0.0528494094488189
20
-2.2120810629921261
11
-0.0525578346456693
21
-2.2122646062992124
0
LINE
8
BLACK
6
CONTINUOUS
10
-0.0525578346456693
20
-2.2122646062992124
11
-0.0523152755905512
21
-2.2125442913385824
0
LINE
8
BLACK
6
CONTINUOUS
10
-0.0523152755905512
20
-2.2125442913385824
11
-0.0520355511811024
21
-2.2127868897637795
0
LINE
8
BLACK
6
CONTINUOUS
10
-0.0520355511811024
20
-2.2127868897637795
11
-0.0518520472440945
21
-2.2130784251968505
0
LINE
8
BLACK
6
CONTINUOUS
10
-0.0518520472440945
20
-2.2130784251968505
11
-0.0518029921259842
21
-2.2131349999999999
0
LINE
8
BLACK
6
CONTINUOUS
10
-0.0518029921259842
20
-2.2131349999999999
11
-0.051787874015748
21
-2.2131803937007875
0
LINE
8
BLACK
6
CONTINUOUS
10
-0.051787874015748
20
-2.2131803937007875
11
-0.0517272047244094
21
-2.2132767716535433
0
LINE
8
BLACK
6
CONTINUOUS
10
-0.0517272047244094
20
-2.2132767716535433
11
-0.0498524409448819
21
-2.2170262992125984
0
LINE
8
BLACK
6
CONTINUOUS
10
-0.0498524409448819
20
-2.2170262992125984
11
-0.0496455511811024
21
-2.2175668897637797
0
LINE
8
BLACK
6
CONTINUOUS
10
-0.0496455511811024
20
-2.2175668897637797
11
-0.049638031496063
21
-2.2176727559055118
0
LINE
8
BLACK
6
CONTINUOUS
10
-0.049638031496063
20
-2.2176727559055118
11
-0.0495974409448819
21
-2.2177707480314961
0
LINE
8
BLACK
6
CONTINUOUS
10
-0.0495974409448819
20
-2.2177707480314961
11
-0.0495407086614173
21
-2.218346811023622
0
LINE
8
BLACK
6
CONTINUOUS
10
-0.0495407086614173
20
-2.218346811023622
11
-0.0495407086614173
21
-2.2389692519685038
0
LINE
8
BLACK
6
CONTINUOUS
10
-0.0495407086614173
20
-2.2389692519685038
11
-0.0495974409448819
21
-2.2395453149606297
0
LINE
8
BLACK
6
CONTINUOUS
10
-0.0495974409448819
20
-2.2395453149606297
11
-0.0500383464566929
21
-2.2406097244094489
0
LINE
8
BLACK
6
CONTINUOUS
10
-0.0500383464566929
20
-2.2406097244094489
11
-0.0508529921259843
21
-2.24142437007874
0
LINE
8
BLACK
6
CONTINUOUS
10
-0.0508529921259843
20
-2.24142437007874
11
-0.0519174015748032
21
-2.241865275590551
0
LINE
8
BLACK
6
CONTINUOUS
10
-0.0519174015748032
20
-2.241865275590551
11
-0.0530695275590551
21
-2.241865275590551
0
LINE
8
BLACK
6
CONTINUOUS
10
-0.0530695275590551
20
-2.241865275590551
11
-0.054133937007874
21
-2.24142437007874
0
LINE
8
BLACK
6
CONTINUOUS
10
-0.054133937007874
20
-2.24142437007874
11
-0.0549485826771654
21
-2.2406097244094489
0
LINE
8
BLACK
6
CONTINUOUS
10
-0.0549485826771654
20
-2.2406097244094489
11
-0.0553894881889764
21
-2.2395453149606297
0
LINE
8
BLACK
6
CONTINUOUS
10
-0.0553894881889764
20
-2.2395453149606297
11
-0.0554462204724409
21
-2.2389692519685038
0
LINE
8
BLACK
6
CONTINUOUS
10
-0.0554462204724409
20
-2.2389692519685038
11
-0.0554462204724409
21
-2.2190438582677166
0
LINE
8
BLACK
6
CONTINUOUS
10
-0.0554462204724409
20
-2.2190438582677166
11
-0.056569094488189
21
-2.2167981102362204
0
LINE
8
BLACK
6
CONTINUOUS
10
-0.056569094488189
20
-2.2167981102362204
11
-0.0588148031496063
21
-2.2156752755905513
0
LINE
8
BLACK
6
CONTINUOUS
10
-0.0588148031496063
20
-2.2156752755905513
11
-0.063045
21
-2.2156752755905513
0
LINE
8
BLACK
6
CONTINUOUS
10
-0.063045
20
-2.2156752755905513
11
-0.0657424803149606
21
-2.2170240157480317
0
LINE
8
BLACK
6
CONTINUOUS
10
-0.0657424803149606
20
-2.2170240157480317
11
-0.0664135826771654
21
-2.2176951181102362
0
LINE
8
BLACK
6
CONTINUOUS
10
-0.0664135826771654
20
-2.2176951181102362
11
-0.0664135826771654
21
-2.2389692519685038
0
LINE
8
BLACK
6
CONTINUOUS
10
-0.0664135826771654
20
-2.2389692519685038
11
-0.0664703149606299
21
-2.2395453149606297
0
LINE
8
BLACK
6
CONTINUOUS
10
-0.0664703149606299
20
-2.2395453149606297
11
-0.0669112204724409
21
-2.2406097244094489
0
LINE
8
BLACK
6
CONTINUOUS
10
-0.0669112204724409
20
-2.2406097244094489
11
-0.0677258661417323
21
-2.24142437007874
0
LINE
8
BLACK
6
CONTINUOUS
10
-0.0677258661417323
20
-2.24142437007874
11
-0.0687902755905512
21
-2.241865275590551
0
LINE
8
BLACK
6
CONTINUOUS
10
-0.0687902755905512
20
-2.241865275590551
11
-0.0699424015748032
21
-2.241865275590551
0
LINE
8
BLACK
6
CONTINUOUS
10
-0.0699424015748032
20
-2.241865275590551
11
-0.0710068110236221
21
-2.24142437007874
0
LINE
8
BLACK
6
CONTINUOUS
10
-0.0710068110236221
20
-2.24142437007874
11
-0.0718214566929134
21
-2.2406097244094489
0
LINE
8
BLACK
6
CONTINUOUS
10
-0.0718214566929134
20
-2.2406097244094489
11
-0.0722623622047244
21
-2.2395453149606297
0
LINE
8
BLACK
6
CONTINUOUS
10
-0.0722623622047244
20
-2.2395453149606297
11
-0.072319094488189
21
-2.2389692519685038
0
LINE
8
BLACK
6
CONTINUOUS
10
-0.072319094488189
20
-2.2389692519685038
11
-0.072319094488189
21
-2.2127225196850393
0
LINE
8
BLACK
6
CONTINUOUS
10
-0.072319094488189
20
-2.2127225196850393
11
-0.0722623622047244
21
-2.2121464566929134
0
LINE
8
BLACK
6
CONTINUOUS
10
-0.0722623622047244
20
-2.2121464566929134
11
-0.0718214566929134
21
-2.2110820472440946
0
LINE
8
BLACK
6
CONTINUOUS
10
-0.0718214566929134
20
-2.2110820472440946
11
-0.0710068110236221
21
-2.2102674015748032
0
LINE
8
BLACK
6
CONTINUOUS
10
-0.0710068110236221
20
-2.2102674015748032
11
-0.0699424015748032
21
-2.2098264960629921
0
LINE
8
BLACK
6
CONTINUOUS
10
-0.0699424015748032
20
-2.2098264960629921
11
-0.0687902755905512
21
-2.2098264960629921
0
LINE
8
BLACK
6
CONTINUOUS
10
-0.0687902755905512
20
-2.2098264960629921
11
-0.0677258661417323
21
-2.2102674015748032
0
LINE
8
BLACK
6
CONTINUOUS
10
-0.0677258661417323
20
-2.2102674015748032
11
-0.0669620472440945
21
-2.2110312204724409
0
LINE
8
BLACK
6
CONTINUOUS
10
-0.0669620472440945
20
-2.2110312204724409
11
-0.0650625590551181
21
-2.2100814960629922
0
LINE
8
BLACK
6
CONTINUOUS
10
-0.0650625590551181
20
-2.2100814960629922
11
-0.064521968503937
21
-2.2098746062992127
0
LINE
8
BLACK
6
CONTINUOUS
10
-0.064521968503937
20
-2.2098746062992127
11
-0.0644161023622047
21
-2.2098670472440944
0
LINE
8
BLACK
6
CONTINUOUS
10
-0.0644161023622047
20
-2.2098670472440944
11
-0.0643181102362205
21
-2.2098264960629921
0
LINE
8
BLACK
6
CONTINUOUS
10
-0.0643181102362205
20
-2.2098264960629921
11
-0.0637420472440945
21
-2.2097697637795277
0
LINE
8
BLACK
6
CONTINUOUS
10
-0.0637420472440945
20
-2.2097697637795277
11
-0.0581177559055118
21
-2.2097697637795277
0
LINE
8
BLACK
6
CONTINUOUS
10
-0.0581177559055118
20
-2.2097697637795277
11
-0.0575416929133858
21
-2.2098264960629921
0
LINE
8
BLACK
6
CONTINUOUS
10
0.0793162204724409
20
-2.2098264960629921
11
0.0794142125984252
21
-2.2098670866141732
0
LINE
8
BLACK
6
CONTINUOUS
10
0.0794142125984252
20
-2.2098670866141732
11
0.0795200393700787
21
-2.2098746062992127
0
LINE
8
BLACK
6
CONTINUOUS
10
0.0795200393700787
20
-2.2098746062992127
11
0.0800606692913386
21
-2.2100814960629922
0
LINE
8
BLACK
6
CONTINUOUS
10
0.0800606692913386
20
-2.2100814960629922
11
0.0838101968503937
21
-2.2119562598425198
0
LINE
8
BLACK
6
CONTINUOUS
10
0.0838101968503937
20
-2.2119562598425198
11
0.0839065354330709
21
-2.2120168897637793
0
LINE
8
BLACK
6
CONTINUOUS
10
0.0839065354330709
20
-2.2120168897637793
11
0.083951968503937
21
-2.2120320472440946
0
LINE
8
BLACK
6
CONTINUOUS
10
0.083951968503937
20
-2.2120320472440946
11
0.0840085039370079
21
-2.2120810629921261
0
LINE
8
BLACK
6
CONTINUOUS
10
0.0840085039370079
20
-2.2120810629921261
11
0.0843000787401575
21
-2.2122646062992124
0
LINE
8
BLACK
6
CONTINUOUS
10
0.0843000787401575
20
-2.2122646062992124
11
0.0845426377952756
21
-2.2125442913385824
0
LINE
8
BLACK
6
CONTINUOUS
10
0.0845426377952756
20
-2.2125442913385824
11
0.0848223622047244
21
-2.2127868897637795
0
LINE
8
BLACK
6
CONTINUOUS
10
0.0848223622047244
20
-2.2127868897637795
11
0.0850058661417323
21
-2.2130784251968505
0
LINE
8
BLACK
6
CONTINUOUS
10
0.0850058661417323
20
-2.2130784251968505
11
0.0850549212598425
21
-2.2131349999999999
0
LINE
8
BLACK
6
CONTINUOUS
10
0.0850549212598425
20
-2.2131349999999999
11
0.0850700393700787
21
-2.2131803937007875
0
LINE
8
BLACK
6
CONTINUOUS
10
0.0850700393700787
20
-2.2131803937007875
11
0.0851307086614173
21
-2.2132767716535433
0
LINE
8
BLACK
6
CONTINUOUS
10
0.0851307086614173
20
-2.2132767716535433
11
0.0870054724409449
21
-2.2170262992125984
0
LINE
8
BLACK
6
CONTINUOUS
10
0.0870054724409449
20
-2.2170262992125984
11
0.0872123622047244
21
-2.2175668897637797
0
LINE
8
BLACK
6
CONTINUOUS
10
0.0872123622047244
20
-2.2175668897637797
11
0.0872198818897638
21
-2.2176727559055118
0
LINE
8
BLACK
6
CONTINUOUS
10
0.0872198818897638
20
-2.2176727559055118
11
0.0872604724409449
21
-2.2177707480314961
0
LINE
8
BLACK
6
CONTINUOUS
10
0.0872604724409449
20
-2.2177707480314961
11
0.0873172047244094
21
-2.218346811023622
0
LINE
8
BLACK
6
CONTINUOUS
10
0.0873172047244094
20
-2.218346811023622
11
0.0873172047244094
21
-2.2389692519685038
0
LINE
8
BLACK
6
CONTINUOUS
10
0.0873172047244094
20
-2.2389692519685038
11
0.0872604724409449
21
-2.2395453149606297
0
LINE
8
BLACK
6
CONTINUOUS
10
0.0872604724409449
20
-2.2395453149606297
11
0.0868195669291339
21
-2.2406097244094489
0
LINE
8
BLACK
6
CONTINUOUS
10
0.0868195669291339
20
-2.2406097244094489
11
0.0860049212598425
21
-2.24142437007874
0
LINE
8
BLACK
6
CONTINUOUS
10
0.0860049212598425
20
-2.24142437007874
11
0.0849405118110236
21
-2.241865275590551
0
LINE
8
BLACK
6
CONTINUOUS
10
0.0849405118110236
20
-2.241865275590551
11
0.0837883858267717
21
-2.241865275590551
0
LINE
8
BLACK
6
CONTINUOUS
10
0.0837883858267717
20
-2.241865275590551
11
0.0827239763779528
21
-2.24142437007874
0
LINE
8
BLACK
6
CONTINUOUS
10
0.0827239763779528
20
-2.24142437007874
11
0.0819093307086614
21
-2.2406097244094489
0
LINE
8
BLACK
6
CONTINUOUS
10
0.0819093307086614
20
-2.2406097244094489
11
0.0814684251968504
21
-2.2395453149606297
0
LINE
8
BLACK
6
CONTINUOUS
10
0.0814684251968504
20
-2.2395453149606297
11
0.0814116929133858
21
-2.2389692519685038
0
LINE
8
BLACK
6
CONTINUOUS
10
0.0814116929133858
20
-2.2389692519685038
11
0.0814116929133858
21
-2.2190438582677166
0
LINE
8
BLACK
6
CONTINUOUS
10
0.0814116929133858
20
-2.2190438582677166
11
0.0802888188976378
21
-2.2167981102362204
0
LINE
8
BLACK
6
CONTINUOUS
10
0.0802888188976378
20
-2.2167981102362204
11
0.0780431102362205
21
-2.2156752755905513
0
LINE
8
BLACK
6
CONTINUOUS
10
0.0780431102362205
20
-2.2156752755905513
11
0.0738129133858268
21
-2.2156752755905513
0
LINE
8
BLACK
6
CONTINUOUS
10
0.0738129133858268
20
-2.2156752755905513
11
0.0711154330708661
21
-2.2170240157480317
0
LINE
8
BLACK
6
CONTINUOUS
10
0.0711154330708661
20
-2.2170240157480317
11
0.0704443307086614
21
-2.2176951181102362
0
LINE
8
BLACK
6
CONTINUOUS
10
0.0704443307086614
20
-2.2176951181102362
11
0.0704443307086614
21
-2.2389692519685038
0
LINE
8
BLACK
6
CONTINUOUS
10
0.0704443307086614
20
-2.2389692519685038
11
0.0703875984251968
21
-2.2395453149606297
0
LINE
8
BLACK
6
CONTINUOUS
10
0.0703875984251968
20
-2.2395453149606297
11
0.0699466929133858
21
-2.2406097244094489
0
LINE
8
BLACK
6
CONTINUOUS
10
0.0699466929133858
20
-2.2406097244094489
11
0.0691320472440945
21
-2.24142437007874
0
LINE
8
BLACK
6
CONTINUOUS
10
0.0691320472440945
20
-2.24142437007874
11
0.0680676377952756
21
-2.241865275590551
0
LINE
8
BLACK
6
CONTINUOUS
10
0.0680676377952756
20
-2.241865275590551
11
0.0669155118110236
21
-2.241865275590551
0
LINE
8
BLACK
6
CONTINUOUS
10
0.0669155118110236
20
-2.241865275590551
11
0.0658511023622047
21
-2.24142437007874
0
LINE
8
BLACK
6
CONTINUOUS
10
0.0658511023622047
20
-2.24142437007874
11
0.0650364566929134
21
-2.2406097244094489
0
LINE
8
BLACK
6
CONTINUOUS
10
0.0650364566929134
20
-2.2406097244094489
11
0.0645955511811024
21
-2.2395453149606297
0
LINE
8
BLACK
6
CONTINUOUS
10
0.0645955511811024
20
-2.2395453149606297
11
0.0645388188976378
21
-2.2389692519685038
0
LINE
8
BLACK
6
CONTINUOUS
10
0.0645388188976378
20
-2.2389692519685038
11
0.0645388188976378
21
-2.2127225196850393
0
LINE
8
BLACK
6
CONTINUOUS
10
0.0645388188976378
20
-2.2127225196850393
11
0.0645955511811024
21
-2.2121464566929134
0
LINE
8
BLACK
6
CONTINUOUS
10
0.0645955511811024
20
-2.2121464566929134
11
0.0650364566929134
21
-2.2110820472440946
0
LINE
8
BLACK
6
CONTINUOUS
10
0.0650364566929134
20
-2.2110820472440946
11
0.0658511023622047
21
-2.2102674015748032
0
LINE
8
BLACK
6
CONTINUOUS
10
0.0658511023622047
20
-2.2102674015748032
11
0.0669155118110236
21
-2.2098264960629921
0
LINE
8
BLACK
6
CONTINUOUS
10
0.0669155118110236
20
-2.2098264960629921
11
0.0680676377952756
21
-2.2098264960629921
0
LINE
8
BLACK
6
CONTINUOUS
10
0.0680676377952756
20
-2.2098264960629921
11
0.0691320472440945
21
-2.2102674015748032
0
LINE
8
BLACK
6
CONTINUOUS
10
0.0691320472440945
20
-2.2102674015748032
11
0.0698958661417323
21
-2.2110312204724409
0
LINE
8
BLACK
6
CONTINUOUS
10
0.0698958661417323
20
-2.2110312204724409
11
0.0717953543307087
21
-2.2100814960629922
0
LINE
8
BLACK
6
CONTINUOUS
10
0.0717953543307087
20
-2.2100814960629922
11
0.0723359448818898
21
-2.2098746062992127
0
LINE
8
BLACK
6
CONTINUOUS
10
0.0723359448818898
20
-2.2098746062992127
11
0.072441811023622
21
-2.2098670472440944
0
LINE
8
BLACK
6
CONTINUOUS
10
0.072441811023622
20
-2.2098670472440944
11
0.0725398031496063
21
-2.2098264960629921
0
LINE
8
BLACK
6
CONTINUOUS
10
0.0725398031496063
20
-2.2098264960629921
11
0.0731158661417323
21
-2.2097697637795277
0
LINE
8
BLACK
6
CONTINUOUS
10
0.0731158661417323
20
-2.2097697637795277
11
0.078740157480315
21
-2.2097697637795277
0
LINE
8
BLACK
6
CONTINUOUS
10
0.078740157480315
20
-2.2097697637795277
11
0.0793162204724409
21
-2.2098264960629921
0
LINE
8
BLACK
6
CONTINUOUS
10
-0.1212837007874016
20
-2.2210750787401574
11
-0.1202192913385827
21
-2.2215159842519685
0
LINE
8
BLACK
6
CONTINUOUS
10
-0.1202192913385827
20
-2.2215159842519685
11
-0.1194046456692913
21
-2.22233062992126
0
LINE
8
BLACK
6
CONTINUOUS
10
-0.1194046456692913
20
-2.22233062992126
11
-0.1189637401574803
21
-2.2233950393700788
0
LINE
8
BLACK
6
CONTINUOUS
10
-0.1189637401574803
20
-2.2233950393700788
11
-0.1189637401574803
21
-2.2245471653543305
0
LINE
8
BLACK
6
CONTINUOUS
10
-0.1189637401574803
20
-2.2245471653543305
11
-0.1194046456692913
21
-2.2256115748031498
0
LINE
8
BLACK
6
CONTINUOUS
10
-0.1194046456692913
20
-2.2256115748031498
11
-0.1202192913385827
21
-2.2264262204724408
0
LINE
8
BLACK
6
CONTINUOUS
10
-0.1202192913385827
20
-2.2264262204724408
11
-0.1212837007874016
21
-2.2268671259842518
0
LINE
8
BLACK
6
CONTINUOUS
10
-0.1212837007874016
20
-2.2268671259842518
11
-0.1218597637795275
21
-2.2269238582677167
0
LINE
8
BLACK
6
CONTINUOUS
10
-0.1218597637795275
20
-2.2269238582677167
11
-0.1518560236220473
21
-2.2269238582677167
0
LINE
8
BLACK
6
CONTINUOUS
10
-0.1518560236220473
20
-2.2269238582677167
11
-0.1524320866141732
21
-2.2268671259842518
0
LINE
8
BLACK
6
CONTINUOUS
10
-0.1524320866141732
20
-2.2268671259842518
11
-0.1534964960629921
21
-2.2264262204724408
0
LINE
8
BLACK
6
CONTINUOUS
10
-0.1534964960629921
20
-2.2264262204724408
11
-0.1543111417322835
21
-2.2256115748031498
0
LINE
8
BLACK
6
CONTINUOUS
10
-0.1543111417322835
20
-2.2256115748031498
11
-0.1547520472440945
21
-2.2245471653543305
0
LINE
8
BLACK
6
CONTINUOUS
10
-0.1547520472440945
20
-2.2245471653543305
11
-0.1547520472440945
21
-2.2233950393700788
0
LINE
8
BLACK
6
CONTINUOUS
10
-0.1547520472440945
20
-2.2233950393700788
11
-0.1543111417322835
21
-2.22233062992126
0
LINE
8
BLACK
6
CONTINUOUS
10
-0.1543111417322835
20
-2.22233062992126
11
-0.1534964960629921
21
-2.2215159842519685
0
LINE
8
BLACK
6
CONTINUOUS
10
-0.1534964960629921
20
-2.2215159842519685
11
-0.1524320866141732
21
-2.2210750787401574
0
LINE
8
BLACK
6
CONTINUOUS
10
-0.1524320866141732
20
-2.2210750787401574
11
-0.1518560236220473
21
-2.221018346456693
0
LINE
8
BLACK
6
CONTINUOUS
10
-0.1518560236220473
20
-2.221018346456693
11
-0.1218597637795275
21
-2.221018346456693
0
LINE
8
BLACK
6
CONTINUOUS
10
-0.1218597637795275
20
-2.221018346456693
11
-0.1212837007874016
21
-2.2210750787401574
0
LINE
8
BLACK
6
CONTINUOUS
10
0.3670927952755905
20
-2.1464428740157482
11
0.3671907874015748
21
-2.1464834645669293
0
LINE
8
BLACK
6
CONTINUOUS
10
0.3671907874015748
20
-2.1464834645669293
11
0.3672966141732283
21
-2.1464909842519684
0
LINE
8
BLACK
6
CONTINUOUS
10
0.3672966141732283
20
-2.1464909842519684
11
0.3678372440944882
21
-2.1466978740157479
0
LINE
8
BLACK
6
CONTINUOUS
10
0.3678372440944882
20
-2.1466978740157479
11
0.3684868503937008
21
-2.1470226771653542
0
LINE
8
BLACK
6
CONTINUOUS
10
0.3684868503937008
20
-2.1470226771653542
11
0.3686257874015748
21
-2.1468837795275588
0
LINE
8
BLACK
6
CONTINUOUS
10
0.3686257874015748
20
-2.1468837795275588
11
0.3696901968503937
21
-2.1464428740157482
0
LINE
8
BLACK
6
CONTINUOUS
10
0.3696901968503937
20
-2.1464428740157482
11
0.3708423228346457
21
-2.1464428740157482
0
LINE
8
BLACK
6
CONTINUOUS
10
0.3708423228346457
20
-2.1464428740157482
11
0.3719067322834645
21
-2.1468837795275588
0
LINE
8
BLACK
6
CONTINUOUS
10
0.3719067322834645
20
-2.1468837795275588
11
0.3727213779527559
21
-2.1476984251968503
0
LINE
8
BLACK
6
CONTINUOUS
10
0.3727213779527559
20
-2.1476984251968503
11
0.3731622834645669
21
-2.1487628346456691
0
LINE
8
BLACK
6
CONTINUOUS
10
0.3731622834645669
20
-2.1487628346456691
11
0.3732190157480315
21
-2.1493388976377954
0
LINE
8
BLACK
6
CONTINUOUS
10
0.3732190157480315
20
-2.1493388976377954
11
0.3732190157480315
21
-2.1812099212598426
0
LINE
8
BLACK
6
CONTINUOUS
10
0.3732190157480315
20
-2.1812099212598426
11
0.3731622834645669
21
-2.1817859842519685
0
LINE
8
BLACK
6
CONTINUOUS
10
0.3731622834645669
20
-2.1817859842519685
11
0.3731216929133858
21
-2.181883937007874
0
LINE
8
BLACK
6
CONTINUOUS
10
0.3731216929133858
20
-2.181883937007874
11
0.3731141732283464
21
-2.1819898425196849
0
LINE
8
BLACK
6
CONTINUOUS
10
0.3731141732283464
20
-2.1819898425196849
11
0.3729072834645669
21
-2.1825304330708661
0
LINE
8
BLACK
6
CONTINUOUS
10
0.3729072834645669
20
-2.1825304330708661
11
0.3710325196850394
21
-2.1862799606299212
0
LINE
8
BLACK
6
CONTINUOUS
10
0.3710325196850394
20
-2.1862799606299212
11
0.3708764173228347
21
-2.1865279527559056
0
LINE
8
BLACK
6
CONTINUOUS
10
0.3708764173228347
20
-2.1865279527559056
11
0.3708466141732283
21
-2.1865999212598424
0
LINE
8
BLACK
6
CONTINUOUS
10
0.3708466141732283
20
-2.1865999212598424
11
0.3707801181102362
21
-2.1866808661417321
0
LINE
8
BLACK
6
CONTINUOUS
10
0.3707801181102362
20
-2.1866808661417321
11
0.3707241732283464
21
-2.1867698425196851
0
LINE
8
BLACK
6
CONTINUOUS
10
0.3707241732283464
20
-2.1867698425196851
11
0.370665157480315
21
-2.1868209842519684
0
LINE
8
BLACK
6
CONTINUOUS
10
0.370665157480315
20
-2.1868209842519684
11
0.3704794094488189
21
-2.1870473622047242
0
LINE
8
BLACK
6
CONTINUOUS
10
0.3704794094488189
20
-2.1870473622047242
11
0.3686046456692914
21
-2.1889221259842517
0
LINE
8
BLACK
6
CONTINUOUS
10
0.3686046456692914
20
-2.1889221259842517
11
0.3683782677165354
21
-2.1891078740157481
0
LINE
8
BLACK
6
CONTINUOUS
10
0.3683782677165354
20
-2.1891078740157481
11
0.3683271259842519
21
-2.1891668897637793
0
LINE
8
BLACK
6
CONTINUOUS
10
0.3683271259842519
20
-2.1891668897637793
11
0.3682381496062992
21
-2.189222834645669
0
LINE
8
BLACK
6
CONTINUOUS
10
0.3682381496062992
20
-2.189222834645669
11
0.3681572047244094
21
-2.1892893307086614
0
LINE
8
BLACK
6
CONTINUOUS
10
0.3681572047244094
20
-2.1892893307086614
11
0.3680852362204725
21
-2.1893191338582678
0
LINE
8
BLACK
6
CONTINUOUS
10
0.3680852362204725
20
-2.1893191338582678
11
0.3678372440944882
21
-2.1894752362204724
0
LINE
8
BLACK
6
CONTINUOUS
10
0.3678372440944882
20
-2.1894752362204724
11
0.364087716535433
21
-2.1913499999999999
0
LINE
8
BLACK
6
CONTINUOUS
10
0.364087716535433
20
-2.1913499999999999
11
0.3635470866141732
21
-2.1915568897637794
0
LINE
8
BLACK
6
CONTINUOUS
10
0.3635470866141732
20
-2.1915568897637794
11
0.3634412598425197
21
-2.1915643700787402
0
LINE
8
BLACK
6
CONTINUOUS
10
0.3634412598425197
20
-2.1915643700787402
11
0.3633432677165354
21
-2.191605
0
LINE
8
BLACK
6
CONTINUOUS
10
0.3633432677165354
20
-2.191605
11
0.3627672047244094
21
-2.1916617322834644
0
LINE
8
BLACK
6
CONTINUOUS
10
0.3627672047244094
20
-2.1916617322834644
11
0.3571429133858268
21
-2.1916617322834644
0
LINE
8
BLACK
6
CONTINUOUS
10
0.3571429133858268
20
-2.1916617322834644
11
0.3565668503937008
21
-2.191605
0
LINE
8
BLACK
6
CONTINUOUS
10
0.3565668503937008
20
-2.191605
11
0.3564688582677165
21
-2.1915644094488189
0
LINE
8
BLACK
6
CONTINUOUS
10
0.3564688582677165
20
-2.1915644094488189
11
0.3563629921259843
21
-2.1915568897637794
0
LINE
8
BLACK
6
CONTINUOUS
10
0.3563629921259843
20
-2.1915568897637794
11
0.3558224015748032
21
-2.1913499999999999
0
LINE
8
BLACK
6
CONTINUOUS
10
0.3558224015748032
20
-2.1913499999999999
11
0.352072874015748
21
-2.1894752362204724
0
LINE
8
BLACK
6
CONTINUOUS
10
0.352072874015748
20
-2.1894752362204724
11
0.3515829921259843
21
-2.1891668897637793
0
LINE
8
BLACK
6
CONTINUOUS
10
0.3515829921259843
20
-2.1891668897637793
11
0.3508281496062992
21
-2.1882964960629923
0
LINE
8
BLACK
6
CONTINUOUS
10
0.3508281496062992
20
-2.1882964960629923
11
0.3504638188976378
21
-2.1872035433070867
0
LINE
8
BLACK
6
CONTINUOUS
10
0.3504638188976378
20
-2.1872035433070867
11
0.3505454724409449
21
-2.1860543307086613
0
LINE
8
BLACK
6
CONTINUOUS
10
0.3505454724409449
20
-2.1860543307086613
11
0.3510607086614173
21
-2.1850238188976379
0
LINE
8
BLACK
6
CONTINUOUS
10
0.3510607086614173
20
-2.1850238188976379
11
0.3519311023622047
21
-2.1842689763779526
0
LINE
8
BLACK
6
CONTINUOUS
10
0.3519311023622047
20
-2.1842689763779526
11
0.3530240551181102
21
-2.1839046456692914
0
LINE
8
BLACK
6
CONTINUOUS
10
0.3530240551181102
20
-2.1839046456692914
11
0.3541732677165354
21
-2.1839862992125982
0
LINE
8
BLACK
6
CONTINUOUS
10
0.3541732677165354
20
-2.1839862992125982
11
0.3547138976377953
21
-2.1841931889763777
0
LINE
8
BLACK
6
CONTINUOUS
10
0.3547138976377953
20
-2.1841931889763777
11
0.3578399606299212
21
-2.1857562204724408
0
LINE
8
BLACK
6
CONTINUOUS
10
0.3578399606299212
20
-2.1857562204724408
11
0.362070157480315
21
-2.1857562204724408
0
LINE
8
BLACK
6
CONTINUOUS
10
0.362070157480315
20
-2.1857562204724408
11
0.3647676377952756
21
-2.1844074803149605
0
LINE
8
BLACK
6
CONTINUOUS
10
0.3647676377952756
20
-2.1844074803149605
11
0.3659647637795275
21
-2.1832103543307086
0
LINE
8
BLACK
6
CONTINUOUS
10
0.3659647637795275
20
-2.1832103543307086
11
0.3673135039370078
21
-2.180512874015748
0
LINE
8
BLACK
6
CONTINUOUS
10
0.3673135039370078
20
-2.180512874015748
11
0.3673135039370078
21
-2.1784270472440945
0
LINE
8
BLACK
6
CONTINUOUS
10
0.3673135039370078
20
-2.1784270472440945
11
0.3672966141732283
21
-2.1784335433070865
0
LINE
8
BLACK
6
CONTINUOUS
10
0.3672966141732283
20
-2.1784335433070865
11
0.3671907874015748
21
-2.1784410236220473
0
LINE
8
BLACK
6
CONTINUOUS
10
0.3671907874015748
20
-2.1784410236220473
11
0.3670927952755905
21
-2.1784816535433071
0
LINE
8
BLACK
6
CONTINUOUS
10
0.3670927952755905
20
-2.1784816535433071
11
0.3665167322834645
21
-2.1785383858267715
0
LINE
8
BLACK
6
CONTINUOUS
10
0.3665167322834645
20
-2.1785383858267715
11
0.3590176771653543
21
-2.1785383858267715
0
LINE
8
BLACK
6
CONTINUOUS
10
0.3590176771653543
20
-2.1785383858267715
11
0.3584416141732283
21
-2.1784816535433071
0
LINE
8
BLACK
6
CONTINUOUS
10
0.3584416141732283
20
-2.1784816535433071
11
0.3583436220472441
21
-2.178441062992126
0
LINE
8
BLACK
6
CONTINUOUS
10
0.3583436220472441
20
-2.178441062992126
11
0.3582377559055118
21
-2.1784335433070865
0
LINE
8
BLACK
6
CONTINUOUS
10
0.3582377559055118
20
-2.1784335433070865
11
0.3576971653543307
21
-2.178226653543307
0
LINE
8
BLACK
6
CONTINUOUS
10
0.3576971653543307
20
-2.178226653543307
11
0.3539476377952756
21
-2.1763518897637795
0
LINE
8
BLACK
6
CONTINUOUS
10
0.3539476377952756
20
-2.1763518897637795
11
0.3536996062992126
21
-2.1761957874015749
0
LINE
8
BLACK
6
CONTINUOUS
10
0.3536996062992126
20
-2.1761957874015749
11
0.3536276771653543
21
-2.1761659842519685
0
LINE
8
BLACK
6
CONTINUOUS
10
0.3536276771653543
20
-2.1761659842519685
11
0.3535466929133858
21
-2.1760995275590549
0
LINE
8
BLACK
6
CONTINUOUS
10
0.3535466929133858
20
-2.1760995275590549
11
0.3534577559055118
21
-2.1760435433070864
0
LINE
8
BLACK
6
CONTINUOUS
10
0.3534577559055118
20
-2.1760435433070864
11
0.3534065354330709
21
-2.1759844881889765
0
LINE
8
BLACK
6
CONTINUOUS
10
0.3534065354330709
20
-2.1759844881889765
11
0.3531801968503937
21
-2.1757987401574801
0
LINE
8
BLACK
6
CONTINUOUS
10
0.3531801968503937
20
-2.1757987401574801
11
0.3513054330708661
21
-2.1739239370078738
0
LINE
8
BLACK
6
CONTINUOUS
10
0.3513054330708661
20
-2.1739239370078738
11
0.3511196850393701
21
-2.1736975984251967
0
LINE
8
BLACK
6
CONTINUOUS
10
0.3511196850393701
20
-2.1736975984251967
11
0.3510607086614173
21
-2.1736464566929135
0
LINE
8
BLACK
6
CONTINUOUS
10
0.3510607086614173
20
-2.1736464566929135
11
0.3510047244094488
21
-2.1735575196850392
0
LINE
8
BLACK
6
CONTINUOUS
10
0.3510047244094488
20
-2.1735575196850392
11
0.3509382283464567
21
-2.173476496062992
0
LINE
8
BLACK
6
CONTINUOUS
10
0.3509382283464567
20
-2.173476496062992
11
0.3509083858267716
21
-2.1734044488188977
0
LINE
8
BLACK
6
CONTINUOUS
10
0.3509083858267716
20
-2.1734044488188977
11
0.3507523622047244
21
-2.1731565748031496
0
LINE
8
BLACK
6
CONTINUOUS
10
0.3507523622047244
20
-2.1731565748031496
11
0.3488775984251968
21
-2.1694070472440945
0
LINE
8
BLACK
6
CONTINUOUS
10
0.3488775984251968
20
-2.1694070472440945
11
0.3486707086614173
21
-2.1688664173228345
0
LINE
8
BLACK
6
CONTINUOUS
10
0.3486707086614173
20
-2.1688664173228345
11
0.3486631889763779
21
-2.1687605905511811
0
LINE
8
BLACK
6
CONTINUOUS
10
0.3486631889763779
20
-2.1687605905511811
11
0.3486225984251968
21
-2.1686625984251968
0
LINE
8
BLACK
6
CONTINUOUS
10
0.3486225984251968
20
-2.1686625984251968
11
0.3485658661417323
21
-2.1680865354330709
0
LINE
8
BLACK
6
CONTINUOUS
10
0.3485658661417323
20
-2.1680865354330709
11
0.3485658661417323
21
-2.1568379527559056
0
LINE
8
BLACK
6
CONTINUOUS
10
0.3485658661417323
20
-2.1568379527559056
11
0.3486225984251968
21
-2.1562618897637793
0
LINE
8
BLACK
6
CONTINUOUS
10
0.3486225984251968
20
-2.1562618897637793
11
0.3486631889763779
21
-2.1561638582677163
0
LINE
8
BLACK
6
CONTINUOUS
10
0.3486631889763779
20
-2.1561638582677163
11
0.3486707086614173
21
-2.1560580708661417
0
LINE
8
BLACK
6
CONTINUOUS
10
0.3486707086614173
20
-2.1560580708661417
11
0.3488775984251968
21
-2.1555174409448816
0
LINE
8
BLACK
6
CONTINUOUS
10
0.3488775984251968
20
-2.1555174409448816
11
0.3507523622047244
21
-2.1517679133858265
0
LINE
8
BLACK
6
CONTINUOUS
10
0.3507523622047244
20
-2.1517679133858265
11
0.3509084251968504
21
-2.1515198818897638
0
LINE
8
BLACK
6
CONTINUOUS
10
0.3509084251968504
20
-2.1515198818897638
11
0.3509382677165354
21
-2.1514479527559054
0
LINE
8
BLACK
6
CONTINUOUS
10
0.3509382677165354
20
-2.1514479527559054
11
0.3510047244094488
21
-2.1513669685039369
0
LINE
8
BLACK
6
CONTINUOUS
10
0.3510047244094488
20
-2.1513669685039369
11
0.3510607086614173
21
-2.1512780314960631
0
LINE
8
BLACK
6
CONTINUOUS
10
0.3510607086614173
20
-2.1512780314960631
11
0.3511196850393701
21
-2.1512268503937007
0
LINE
8
BLACK
6
CONTINUOUS
10
0.3511196850393701
20
-2.1512268503937007
11
0.3513054724409449
21
-2.1510005118110236
0
LINE
8
BLACK
6
CONTINUOUS
10
0.3513054724409449
20
-2.1510005118110236
11
0.3531802362204725
21
-2.149125748031496
0
LINE
8
BLACK
6
CONTINUOUS
10
0.3531802362204725
20
-2.149125748031496
11
0.3534065748031496
21
-2.1489399606299213
0
LINE
8
BLACK
6
CONTINUOUS
10
0.3534065748031496
20
-2.1489399606299213
11
0.3534577559055118
21
-2.1488809842519685
0
LINE
8
BLACK
6
CONTINUOUS
10
0.3534577559055118
20
-2.1488809842519685
11
0.3535466929133858
21
-2.148825
0
LINE
8
BLACK
6
CONTINUOUS
10
0.3535466929133858
20
-2.148825
11
0.3536276771653543
21
-2.1487585433070864
0
LINE
8
BLACK
6
CONTINUOUS
10
0.3536276771653543
20
-2.1487585433070864
11
0.3536996062992126
21
-2.1487287007874016
0
LINE
8
BLACK
6
CONTINUOUS
10
0.3536996062992126
20
-2.1487287007874016
11
0.3539476377952756
21
-2.1485726377952754
0
LINE
8
BLACK
6
CONTINUOUS
10
0.3539476377952756
20
-2.1485726377952754
11
0.3576971653543307
21
-2.1466978740157479
0
LINE
8
BLACK
6
CONTINUOUS
10
0.3576971653543307
20
-2.1466978740157479
11
0.3582377559055118
21
-2.1464909842519684
0
LINE
8
BLACK
6
CONTINUOUS
10
0.3582377559055118
20
-2.1464909842519684
11
0.3583436220472441
21
-2.1464834251968505
0
LINE
8
BLACK
6
CONTINUOUS
10
0.3583436220472441
20
-2.1464834251968505
11
0.3584416141732283
21
-2.1464428740157482
0
LINE
8
BLACK
6
CONTINUOUS
10
0.3584416141732283
20
-2.1464428740157482
11
0.3590176771653543
21
-2.1463861417322834
0
LINE
8
BLACK
6
CONTINUOUS
10
0.3590176771653543
20
-2.1463861417322834
11
0.3665167322834645
21
-2.1463861417322834
0
LINE
8
BLACK
6
CONTINUOUS
10
0.3665167322834645
20
-2.1463861417322834
11
0.3670927952755905
21
-2.1464428740157482
0
LINE
8
BLACK
6
CONTINUOUS
10
0.3570172440944882
20
-2.1536403937007873
11
0.3558201181102362
21
-2.1548375196850391
0
LINE
8
BLACK
6
CONTINUOUS
10
0.3558201181102362
20
-2.1548375196850391
11
0.3544713779527559
21
-2.1575349999999998
0
LINE
8
BLACK
6
CONTINUOUS
10
0.3544713779527559
20
-2.1575349999999998
11
0.3544713779527559
21
-2.1673894881889764
0
LINE
8
BLACK
6
CONTINUOUS
10
0.3544713779527559
20
-2.1673894881889764
11
0.3558201181102362
21
-2.170086968503937
0
LINE
8
BLACK
6
CONTINUOUS
10
0.3558201181102362
20
-2.170086968503937
11
0.3570172440944882
21
-2.1712841338582676
0
LINE
8
BLACK
6
CONTINUOUS
10
0.3570172440944882
20
-2.1712841338582676
11
0.3597147244094488
21
-2.1726328740157479
0
LINE
8
BLACK
6
CONTINUOUS
10
0.3597147244094488
20
-2.1726328740157479
11
0.3658196850393701
21
-2.1726328740157479
0
LINE
8
BLACK
6
CONTINUOUS
10
0.3658196850393701
20
-2.1726328740157479
11
0.3673135039370078
21
-2.1718859448818897
0
LINE
8
BLACK
6
CONTINUOUS
10
0.3673135039370078
20
-2.1718859448818897
11
0.3673135039370078
21
-2.1530385433070864
0
LINE
8
BLACK
6
CONTINUOUS
10
0.3673135039370078
20
-2.1530385433070864
11
0.3658196850393701
21
-2.152291653543307
0
LINE
8
BLACK
6
CONTINUOUS
10
0.3658196850393701
20
-2.152291653543307
11
0.3597147244094488
21
-2.152291653543307
0
LINE
8
BLACK
6
CONTINUOUS
10
0.3597147244094488
20
-2.152291653543307
11
0.3570172440944882
21
-2.1536403937007873
0
LINE
8
BLACK
6
CONTINUOUS
10
-0.3509425984251968
20
-2.1333195275590549
11
-0.349878188976378
21
-2.1337604330708659
0
LINE
8
BLACK
6
CONTINUOUS
10
-0.349878188976378
20
-2.1337604330708659
11
-0.3490635433070866
21
-2.1345750787401574
0
LINE
8
BLACK
6
CONTINUOUS
10
-0.3490635433070866
20
-2.1345750787401574
11
-0.3486226377952756
21
-2.1356394881889762
0
LINE
8
BLACK
6
CONTINUOUS
10
-0.3486226377952756
20
-2.1356394881889762
11
-0.3486226377952756
21
-2.1367916141732284
0
LINE
8
BLACK
6
CONTINUOUS
10
-0.3486226377952756
20
-2.1367916141732284
11
-0.3490635433070866
21
-2.1378560236220472
0
LINE
8
BLACK
6
CONTINUOUS
10
-0.3490635433070866
20
-2.1378560236220472
11
-0.349878188976378
21
-2.1386706692913386
0
LINE
8
BLACK
6
CONTINUOUS
10
-0.349878188976378
20
-2.1386706692913386
11
-0.3509425984251968
21
-2.1391115748031497
0
LINE
8
BLACK
6
CONTINUOUS
10
-0.3509425984251968
20
-2.1391115748031497
11
-0.3515186614173229
21
-2.1391683070866141
0
LINE
8
BLACK
6
CONTINUOUS
10
-0.3515186614173229
20
-2.1391683070866141
11
-0.3673135433070866
21
-2.1391683070866141
0
LINE
8
BLACK
6
CONTINUOUS
10
-0.3673135433070866
20
-2.1391683070866141
11
-0.3673135433070866
21
-2.152010433070866
0
LINE
8
BLACK
6
CONTINUOUS
10
-0.3673135433070866
20
-2.152010433070866
11
-0.3571429527559055
21
-2.152010433070866
0
LINE
8
BLACK
6
CONTINUOUS
10
-0.3571429527559055
20
-2.152010433070866
11
-0.3565668897637795
21
-2.1520671653543308
0
LINE
8
BLACK
6
CONTINUOUS
10
-0.3565668897637795
20
-2.1520671653543308
11
-0.3555024803149606
21
-2.1525080708661415
0
LINE
8
BLACK
6
CONTINUOUS
10
-0.3555024803149606
20
-2.1525080708661415
11
-0.3546878346456693
21
-2.1533227165354329
0
LINE
8
BLACK
6
CONTINUOUS
10
-0.3546878346456693
20
-2.1533227165354329
11
-0.3542469291338582
21
-2.1543871259842517
0
LINE
8
BLACK
6
CONTINUOUS
10
-0.3542469291338582
20
-2.1543871259842517
11
-0.3542469291338582
21
-2.1555392519685039
0
LINE
8
BLACK
6
CONTINUOUS
10
-0.3542469291338582
20
-2.1555392519685039
11
-0.3546878346456693
21
-2.1566036614173227
0
LINE
8
BLACK
6
CONTINUOUS
10
-0.3546878346456693
20
-2.1566036614173227
11
-0.3555024803149606
21
-2.1574183070866142
0
LINE
8
BLACK
6
CONTINUOUS
10
-0.3555024803149606
20
-2.1574183070866142
11
-0.3565668897637795
21
-2.1578592125984253
0
LINE
8
BLACK
6
CONTINUOUS
10
-0.3565668897637795
20
-2.1578592125984253
11
-0.3571429527559055
21
-2.1579159448818896
0
LINE
8
BLACK
6
CONTINUOUS
10
-0.3571429527559055
20
-2.1579159448818896
11
-0.3673135433070866
21
-2.1579159448818896
0
LINE
8
BLACK
6
CONTINUOUS
10
-0.3673135433070866
20
-2.1579159448818896
11
-0.3673135433070866
21
-2.1726328740157479
0
LINE
8
BLACK
6
CONTINUOUS
10
-0.3673135433070866
20
-2.1726328740157479
11
-0.3515186614173229
21
-2.1726328740157479
0
LINE
8
BLACK
6
CONTINUOUS
10
-0.3515186614173229
20
-2.1726328740157479
11
-0.3509425984251968
21
-2.1726896062992127
0
LINE
8
BLACK
6
CONTINUOUS
10
-0.3509425984251968
20
-2.1726896062992127
11
-0.349878188976378
21
-2.1731305118110238
0
LINE
8
BLACK
6
CONTINUOUS
10
-0.349878188976378
20
-2.1731305118110238
11
-0.3490635433070866
21
-2.1739451574803148
0
LINE
8
BLACK
6
CONTINUOUS
10
-0.3490635433070866
20
-2.1739451574803148
11
-0.3486226377952756
21
-2.1750095669291336
0
LINE
8
BLACK
6
CONTINUOUS
10
-0.3486226377952756
20
-2.1750095669291336
11
-0.3486226377952756
21
-2.1761616929133858
0
LINE
8
BLACK
6
CONTINUOUS
10
-0.3486226377952756
20
-2.1761616929133858
11
-0.3490635433070866
21
-2.1772261023622046
0
LINE
8
BLACK
6
CONTINUOUS
10
-0.3490635433070866
20
-2.1772261023622046
11
-0.349878188976378
21
-2.1780407480314961
0
LINE
8
BLACK
6
CONTINUOUS
10
-0.349878188976378
20
-2.1780407480314961
11
-0.3509425984251968
21
-2.1784816535433071
0
LINE
8
BLACK
6
CONTINUOUS
10
-0.3509425984251968
20
-2.1784816535433071
11
-0.3515186614173229
21
-2.1785383858267715
0
LINE
8
BLACK
6
CONTINUOUS
10
-0.3515186614173229
20
-2.1785383858267715
11
-0.3702662992125984
21
-2.1785383858267715
0
LINE
8
BLACK
6
CONTINUOUS
10
-0.3702662992125984
20
-2.1785383858267715
11
-0.3708423622047244
21
-2.1784816535433071
0
LINE
8
BLACK
6
CONTINUOUS
10
-0.3708423622047244
20
-2.1784816535433071
11
-0.3719067716535433
21
-2.1780407480314961
0
LINE
8
BLACK
6
CONTINUOUS
10
-0.3719067716535433
20
-2.1780407480314961
11
-0.3727214173228346
21
-2.1772261023622046
0
LINE
8
BLACK
6
CONTINUOUS
10
-0.3727214173228346
20
-2.1772261023622046
11
-0.3731623228346457
21
-2.1761616929133858
0
LINE
8
BLACK
6
CONTINUOUS
10
-0.3731623228346457
20
-2.1761616929133858
11
-0.3732190551181102
21
-2.1755856299212599
0
LINE
8
BLACK
6
CONTINUOUS
10
-0.3732190551181102
20
-2.1755856299212599
11
-0.3732190551181102
21
-2.1362155511811025
0
LINE
8
BLACK
6
CONTINUOUS
10
-0.3732190551181102
20
-2.1362155511811025
11
-0.3731623228346457
21
-2.1356394881889762
0
LINE
8
BLACK
6
CONTINUOUS
10
-0.3731623228346457
20
-2.1356394881889762
11
-0.3727214173228346
21
-2.1345750787401574
0
LINE
8
BLACK
6
CONTINUOUS
10
-0.3727214173228346
20
-2.1345750787401574
11
-0.3719067716535433
21
-2.1337604330708659
0
LINE
8
BLACK
6
CONTINUOUS
10
-0.3719067716535433
20
-2.1337604330708659
11
-0.3708423622047244
21
-2.1333195275590549
0
LINE
8
BLACK
6
CONTINUOUS
10
-0.3708423622047244
20
-2.1333195275590549
11
-0.3702662992125984
21
-2.1332627952755905
0
LINE
8
BLACK
6
CONTINUOUS
10
-0.3702662992125984
20
-2.1332627952755905
11
-0.3515186614173229
21
-2.1332627952755905
0
LINE
8
BLACK
6
CONTINUOUS
10
-0.3515186614173229
20
-2.1332627952755905
11
-0.3509425984251968
21
-2.1333195275590549
0
LINE
8
BLACK
6
CONTINUOUS
10
-0.3021986614173228
20
-2.1464428740157482
11
-0.3021006692913386
21
-2.1464834645669293
0
LINE
8
BLACK
6
CONTINUOUS
10
-0.3021006692913386
20
-2.1464834645669293
11
-0.3019948425196851
21
-2.1464909842519684
0
LINE
8
BLACK
6
CONTINUOUS
10
-0.3019948425196851
20
-2.1464909842519684
11
-0.3014542125984252
21
-2.1466978740157479
0
LINE
8
BLACK
6
CONTINUOUS
10
-0.3014542125984252
20
-2.1466978740157479
11
-0.2977046850393701
21
-2.1485726377952754
0
LINE
8
BLACK
6
CONTINUOUS
10
-0.2977046850393701
20
-2.1485726377952754
11
-0.2976083464566929
21
-2.1486332677165354
0
LINE
8
BLACK
6
CONTINUOUS
10
-0.2976083464566929
20
-2.1486332677165354
11
-0.2975629133858267
21
-2.1486484251968503
0
LINE
8
BLACK
6
CONTINUOUS
10
-0.2975629133858267
20
-2.1486484251968503
11
-0.2975063779527559
21
-2.1486974409448818
0
LINE
8
BLACK
6
CONTINUOUS
10
-0.2975063779527559
20
-2.1486974409448818
11
-0.2972148031496063
21
-2.1488809842519685
0
LINE
8
BLACK
6
CONTINUOUS
10
-0.2972148031496063
20
-2.1488809842519685
11
-0.2969722440944882
21
-2.1491606692913385
0
LINE
8
BLACK
6
CONTINUOUS
10
-0.2969722440944882
20
-2.1491606692913385
11
-0.2966925196850393
21
-2.1494032677165356
0
LINE
8
BLACK
6
CONTINUOUS
10
-0.2966925196850393
20
-2.1494032677165356
11
-0.2965090157480315
21
-2.1496948031496061
0
LINE
8
BLACK
6
CONTINUOUS
10
-0.2965090157480315
20
-2.1496948031496061
11
-0.2964599606299212
21
-2.1497513779527559
0
LINE
8
BLACK
6
CONTINUOUS
10
-0.2964599606299212
20
-2.1497513779527559
11
-0.2964448425196851
21
-2.1497967716535431
0
LINE
8
BLACK
6
CONTINUOUS
10
-0.2964448425196851
20
-2.1497967716535431
11
-0.2963841732283464
21
-2.149893149606299
0
LINE
8
BLACK
6
CONTINUOUS
10
-0.2963841732283464
20
-2.149893149606299
11
-0.2945094094488189
21
-2.1536426771653541
0
LINE
8
BLACK
6
CONTINUOUS
10
-0.2945094094488189
20
-2.1536426771653541
11
-0.2943025196850393
21
-2.1541832677165353
0
LINE
8
BLACK
6
CONTINUOUS
10
-0.2943025196850393
20
-2.1541832677165353
11
-0.294295
21
-2.1542891338582675
0
LINE
8
BLACK
6
CONTINUOUS
10
-0.294295
20
-2.1542891338582675
11
-0.2942544094488189
21
-2.1543871259842517
0
LINE
8
BLACK
6
CONTINUOUS
10
-0.2942544094488189
20
-2.1543871259842517
11
-0.2941976771653543
21
-2.1549631889763781
0
LINE
8
BLACK
6
CONTINUOUS
10
-0.2941976771653543
20
-2.1549631889763781
11
-0.2941976771653543
21
-2.1587127165354332
0
LINE
8
BLACK
6
CONTINUOUS
10
-0.2941976771653543
20
-2.1587127165354332
11
-0.2942544094488189
21
-2.159288779527559
0
LINE
8
BLACK
6
CONTINUOUS
10
-0.2942544094488189
20
-2.159288779527559
11
-0.2943651968503937
21
-2.1595561417322835
0
LINE
8
BLACK
6
CONTINUOUS
10
-0.2943651968503937
20
-2.1595561417322835
11
-0.2944212992125984
21
-2.159839842519685
0
LINE
8
BLACK
6
CONTINUOUS
10
-0.2944212992125984
20
-2.159839842519685
11
-0.2945833858267716
21
-2.1600829527559053
0
LINE
8
BLACK
6
CONTINUOUS
10
-0.2945833858267716
20
-2.1600829527559053
11
-0.2946953149606299
21
-2.1603531889763778
0
LINE
8
BLACK
6
CONTINUOUS
10
-0.2946953149606299
20
-2.1603531889763778
11
-0.2948999606299212
21
-2.1605578346456693
0
LINE
8
BLACK
6
CONTINUOUS
10
-0.2948999606299212
20
-2.1605578346456693
11
-0.2950603543307087
21
-2.1607984251968504
0
LINE
8
BLACK
6
CONTINUOUS
10
-0.2950603543307087
20
-2.1607984251968504
11
-0.295303188976378
21
-2.1609610236220473
0
LINE
8
BLACK
6
CONTINUOUS
10
-0.295303188976378
20
-2.1609610236220473
11
-0.2955099606299212
21
-2.1611678346456693
0
LINE
8
BLACK
6
CONTINUOUS
10
-0.2955099606299212
20
-2.1611678346456693
11
-0.2957772440944882
21
-2.1612785433070867
0
LINE
8
BLACK
6
CONTINUOUS
10
-0.2957772440944882
20
-2.1612785433070867
11
-0.2960175984251969
21
-2.1614395275590552
0
LINE
8
BLACK
6
CONTINUOUS
10
-0.2960175984251969
20
-2.1614395275590552
11
-0.2965713779527559
21
-2.1616081496062991
0
LINE
8
BLACK
6
CONTINUOUS
10
-0.2965713779527559
20
-2.1616081496062991
11
-0.3129453149606299
21
-2.1648829133858265
0
LINE
8
BLACK
6
CONTINUOUS
10
-0.3129453149606299
20
-2.1648829133858265
11
-0.3129453149606299
21
-2.1692642519685039
0
LINE
8
BLACK
6
CONTINUOUS
10
-0.3129453149606299
20
-2.1692642519685039
11
-0.3118224803149606
21
-2.1715100000000001
0
LINE
8
BLACK
6
CONTINUOUS
10
-0.3118224803149606
20
-2.1715100000000001
11
-0.3095767322834646
21
-2.1726328740157479
0
LINE
8
BLACK
6
CONTINUOUS
10
-0.3095767322834646
20
-2.1726328740157479
11
-0.3034717716535433
21
-2.1726328740157479
0
LINE
8
BLACK
6
CONTINUOUS
10
-0.3034717716535433
20
-2.1726328740157479
11
-0.3003457086614173
21
-2.1710698425196848
0
LINE
8
BLACK
6
CONTINUOUS
10
-0.3003457086614173
20
-2.1710698425196848
11
-0.2998051181102362
21
-2.1708629527559054
0
LINE
8
BLACK
6
CONTINUOUS
10
-0.2998051181102362
20
-2.1708629527559054
11
-0.298655905511811
21
-2.1707812992125985
0
LINE
8
BLACK
6
CONTINUOUS
10
-0.298655905511811
20
-2.1707812992125985
11
-0.2975629133858267
21
-2.1711456299212597
0
LINE
8
BLACK
6
CONTINUOUS
10
-0.2975629133858267
20
-2.1711456299212597
11
-0.2966925590551181
21
-2.171900472440945
0
LINE
8
BLACK
6
CONTINUOUS
10
-0.2966925590551181
20
-2.171900472440945
11
-0.2961772834645669
21
-2.1729309842519684
0
LINE
8
BLACK
6
CONTINUOUS
10
-0.2961772834645669
20
-2.1729309842519684
11
-0.2960956299212598
21
-2.1740801968503938
0
LINE
8
BLACK
6
CONTINUOUS
10
-0.2960956299212598
20
-2.1740801968503938
11
-0.2964599606299212
21
-2.1751731496062994
0
LINE
8
BLACK
6
CONTINUOUS
10
-0.2964599606299212
20
-2.1751731496062994
11
-0.2972148031496063
21
-2.1760435433070864
0
LINE
8
BLACK
6
CONTINUOUS
10
-0.2972148031496063
20
-2.1760435433070864
11
-0.2977046850393701
21
-2.1763518897637795
0
LINE
8
BLACK
6
CONTINUOUS
10
-0.2977046850393701
20
-2.1763518897637795
11
-0.3014542125984252
21
-2.178226653543307
0
LINE
8
BLACK
6
CONTINUOUS
10
-0.3014542125984252
20
-2.178226653543307
11
-0.3019948425196851
21
-2.1784335433070865
0
LINE
8
BLACK
6
CONTINUOUS
10
-0.3019948425196851
20
-2.1784335433070865
11
-0.3021006692913386
21
-2.1784410236220473
0
LINE
8
BLACK
6
CONTINUOUS
10
-0.3021006692913386
20
-2.1784410236220473
11
-0.3021986614173228
21
-2.1784816535433071
0
LINE
8
BLACK
6
CONTINUOUS
10
-0.3021986614173228
20
-2.1784816535433071
11
-0.3027747244094488
21
-2.1785383858267715
0
LINE
8
BLACK
6
CONTINUOUS
10
-0.3027747244094488
20
-2.1785383858267715
11
-0.310273779527559
21
-2.1785383858267715
0
LINE
8
BLACK
6
CONTINUOUS
10
-0.310273779527559
20
-2.1785383858267715
11
-0.310849842519685
21
-2.1784816535433071
0
LINE
8
BLACK
6
CONTINUOUS
10
-0.310849842519685
20
-2.1784816535433071
11
-0.3109478346456693
21
-2.178441062992126
0
LINE
8
BLACK
6
CONTINUOUS
10
-0.3109478346456693
20
-2.178441062992126
11
-0.3110537007874016
21
-2.1784335433070865
0
LINE
8
BLACK
6
CONTINUOUS
10
-0.3110537007874016
20
-2.1784335433070865
11
-0.3115942913385827
21
-2.178226653543307
0
LINE
8
BLACK
6
CONTINUOUS
10
-0.3115942913385827
20
-2.178226653543307
11
-0.3153438188976378
21
-2.1763518897637795
0
LINE
8
BLACK
6
CONTINUOUS
10
-0.3153438188976378
20
-2.1763518897637795
11
-0.3154401968503937
21
-2.1762912204724407
0
LINE
8
BLACK
6
CONTINUOUS
10
-0.3154401968503937
20
-2.1762912204724407
11
-0.3154855905511811
21
-2.1762761023622046
0
LINE
8
BLACK
6
CONTINUOUS
10
-0.3154855905511811
20
-2.1762761023622046
11
-0.3155421653543307
21
-2.1762270472440943
0
LINE
8
BLACK
6
CONTINUOUS
10
-0.3155421653543307
20
-2.1762270472440943
11
-0.3158337007874016
21
-2.1760435433070864
0
LINE
8
BLACK
6
CONTINUOUS
10
-0.3158337007874016
20
-2.1760435433070864
11
-0.3160763779527559
21
-2.1757637007874013
0
LINE
8
BLACK
6
CONTINUOUS
10
-0.3160763779527559
20
-2.1757637007874013
11
-0.3163559842519685
21
-2.175521220472441
0
LINE
8
BLACK
6
CONTINUOUS
10
-0.3163559842519685
20
-2.175521220472441
11
-0.3165394881889764
21
-2.1752297244094487
0
LINE
8
BLACK
6
CONTINUOUS
10
-0.3165394881889764
20
-2.1752297244094487
11
-0.3165885433070866
21
-2.1751731496062994
0
LINE
8
BLACK
6
CONTINUOUS
10
-0.3165885433070866
20
-2.1751731496062994
11
-0.3166037007874016
21
-2.1751276771653543
0
LINE
8
BLACK
6
CONTINUOUS
10
-0.3166037007874016
20
-2.1751276771653543
11
-0.3166643307086614
21
-2.1750313779527559
0
LINE
8
BLACK
6
CONTINUOUS
10
-0.3166643307086614
20
-2.1750313779527559
11
-0.318539094488189
21
-2.1712818110236221
0
LINE
8
BLACK
6
CONTINUOUS
10
-0.318539094488189
20
-2.1712818110236221
11
-0.3187459842519685
21
-2.170741181102362
0
LINE
8
BLACK
6
CONTINUOUS
10
-0.3187459842519685
20
-2.170741181102362
11
-0.3187535039370079
21
-2.1706353543307086
0
LINE
8
BLACK
6
CONTINUOUS
10
-0.3187535039370079
20
-2.1706353543307086
11
-0.318794094488189
21
-2.1705373622047244
0
LINE
8
BLACK
6
CONTINUOUS
10
-0.318794094488189
20
-2.1705373622047244
11
-0.3188508267716536
21
-2.1699612992125985
0
LINE
8
BLACK
6
CONTINUOUS
10
-0.3188508267716536
20
-2.1699612992125985
11
-0.3188508267716536
21
-2.1549631889763781
0
LINE
8
BLACK
6
CONTINUOUS
10
-0.3188508267716536
20
-2.1549631889763781
11
-0.318794094488189
21
-2.1543871259842517
0
LINE
8
BLACK
6
CONTINUOUS
10
-0.318794094488189
20
-2.1543871259842517
11
-0.3187535039370079
21
-2.1542890944881887
0
LINE
8
BLACK
6
CONTINUOUS
10
-0.3187535039370079
20
-2.1542890944881887
11
-0.3187459842519685
21
-2.1541833070866141
0
LINE
8
BLACK
6
CONTINUOUS
10
-0.3187459842519685
20
-2.1541833070866141
11
-0.318539094488189
21
-2.1536426771653541
0
LINE
8
BLACK
6
CONTINUOUS
10
-0.318539094488189
20
-2.1536426771653541
11
-0.3166643307086614
21
-2.149893149606299
0
LINE
8
BLACK
6
CONTINUOUS
10
-0.3166643307086614
20
-2.149893149606299
11
-0.3166037007874016
21
-2.1497967716535431
0
LINE
8
BLACK
6
CONTINUOUS
10
-0.3166037007874016
20
-2.1497967716535431
11
-0.3165885433070866
21
-2.1497513779527559
0
LINE
8
BLACK
6
CONTINUOUS
10
-0.3165885433070866
20
-2.1497513779527559
11
-0.3165395275590551
21
-2.1496948031496061
0
LINE
8
BLACK
6
CONTINUOUS
10
-0.3165395275590551
20
-2.1496948031496061
11
-0.3163559842519685
21
-2.1494032677165356
0
LINE
8
BLACK
6
CONTINUOUS
10
-0.3163559842519685
20
-2.1494032677165356
11
-0.3160762992125984
21
-2.1491606692913385
0
LINE
8
BLACK
6
CONTINUOUS
10
-0.3160762992125984
20
-2.1491606692913385
11
-0.3158337007874016
21
-2.1488809842519685
0
LINE
8
BLACK
6
CONTINUOUS
10
-0.3158337007874016
20
-2.1488809842519685
11
-0.3155421653543307
21
-2.1486974409448818
0
LINE
8
BLACK
6
CONTINUOUS
10
-0.3155421653543307
20
-2.1486974409448818
11
-0.3154855905511811
21
-2.1486484251968503
0
LINE
8
BLACK
6
CONTINUOUS
10
-0.3154855905511811
20
-2.1486484251968503
11
-0.3154401968503937
21
-2.1486332677165354
0
LINE
8
BLACK
6
CONTINUOUS
10
-0.3154401968503937
20
-2.1486332677165354
11
-0.3153438188976378
21
-2.1485726377952754
0
LINE
8
BLACK
6
CONTINUOUS
10
-0.3153438188976378
20
-2.1485726377952754
11
-0.3115942913385827
21
-2.1466978740157479
0
LINE
8
BLACK
6
CONTINUOUS
10
-0.3115942913385827
20
-2.1466978740157479
11
-0.3110537007874016
21
-2.1464909842519684
0
LINE
8
BLACK
6
CONTINUOUS
10
-0.3110537007874016
20
-2.1464909842519684
11
-0.3109478346456693
21
-2.1464834251968505
0
LINE
8
BLACK
6
CONTINUOUS
10
-0.3109478346456693
20
-2.1464834251968505
11
-0.310849842519685
21
-2.1464428740157482
0
LINE
8
BLACK
6
CONTINUOUS
10
-0.310849842519685
20
-2.1464428740157482
11
-0.310273779527559
21
-2.1463861417322834
0
LINE
8
BLACK
6
CONTINUOUS
10
-0.310273779527559
20
-2.1463861417322834
11
-0.3027747244094488
21
-2.1463861417322834
0
LINE
8
BLACK
6
CONTINUOUS
10
-0.3027747244094488
20
-2.1463861417322834
11
-0.3021986614173228
21
-2.1464428740157482
0
LINE
8
BLACK
6
CONTINUOUS
10
-0.3118224803149606
20
-2.1534144881889765
11
-0.3129453149606299
21
-2.1556602362204722
0
LINE
8
BLACK
6
CONTINUOUS
10
-0.3129453149606299
20
-2.1556602362204722
11
-0.3129453149606299
21
-2.1588604330708661
0
LINE
8
BLACK
6
CONTINUOUS
10
-0.3129453149606299
20
-2.1588604330708661
11
-0.3001031889763779
21
-2.1562920472440945
0
LINE
8
BLACK
6
CONTINUOUS
10
-0.3001031889763779
20
-2.1562920472440945
11
-0.3001031889763779
21
-2.1556602362204722
0
LINE
8
BLACK
6
CONTINUOUS
10
-0.3001031889763779
20
-2.1556602362204722
11
-0.301226062992126
21
-2.1534144881889765
0
LINE
8
BLACK
6
CONTINUOUS
10
-0.301226062992126
20
-2.1534144881889765
11
-0.3034717716535433
21
-2.152291653543307
0
LINE
8
BLACK
6
CONTINUOUS
10
-0.3034717716535433
20
-2.152291653543307
11
-0.3095767322834646
21
-2.152291653543307
0
LINE
8
BLACK
6
CONTINUOUS
10
-0.3095767322834646
20
-2.152291653543307
11
-0.3118224803149606
21
-2.1534144881889765
0
LINE
8
BLACK
6
CONTINUOUS
10
-0.2665781102362205
20
-2.1464428740157482
11
-0.2664801181102362
21
-2.1464834645669293
0
LINE
8
BLACK
6
CONTINUOUS
10
-0.2664801181102362
20
-2.1464834645669293
11
-0.2663742913385826
21
-2.1464909842519684
0
LINE
8
BLACK
6
CONTINUOUS
10
-0.2663742913385826
20
-2.1464909842519684
11
-0.2658336614173228
21
-2.1466978740157479
0
LINE
8
BLACK
6
CONTINUOUS
10
-0.2658336614173228
20
-2.1466978740157479
11
-0.2620841338582677
21
-2.1485726377952754
0
LINE
8
BLACK
6
CONTINUOUS
10
-0.2620841338582677
20
-2.1485726377952754
11
-0.2615942519685039
21
-2.1488809842519685
0
LINE
8
BLACK
6
CONTINUOUS
10
-0.2615942519685039
20
-2.1488809842519685
11
-0.2608394094488189
21
-2.1497513779527559
0
LINE
8
BLACK
6
CONTINUOUS
10
-0.2608394094488189
20
-2.1497513779527559
11
-0.2604750787401575
21
-2.1508443307086615
0
LINE
8
BLACK
6
CONTINUOUS
10
-0.2604750787401575
20
-2.1508443307086615
11
-0.2605567322834645
21
-2.1519935433070865
0
LINE
8
BLACK
6
CONTINUOUS
10
-0.2605567322834645
20
-2.1519935433070865
11
-0.2610720078740157
21
-2.1530240551181103
0
LINE
8
BLACK
6
CONTINUOUS
10
-0.2610720078740157
20
-2.1530240551181103
11
-0.2619423622047244
21
-2.1537788976377952
0
LINE
8
BLACK
6
CONTINUOUS
10
-0.2619423622047244
20
-2.1537788976377952
11
-0.2630353543307087
21
-2.1541432283464568
0
LINE
8
BLACK
6
CONTINUOUS
10
-0.2630353543307087
20
-2.1541432283464568
11
-0.2641845669291338
21
-2.1540615748031495
0
LINE
8
BLACK
6
CONTINUOUS
10
-0.2641845669291338
20
-2.1540615748031495
11
-0.2647251574803149
21
-2.1538546850393701
0
LINE
8
BLACK
6
CONTINUOUS
10
-0.2647251574803149
20
-2.1538546850393701
11
-0.2678512204724409
21
-2.152291653543307
0
LINE
8
BLACK
6
CONTINUOUS
10
-0.2678512204724409
20
-2.152291653543307
11
-0.2739561811023622
21
-2.152291653543307
0
LINE
8
BLACK
6
CONTINUOUS
10
-0.2739561811023622
20
-2.152291653543307
11
-0.2766536614173228
21
-2.1536403937007873
0
LINE
8
BLACK
6
CONTINUOUS
10
-0.2766536614173228
20
-2.1536403937007873
11
-0.2778507874015748
21
-2.1548375196850391
0
LINE
8
BLACK
6
CONTINUOUS
10
-0.2778507874015748
20
-2.1548375196850391
11
-0.2791995275590551
21
-2.1575349999999998
0
LINE
8
BLACK
6
CONTINUOUS
10
-0.2791995275590551
20
-2.1575349999999998
11
-0.2791995275590551
21
-2.1673894881889764
0
LINE
8
BLACK
6
CONTINUOUS
10
-0.2791995275590551
20
-2.1673894881889764
11
-0.2778507874015748
21
-2.170086968503937
0
LINE
8
BLACK
6
CONTINUOUS
10
-0.2778507874015748
20
-2.170086968503937
11
-0.2766536614173228
21
-2.1712841338582676
0
LINE
8
BLACK
6
CONTINUOUS
10
-0.2766536614173228
20
-2.1712841338582676
11
-0.2739561811023622
21
-2.1726328740157479
0
LINE
8
BLACK
6
CONTINUOUS
10
-0.2739561811023622
20
-2.1726328740157479
11
-0.2678512204724409
21
-2.1726328740157479
0
LINE
8
BLACK
6
CONTINUOUS
10
-0.2678512204724409
20
-2.1726328740157479
11
-0.2647251574803149
21
-2.1710698425196848
0
LINE
8
BLACK
6
CONTINUOUS
10
-0.2647251574803149
20
-2.1710698425196848
11
-0.2641845669291338
21
-2.1708629527559054
0
LINE
8
BLACK
6
CONTINUOUS
10
-0.2641845669291338
20
-2.1708629527559054
11
-0.2630353543307087
21
-2.1707812992125985
0
LINE
8
BLACK
6
CONTINUOUS
10
-0.2630353543307087
20
-2.1707812992125985
11
-0.2619423622047244
21
-2.1711456299212597
0
LINE
8
BLACK
6
CONTINUOUS
10
-0.2619423622047244
20
-2.1711456299212597
11
-0.2610720078740157
21
-2.171900472440945
0
LINE
8
BLACK
6
CONTINUOUS
10
-0.2610720078740157
20
-2.171900472440945
11
-0.2605567322834645
21
-2.1729309842519684
0
LINE
8
BLACK
6
CONTINUOUS
10
-0.2605567322834645
20
-2.1729309842519684
11
-0.2604750787401575
21
-2.1740801968503938
0
LINE
8
BLACK
6
CONTINUOUS
10
-0.2604750787401575
20
-2.1740801968503938
11
-0.2608394094488189
21
-2.1751731496062994
0
LINE
8
BLACK
6
CONTINUOUS
10
-0.2608394094488189
20
-2.1751731496062994
11
-0.2615942519685039
21
-2.1760435433070864
0
LINE
8
BLACK
6
CONTINUOUS
10
-0.2615942519685039
20
-2.1760435433070864
11
-0.2620841338582677
21
-2.1763518897637795
0
LINE
8
BLACK
6
CONTINUOUS
10
-0.2620841338582677
20
-2.1763518897637795
11
-0.2658336614173228
21
-2.178226653543307
0
LINE
8
BLACK
6
CONTINUOUS
10
-0.2658336614173228
20
-2.178226653543307
11
-0.2663742913385826
21
-2.1784335433070865
0
LINE
8
BLACK
6
CONTINUOUS
10
-0.2663742913385826
20
-2.1784335433070865
11
-0.2664801181102362
21
-2.1784410236220473
0
LINE
8
BLACK
6
CONTINUOUS
10
-0.2664801181102362
20
-2.1784410236220473
11
-0.2665781102362205
21
-2.1784816535433071
0
LINE
8
BLACK
6
CONTINUOUS
10
-0.2665781102362205
20
-2.1784816535433071
11
-0.2671541732283464
21
-2.1785383858267715
0
LINE
8
BLACK
6
CONTINUOUS
10
-0.2671541732283464
20
-2.1785383858267715
11
-0.2746532283464567
21
-2.1785383858267715
0
LINE
8
BLACK
6
CONTINUOUS
10
-0.2746532283464567
20
-2.1785383858267715
11
-0.2752292913385826
21
-2.1784816535433071
0
LINE
8
BLACK
6
CONTINUOUS
10
-0.2752292913385826
20
-2.1784816535433071
11
-0.2753272834645669
21
-2.178441062992126
0
LINE
8
BLACK
6
CONTINUOUS
10
-0.2753272834645669
20
-2.178441062992126
11
-0.2754331496062992
21
-2.1784335433070865
0
LINE
8
BLACK
6
CONTINUOUS
10
-0.2754331496062992
20
-2.1784335433070865
11
-0.2759737401574803
21
-2.178226653543307
0
LINE
8
BLACK
6
CONTINUOUS
10
-0.2759737401574803
20
-2.178226653543307
11
-0.2797232677165354
21
-2.1763518897637795
0
LINE
8
BLACK
6
CONTINUOUS
10
-0.2797232677165354
20
-2.1763518897637795
11
-0.2799712992125984
21
-2.1761957874015749
0
LINE
8
BLACK
6
CONTINUOUS
10
-0.2799712992125984
20
-2.1761957874015749
11
-0.2800432283464567
21
-2.1761659842519685
0
LINE
8
BLACK
6
CONTINUOUS
10
-0.2800432283464567
20
-2.1761659842519685
11
-0.2801242125984252
21
-2.1760995275590549
0
LINE
8
BLACK
6
CONTINUOUS
10
-0.2801242125984252
20
-2.1760995275590549
11
-0.2802131496062992
21
-2.1760435433070864
0
LINE
8
BLACK
6
CONTINUOUS
10
-0.2802131496062992
20
-2.1760435433070864
11
-0.2802643700787402
21
-2.1759844881889765
0
LINE
8
BLACK
6
CONTINUOUS
10
-0.2802643700787402
20
-2.1759844881889765
11
-0.2804907086614173
21
-2.1757987401574801
0
LINE
8
BLACK
6
CONTINUOUS
10
-0.2804907086614173
20
-2.1757987401574801
11
-0.2823654724409449
21
-2.1739239370078738
0
LINE
8
BLACK
6
CONTINUOUS
10
-0.2823654724409449
20
-2.1739239370078738
11
-0.2825512204724409
21
-2.1736975984251967
0
LINE
8
BLACK
6
CONTINUOUS
10
-0.2825512204724409
20
-2.1736975984251967
11
-0.2826101968503937
21
-2.1736464566929135
0
LINE
8
BLACK
6
CONTINUOUS
10
-0.2826101968503937
20
-2.1736464566929135
11
-0.2826661811023622
21
-2.1735575196850392
0
LINE
8
BLACK
6
CONTINUOUS
10
-0.2826661811023622
20
-2.1735575196850392
11
-0.2827326771653543
21
-2.173476496062992
0
LINE
8
BLACK
6
CONTINUOUS
10
-0.2827326771653543
20
-2.173476496062992
11
-0.2827625196850393
21
-2.1734044488188977
0
LINE
8
BLACK
6
CONTINUOUS
10
-0.2827625196850393
20
-2.1734044488188977
11
-0.2829185433070866
21
-2.1731565748031496
0
LINE
8
BLACK
6
CONTINUOUS
10
-0.2829185433070866
20
-2.1731565748031496
11
-0.2847933070866142
21
-2.1694070472440945
0
LINE
8
BLACK
6
CONTINUOUS
10
-0.2847933070866142
20
-2.1694070472440945
11
-0.2850001968503937
21
-2.1688664173228345
0
LINE
8
BLACK
6
CONTINUOUS
10
-0.2850001968503937
20
-2.1688664173228345
11
-0.2850077165354331
21
-2.1687605905511811
0
LINE
8
BLACK
6
CONTINUOUS
10
-0.2850077165354331
20
-2.1687605905511811
11
-0.2850483070866142
21
-2.1686625984251968
0
LINE
8
BLACK
6
CONTINUOUS
10
-0.2850483070866142
20
-2.1686625984251968
11
-0.2851050393700787
21
-2.1680865354330709
0
LINE
8
BLACK
6
CONTINUOUS
10
-0.2851050393700787
20
-2.1680865354330709
11
-0.2851050393700787
21
-2.1568379527559056
0
LINE
8
BLACK
6
CONTINUOUS
10
-0.2851050393700787
20
-2.1568379527559056
11
-0.2850483070866142
21
-2.1562618897637793
0
LINE
8
BLACK
6
CONTINUOUS
10
-0.2850483070866142
20
-2.1562618897637793
11
-0.2850077165354331
21
-2.1561638582677163
0
LINE
8
BLACK
6
CONTINUOUS
10
-0.2850077165354331
20
-2.1561638582677163
11
-0.2850001968503937
21
-2.1560580708661417
0
LINE
8
BLACK
6
CONTINUOUS
10
-0.2850001968503937
20
-2.1560580708661417
11
-0.2847933070866142
21
-2.1555174409448816
0
LINE
8
BLACK
6
CONTINUOUS
10
-0.2847933070866142
20
-2.1555174409448816
11
-0.2829185433070866
21
-2.1517679133858265
0
LINE
8
BLACK
6
CONTINUOUS
10
-0.2829185433070866
20
-2.1517679133858265
11
-0.2827624803149606
21
-2.1515198818897638
0
LINE
8
BLACK
6
CONTINUOUS
10
-0.2827624803149606
20
-2.1515198818897638
11
-0.2827326377952756
21
-2.1514479527559054
0
LINE
8
BLACK
6
CONTINUOUS
10
-0.2827326377952756
20
-2.1514479527559054
11
-0.2826661811023622
21
-2.1513669685039369
0
LINE
8
BLACK
6
CONTINUOUS
10
-0.2826661811023622
20
-2.1513669685039369
11
-0.2826101968503937
21
-2.1512780314960631
0
LINE
8
BLACK
6
CONTINUOUS
10
-0.2826101968503937
20
-2.1512780314960631
11
-0.2825512204724409
21
-2.1512268503937007
0
LINE
8
BLACK
6
CONTINUOUS
10
-0.2825512204724409
20
-2.1512268503937007
11
-0.2823654330708661
21
-2.1510005118110236
0
LINE
8
BLACK
6
CONTINUOUS
10
-0.2823654330708661
20
-2.1510005118110236
11
-0.2804906692913386
21
-2.149125748031496
0
LINE
8
BLACK
6
CONTINUOUS
10
-0.2804906692913386
20
-2.149125748031496
11
-0.2802643307086614
21
-2.1489399606299213
0
LINE
8
BLACK
6
CONTINUOUS
10
-0.2802643307086614
20
-2.1489399606299213
11
-0.2802131496062992
21
-2.1488809842519685
0
LINE
8
BLACK
6
CONTINUOUS
10
-0.2802131496062992
20
-2.1488809842519685
11
-0.2801242125984252
21
-2.148825
0
LINE
8
BLACK
6
CONTINUOUS
10
-0.2801242125984252
20
-2.148825
11
-0.2800432283464567
21
-2.1487585433070864
0
LINE
8
BLACK
6
CONTINUOUS
10
-0.2800432283464567
20
-2.1487585433070864
11
-0.2799712992125984
21
-2.1487287007874016
0
LINE
8
BLACK
6
CONTINUOUS
10
-0.2799712992125984
20
-2.1487287007874016
11
-0.2797232677165354
21
-2.1485726377952754
0
LINE
8
BLACK
6
CONTINUOUS
10
-0.2797232677165354
20
-2.1485726377952754
11
-0.2759737401574803
21
-2.1466978740157479
0
LINE
8
BLACK
6
CONTINUOUS
10
-0.2759737401574803
20
-2.1466978740157479
11
-0.2754331496062992
21
-2.1464909842519684
0
LINE
8
BLACK
6
CONTINUOUS
10
-0.2754331496062992
20
-2.1464909842519684
11
-0.2753272834645669
21
-2.1464834251968505
0
LINE
8
BLACK
6
CONTINUOUS
10
-0.2753272834645669
20
-2.1464834251968505
11
-0.2752292913385826
21
-2.1464428740157482
0
LINE
8
BLACK
6
CONTINUOUS
10
-0.2752292913385826
20
-2.1464428740157482
11
-0.2746532283464567
21
-2.1463861417322834
0
LINE
8
BLACK
6
CONTINUOUS
10
-0.2746532283464567
20
-2.1463861417322834
11
-0.2671541732283464
21
-2.1463861417322834
0
LINE
8
BLACK
6
CONTINUOUS
10
-0.2671541732283464
20
-2.1463861417322834
11
-0.2665781102362205
21
-2.1464428740157482
0
LINE
8
BLACK
6
CONTINUOUS
10
-0.2448912598425197
20
-2.1337604330708659
11
-0.2440766141732283
21
-2.1345750787401574
0
LINE
8
BLACK
6
CONTINUOUS
10
-0.2440766141732283
20
-2.1345750787401574
11
-0.2436357086614173
21
-2.1356394881889762
0
LINE
8
BLACK
6
CONTINUOUS
10
-0.2436357086614173
20
-2.1356394881889762
11
-0.2435789763779528
21
-2.1362155511811025
0
LINE
8
BLACK
6
CONTINUOUS
10
-0.2435789763779528
20
-2.1362155511811025
11
-0.2435789763779528
21
-2.1463861417322834
0
LINE
8
BLACK
6
CONTINUOUS
10
-0.2435789763779528
20
-2.1463861417322834
11
-0.2371579133858268
21
-2.1463861417322834
0
LINE
8
BLACK
6
CONTINUOUS
10
-0.2371579133858268
20
-2.1463861417322834
11
-0.2365818503937008
21
-2.1464428740157482
0
LINE
8
BLACK
6
CONTINUOUS
10
-0.2365818503937008
20
-2.1464428740157482
11
-0.2355174409448819
21
-2.1468837795275588
0
LINE
8
BLACK
6
CONTINUOUS
10
-0.2355174409448819
20
-2.1468837795275588
11
-0.2347027952755905
21
-2.1476984251968503
0
LINE
8
BLACK
6
CONTINUOUS
10
-0.2347027952755905
20
-2.1476984251968503
11
-0.2342618897637795
21
-2.1487628346456691
0
LINE
8
BLACK
6
CONTINUOUS
10
-0.2342618897637795
20
-2.1487628346456691
11
-0.2342618897637795
21
-2.1499149606299213
0
LINE
8
BLACK
6
CONTINUOUS
10
-0.2342618897637795
20
-2.1499149606299213
11
-0.2347027952755905
21
-2.1509793700787401
0
LINE
8
BLACK
6
CONTINUOUS
10
-0.2347027952755905
20
-2.1509793700787401
11
-0.2355174409448819
21
-2.1517940157480315
0
LINE
8
BLACK
6
CONTINUOUS
10
-0.2355174409448819
20
-2.1517940157480315
11
-0.2365818503937008
21
-2.1522349212598426
0
LINE
8
BLACK
6
CONTINUOUS
10
-0.2365818503937008
20
-2.1522349212598426
11
-0.2371579133858268
21
-2.152291653543307
0
LINE
8
BLACK
6
CONTINUOUS
10
-0.2371579133858268
20
-2.152291653543307
11
-0.2435789763779528
21
-2.152291653543307
0
LINE
8
BLACK
6
CONTINUOUS
10
-0.2435789763779528
20
-2.152291653543307
11
-0.2435789763779528
21
-2.1692642519685039
0
LINE
8
BLACK
6
CONTINUOUS
10
-0.2435789763779528
20
-2.1692642519685039
11
-0.2424561417322835
21
-2.1715100000000001
0
LINE
8
BLACK
6
CONTINUOUS
10
-0.2424561417322835
20
-2.1715100000000001
11
-0.2402103937007874
21
-2.1726328740157479
0
LINE
8
BLACK
6
CONTINUOUS
10
-0.2402103937007874
20
-2.1726328740157479
11
-0.2371579133858268
21
-2.1726328740157479
0
LINE
8
BLACK
6
CONTINUOUS
10
-0.2371579133858268
20
-2.1726328740157479
11
-0.2365818503937008
21
-2.1726896062992127
0
LINE
8
BLACK
6
CONTINUOUS
10
-0.2365818503937008
20
-2.1726896062992127
11
-0.2355174409448819
21
-2.1731305118110238
0
LINE
8
BLACK
6
CONTINUOUS
10
-0.2355174409448819
20
-2.1731305118110238
11
-0.2347027952755905
21
-2.1739451574803148
0
LINE
8
BLACK
6
CONTINUOUS
10
-0.2347027952755905
20
-2.1739451574803148
11
-0.2342618897637795
21
-2.1750095669291336
0
LINE
8
BLACK
6
CONTINUOUS
10
-0.2342618897637795
20
-2.1750095669291336
11
-0.2342618897637795
21
-2.1761616929133858
0
LINE
8
BLACK
6
CONTINUOUS
10
-0.2342618897637795
20
-2.1761616929133858
11
-0.2347027952755905
21
-2.1772261023622046
0
LINE
8
BLACK
6
CONTINUOUS
10
-0.2347027952755905
20
-2.1772261023622046
11
-0.2355174409448819
21
-2.1780407480314961
0
LINE
8
BLACK
6
CONTINUOUS
10
-0.2355174409448819
20
-2.1780407480314961
11
-0.2365818503937008
21
-2.1784816535433071
0
LINE
8
BLACK
6
CONTINUOUS
10
-0.2365818503937008
20
-2.1784816535433071
11
-0.2371579133858268
21
-2.1785383858267715
0
LINE
8
BLACK
6
CONTINUOUS
10
-0.2371579133858268
20
-2.1785383858267715
11
-0.2409074409448819
21
-2.1785383858267715
0
LINE
8
BLACK
6
CONTINUOUS
10
-0.2409074409448819
20
-2.1785383858267715
11
-0.2414835039370079
21
-2.1784816535433071
0
LINE
8
BLACK
6
CONTINUOUS
10
-0.2414835039370079
20
-2.1784816535433071
11
-0.2415814960629921
21
-2.178441062992126
0
LINE
8
BLACK
6
CONTINUOUS
10
-0.2415814960629921
20
-2.178441062992126
11
-0.2416873622047244
21
-2.1784335433070865
0
LINE
8
BLACK
6
CONTINUOUS
10
-0.2416873622047244
20
-2.1784335433070865
11
-0.2422279527559055
21
-2.178226653543307
0
LINE
8
BLACK
6
CONTINUOUS
10
-0.2422279527559055
20
-2.178226653543307
11
-0.2459774803149606
21
-2.1763518897637795
0
LINE
8
BLACK
6
CONTINUOUS
10
-0.2459774803149606
20
-2.1763518897637795
11
-0.2460738582677165
21
-2.1762912204724407
0
LINE
8
BLACK
6
CONTINUOUS
10
-0.2460738582677165
20
-2.1762912204724407
11
-0.2461192519685039
21
-2.1762761023622046
0
LINE
8
BLACK
6
CONTINUOUS
10
-0.2461192519685039
20
-2.1762761023622046
11
-0.2461758267716535
21
-2.1762270472440943
0
LINE
8
BLACK
6
CONTINUOUS
10
-0.2461758267716535
20
-2.1762270472440943
11
-0.2464673622047244
21
-2.1760435433070864
0
LINE
8
BLACK
6
CONTINUOUS
10
-0.2464673622047244
20
-2.1760435433070864
11
-0.2467100393700787
21
-2.1757637007874013
0
LINE
8
BLACK
6
CONTINUOUS
10
-0.2467100393700787
20
-2.1757637007874013
11
-0.2469896456692913
21
-2.175521220472441
0
LINE
8
BLACK
6
CONTINUOUS
10
-0.2469896456692913
20
-2.175521220472441
11
-0.2471731496062992
21
-2.1752297244094487
0
LINE
8
BLACK
6
CONTINUOUS
10
-0.2471731496062992
20
-2.1752297244094487
11
-0.2472222047244095
21
-2.1751731496062994
0
LINE
8
BLACK
6
CONTINUOUS
10
-0.2472222047244095
20
-2.1751731496062994
11
-0.2472373622047244
21
-2.1751276771653543
0
LINE
8
BLACK
6
CONTINUOUS
10
-0.2472373622047244
20
-2.1751276771653543
11
-0.2472979921259842
21
-2.1750313779527559
0
LINE
8
BLACK
6
CONTINUOUS
10
-0.2472979921259842
20
-2.1750313779527559
11
-0.2491727559055118
21
-2.1712818110236221
0
LINE
8
BLACK
6
CONTINUOUS
10
-0.2491727559055118
20
-2.1712818110236221
11
-0.2493796456692913
21
-2.170741181102362
0
LINE
8
BLACK
6
CONTINUOUS
10
-0.2493796456692913
20
-2.170741181102362
11
-0.2493871653543307
21
-2.1706353543307086
0
LINE
8
BLACK
6
CONTINUOUS
10
-0.2493871653543307
20
-2.1706353543307086
11
-0.2494277559055118
21
-2.1705373622047244
0
LINE
8
BLACK
6
CONTINUOUS
10
-0.2494277559055118
20
-2.1705373622047244
11
-0.2494844881889764
21
-2.1699612992125985
0
LINE
8
BLACK
6
CONTINUOUS
10
-0.2494844881889764
20
-2.1699612992125985
11
-0.2494844881889764
21
-2.152291653543307
0
LINE
8
BLACK
6
CONTINUOUS
10
-0.2494844881889764
20
-2.152291653543307
11
-0.2521560236220473
21
-2.152291653543307
0
LINE
8
BLACK
6
CONTINUOUS
10
-0.2521560236220473
20
-2.152291653543307
11
-0.2527320866141732
21
-2.1522349212598426
0
LINE
8
BLACK
6
CONTINUOUS
10
-0.2527320866141732
20
-2.1522349212598426
11
-0.2537964960629921
21
-2.1517940157480315
0
LINE
8
BLACK
6
CONTINUOUS
10
-0.2537964960629921
20
-2.1517940157480315
11
-0.2546111417322834
21
-2.1509793700787401
0
LINE
8
BLACK
6
CONTINUOUS
10
-0.2546111417322834
20
-2.1509793700787401
11
-0.2550520472440945
21
-2.1499149606299213
0
LINE
8
BLACK
6
CONTINUOUS
10
-0.2550520472440945
20
-2.1499149606299213
11
-0.2550520472440945
21
-2.1487628346456691
0
LINE
8
BLACK
6
CONTINUOUS
10
-0.2550520472440945
20
-2.1487628346456691
11
-0.2546111417322834
21
-2.1476984251968503
0
LINE
8
BLACK
6
CONTINUOUS
10
-0.2546111417322834
20
-2.1476984251968503
11
-0.2537964960629921
21
-2.1468837795275588
0
LINE
8
BLACK
6
CONTINUOUS
10
-0.2537964960629921
20
-2.1468837795275588
11
-0.2527320866141732
21
-2.1464428740157482
0
LINE
8
BLACK
6
CONTINUOUS
10
-0.2527320866141732
20
-2.1464428740157482
11
-0.2521560236220473
21
-2.1463861417322834
0
LINE
8
BLACK
6
CONTINUOUS
10
-0.2521560236220473
20
-2.1463861417322834
11
-0.2494844881889764
21
-2.1463861417322834
0
LINE
8
BLACK
6
CONTINUOUS
10
-0.2494844881889764
20
-2.1463861417322834
11
-0.2494844881889764
21
-2.1362155511811025
0
LINE
8
BLACK
6
CONTINUOUS
10
-0.2494844881889764
20
-2.1362155511811025
11
-0.2494277559055118
21
-2.1356394881889762
0
LINE
8
BLACK
6
CONTINUOUS
10
-0.2494277559055118
20
-2.1356394881889762
11
-0.2489868503937008
21
-2.1345750787401574
0
LINE
8
BLACK
6
CONTINUOUS
10
-0.2489868503937008
20
-2.1345750787401574
11
-0.2481722047244095
21
-2.1337604330708659
0
LINE
8
BLACK
6
CONTINUOUS
10
-0.2481722047244095
20
-2.1337604330708659
11
-0.2471077952755905
21
-2.1333195275590549
0
LINE
8
BLACK
6
CONTINUOUS
10
-0.2471077952755905
20
-2.1333195275590549
11
-0.2459556692913386
21
-2.1333195275590549
0
LINE
8
BLACK
6
CONTINUOUS
10
-0.2459556692913386
20
-2.1333195275590549
11
-0.2448912598425197
21
-2.1337604330708659
0
LINE
8
BLACK
6
CONTINUOUS
10
-0.1672155118110236
20
-2.1464428740157482
11
-0.1671175196850394
21
-2.1464834645669293
0
LINE
8
BLACK
6
CONTINUOUS
10
-0.1671175196850394
20
-2.1464834645669293
11
-0.1670116929133858
21
-2.1464909842519684
0
LINE
8
BLACK
6
CONTINUOUS
10
-0.1670116929133858
20
-2.1464909842519684
11
-0.166471062992126
21
-2.1466978740157479
0
LINE
8
BLACK
6
CONTINUOUS
10
-0.166471062992126
20
-2.1466978740157479
11
-0.1627215354330709
21
-2.1485726377952754
0
LINE
8
BLACK
6
CONTINUOUS
10
-0.1627215354330709
20
-2.1485726377952754
11
-0.1622316535433071
21
-2.1488809842519685
0
LINE
8
BLACK
6
CONTINUOUS
10
-0.1622316535433071
20
-2.1488809842519685
11
-0.161476811023622
21
-2.1497513779527559
0
LINE
8
BLACK
6
CONTINUOUS
10
-0.161476811023622
20
-2.1497513779527559
11
-0.1611124803149606
21
-2.1508443307086615
0
LINE
8
BLACK
6
CONTINUOUS
10
-0.1611124803149606
20
-2.1508443307086615
11
-0.1611941338582677
21
-2.1519935433070865
0
LINE
8
BLACK
6
CONTINUOUS
10
-0.1611941338582677
20
-2.1519935433070865
11
-0.1617094094488189
21
-2.1530240551181103
0
LINE
8
BLACK
6
CONTINUOUS
10
-0.1617094094488189
20
-2.1530240551181103
11
-0.1625797637795275
21
-2.1537788976377952
0
LINE
8
BLACK
6
CONTINUOUS
10
-0.1625797637795275
20
-2.1537788976377952
11
-0.1636727559055118
21
-2.1541432283464568
0
LINE
8
BLACK
6
CONTINUOUS
10
-0.1636727559055118
20
-2.1541432283464568
11
-0.164821968503937
21
-2.1540615748031495
0
LINE
8
BLACK
6
CONTINUOUS
10
-0.164821968503937
20
-2.1540615748031495
11
-0.1653625590551181
21
-2.1538546850393701
0
LINE
8
BLACK
6
CONTINUOUS
10
-0.1653625590551181
20
-2.1538546850393701
11
-0.1684886220472441
21
-2.152291653543307
0
LINE
8
BLACK
6
CONTINUOUS
10
-0.1684886220472441
20
-2.152291653543307
11
-0.1745935826771653
21
-2.152291653543307
0
LINE
8
BLACK
6
CONTINUOUS
10
-0.1745935826771653
20
-2.152291653543307
11
-0.177291062992126
21
-2.1536403937007873
0
LINE
8
BLACK
6
CONTINUOUS
10
-0.177291062992126
20
-2.1536403937007873
11
-0.1784881889763779
21
-2.1548375196850391
0
LINE
8
BLACK
6
CONTINUOUS
10
-0.1784881889763779
20
-2.1548375196850391
11
-0.1798369291338583
21
-2.1575349999999998
0
LINE
8
BLACK
6
CONTINUOUS
10
-0.1798369291338583
20
-2.1575349999999998
11
-0.1798369291338583
21
-2.1673894881889764
0
LINE
8
BLACK
6
CONTINUOUS
10
-0.1798369291338583
20
-2.1673894881889764
11
-0.1784881889763779
21
-2.170086968503937
0
LINE
8
BLACK
6
CONTINUOUS
10
-0.1784881889763779
20
-2.170086968503937
11
-0.177291062992126
21
-2.1712841338582676
0
LINE
8
BLACK
6
CONTINUOUS
10
-0.177291062992126
20
-2.1712841338582676
11
-0.1745935826771653
21
-2.1726328740157479
0
LINE
8
BLACK
6
CONTINUOUS
10
-0.1745935826771653
20
-2.1726328740157479
11
-0.1684886220472441
21
-2.1726328740157479
0
LINE
8
BLACK
6
CONTINUOUS
10
-0.1684886220472441
20
-2.1726328740157479
11
-0.1653625590551181
21
-2.1710698425196848
0
LINE
8
BLACK
6
CONTINUOUS
10
-0.1653625590551181
20
-2.1710698425196848
11
-0.164821968503937
21
-2.1708629527559054
0
LINE
8
BLACK
6
CONTINUOUS
10
-0.164821968503937
20
-2.1708629527559054
11
-0.1636727559055118
21
-2.1707812992125985
0
LINE
8
BLACK
6
CONTINUOUS
10
-0.1636727559055118
20
-2.1707812992125985
11
-0.1625797637795275
21
-2.1711456299212597
0
LINE
8
BLACK
6
CONTINUOUS
10
-0.1625797637795275
20
-2.1711456299212597
11
-0.1617094094488189
21
-2.171900472440945
0
LINE
8
BLACK
6
CONTINUOUS
10
-0.1617094094488189
20
-2.171900472440945
11
-0.1611941338582677
21
-2.1729309842519684
0
LINE
8
BLACK
6
CONTINUOUS
10
-0.1611941338582677
20
-2.1729309842519684
11
-0.1611124803149606
21
-2.1740801968503938
0
LINE
8
BLACK
6
CONTINUOUS
10
-0.1611124803149606
20
-2.1740801968503938
11
-0.161476811023622
21
-2.1751731496062994
0
LINE
8
BLACK
6
CONTINUOUS
10
-0.161476811023622
20
-2.1751731496062994
11
-0.1622316535433071
21
-2.1760435433070864
0
LINE
8
BLACK
6
CONTINUOUS
10
-0.1622316535433071
20
-2.1760435433070864
11
-0.1627215354330709
21
-2.1763518897637795
0
LINE
8
BLACK
6
CONTINUOUS
10
-0.1627215354330709
20
-2.1763518897637795
11
-0.166471062992126
21
-2.178226653543307
0
LINE
8
BLACK
6
CONTINUOUS
10
-0.166471062992126
20
-2.178226653543307
11
-0.1670116929133858
21
-2.1784335433070865
0
LINE
8
BLACK
6
CONTINUOUS
10
-0.1670116929133858
20
-2.1784335433070865
11
-0.1671175196850394
21
-2.1784410236220473
0
LINE
8
BLACK
6
CONTINUOUS
10
-0.1671175196850394
20
-2.1784410236220473
11
-0.1672155118110236
21
-2.1784816535433071
0
LINE
8
BLACK
6
CONTINUOUS
10
-0.1672155118110236
20
-2.1784816535433071
11
-0.1677915748031496
21
-2.1785383858267715
0
LINE
8
BLACK
6
CONTINUOUS
10
-0.1677915748031496
20
-2.1785383858267715
11
-0.1752906299212598
21
-2.1785383858267715
0
LINE
8
BLACK
6
CONTINUOUS
10
-0.1752906299212598
20
-2.1785383858267715
11
-0.1758666929133858
21
-2.1784816535433071
0
LINE
8
BLACK
6
CONTINUOUS
10
-0.1758666929133858
20
-2.1784816535433071
11
-0.1759646850393701
21
-2.178441062992126
0
LINE
8
BLACK
6
CONTINUOUS
10
-0.1759646850393701
20
-2.178441062992126
11
-0.1760705511811023
21
-2.1784335433070865
0
LINE
8
BLACK
6
CONTINUOUS
10
-0.1760705511811023
20
-2.1784335433070865
11
-0.1766111417322835
21
-2.178226653543307
0
LINE
8
BLACK
6
CONTINUOUS
10
-0.1766111417322835
20
-2.178226653543307
11
-0.1803606692913386
21
-2.1763518897637795
0
LINE
8
BLACK
6
CONTINUOUS
10
-0.1803606692913386
20
-2.1763518897637795
11
-0.1806087007874016
21
-2.1761957874015749
0
LINE
8
BLACK
6
CONTINUOUS
10
-0.1806087007874016
20
-2.1761957874015749
11
-0.1806806299212598
21
-2.1761659842519685
0
LINE
8
BLACK
6
CONTINUOUS
10
-0.1806806299212598
20
-2.1761659842519685
11
-0.1807616141732283
21
-2.1760995275590549
0
LINE
8
BLACK
6
CONTINUOUS
10
-0.1807616141732283
20
-2.1760995275590549
11
-0.1808505511811024
21
-2.1760435433070864
0
LINE
8
BLACK
6
CONTINUOUS
10
-0.1808505511811024
20
-2.1760435433070864
11
-0.1809017716535433
21
-2.1759844881889765
0
LINE
8
BLACK
6
CONTINUOUS
10
-0.1809017716535433
20
-2.1759844881889765
11
-0.1811281102362205
21
-2.1757987401574801
0
LINE
8
BLACK
6
CONTINUOUS
10
-0.1811281102362205
20
-2.1757987401574801
11
-0.183002874015748
21
-2.1739239370078738
0
LINE
8
BLACK
6
CONTINUOUS
10
-0.183002874015748
20
-2.1739239370078738
11
-0.1831886220472441
21
-2.1736975984251967
0
LINE
8
BLACK
6
CONTINUOUS
10
-0.1831886220472441
20
-2.1736975984251967
11
-0.1832475984251968
21
-2.1736464566929135
0
LINE
8
BLACK
6
CONTINUOUS
10
-0.1832475984251968
20
-2.1736464566929135
11
-0.1833035826771653
21
-2.1735575196850392
0
LINE
8
BLACK
6
CONTINUOUS
10
-0.1833035826771653
20
-2.1735575196850392
11
-0.1833700787401575
21
-2.173476496062992
0
LINE
8
BLACK
6
CONTINUOUS
10
-0.1833700787401575
20
-2.173476496062992
11
-0.1833999212598425
21
-2.1734044488188977
0
LINE
8
BLACK
6
CONTINUOUS
10
-0.1833999212598425
20
-2.1734044488188977
11
-0.1835559448818898
21
-2.1731565748031496
0
LINE
8
BLACK
6
CONTINUOUS
10
-0.1835559448818898
20
-2.1731565748031496
11
-0.1854307086614173
21
-2.1694070472440945
0
LINE
8
BLACK
6
CONTINUOUS
10
-0.1854307086614173
20
-2.1694070472440945
11
-0.1856375984251968
21
-2.1688664173228345
0
LINE
8
BLACK
6
CONTINUOUS
10
-0.1856375984251968
20
-2.1688664173228345
11
-0.1856451181102362
21
-2.1687605905511811
0
LINE
8
BLACK
6
CONTINUOUS
10
-0.1856451181102362
20
-2.1687605905511811
11
-0.1856857086614173
21
-2.1686625984251968
0
LINE
8
BLACK
6
CONTINUOUS
10
-0.1856857086614173
20
-2.1686625984251968
11
-0.1857424409448819
21
-2.1680865354330709
0
LINE
8
BLACK
6
CONTINUOUS
10
-0.1857424409448819
20
-2.1680865354330709
11
-0.1857424409448819
21
-2.1568379527559056
0
LINE
8
BLACK
6
CONTINUOUS
10
-0.1857424409448819
20
-2.1568379527559056
11
-0.1856857086614173
21
-2.1562618897637793
0
LINE
8
BLACK
6
CONTINUOUS
10
-0.1856857086614173
20
-2.1562618897637793
11
-0.1856451181102362
21
-2.1561638582677163
0
LINE
8
BLACK
6
CONTINUOUS
10
-0.1856451181102362
20
-2.1561638582677163
11
-0.1856375984251968
21
-2.1560580708661417
0
LINE
8
BLACK
6
CONTINUOUS
10
-0.1856375984251968
20
-2.1560580708661417
11
-0.1854307086614173
21
-2.1555174409448816
0
LINE
8
BLACK
6
CONTINUOUS
10
-0.1854307086614173
20
-2.1555174409448816
11
-0.1835559448818898
21
-2.1517679133858265
0
LINE
8
BLACK
6
CONTINUOUS
10
-0.1835559448818898
20
-2.1517679133858265
11
-0.1833998818897638
21
-2.1515198818897638
0
LINE
8
BLACK
6
CONTINUOUS
10
-0.1833998818897638
20
-2.1515198818897638
11
-0.1833700393700787
21
-2.1514479527559054
0
LINE
8
BLACK
6
CONTINUOUS
10
-0.1833700393700787
20
-2.1514479527559054
11
-0.1833035826771653
21
-2.1513669685039369
0
LINE
8
BLACK
6
CONTINUOUS
10
-0.1833035826771653
20
-2.1513669685039369
11
-0.1832475984251968
21
-2.1512780314960631
0
LINE
8
BLACK
6
CONTINUOUS
10
-0.1832475984251968
20
-2.1512780314960631
11
-0.1831886220472441
21
-2.1512268503937007
0
LINE
8
BLACK
6
CONTINUOUS
10
-0.1831886220472441
20
-2.1512268503937007
11
-0.1830028346456693
21
-2.1510005118110236
0
LINE
8
BLACK
6
CONTINUOUS
10
-0.1830028346456693
20
-2.1510005118110236
11
-0.1811280708661417
21
-2.149125748031496
0
LINE
8
BLACK
6
CONTINUOUS
10
-0.1811280708661417
20
-2.149125748031496
11
-0.1809017322834646
21
-2.1489399606299213
0
LINE
8
BLACK
6
CONTINUOUS
10
-0.1809017322834646
20
-2.1489399606299213
11
-0.1808505511811024
21
-2.1488809842519685
0
LINE
8
BLACK
6
CONTINUOUS
10
-0.1808505511811024
20
-2.1488809842519685
11
-0.1807616141732283
21
-2.148825
0
LINE
8
BLACK
6
CONTINUOUS
10
-0.1807616141732283
20
-2.148825
11
-0.1806806299212598
21
-2.1487585433070864
0
LINE
8
BLACK
6
CONTINUOUS
10
-0.1806806299212598
20
-2.1487585433070864
11
-0.1806087007874016
21
-2.1487287007874016
0
LINE
8
BLACK
6
CONTINUOUS
10
-0.1806087007874016
20
-2.1487287007874016
11
-0.1803606692913386
21
-2.1485726377952754
0
LINE
8
BLACK
6
CONTINUOUS
10
-0.1803606692913386
20
-2.1485726377952754
11
-0.1766111417322835
21
-2.1466978740157479
0
LINE
8
BLACK
6
CONTINUOUS
10
-0.1766111417322835
20
-2.1466978740157479
11
-0.1760705511811023
21
-2.1464909842519684
0
LINE
8
BLACK
6
CONTINUOUS
10
-0.1760705511811023
20
-2.1464909842519684
11
-0.1759646850393701
21
-2.1464834251968505
0
LINE
8
BLACK
6
CONTINUOUS
10
-0.1759646850393701
20
-2.1464834251968505
11
-0.1758666929133858
21
-2.1464428740157482
0
LINE
8
BLACK
6
CONTINUOUS
10
-0.1758666929133858
20
-2.1464428740157482
11
-0.1752906299212598
21
-2.1463861417322834
0
LINE
8
BLACK
6
CONTINUOUS
10
-0.1752906299212598
20
-2.1463861417322834
11
-0.1677915748031496
21
-2.1463861417322834
0
LINE
8
BLACK
6
CONTINUOUS
10
-0.1677915748031496
20
-2.1463861417322834
11
-0.1672155118110236
21
-2.1464428740157482
0
LINE
8
BLACK
6
CONTINUOUS
10
-0.0528548031496063
20
-2.1464428740157482
11
-0.052756811023622
21
-2.1464834645669293
0
LINE
8
BLACK
6
CONTINUOUS
10
-0.052756811023622
20
-2.1464834645669293
11
-0.0526509842519685
21
-2.1464909842519684
0
LINE
8
BLACK
6
CONTINUOUS
10
-0.0526509842519685
20
-2.1464909842519684
11
-0.0521103543307087
21
-2.1466978740157479
0
LINE
8
BLACK
6
CONTINUOUS
10
-0.0521103543307087
20
-2.1466978740157479
11
-0.0483608267716535
21
-2.1485726377952754
0
LINE
8
BLACK
6
CONTINUOUS
10
-0.0483608267716535
20
-2.1485726377952754
11
-0.0482644881889764
21
-2.1486332677165354
0
LINE
8
BLACK
6
CONTINUOUS
10
-0.0482644881889764
20
-2.1486332677165354
11
-0.0482190551181102
21
-2.1486484251968503
0
LINE
8
BLACK
6
CONTINUOUS
10
-0.0482190551181102
20
-2.1486484251968503
11
-0.0481625196850394
21
-2.1486974409448818
0
LINE
8
BLACK
6
CONTINUOUS
10
-0.0481625196850394
20
-2.1486974409448818
11
-0.0478709448818898
21
-2.1488809842519685
0
LINE
8
BLACK
6
CONTINUOUS
10
-0.0478709448818898
20
-2.1488809842519685
11
-0.0476283858267717
21
-2.1491606692913385
0
LINE
8
BLACK
6
CONTINUOUS
10
-0.0476283858267717
20
-2.1491606692913385
11
-0.0473486614173228
21
-2.1494032677165356
0
LINE
8
BLACK
6
CONTINUOUS
10
-0.0473486614173228
20
-2.1494032677165356
11
-0.047165157480315
21
-2.1496948031496061
0
LINE
8
BLACK
6
CONTINUOUS
10
-0.047165157480315
20
-2.1496948031496061
11
-0.0471161023622047
21
-2.1497513779527559
0
LINE
8
BLACK
6
CONTINUOUS
10
-0.0471161023622047
20
-2.1497513779527559
11
-0.0471009842519685
21
-2.1497967716535431
0
LINE
8
BLACK
6
CONTINUOUS
10
-0.0471009842519685
20
-2.1497967716535431
11
-0.0470403149606299
21
-2.149893149606299
0
LINE
8
BLACK
6
CONTINUOUS
10
-0.0470403149606299
20
-2.149893149606299
11
-0.0451655511811024
21
-2.1536426771653541
0
LINE
8
BLACK
6
CONTINUOUS
10
-0.0451655511811024
20
-2.1536426771653541
11
-0.0449586614173228
21
-2.1541832677165353
0
LINE
8
BLACK
6
CONTINUOUS
10
-0.0449586614173228
20
-2.1541832677165353
11
-0.0449511417322835
21
-2.1542891338582675
0
LINE
8
BLACK
6
CONTINUOUS
10
-0.0449511417322835
20
-2.1542891338582675
11
-0.0449105511811024
21
-2.1543871259842517
0
LINE
8
BLACK
6
CONTINUOUS
10
-0.0449105511811024
20
-2.1543871259842517
11
-0.0448538188976378
21
-2.1549631889763781
0
LINE
8
BLACK
6
CONTINUOUS
10
-0.0448538188976378
20
-2.1549631889763781
11
-0.0448538188976378
21
-2.1587127165354332
0
LINE
8
BLACK
6
CONTINUOUS
10
-0.0448538188976378
20
-2.1587127165354332
11
-0.0449105511811024
21
-2.159288779527559
0
LINE
8
BLACK
6
CONTINUOUS
10
-0.0449105511811024
20
-2.159288779527559
11
-0.0450213385826772
21
-2.1595561417322835
0
LINE
8
BLACK
6
CONTINUOUS
10
-0.0450213385826772
20
-2.1595561417322835
11
-0.0450774409448819
21
-2.159839842519685
0
LINE
8
BLACK
6
CONTINUOUS
10
-0.0450774409448819
20
-2.159839842519685
11
-0.0452395275590551
21
-2.1600829527559053
0
LINE
8
BLACK
6
CONTINUOUS
10
-0.0452395275590551
20
-2.1600829527559053
11
-0.0453514566929134
21
-2.1603531889763778
0
LINE
8
BLACK
6
CONTINUOUS
10
-0.0453514566929134
20
-2.1603531889763778
11
-0.0455561023622047
21
-2.1605578346456693
0
LINE
8
BLACK
6
CONTINUOUS
10
-0.0455561023622047
20
-2.1605578346456693
11
-0.0457164960629921
21
-2.1607984251968504
0
LINE
8
BLACK
6
CONTINUOUS
10
-0.0457164960629921
20
-2.1607984251968504
11
-0.0459593307086614
21
-2.1609610236220473
0
LINE
8
BLACK
6
CONTINUOUS
10
-0.0459593307086614
20
-2.1609610236220473
11
-0.0461661023622047
21
-2.1611678346456693
0
LINE
8
BLACK
6
CONTINUOUS
10
-0.0461661023622047
20
-2.1611678346456693
11
-0.0464333858267717
21
-2.1612785433070867
0
LINE
8
BLACK
6
CONTINUOUS
10
-0.0464333858267717
20
-2.1612785433070867
11
-0.0466737401574803
21
-2.1614395275590552
0
LINE
8
BLACK
6
CONTINUOUS
10
-0.0466737401574803
20
-2.1614395275590552
11
-0.0472275196850394
21
-2.1616081496062991
0
LINE
8
BLACK
6
CONTINUOUS
10
-0.0472275196850394
20
-2.1616081496062991
11
-0.0636014566929134
21
-2.1648829133858265
0
LINE
8
BLACK
6
CONTINUOUS
10
-0.0636014566929134
20
-2.1648829133858265
11
-0.0636014566929134
21
-2.1692642519685039
0
LINE
8
BLACK
6
CONTINUOUS
10
-0.0636014566929134
20
-2.1692642519685039
11
-0.0624786220472441
21
-2.1715100000000001
0
LINE
8
BLACK
6
CONTINUOUS
10
-0.0624786220472441
20
-2.1715100000000001
11
-0.060232874015748
21
-2.1726328740157479
0
LINE
8
BLACK
6
CONTINUOUS
10
-0.060232874015748
20
-2.1726328740157479
11
-0.0541279133858268
21
-2.1726328740157479
0
LINE
8
BLACK
6
CONTINUOUS
10
-0.0541279133858268
20
-2.1726328740157479
11
-0.0510018503937008
21
-2.1710698425196848
0
LINE
8
BLACK
6
CONTINUOUS
10
-0.0510018503937008
20
-2.1710698425196848
11
-0.0504612598425197
21
-2.1708629527559054
0
LINE
8
BLACK
6
CONTINUOUS
10
-0.0504612598425197
20
-2.1708629527559054
11
-0.0493120472440945
21
-2.1707812992125985
0
LINE
8
BLACK
6
CONTINUOUS
10
-0.0493120472440945
20
-2.1707812992125985
11
-0.0482190551181102
21
-2.1711456299212597
0
LINE
8
BLACK
6
CONTINUOUS
10
-0.0482190551181102
20
-2.1711456299212597
11
-0.0473487007874016
21
-2.171900472440945
0
LINE
8
BLACK
6
CONTINUOUS
10
-0.0473487007874016
20
-2.171900472440945
11
-0.0468334251968504
21
-2.1729309842519684
0
LINE
8
BLACK
6
CONTINUOUS
10
-0.0468334251968504
20
-2.1729309842519684
11
-0.0467517716535433
21
-2.1740801968503938
0
LINE
8
BLACK
6
CONTINUOUS
10
-0.0467517716535433
20
-2.1740801968503938
11
-0.0471161023622047
21
-2.1751731496062994
0
LINE
8
BLACK
6
CONTINUOUS
10
-0.0471161023622047
20
-2.1751731496062994
11
-0.0478709448818898
21
-2.1760435433070864
0
LINE
8
BLACK
6
CONTINUOUS
10
-0.0478709448818898
20
-2.1760435433070864
11
-0.0483608267716535
21
-2.1763518897637795
0
LINE
8
BLACK
6
CONTINUOUS
10
-0.0483608267716535
20
-2.1763518897637795
11
-0.0521103543307087
21
-2.178226653543307
0
LINE
8
BLACK
6
CONTINUOUS
10
-0.0521103543307087
20
-2.178226653543307
11
-0.0526509842519685
21
-2.1784335433070865
0
LINE
8
BLACK
6
CONTINUOUS
10
-0.0526509842519685
20
-2.1784335433070865
11
-0.052756811023622
21
-2.1784410236220473
0
LINE
8
BLACK
6
CONTINUOUS
10
-0.052756811023622
20
-2.1784410236220473
11
-0.0528548031496063
21
-2.1784816535433071
0
LINE
8
BLACK
6
CONTINUOUS
10
-0.0528548031496063
20
-2.1784816535433071
11
-0.0534308661417323
21
-2.1785383858267715
0
LINE
8
BLACK
6
CONTINUOUS
10
-0.0534308661417323
20
-2.1785383858267715
11
-0.0609299212598425
21
-2.1785383858267715
0
LINE
8
BLACK
6
CONTINUOUS
10
-0.0609299212598425
20
-2.1785383858267715
11
-0.0615059842519685
21
-2.1784816535433071
0
LINE
8
BLACK
6
CONTINUOUS
10
-0.0615059842519685
20
-2.1784816535433071
11
-0.0616039763779528
21
-2.178441062992126
0
LINE
8
BLACK
6
CONTINUOUS
10
-0.0616039763779528
20
-2.178441062992126
11
-0.061709842519685
21
-2.1784335433070865
0
LINE
8
BLACK
6
CONTINUOUS
10
-0.061709842519685
20
-2.1784335433070865
11
-0.0622504330708661
21
-2.178226653543307
0
LINE
8
BLACK
6
CONTINUOUS
10
-0.0622504330708661
20
-2.178226653543307
11
-0.0659999606299213
21
-2.1763518897637795
0
LINE
8
BLACK
6
CONTINUOUS
10
-0.0659999606299213
20
-2.1763518897637795
11
-0.0660963385826772
21
-2.1762912204724407
0
LINE
8
BLACK
6
CONTINUOUS
10
-0.0660963385826772
20
-2.1762912204724407
11
-0.0661417322834646
21
-2.1762761023622046
0
LINE
8
BLACK
6
CONTINUOUS
10
-0.0661417322834646
20
-2.1762761023622046
11
-0.0661983070866142
21
-2.1762270472440943
0
LINE
8
BLACK
6
CONTINUOUS
10
-0.0661983070866142
20
-2.1762270472440943
11
-0.066489842519685
21
-2.1760435433070864
0
LINE
8
BLACK
6
CONTINUOUS
10
-0.066489842519685
20
-2.1760435433070864
11
-0.0667325196850394
21
-2.1757637007874013
0
LINE
8
BLACK
6
CONTINUOUS
10
-0.0667325196850394
20
-2.1757637007874013
11
-0.067012125984252
21
-2.175521220472441
0
LINE
8
BLACK
6
CONTINUOUS
10
-0.067012125984252
20
-2.175521220472441
11
-0.0671956299212598
21
-2.1752297244094487
0
LINE
8
BLACK
6
CONTINUOUS
10
-0.0671956299212598
20
-2.1752297244094487
11
-0.0672446850393701
21
-2.1751731496062994
0
LINE
8
BLACK
6
CONTINUOUS
10
-0.0672446850393701
20
-2.1751731496062994
11
-0.067259842519685
21
-2.1751276771653543
0
LINE
8
BLACK
6
CONTINUOUS
10
-0.067259842519685
20
-2.1751276771653543
11
-0.0673204724409449
21
-2.1750313779527559
0
LINE
8
BLACK
6
CONTINUOUS
10
-0.0673204724409449
20
-2.1750313779527559
11
-0.0691952362204724
21
-2.1712818110236221
0
LINE
8
BLACK
6
CONTINUOUS
10
-0.0691952362204724
20
-2.1712818110236221
11
-0.069402125984252
21
-2.170741181102362
0
LINE
8
BLACK
6
CONTINUOUS
10
-0.069402125984252
20
-2.170741181102362
11
-0.0694096456692913
21
-2.1706353543307086
0
LINE
8
BLACK
6
CONTINUOUS
10
-0.0694096456692913
20
-2.1706353543307086
11
-0.0694502362204724
21
-2.1705373622047244
0
LINE
8
BLACK
6
CONTINUOUS
10
-0.0694502362204724
20
-2.1705373622047244
11
-0.069506968503937
21
-2.1699612992125985
0
LINE
8
BLACK
6
CONTINUOUS
10
-0.069506968503937
20
-2.1699612992125985
11
-0.069506968503937
21
-2.1549631889763781
0
LINE
8
BLACK
6
CONTINUOUS
10
-0.069506968503937
20
-2.1549631889763781
11
-0.0694502362204724
21
-2.1543871259842517
0
LINE
8
BLACK
6
CONTINUOUS
10
-0.0694502362204724
20
-2.1543871259842517
11
-0.0694096456692913
21
-2.1542890944881887
0
LINE
8
BLACK
6
CONTINUOUS
10
-0.0694096456692913
20
-2.1542890944881887
11
-0.069402125984252
21
-2.1541833070866141
0
LINE
8
BLACK
6
CONTINUOUS
10
-0.069402125984252
20
-2.1541833070866141
11
-0.0691952362204724
21
-2.1536426771653541
0
LINE
8
BLACK
6
CONTINUOUS
10
-0.0691952362204724
20
-2.1536426771653541
11
-0.0673204724409449
21
-2.149893149606299
0
LINE
8
BLACK
6
CONTINUOUS
10
-0.0673204724409449
20
-2.149893149606299
11
-0.067259842519685
21
-2.1497967716535431
0
LINE
8
BLACK
6
CONTINUOUS
10
-0.067259842519685
20
-2.1497967716535431
11
-0.0672446850393701
21
-2.1497513779527559
0
LINE
8
BLACK
6
CONTINUOUS
10
-0.0672446850393701
20
-2.1497513779527559
11
-0.0671956692913386
21
-2.1496948031496061
0
LINE
8
BLACK
6
CONTINUOUS
10
-0.0671956692913386
20
-2.1496948031496061
11
-0.067012125984252
21
-2.1494032677165356
0
LINE
8
BLACK
6
CONTINUOUS
10
-0.067012125984252
20
-2.1494032677165356
11
-0.0667324409448819
21
-2.1491606692913385
0
LINE
8
BLACK
6
CONTINUOUS
10
-0.0667324409448819
20
-2.1491606692913385
11
-0.066489842519685
21
-2.1488809842519685
0
LINE
8
BLACK
6
CONTINUOUS
10
-0.066489842519685
20
-2.1488809842519685
11
-0.0661983070866142
21
-2.1486974409448818
0
LINE
8
BLACK
6
CONTINUOUS
10
-0.0661983070866142
20
-2.1486974409448818
11
-0.0661417322834646
21
-2.1486484251968503
0
LINE
8
BLACK
6
CONTINUOUS
10
-0.0661417322834646
20
-2.1486484251968503
11
-0.0660963385826772
21
-2.1486332677165354
0
LINE
8
BLACK
6
CONTINUOUS
10
-0.0660963385826772
20
-2.1486332677165354
11
-0.0659999606299213
21
-2.1485726377952754
0
LINE
8
BLACK
6
CONTINUOUS
10
-0.0659999606299213
20
-2.1485726377952754
11
-0.0622504330708661
21
-2.1466978740157479
0
LINE
8
BLACK
6
CONTINUOUS
10
-0.0622504330708661
20
-2.1466978740157479
11
-0.061709842519685
21
-2.1464909842519684
0
LINE
8
BLACK
6
CONTINUOUS
10
-0.061709842519685
20
-2.1464909842519684
11
-0.0616039763779528
21
-2.1464834251968505
0
LINE
8
BLACK
6
CONTINUOUS
10
-0.0616039763779528
20
-2.1464834251968505
11
-0.0615059842519685
21
-2.1464428740157482
0
LINE
8
BLACK
6
CONTINUOUS
10
-0.0615059842519685
20
-2.1464428740157482
11
-0.0609299212598425
21
-2.1463861417322834
0
LINE
8
BLACK
6
CONTINUOUS
10
-0.0609299212598425
20
-2.1463861417322834
11
-0.0534308661417323
21
-2.1463861417322834
0
LINE
8
BLACK
6
CONTINUOUS
10
-0.0534308661417323
20
-2.1463861417322834
11
-0.0528548031496063
21
-2.1464428740157482
0
LINE
8
BLACK
6
CONTINUOUS
10
-0.0624786220472441
20
-2.1534144881889765
11
-0.0636014566929134
21
-2.1556602362204722
0
LINE
8
BLACK
6
CONTINUOUS
10
-0.0636014566929134
20
-2.1556602362204722
11
-0.0636014566929134
21
-2.1588604330708661
0
LINE
8
BLACK
6
CONTINUOUS
10
-0.0636014566929134
20
-2.1588604330708661
11
-0.0507593307086614
21
-2.1562920472440945
0
LINE
8
BLACK
6
CONTINUOUS
10
-0.0507593307086614
20
-2.1562920472440945
11
-0.0507593307086614
21
-2.1556602362204722
0
LINE
8
BLACK
6
CONTINUOUS
10
-0.0507593307086614
20
-2.1556602362204722
11
-0.0518822047244095
21
-2.1534144881889765
0
LINE
8
BLACK
6
CONTINUOUS
10
-0.0518822047244095
20
-2.1534144881889765
11
-0.0541279133858268
21
-2.152291653543307
0
LINE
8
BLACK
6
CONTINUOUS
10
-0.0541279133858268
20
-2.152291653543307
11
-0.060232874015748
21
-2.152291653543307
0
LINE
8
BLACK
6
CONTINUOUS
10
-0.060232874015748
20
-2.152291653543307
11
-0.0624786220472441
21
-2.1534144881889765
0
LINE
8
BLACK
6
CONTINUOUS
10
0.008202125984252
20
-2.1337604330708659
11
0.0090167716535433
21
-2.1345750787401574
0
LINE
8
BLACK
6
CONTINUOUS
10
0.0090167716535433
20
-2.1345750787401574
11
0.0094576771653543
21
-2.1356394881889762
0
LINE
8
BLACK
6
CONTINUOUS
10
0.0094576771653543
20
-2.1356394881889762
11
0.0095144094488189
21
-2.1362155511811025
0
LINE
8
BLACK
6
CONTINUOUS
10
0.0095144094488189
20
-2.1362155511811025
11
0.0095144094488189
21
-2.1755856299212599
0
LINE
8
BLACK
6
CONTINUOUS
10
0.0095144094488189
20
-2.1755856299212599
11
0.0094576771653543
21
-2.1761616929133858
0
LINE
8
BLACK
6
CONTINUOUS
10
0.0094576771653543
20
-2.1761616929133858
11
0.0090167716535433
21
-2.1772261023622046
0
LINE
8
BLACK
6
CONTINUOUS
10
0.0090167716535433
20
-2.1772261023622046
11
0.008202125984252
21
-2.1780407480314961
0
LINE
8
BLACK
6
CONTINUOUS
10
0.008202125984252
20
-2.1780407480314961
11
0.0071377165354331
21
-2.1784816535433071
0
LINE
8
BLACK
6
CONTINUOUS
10
0.0071377165354331
20
-2.1784816535433071
11
0.0059855905511811
21
-2.1784816535433071
0
LINE
8
BLACK
6
CONTINUOUS
10
0.0059855905511811
20
-2.1784816535433071
11
0.0049211811023622
21
-2.1780407480314961
0
LINE
8
BLACK
6
CONTINUOUS
10
0.0049211811023622
20
-2.1780407480314961
11
0.0047822440944882
21
-2.1779018110236219
0
LINE
8
BLACK
6
CONTINUOUS
10
0.0047822440944882
20
-2.1779018110236219
11
0.0041326377952756
21
-2.178226653543307
0
LINE
8
BLACK
6
CONTINUOUS
10
0.0041326377952756
20
-2.178226653543307
11
0.0035920078740157
21
-2.1784335433070865
0
LINE
8
BLACK
6
CONTINUOUS
10
0.0035920078740157
20
-2.1784335433070865
11
0.0034861811023622
21
-2.1784410236220473
0
LINE
8
BLACK
6
CONTINUOUS
10
0.0034861811023622
20
-2.1784410236220473
11
0.003388188976378
21
-2.1784816535433071
0
LINE
8
BLACK
6
CONTINUOUS
10
0.003388188976378
20
-2.1784816535433071
11
0.002812125984252
21
-2.1785383858267715
0
LINE
8
BLACK
6
CONTINUOUS
10
0.002812125984252
20
-2.1785383858267715
11
-0.0046869291338583
21
-2.1785383858267715
0
LINE
8
BLACK
6
CONTINUOUS
10
-0.0046869291338583
20
-2.1785383858267715
11
-0.0052629921259843
21
-2.1784816535433071
0
LINE
8
BLACK
6
CONTINUOUS
10
-0.0052629921259843
20
-2.1784816535433071
11
-0.0053609842519685
21
-2.178441062992126
0
LINE
8
BLACK
6
CONTINUOUS
10
-0.0053609842519685
20
-2.178441062992126
11
-0.0054668503937008
21
-2.1784335433070865
0
LINE
8
BLACK
6
CONTINUOUS
10
-0.0054668503937008
20
-2.1784335433070865
11
-0.0060074409448819
21
-2.178226653543307
0
LINE
8
BLACK
6
CONTINUOUS
10
-0.0060074409448819
20
-2.178226653543307
11
-0.009756968503937
21
-2.1763518897637795
0
LINE
8
BLACK
6
CONTINUOUS
10
-0.009756968503937
20
-2.1763518897637795
11
-0.010005
21
-2.1761957874015749
0
LINE
8
BLACK
6
CONTINUOUS
10
-0.010005
20
-2.1761957874015749
11
-0.0100769291338583
21
-2.1761659842519685
0
LINE
8
BLACK
6
CONTINUOUS
10
-0.0100769291338583
20
-2.1761659842519685
11
-0.0101579133858268
21
-2.1760995275590549
0
LINE
8
BLACK
6
CONTINUOUS
10
-0.0101579133858268
20
-2.1760995275590549
11
-0.0102468503937008
21
-2.1760435433070864
0
LINE
8
BLACK
6
CONTINUOUS
10
-0.0102468503937008
20
-2.1760435433070864
11
-0.0102980708661417
21
-2.1759844881889765
0
LINE
8
BLACK
6
CONTINUOUS
10
-0.0102980708661417
20
-2.1759844881889765
11
-0.0105244094488189
21
-2.1757987401574801
0
LINE
8
BLACK
6
CONTINUOUS
10
-0.0105244094488189
20
-2.1757987401574801
11
-0.0123991732283465
21
-2.1739239370078738
0
LINE
8
BLACK
6
CONTINUOUS
10
-0.0123991732283465
20
-2.1739239370078738
11
-0.0125849212598425
21
-2.1736975984251967
0
LINE
8
BLACK
6
CONTINUOUS
10
-0.0125849212598425
20
-2.1736975984251967
11
-0.0126438976377953
21
-2.1736464566929135
0
LINE
8
BLACK
6
CONTINUOUS
10
-0.0126438976377953
20
-2.1736464566929135
11
-0.0126998818897638
21
-2.1735575196850392
0
LINE
8
BLACK
6
CONTINUOUS
10
-0.0126998818897638
20
-2.1735575196850392
11
-0.0127663779527559
21
-2.173476496062992
0
LINE
8
BLACK
6
CONTINUOUS
10
-0.0127663779527559
20
-2.173476496062992
11
-0.0127962204724409
21
-2.1734044488188977
0
LINE
8
BLACK
6
CONTINUOUS
10
-0.0127962204724409
20
-2.1734044488188977
11
-0.0129522440944882
21
-2.1731565748031496
0
LINE
8
BLACK
6
CONTINUOUS
10
-0.0129522440944882
20
-2.1731565748031496
11
-0.0148270078740157
21
-2.1694070472440945
0
LINE
8
BLACK
6
CONTINUOUS
10
-0.0148270078740157
20
-2.1694070472440945
11
-0.0150338976377953
21
-2.1688664173228345
0
LINE
8
BLACK
6
CONTINUOUS
10
-0.0150338976377953
20
-2.1688664173228345
11
-0.0150414173228346
21
-2.1687605905511811
0
LINE
8
BLACK
6
CONTINUOUS
10
-0.0150414173228346
20
-2.1687605905511811
11
-0.0150820078740157
21
-2.1686625984251968
0
LINE
8
BLACK
6
CONTINUOUS
10
-0.0150820078740157
20
-2.1686625984251968
11
-0.0151387401574803
21
-2.1680865354330709
0
LINE
8
BLACK
6
CONTINUOUS
10
-0.0151387401574803
20
-2.1680865354330709
11
-0.0151387401574803
21
-2.1568379527559056
0
LINE
8
BLACK
6
CONTINUOUS
10
-0.0151387401574803
20
-2.1568379527559056
11
-0.0150820078740157
21
-2.1562618897637793
0
LINE
8
BLACK
6
CONTINUOUS
10
-0.0150820078740157
20
-2.1562618897637793
11
-0.0150414173228346
21
-2.1561638582677163
0
LINE
8
BLACK
6
CONTINUOUS
10
-0.0150414173228346
20
-2.1561638582677163
11
-0.0150338976377953
21
-2.1560580708661417
0
LINE
8
BLACK
6
CONTINUOUS
10
-0.0150338976377953
20
-2.1560580708661417
11
-0.0148270078740157
21
-2.1555174409448816
0
LINE
8
BLACK
6
CONTINUOUS
10
-0.0148270078740157
20
-2.1555174409448816
11
-0.0129522440944882
21
-2.1517679133858265
0
LINE
8
BLACK
6
CONTINUOUS
10
-0.0129522440944882
20
-2.1517679133858265
11
-0.0127961811023622
21
-2.1515198818897638
0
LINE
8
BLACK
6
CONTINUOUS
10
-0.0127961811023622
20
-2.1515198818897638
11
-0.0127663385826772
21
-2.1514479527559054
0
LINE
8
BLACK
6
CONTINUOUS
10
-0.0127663385826772
20
-2.1514479527559054
11
-0.0126998818897638
21
-2.1513669685039369
0
LINE
8
BLACK
6
CONTINUOUS
10
-0.0126998818897638
20
-2.1513669685039369
11
-0.0126438976377953
21
-2.1512780314960631
0
LINE
8
BLACK
6
CONTINUOUS
10
-0.0126438976377953
20
-2.1512780314960631
11
-0.0125849212598425
21
-2.1512268503937007
0
LINE
8
BLACK
6
CONTINUOUS
10
-0.0125849212598425
20
-2.1512268503937007
11
-0.0123991338582677
21
-2.1510005118110236
0
LINE
8
BLACK
6
CONTINUOUS
10
-0.0123991338582677
20
-2.1510005118110236
11
-0.0105243700787402
21
-2.149125748031496
0
LINE
8
BLACK
6
CONTINUOUS
10
-0.0105243700787402
20
-2.149125748031496
11
-0.010298031496063
21
-2.1489399606299213
0
LINE
8
BLACK
6
CONTINUOUS
10
-0.010298031496063
20
-2.1489399606299213
11
-0.0102468503937008
21
-2.1488809842519685
0
LINE
8
BLACK
6
CONTINUOUS
10
-0.0102468503937008
20
-2.1488809842519685
11
-0.0101579133858268
21
-2.148825
0
LINE
8
BLACK
6
CONTINUOUS
10
-0.0101579133858268
20
-2.148825
11
-0.0100769291338583
21
-2.1487585433070864
0
LINE
8
BLACK
6
CONTINUOUS
10
-0.0100769291338583
20
-2.1487585433070864
11
-0.010005
21
-2.1487287007874016
0
LINE
8
BLACK
6
CONTINUOUS
10
-0.010005
20
-2.1487287007874016
11
-0.009756968503937
21
-2.1485726377952754
0
LINE
8
BLACK
6
CONTINUOUS
10
-0.009756968503937
20
-2.1485726377952754
11
-0.0060074409448819
21
-2.1466978740157479
0
LINE
8
BLACK
6
CONTINUOUS
10
-0.0060074409448819
20
-2.1466978740157479
11
-0.0054668503937008
21
-2.1464909842519684
0
LINE
8
BLACK
6
CONTINUOUS
10
-0.0054668503937008
20
-2.1464909842519684
11
-0.0053609842519685
21
-2.1464834251968505
0
LINE
8
BLACK
6
CONTINUOUS
10
-0.0053609842519685
20
-2.1464834251968505
11
-0.0052629921259843
21
-2.1464428740157482
0
LINE
8
BLACK
6
CONTINUOUS
10
-0.0052629921259843
20
-2.1464428740157482
11
-0.0046869291338583
21
-2.1463861417322834
0
LINE
8
BLACK
6
CONTINUOUS
10
-0.0046869291338583
20
-2.1463861417322834
11
0.002812125984252
21
-2.1463861417322834
0
LINE
8
BLACK
6
CONTINUOUS
10
0.002812125984252
20
-2.1463861417322834
11
0.003388188976378
21
-2.1464428740157482
0
LINE
8
BLACK
6
CONTINUOUS
10
0.003388188976378
20
-2.1464428740157482
11
0.0034861811023622
21
-2.1464834645669293
0
LINE
8
BLACK
6
CONTINUOUS
10
0.0034861811023622
20
-2.1464834645669293
11
0.0035920078740157
21
-2.1464909842519684
0
LINE
8
BLACK
6
CONTINUOUS
10
0.0035920078740157
20
-2.1464909842519684
11
0.0036088976377953
21
-2.146497440944882
0
LINE
8
BLACK
6
CONTINUOUS
10
0.0036088976377953
20
-2.146497440944882
11
0.0036088976377953
21
-2.1362155511811025
0
LINE
8
BLACK
6
CONTINUOUS
10
0.0036088976377953
20
-2.1362155511811025
11
0.0036656299212598
21
-2.1356394881889762
0
LINE
8
BLACK
6
CONTINUOUS
10
0.0036656299212598
20
-2.1356394881889762
11
0.0041065354330709
21
-2.1345750787401574
0
LINE
8
BLACK
6
CONTINUOUS
10
0.0041065354330709
20
-2.1345750787401574
11
0.0049211811023622
21
-2.1337604330708659
0
LINE
8
BLACK
6
CONTINUOUS
10
0.0049211811023622
20
-2.1337604330708659
11
0.0059855905511811
21
-2.1333195275590549
0
LINE
8
BLACK
6
CONTINUOUS
10
0.0059855905511811
20
-2.1333195275590549
11
0.0071377165354331
21
-2.1333195275590549
0
LINE
8
BLACK
6
CONTINUOUS
10
0.0071377165354331
20
-2.1333195275590549
11
0.008202125984252
21
-2.1337604330708659
0
LINE
8
BLACK
6
CONTINUOUS
10
-0.0066873622047244
20
-2.1536403937007873
11
-0.0078844881889764
21
-2.1548375196850391
0
LINE
8
BLACK
6
CONTINUOUS
10
-0.0078844881889764
20
-2.1548375196850391
11
-0.0092332283464567
21
-2.1575349999999998
0
LINE
8
BLACK
6
CONTINUOUS
10
-0.0092332283464567
20
-2.1575349999999998
11
-0.0092332283464567
21
-2.1673894881889764
0
LINE
8
BLACK
6
CONTINUOUS
10
-0.0092332283464567
20
-2.1673894881889764
11
-0.0078844881889764
21
-2.170086968503937
0
LINE
8
BLACK
6
CONTINUOUS
10
-0.0078844881889764
20
-2.170086968503937
11
-0.0066873622047244
21
-2.1712841338582676
0
LINE
8
BLACK
6
CONTINUOUS
10
-0.0066873622047244
20
-2.1712841338582676
11
-0.0039898818897638
21
-2.1726328740157479
0
LINE
8
BLACK
6
CONTINUOUS
10
-0.0039898818897638
20
-2.1726328740157479
11
0.0021150787401575
21
-2.1726328740157479
0
LINE
8
BLACK
6
CONTINUOUS
10
0.0021150787401575
20
-2.1726328740157479
11
0.0036088976377953
21
-2.1718859448818897
0
LINE
8
BLACK
6
CONTINUOUS
10
0.0036088976377953
20
-2.1718859448818897
11
0.0036088976377953
21
-2.1530385433070864
0
LINE
8
BLACK
6
CONTINUOUS
10
0.0036088976377953
20
-2.1530385433070864
11
0.0021150787401575
21
-2.152291653543307
0
LINE
8
BLACK
6
CONTINUOUS
10
0.0021150787401575
20
-2.152291653543307
11
-0.0039898818897638
21
-2.152291653543307
0
LINE
8
BLACK
6
CONTINUOUS
10
-0.0039898818897638
20
-2.152291653543307
11
-0.0066873622047244
21
-2.1536403937007873
0
LINE
8
BLACK
6
CONTINUOUS
10
0.2021133858267717
20
-2.1464428740157482
11
0.2022113779527559
21
-2.1464834645669293
0
LINE
8
BLACK
6
CONTINUOUS
10
0.2022113779527559
20
-2.1464834645669293
11
0.2023172047244094
21
-2.1464909842519684
0
LINE
8
BLACK
6
CONTINUOUS
10
0.2023172047244094
20
-2.1464909842519684
11
0.2028578346456693
21
-2.1466978740157479
0
LINE
8
BLACK
6
CONTINUOUS
10
0.2028578346456693
20
-2.1466978740157479
11
0.2066073622047244
21
-2.1485726377952754
0
LINE
8
BLACK
6
CONTINUOUS
10
0.2066073622047244
20
-2.1485726377952754
11
0.2067037007874016
21
-2.1486332677165354
0
LINE
8
BLACK
6
CONTINUOUS
10
0.2067037007874016
20
-2.1486332677165354
11
0.2067491338582677
21
-2.1486484251968503
0
LINE
8
BLACK
6
CONTINUOUS
10
0.2067491338582677
20
-2.1486484251968503
11
0.2068056692913386
21
-2.1486974409448818
0
LINE
8
BLACK
6
CONTINUOUS
10
0.2068056692913386
20
-2.1486974409448818
11
0.2070972440944882
21
-2.1488809842519685
0
LINE
8
BLACK
6
CONTINUOUS
10
0.2070972440944882
20
-2.1488809842519685
11
0.2073398031496063
21
-2.1491606692913385
0
LINE
8
BLACK
6
CONTINUOUS
10
0.2073398031496063
20
-2.1491606692913385
11
0.2076195275590551
21
-2.1494032677165356
0
LINE
8
BLACK
6
CONTINUOUS
10
0.2076195275590551
20
-2.1494032677165356
11
0.207803031496063
21
-2.1496948031496061
0
LINE
8
BLACK
6
CONTINUOUS
10
0.207803031496063
20
-2.1496948031496061
11
0.2078520866141732
21
-2.1497513779527559
0
LINE
8
BLACK
6
CONTINUOUS
10
0.2078520866141732
20
-2.1497513779527559
11
0.2078672047244094
21
-2.1497967716535431
0
LINE
8
BLACK
6
CONTINUOUS
10
0.2078672047244094
20
-2.1497967716535431
11
0.207927874015748
21
-2.149893149606299
0
LINE
8
BLACK
6
CONTINUOUS
10
0.207927874015748
20
-2.149893149606299
11
0.2098026377952756
21
-2.1536426771653541
0
LINE
8
BLACK
6
CONTINUOUS
10
0.2098026377952756
20
-2.1536426771653541
11
0.2100095275590551
21
-2.1541832677165353
0
LINE
8
BLACK
6
CONTINUOUS
10
0.2100095275590551
20
-2.1541832677165353
11
0.2100170472440945
21
-2.1542891338582675
0
LINE
8
BLACK
6
CONTINUOUS
10
0.2100170472440945
20
-2.1542891338582675
11
0.2100576377952756
21
-2.1543871259842517
0
LINE
8
BLACK
6
CONTINUOUS
10
0.2100576377952756
20
-2.1543871259842517
11
0.2101143700787401
21
-2.1549631889763781
0
LINE
8
BLACK
6
CONTINUOUS
10
0.2101143700787401
20
-2.1549631889763781
11
0.2101143700787401
21
-2.1755856299212599
0
LINE
8
BLACK
6
CONTINUOUS
10
0.2101143700787401
20
-2.1755856299212599
11
0.2100576377952756
21
-2.1761616929133858
0
LINE
8
BLACK
6
CONTINUOUS
10
0.2100576377952756
20
-2.1761616929133858
11
0.2096167322834646
21
-2.1772261023622046
0
LINE
8
BLACK
6
CONTINUOUS
10
0.2096167322834646
20
-2.1772261023622046
11
0.2088020866141732
21
-2.1780407480314961
0
LINE
8
BLACK
6
CONTINUOUS
10
0.2088020866141732
20
-2.1780407480314961
11
0.2077376771653543
21
-2.1784816535433071
0
LINE
8
BLACK
6
CONTINUOUS
10
0.2077376771653543
20
-2.1784816535433071
11
0.2065855511811024
21
-2.1784816535433071
0
LINE
8
BLACK
6
CONTINUOUS
10
0.2065855511811024
20
-2.1784816535433071
11
0.2055211417322834
21
-2.1780407480314961
0
LINE
8
BLACK
6
CONTINUOUS
10
0.2055211417322834
20
-2.1780407480314961
11
0.2053822047244094
21
-2.1779018110236219
0
LINE
8
BLACK
6
CONTINUOUS
10
0.2053822047244094
20
-2.1779018110236219
11
0.2047325984251968
21
-2.178226653543307
0
LINE
8
BLACK
6
CONTINUOUS
10
0.2047325984251968
20
-2.178226653543307
11
0.204191968503937
21
-2.1784335433070865
0
LINE
8
BLACK
6
CONTINUOUS
10
0.204191968503937
20
-2.1784335433070865
11
0.2040861417322835
21
-2.1784410236220473
0
LINE
8
BLACK
6
CONTINUOUS
10
0.2040861417322835
20
-2.1784410236220473
11
0.2039881496062992
21
-2.1784816535433071
0
LINE
8
BLACK
6
CONTINUOUS
10
0.2039881496062992
20
-2.1784816535433071
11
0.2034120866141732
21
-2.1785383858267715
0
LINE
8
BLACK
6
CONTINUOUS
10
0.2034120866141732
20
-2.1785383858267715
11
0.1940382677165354
21
-2.1785383858267715
0
LINE
8
BLACK
6
CONTINUOUS
10
0.1940382677165354
20
-2.1785383858267715
11
0.1934622047244094
21
-2.1784816535433071
0
LINE
8
BLACK
6
CONTINUOUS
10
0.1934622047244094
20
-2.1784816535433071
11
0.1933642125984252
21
-2.178441062992126
0
LINE
8
BLACK
6
CONTINUOUS
10
0.1933642125984252
20
-2.178441062992126
11
0.1932583464566929
21
-2.1784335433070865
0
LINE
8
BLACK
6
CONTINUOUS
10
0.1932583464566929
20
-2.1784335433070865
11
0.1927177559055118
21
-2.178226653543307
0
LINE
8
BLACK
6
CONTINUOUS
10
0.1927177559055118
20
-2.178226653543307
11
0.1889682283464567
21
-2.1763518897637795
0
LINE
8
BLACK
6
CONTINUOUS
10
0.1889682283464567
20
-2.1763518897637795
11
0.1888718503937008
21
-2.1762912204724407
0
LINE
8
BLACK
6
CONTINUOUS
10
0.1888718503937008
20
-2.1762912204724407
11
0.1888264566929134
21
-2.1762761023622046
0
LINE
8
BLACK
6
CONTINUOUS
10
0.1888264566929134
20
-2.1762761023622046
11
0.1887698818897638
21
-2.1762270472440943
0
LINE
8
BLACK
6
CONTINUOUS
10
0.1887698818897638
20
-2.1762270472440943
11
0.1884783464566929
21
-2.1760435433070864
0
LINE
8
BLACK
6
CONTINUOUS
10
0.1884783464566929
20
-2.1760435433070864
11
0.1882356692913386
21
-2.1757637007874013
0
LINE
8
BLACK
6
CONTINUOUS
10
0.1882356692913386
20
-2.1757637007874013
11
0.187956062992126
21
-2.175521220472441
0
LINE
8
BLACK
6
CONTINUOUS
10
0.187956062992126
20
-2.175521220472441
11
0.1877725590551181
21
-2.1752297244094487
0
LINE
8
BLACK
6
CONTINUOUS
10
0.1877725590551181
20
-2.1752297244094487
11
0.1877235039370079
21
-2.1751731496062994
0
LINE
8
BLACK
6
CONTINUOUS
10
0.1877235039370079
20
-2.1751731496062994
11
0.1877083464566929
21
-2.1751276771653543
0
LINE
8
BLACK
6
CONTINUOUS
10
0.1877083464566929
20
-2.1751276771653543
11
0.1876477165354331
21
-2.1750313779527559
0
LINE
8
BLACK
6
CONTINUOUS
10
0.1876477165354331
20
-2.1750313779527559
11
0.1857729527559055
21
-2.1712818110236221
0
LINE
8
BLACK
6
CONTINUOUS
10
0.1857729527559055
20
-2.1712818110236221
11
0.185566062992126
21
-2.170741181102362
0
LINE
8
BLACK
6
CONTINUOUS
10
0.185566062992126
20
-2.170741181102362
11
0.1855585433070866
21
-2.1706353543307086
0
LINE
8
BLACK
6
CONTINUOUS
10
0.1855585433070866
20
-2.1706353543307086
11
0.1855179527559055
21
-2.1705373622047244
0
LINE
8
BLACK
6
CONTINUOUS
10
0.1855179527559055
20
-2.1705373622047244
11
0.1854612204724409
21
-2.1699612992125985
0
LINE
8
BLACK
6
CONTINUOUS
10
0.1854612204724409
20
-2.1699612992125985
11
0.1854612204724409
21
-2.1662117716535434
0
LINE
8
BLACK
6
CONTINUOUS
10
0.1854612204724409
20
-2.1662117716535434
11
0.1855179527559055
21
-2.1656357086614171
0
LINE
8
BLACK
6
CONTINUOUS
10
0.1855179527559055
20
-2.1656357086614171
11
0.1855585433070866
21
-2.1655376771653545
0
LINE
8
BLACK
6
CONTINUOUS
10
0.1855585433070866
20
-2.1655376771653545
11
0.185566062992126
21
-2.1654318897637794
0
LINE
8
BLACK
6
CONTINUOUS
10
0.185566062992126
20
-2.1654318897637794
11
0.1857729527559055
21
-2.1648912598425198
0
LINE
8
BLACK
6
CONTINUOUS
10
0.1857729527559055
20
-2.1648912598425198
11
0.1876477165354331
21
-2.1611417322834647
0
LINE
8
BLACK
6
CONTINUOUS
10
0.1876477165354331
20
-2.1611417322834647
11
0.1877083464566929
21
-2.1610453543307084
0
LINE
8
BLACK
6
CONTINUOUS
10
0.1877083464566929
20
-2.1610453543307084
11
0.1877235039370079
21
-2.1609999606299213
0
LINE
8
BLACK
6
CONTINUOUS
10
0.1877235039370079
20
-2.1609999606299213
11
0.1877725196850394
21
-2.1609433858267715
0
LINE
8
BLACK
6
CONTINUOUS
10
0.1877725196850394
20
-2.1609433858267715
11
0.187956062992126
21
-2.1606518503937009
0
LINE
8
BLACK
6
CONTINUOUS
10
0.187956062992126
20
-2.1606518503937009
11
0.1882357480314961
21
-2.1604092519685039
0
LINE
8
BLACK
6
CONTINUOUS
10
0.1882357480314961
20
-2.1604092519685039
11
0.1884783464566929
21
-2.1601295669291338
0
LINE
8
BLACK
6
CONTINUOUS
10
0.1884783464566929
20
-2.1601295669291338
11
0.1887698818897638
21
-2.1599460236220471
0
LINE
8
BLACK
6
CONTINUOUS
10
0.1887698818897638
20
-2.1599460236220471
11
0.1888264566929134
21
-2.1598970078740156
0
LINE
8
BLACK
6
CONTINUOUS
10
0.1888264566929134
20
-2.1598970078740156
11
0.1888718503937008
21
-2.1598818503937007
0
LINE
8
BLACK
6
CONTINUOUS
10
0.1888718503937008
20
-2.1598818503937007
11
0.1889682283464567
21
-2.1598212204724407
0
LINE
8
BLACK
6
CONTINUOUS
10
0.1889682283464567
20
-2.1598212204724407
11
0.1927177559055118
21
-2.1579464566929132
0
LINE
8
BLACK
6
CONTINUOUS
10
0.1927177559055118
20
-2.1579464566929132
11
0.1932583464566929
21
-2.1577395669291337
0
LINE
8
BLACK
6
CONTINUOUS
10
0.1932583464566929
20
-2.1577395669291337
11
0.1933642125984252
21
-2.1577320078740159
0
LINE
8
BLACK
6
CONTINUOUS
10
0.1933642125984252
20
-2.1577320078740159
11
0.1934622047244094
21
-2.1576914566929135
0
LINE
8
BLACK
6
CONTINUOUS
10
0.1934622047244094
20
-2.1576914566929135
11
0.1940382677165354
21
-2.1576347244094487
0
LINE
8
BLACK
6
CONTINUOUS
10
0.1940382677165354
20
-2.1576347244094487
11
0.2027150393700787
21
-2.1576347244094487
0
LINE
8
BLACK
6
CONTINUOUS
10
0.2027150393700787
20
-2.1576347244094487
11
0.2042088582677165
21
-2.1568877952755905
0
LINE
8
BLACK
6
CONTINUOUS
10
0.2042088582677165
20
-2.1568877952755905
11
0.2042088582677165
21
-2.1556602362204722
0
LINE
8
BLACK
6
CONTINUOUS
10
0.2042088582677165
20
-2.1556602362204722
11
0.2030859842519685
21
-2.1534144881889765
0
LINE
8
BLACK
6
CONTINUOUS
10
0.2030859842519685
20
-2.1534144881889765
11
0.2008402755905512
21
-2.152291653543307
0
LINE
8
BLACK
6
CONTINUOUS
10
0.2008402755905512
20
-2.152291653543307
11
0.1947353149606299
21
-2.152291653543307
0
LINE
8
BLACK
6
CONTINUOUS
10
0.1947353149606299
20
-2.152291653543307
11
0.1916092519685039
21
-2.1538546850393701
0
LINE
8
BLACK
6
CONTINUOUS
10
0.1916092519685039
20
-2.1538546850393701
11
0.1910686220472441
21
-2.1540615748031495
0
LINE
8
BLACK
6
CONTINUOUS
10
0.1910686220472441
20
-2.1540615748031495
11
0.1899194094488189
21
-2.1541432283464568
0
LINE
8
BLACK
6
CONTINUOUS
10
0.1899194094488189
20
-2.1541432283464568
11
0.1888264566929134
21
-2.1537788976377952
0
LINE
8
BLACK
6
CONTINUOUS
10
0.1888264566929134
20
-2.1537788976377952
11
0.187956062992126
21
-2.1530240551181103
0
LINE
8
BLACK
6
CONTINUOUS
10
0.187956062992126
20
-2.1530240551181103
11
0.1874408267716536
21
-2.1519935433070865
0
LINE
8
BLACK
6
CONTINUOUS
10
0.1874408267716536
20
-2.1519935433070865
11
0.1873591732283464
21
-2.1508443307086615
0
LINE
8
BLACK
6
CONTINUOUS
10
0.1873591732283464
20
-2.1508443307086615
11
0.1877235039370079
21
-2.1497513779527559
0
LINE
8
BLACK
6
CONTINUOUS
10
0.1877235039370079
20
-2.1497513779527559
11
0.1884783464566929
21
-2.1488809842519685
0
LINE
8
BLACK
6
CONTINUOUS
10
0.1884783464566929
20
-2.1488809842519685
11
0.1889682283464567
21
-2.1485726377952754
0
LINE
8
BLACK
6
CONTINUOUS
10
0.1889682283464567
20
-2.1485726377952754
11
0.1927177559055118
21
-2.1466978740157479
0
LINE
8
BLACK
6
CONTINUOUS
10
0.1927177559055118
20
-2.1466978740157479
11
0.1932583464566929
21
-2.1464909842519684
0
LINE
8
BLACK
6
CONTINUOUS
10
0.1932583464566929
20
-2.1464909842519684
11
0.1933642125984252
21
-2.1464834251968505
0
LINE
8
BLACK
6
CONTINUOUS
10
0.1933642125984252
20
-2.1464834251968505
11
0.1934622047244094
21
-2.1464428740157482
0
LINE
8
BLACK
6
CONTINUOUS
10
0.1934622047244094
20
-2.1464428740157482
11
0.1940382677165354
21
-2.1463861417322834
0
LINE
8
BLACK
6
CONTINUOUS
10
0.1940382677165354
20
-2.1463861417322834
11
0.2015373228346457
21
-2.1463861417322834
0
LINE
8
BLACK
6
CONTINUOUS
10
0.2015373228346457
20
-2.1463861417322834
11
0.2021133858267717
21
-2.1464428740157482
0
LINE
8
BLACK
6
CONTINUOUS
10
0.204191968503937
20
-2.1634353937007873
11
0.2040861417322835
21
-2.1634428740157481
0
LINE
8
BLACK
6
CONTINUOUS
10
0.2040861417322835
20
-2.1634428740157481
11
0.2039881496062992
21
-2.1634835039370079
0
LINE
8
BLACK
6
CONTINUOUS
10
0.2039881496062992
20
-2.1634835039370079
11
0.2034120866141732
21
-2.1635402362204723
0
LINE
8
BLACK
6
CONTINUOUS
10
0.2034120866141732
20
-2.1635402362204723
11
0.1947353149606299
21
-2.1635402362204723
0
LINE
8
BLACK
6
CONTINUOUS
10
0.1947353149606299
20
-2.1635402362204723
11
0.1924895669291339
21
-2.1646630708661418
0
LINE
8
BLACK
6
CONTINUOUS
10
0.1924895669291339
20
-2.1646630708661418
11
0.1913667322834646
21
-2.1669088188976375
0
LINE
8
BLACK
6
CONTINUOUS
10
0.1913667322834646
20
-2.1669088188976375
11
0.1913667322834646
21
-2.1692642519685039
0
LINE
8
BLACK
6
CONTINUOUS
10
0.1913667322834646
20
-2.1692642519685039
11
0.1924895669291339
21
-2.1715100000000001
0
LINE
8
BLACK
6
CONTINUOUS
10
0.1924895669291339
20
-2.1715100000000001
11
0.1947353149606299
21
-2.1726328740157479
0
LINE
8
BLACK
6
CONTINUOUS
10
0.1947353149606299
20
-2.1726328740157479
11
0.2027150393700787
21
-2.1726328740157479
0
LINE
8
BLACK
6
CONTINUOUS
10
0.2027150393700787
20
-2.1726328740157479
11
0.2042088582677165
21
-2.1718859448818897
0
LINE
8
BLACK
6
CONTINUOUS
10
0.2042088582677165
20
-2.1718859448818897
11
0.2042088582677165
21
-2.1634288976377953
0
LINE
8
BLACK
6
CONTINUOUS
10
0.2042088582677165
20
-2.1634288976377953
11
0.204191968503937
21
-2.1634353937007873
0
LINE
8
BLACK
6
CONTINUOUS
10
0.2733544881889764
20
-2.1464428740157482
11
0.2734524803149606
21
-2.1464834645669293
0
LINE
8
BLACK
6
CONTINUOUS
10
0.2734524803149606
20
-2.1464834645669293
11
0.2735583070866142
21
-2.1464909842519684
0
LINE
8
BLACK
6
CONTINUOUS
10
0.2735583070866142
20
-2.1464909842519684
11
0.274098937007874
21
-2.1466978740157479
0
LINE
8
BLACK
6
CONTINUOUS
10
0.274098937007874
20
-2.1466978740157479
11
0.2778484645669291
21
-2.1485726377952754
0
LINE
8
BLACK
6
CONTINUOUS
10
0.2778484645669291
20
-2.1485726377952754
11
0.2779448031496063
21
-2.1486332677165354
0
LINE
8
BLACK
6
CONTINUOUS
10
0.2779448031496063
20
-2.1486332677165354
11
0.2779902362204724
21
-2.1486484251968503
0
LINE
8
BLACK
6
CONTINUOUS
10
0.2779902362204724
20
-2.1486484251968503
11
0.2780467716535433
21
-2.1486974409448818
0
LINE
8
BLACK
6
CONTINUOUS
10
0.2780467716535433
20
-2.1486974409448818
11
0.2783383464566929
21
-2.1488809842519685
0
LINE
8
BLACK
6
CONTINUOUS
10
0.2783383464566929
20
-2.1488809842519685
11
0.278580905511811
21
-2.1491606692913385
0
LINE
8
BLACK
6
CONTINUOUS
10
0.278580905511811
20
-2.1491606692913385
11
0.2788606299212598
21
-2.1494032677165356
0
LINE
8
BLACK
6
CONTINUOUS
10
0.2788606299212598
20
-2.1494032677165356
11
0.2790441338582677
21
-2.1496948031496061
0
LINE
8
BLACK
6
CONTINUOUS
10
0.2790441338582677
20
-2.1496948031496061
11
0.279093188976378
21
-2.1497513779527559
0
LINE
8
BLACK
6
CONTINUOUS
10
0.279093188976378
20
-2.1497513779527559
11
0.2791083070866142
21
-2.1497967716535431
0
LINE
8
BLACK
6
CONTINUOUS
10
0.2791083070866142
20
-2.1497967716535431
11
0.2791689763779527
21
-2.149893149606299
0
LINE
8
BLACK
6
CONTINUOUS
10
0.2791689763779527
20
-2.149893149606299
11
0.2810437401574803
21
-2.1536426771653541
0
LINE
8
BLACK
6
CONTINUOUS
10
0.2810437401574803
20
-2.1536426771653541
11
0.2812506299212598
21
-2.1541832677165353
0
LINE
8
BLACK
6
CONTINUOUS
10
0.2812506299212598
20
-2.1541832677165353
11
0.2812581496062992
21
-2.1542891338582675
0
LINE
8
BLACK
6
CONTINUOUS
10
0.2812581496062992
20
-2.1542891338582675
11
0.2812987401574803
21
-2.1543871259842517
0
LINE
8
BLACK
6
CONTINUOUS
10
0.2812987401574803
20
-2.1543871259842517
11
0.2813554724409449
21
-2.1549631889763781
0
LINE
8
BLACK
6
CONTINUOUS
10
0.2813554724409449
20
-2.1549631889763781
11
0.2813554724409449
21
-2.1755856299212599
0
LINE
8
BLACK
6
CONTINUOUS
10
0.2813554724409449
20
-2.1755856299212599
11
0.2812987401574803
21
-2.1761616929133858
0
LINE
8
BLACK
6
CONTINUOUS
10
0.2812987401574803
20
-2.1761616929133858
11
0.2808578346456693
21
-2.1772261023622046
0
LINE
8
BLACK
6
CONTINUOUS
10
0.2808578346456693
20
-2.1772261023622046
11
0.2800431889763779
21
-2.1780407480314961
0
LINE
8
BLACK
6
CONTINUOUS
10
0.2800431889763779
20
-2.1780407480314961
11
0.2789787795275591
21
-2.1784816535433071
0
LINE
8
BLACK
6
CONTINUOUS
10
0.2789787795275591
20
-2.1784816535433071
11
0.2778266535433071
21
-2.1784816535433071
0
LINE
8
BLACK
6
CONTINUOUS
10
0.2778266535433071
20
-2.1784816535433071
11
0.2767622440944882
21
-2.1780407480314961
0
LINE
8
BLACK
6
CONTINUOUS
10
0.2767622440944882
20
-2.1780407480314961
11
0.2766233070866141
21
-2.1779018110236219
0
LINE
8
BLACK
6
CONTINUOUS
10
0.2766233070866141
20
-2.1779018110236219
11
0.2759737007874016
21
-2.178226653543307
0
LINE
8
BLACK
6
CONTINUOUS
10
0.2759737007874016
20
-2.178226653543307
11
0.2754330708661417
21
-2.1784335433070865
0
LINE
8
BLACK
6
CONTINUOUS
10
0.2754330708661417
20
-2.1784335433070865
11
0.2753272440944882
21
-2.1784410236220473
0
LINE
8
BLACK
6
CONTINUOUS
10
0.2753272440944882
20
-2.1784410236220473
11
0.275229251968504
21
-2.1784816535433071
0
LINE
8
BLACK
6
CONTINUOUS
10
0.275229251968504
20
-2.1784816535433071
11
0.274653188976378
21
-2.1785383858267715
0
LINE
8
BLACK
6
CONTINUOUS
10
0.274653188976378
20
-2.1785383858267715
11
0.2652793700787401
21
-2.1785383858267715
0
LINE
8
BLACK
6
CONTINUOUS
10
0.2652793700787401
20
-2.1785383858267715
11
0.2647033070866142
21
-2.1784816535433071
0
LINE
8
BLACK
6
CONTINUOUS
10
0.2647033070866142
20
-2.1784816535433071
11
0.2646053149606299
21
-2.178441062992126
0
LINE
8
BLACK
6
CONTINUOUS
10
0.2646053149606299
20
-2.178441062992126
11
0.2644994488188976
21
-2.1784335433070865
0
LINE
8
BLACK
6
CONTINUOUS
10
0.2644994488188976
20
-2.1784335433070865
11
0.2639588582677165
21
-2.178226653543307
0
LINE
8
BLACK
6
CONTINUOUS
10
0.2639588582677165
20
-2.178226653543307
11
0.2602093307086614
21
-2.1763518897637795
0
LINE
8
BLACK
6
CONTINUOUS
10
0.2602093307086614
20
-2.1763518897637795
11
0.2601129527559055
21
-2.1762912204724407
0
LINE
8
BLACK
6
CONTINUOUS
10
0.2601129527559055
20
-2.1762912204724407
11
0.2600675590551181
21
-2.1762761023622046
0
LINE
8
BLACK
6
CONTINUOUS
10
0.2600675590551181
20
-2.1762761023622046
11
0.2600109842519685
21
-2.1762270472440943
0
LINE
8
BLACK
6
CONTINUOUS
10
0.2600109842519685
20
-2.1762270472440943
11
0.2597194488188976
21
-2.1760435433070864
0
LINE
8
BLACK
6
CONTINUOUS
10
0.2597194488188976
20
-2.1760435433070864
11
0.2594767716535433
21
-2.1757637007874013
0
LINE
8
BLACK
6
CONTINUOUS
10
0.2594767716535433
20
-2.1757637007874013
11
0.2591971653543307
21
-2.175521220472441
0
LINE
8
BLACK
6
CONTINUOUS
10
0.2591971653543307
20
-2.175521220472441
11
0.2590136614173228
21
-2.1752297244094487
0
LINE
8
BLACK
6
CONTINUOUS
10
0.2590136614173228
20
-2.1752297244094487
11
0.2589646062992126
21
-2.1751731496062994
0
LINE
8
BLACK
6
CONTINUOUS
10
0.2589646062992126
20
-2.1751731496062994
11
0.2589494488188976
21
-2.1751276771653543
0
LINE
8
BLACK
6
CONTINUOUS
10
0.2589494488188976
20
-2.1751276771653543
11
0.2588888188976378
21
-2.1750313779527559
0
LINE
8
BLACK
6
CONTINUOUS
10
0.2588888188976378
20
-2.1750313779527559
11
0.2570140551181102
21
-2.1712818110236221
0
LINE
8
BLACK
6
CONTINUOUS
10
0.2570140551181102
20
-2.1712818110236221
11
0.2568071653543307
21
-2.170741181102362
0
LINE
8
BLACK
6
CONTINUOUS
10
0.2568071653543307
20
-2.170741181102362
11
0.2567996456692913
21
-2.1706353543307086
0
LINE
8
BLACK
6
CONTINUOUS
10
0.2567996456692913
20
-2.1706353543307086
11
0.2567590551181103
21
-2.1705373622047244
0
LINE
8
BLACK
6
CONTINUOUS
10
0.2567590551181103
20
-2.1705373622047244
11
0.2567023228346457
21
-2.1699612992125985
0
LINE
8
BLACK
6
CONTINUOUS
10
0.2567023228346457
20
-2.1699612992125985
11
0.2567023228346457
21
-2.1662117716535434
0
LINE
8
BLACK
6
CONTINUOUS
10
0.2567023228346457
20
-2.1662117716535434
11
0.2567590551181103
21
-2.1656357086614171
0
LINE
8
BLACK
6
CONTINUOUS
10
0.2567590551181103
20
-2.1656357086614171
11
0.2567996456692913
21
-2.1655376771653545
0
LINE
8
BLACK
6
CONTINUOUS
10
0.2567996456692913
20
-2.1655376771653545
11
0.2568071653543307
21
-2.1654318897637794
0
LINE
8
BLACK
6
CONTINUOUS
10
0.2568071653543307
20
-2.1654318897637794
11
0.2570140551181102
21
-2.1648912598425198
0
LINE
8
BLACK
6
CONTINUOUS
10
0.2570140551181102
20
-2.1648912598425198
11
0.2588888188976378
21
-2.1611417322834647
0
LINE
8
BLACK
6
CONTINUOUS
10
0.2588888188976378
20
-2.1611417322834647
11
0.2589494488188976
21
-2.1610453543307084
0
LINE
8
BLACK
6
CONTINUOUS
10
0.2589494488188976
20
-2.1610453543307084
11
0.2589646062992126
21
-2.1609999606299213
0
LINE
8
BLACK
6
CONTINUOUS
10
0.2589646062992126
20
-2.1609999606299213
11
0.2590136220472441
21
-2.1609433858267715
0
LINE
8
BLACK
6
CONTINUOUS
10
0.2590136220472441
20
-2.1609433858267715
11
0.2591971653543307
21
-2.1606518503937009
0
LINE
8
BLACK
6
CONTINUOUS
10
0.2591971653543307
20
-2.1606518503937009
11
0.2594768503937008
21
-2.1604092519685039
0
LINE
8
BLACK
6
CONTINUOUS
10
0.2594768503937008
20
-2.1604092519685039
11
0.2597194488188976
21
-2.1601295669291338
0
LINE
8
BLACK
6
CONTINUOUS
10
0.2597194488188976
20
-2.1601295669291338
11
0.2600109842519685
21
-2.1599460236220471
0
LINE
8
BLACK
6
CONTINUOUS
10
0.2600109842519685
20
-2.1599460236220471
11
0.2600675590551181
21
-2.1598970078740156
0
LINE
8
BLACK
6
CONTINUOUS
10
0.2600675590551181
20
-2.1598970078740156
11
0.2601129527559055
21
-2.1598818503937007
0
LINE
8
BLACK
6
CONTINUOUS
10
0.2601129527559055
20
-2.1598818503937007
11
0.2602093307086614
21
-2.1598212204724407
0
LINE
8
BLACK
6
CONTINUOUS
10
0.2602093307086614
20
-2.1598212204724407
11
0.2639588582677165
21
-2.1579464566929132
0
LINE
8
BLACK
6
CONTINUOUS
10
0.2639588582677165
20
-2.1579464566929132
11
0.2644994488188976
21
-2.1577395669291337
0
LINE
8
BLACK
6
CONTINUOUS
10
0.2644994488188976
20
-2.1577395669291337
11
0.2646053149606299
21
-2.1577320078740159
0
LINE
8
BLACK
6
CONTINUOUS
10
0.2646053149606299
20
-2.1577320078740159
11
0.2647033070866142
21
-2.1576914566929135
0
LINE
8
BLACK
6
CONTINUOUS
10
0.2647033070866142
20
-2.1576914566929135
11
0.2652793700787401
21
-2.1576347244094487
0
LINE
8
BLACK
6
CONTINUOUS
10
0.2652793700787401
20
-2.1576347244094487
11
0.2739561417322834
21
-2.1576347244094487
0
LINE
8
BLACK
6
CONTINUOUS
10
0.2739561417322834
20
-2.1576347244094487
11
0.2754499606299213
21
-2.1568877952755905
0
LINE
8
BLACK
6
CONTINUOUS
10
0.2754499606299213
20
-2.1568877952755905
11
0.2754499606299213
21
-2.1556602362204722
0
LINE
8
BLACK
6
CONTINUOUS
10
0.2754499606299213
20
-2.1556602362204722
11
0.2743270866141732
21
-2.1534144881889765
0
LINE
8
BLACK
6
CONTINUOUS
10
0.2743270866141732
20
-2.1534144881889765
11
0.2720813779527559
21
-2.152291653543307
0
LINE
8
BLACK
6
CONTINUOUS
10
0.2720813779527559
20
-2.152291653543307
11
0.2659764173228346
21
-2.152291653543307
0
LINE
8
BLACK
6
CONTINUOUS
10
0.2659764173228346
20
-2.152291653543307
11
0.2628503543307086
21
-2.1538546850393701
0
LINE
8
BLACK
6
CONTINUOUS
10
0.2628503543307086
20
-2.1538546850393701
11
0.2623097244094488
21
-2.1540615748031495
0
LINE
8
BLACK
6
CONTINUOUS
10
0.2623097244094488
20
-2.1540615748031495
11
0.2611605118110236
21
-2.1541432283464568
0
LINE
8
BLACK
6
CONTINUOUS
10
0.2611605118110236
20
-2.1541432283464568
11
0.2600675590551181
21
-2.1537788976377952
0
LINE
8
BLACK
6
CONTINUOUS
10
0.2600675590551181
20
-2.1537788976377952
11
0.2591971653543307
21
-2.1530240551181103
0
LINE
8
BLACK
6
CONTINUOUS
10
0.2591971653543307
20
-2.1530240551181103
11
0.2586819291338582
21
-2.1519935433070865
0
LINE
8
BLACK
6
CONTINUOUS
10
0.2586819291338582
20
-2.1519935433070865
11
0.2586002755905512
21
-2.1508443307086615
0
LINE
8
BLACK
6
CONTINUOUS
10
0.2586002755905512
20
-2.1508443307086615
11
0.2589646062992126
21
-2.1497513779527559
0
LINE
8
BLACK
6
CONTINUOUS
10
0.2589646062992126
20
-2.1497513779527559
11
0.2597194488188976
21
-2.1488809842519685
0
LINE
8
BLACK
6
CONTINUOUS
10
0.2597194488188976
20
-2.1488809842519685
11
0.2602093307086614
21
-2.1485726377952754
0
LINE
8
BLACK
6
CONTINUOUS
10
0.2602093307086614
20
-2.1485726377952754
11
0.2639588582677165
21
-2.1466978740157479
0
LINE
8
BLACK
6
CONTINUOUS
10
0.2639588582677165
20
-2.1466978740157479
11
0.2644994488188976
21
-2.1464909842519684
0
LINE
8
BLACK
6
CONTINUOUS
10
0.2644994488188976
20
-2.1464909842519684
11
0.2646053149606299
21
-2.1464834251968505
0
LINE
8
BLACK
6
CONTINUOUS
10
0.2646053149606299
20
-2.1464834251968505
11
0.2647033070866142
21
-2.1464428740157482
0
LINE
8
BLACK
6
CONTINUOUS
10
0.2647033070866142
20
-2.1464428740157482
11
0.2652793700787401
21
-2.1463861417322834
0
LINE
8
BLACK
6
CONTINUOUS
10
0.2652793700787401
20
-2.1463861417322834
11
0.2727784251968504
21
-2.1463861417322834
0
LINE
8
BLACK
6
CONTINUOUS
10
0.2727784251968504
20
-2.1463861417322834
11
0.2733544881889764
21
-2.1464428740157482
0
LINE
8
BLACK
6
CONTINUOUS
10
0.2754330708661417
20
-2.1634353937007873
11
0.2753272440944882
21
-2.1634428740157481
0
LINE
8
BLACK
6
CONTINUOUS
10
0.2753272440944882
20
-2.1634428740157481
11
0.275229251968504
21
-2.1634835039370079
0
LINE
8
BLACK
6
CONTINUOUS
10
0.275229251968504
20
-2.1634835039370079
11
0.274653188976378
21
-2.1635402362204723
0
LINE
8
BLACK
6
CONTINUOUS
10
0.274653188976378
20
-2.1635402362204723
11
0.2659764173228346
21
-2.1635402362204723
0
LINE
8
BLACK
6
CONTINUOUS
10
0.2659764173228346
20
-2.1635402362204723
11
0.2637306692913386
21
-2.1646630708661418
0
LINE
8
BLACK
6
CONTINUOUS
10
0.2637306692913386
20
-2.1646630708661418
11
0.2626078346456693
21
-2.1669088188976375
0
LINE
8
BLACK
6
CONTINUOUS
10
0.2626078346456693
20
-2.1669088188976375
11
0.2626078346456693
21
-2.1692642519685039
0
LINE
8
BLACK
6
CONTINUOUS
10
0.2626078346456693
20
-2.1692642519685039
11
0.2637306692913386
21
-2.1715100000000001
0
LINE
8
BLACK
6
CONTINUOUS
10
0.2637306692913386
20
-2.1715100000000001
11
0.2659764173228346
21
-2.1726328740157479
0
LINE
8
BLACK
6
CONTINUOUS
10
0.2659764173228346
20
-2.1726328740157479
11
0.2739561417322834
21
-2.1726328740157479
0
LINE
8
BLACK
6
CONTINUOUS
10
0.2739561417322834
20
-2.1726328740157479
11
0.2754499606299213
21
-2.1718859448818897
0
LINE
8
BLACK
6
CONTINUOUS
10
0.2754499606299213
20
-2.1718859448818897
11
0.2754499606299213
21
-2.1634288976377953
0
LINE
8
BLACK
6
CONTINUOUS
10
0.2754499606299213
20
-2.1634288976377953
11
0.2754330708661417
21
-2.1634353937007873
0
LINE
8
BLACK
6
CONTINUOUS
10
0.3295974803149606
20
-2.1464428740157482
11
0.3296954724409449
21
-2.1464834645669293
0
LINE
8
BLACK
6
CONTINUOUS
10
0.3296954724409449
20
-2.1464834645669293
11
0.3298012992125984
21
-2.1464909842519684
0
LINE
8
BLACK
6
CONTINUOUS
10
0.3298012992125984
20
-2.1464909842519684
11
0.3303419291338582
21
-2.1466978740157479
0
LINE
8
BLACK
6
CONTINUOUS
10
0.3303419291338582
20
-2.1466978740157479
11
0.3340914566929134
21
-2.1485726377952754
0
LINE
8
BLACK
6
CONTINUOUS
10
0.3340914566929134
20
-2.1485726377952754
11
0.3343394488188977
21
-2.1487287007874016
0
LINE
8
BLACK
6
CONTINUOUS
10
0.3343394488188977
20
-2.1487287007874016
11
0.3344114173228346
21
-2.1487585433070864
0
LINE
8
BLACK
6
CONTINUOUS
10
0.3344114173228346
20
-2.1487585433070864
11
0.3344923622047244
21
-2.148825
0
LINE
8
BLACK
6
CONTINUOUS
10
0.3344923622047244
20
-2.148825
11
0.3345813385826771
21
-2.1488809842519685
0
LINE
8
BLACK
6
CONTINUOUS
10
0.3345813385826771
20
-2.1488809842519685
11
0.3346324803149606
21
-2.1489399606299213
0
LINE
8
BLACK
6
CONTINUOUS
10
0.3346324803149606
20
-2.1489399606299213
11
0.3348588582677166
21
-2.149125748031496
0
LINE
8
BLACK
6
CONTINUOUS
10
0.3348588582677166
20
-2.149125748031496
11
0.3367336220472441
21
-2.1510005118110236
0
LINE
8
BLACK
6
CONTINUOUS
10
0.3367336220472441
20
-2.1510005118110236
11
0.3369193700787402
21
-2.1512268503937007
0
LINE
8
BLACK
6
CONTINUOUS
10
0.3369193700787402
20
-2.1512268503937007
11
0.3369783858267716
21
-2.1512780314960631
0
LINE
8
BLACK
6
CONTINUOUS
10
0.3369783858267716
20
-2.1512780314960631
11
0.3370343307086614
21
-2.1513669685039369
0
LINE
8
BLACK
6
CONTINUOUS
10
0.3370343307086614
20
-2.1513669685039369
11
0.3371008267716535
21
-2.1514479527559054
0
LINE
8
BLACK
6
CONTINUOUS
10
0.3371008267716535
20
-2.1514479527559054
11
0.3371306299212599
21
-2.1515198818897638
0
LINE
8
BLACK
6
CONTINUOUS
10
0.3371306299212599
20
-2.1515198818897638
11
0.3372867322834646
21
-2.1517679133858265
0
LINE
8
BLACK
6
CONTINUOUS
10
0.3372867322834646
20
-2.1517679133858265
11
0.3391614960629921
21
-2.1555174409448816
0
LINE
8
BLACK
6
CONTINUOUS
10
0.3391614960629921
20
-2.1555174409448816
11
0.3393683858267716
21
-2.1560580314960629
0
LINE
8
BLACK
6
CONTINUOUS
10
0.3393683858267716
20
-2.1560580314960629
11
0.339375905511811
21
-2.156163897637795
0
LINE
8
BLACK
6
CONTINUOUS
10
0.339375905511811
20
-2.156163897637795
11
0.3394164960629921
21
-2.1562618897637793
0
LINE
8
BLACK
6
CONTINUOUS
10
0.3394164960629921
20
-2.1562618897637793
11
0.3394732283464567
21
-2.1568379527559056
0
LINE
8
BLACK
6
CONTINUOUS
10
0.3394732283464567
20
-2.1568379527559056
11
0.3394732283464567
21
-2.1680865354330709
0
LINE
8
BLACK
6
CONTINUOUS
10
0.3394732283464567
20
-2.1680865354330709
11
0.3394164960629921
21
-2.1686625984251968
0
LINE
8
BLACK
6
CONTINUOUS
10
0.3394164960629921
20
-2.1686625984251968
11
0.339375905511811
21
-2.1687605511811023
0
LINE
8
BLACK
6
CONTINUOUS
10
0.339375905511811
20
-2.1687605511811023
11
0.3393683858267716
21
-2.1688664566929132
0
LINE
8
BLACK
6
CONTINUOUS
10
0.3393683858267716
20
-2.1688664566929132
11
0.3391614960629921
21
-2.1694070472440945
0
LINE
8
BLACK
6
CONTINUOUS
10
0.3391614960629921
20
-2.1694070472440945
11
0.3372867322834646
21
-2.1731565748031496
0
LINE
8
BLACK
6
CONTINUOUS
10
0.3372867322834646
20
-2.1731565748031496
11
0.3371306692913386
21
-2.1734044488188977
0
LINE
8
BLACK
6
CONTINUOUS
10
0.3371306692913386
20
-2.1734044488188977
11
0.3371008661417323
21
-2.173476496062992
0
LINE
8
BLACK
6
CONTINUOUS
10
0.3371008661417323
20
-2.173476496062992
11
0.3370343307086614
21
-2.1735575196850392
0
LINE
8
BLACK
6
CONTINUOUS
10
0.3370343307086614
20
-2.1735575196850392
11
0.3369783858267716
21
-2.1736464566929135
0
LINE
8
BLACK
6
CONTINUOUS
10
0.3369783858267716
20
-2.1736464566929135
11
0.3369193700787402
21
-2.1736975984251967
0
LINE
8
BLACK
6
CONTINUOUS
10
0.3369193700787402
20
-2.1736975984251967
11
0.3367336220472441
21
-2.1739239763779525
0
LINE
8
BLACK
6
CONTINUOUS
10
0.3367336220472441
20
-2.1739239763779525
11
0.3348588976377952
21
-2.1757987401574801
0
LINE
8
BLACK
6
CONTINUOUS
10
0.3348588976377952
20
-2.1757987401574801
11
0.3346325196850394
21
-2.1759844881889765
0
LINE
8
BLACK
6
CONTINUOUS
10
0.3346325196850394
20
-2.1759844881889765
11
0.3345813385826771
21
-2.1760435433070864
0
LINE
8
BLACK
6
CONTINUOUS
10
0.3345813385826771
20
-2.1760435433070864
11
0.3344923622047244
21
-2.1760995275590549
0
LINE
8
BLACK
6
CONTINUOUS
10
0.3344923622047244
20
-2.1760995275590549
11
0.3344114173228346
21
-2.1761659842519685
0
LINE
8
BLACK
6
CONTINUOUS
10
0.3344114173228346
20
-2.1761659842519685
11
0.3343394488188977
21
-2.1761957874015749
0
LINE
8
BLACK
6
CONTINUOUS
10
0.3343394488188977
20
-2.1761957874015749
11
0.3340914566929134
21
-2.1763518897637795
0
LINE
8
BLACK
6
CONTINUOUS
10
0.3340914566929134
20
-2.1763518897637795
11
0.3303419291338582
21
-2.178226653543307
0
LINE
8
BLACK
6
CONTINUOUS
10
0.3303419291338582
20
-2.178226653543307
11
0.3298012992125984
21
-2.1784335433070865
0
LINE
8
BLACK
6
CONTINUOUS
10
0.3298012992125984
20
-2.1784335433070865
11
0.3296954724409449
21
-2.1784410236220473
0
LINE
8
BLACK
6
CONTINUOUS
10
0.3296954724409449
20
-2.1784410236220473
11
0.3295974803149606
21
-2.1784816535433071
0
LINE
8
BLACK
6
CONTINUOUS
10
0.3295974803149606
20
-2.1784816535433071
11
0.3290214173228346
21
-2.1785383858267715
0
LINE
8
BLACK
6
CONTINUOUS
10
0.3290214173228346
20
-2.1785383858267715
11
0.323397125984252
21
-2.1785383858267715
0
LINE
8
BLACK
6
CONTINUOUS
10
0.323397125984252
20
-2.1785383858267715
11
0.322821062992126
21
-2.1784816535433071
0
LINE
8
BLACK
6
CONTINUOUS
10
0.322821062992126
20
-2.1784816535433071
11
0.3227230708661417
21
-2.178441062992126
0
LINE
8
BLACK
6
CONTINUOUS
10
0.3227230708661417
20
-2.178441062992126
11
0.3226172047244095
21
-2.1784335433070865
0
LINE
8
BLACK
6
CONTINUOUS
10
0.3226172047244095
20
-2.1784335433070865
11
0.3220766141732284
21
-2.178226653543307
0
LINE
8
BLACK
6
CONTINUOUS
10
0.3220766141732284
20
-2.178226653543307
11
0.3183270866141732
21
-2.1763518897637795
0
LINE
8
BLACK
6
CONTINUOUS
10
0.3183270866141732
20
-2.1763518897637795
11
0.3180790551181102
21
-2.1761957874015749
0
LINE
8
BLACK
6
CONTINUOUS
10
0.3180790551181102
20
-2.1761957874015749
11
0.318007125984252
21
-2.1761659842519685
0
LINE
8
BLACK
6
CONTINUOUS
10
0.318007125984252
20
-2.1761659842519685
11
0.3179261417322835
21
-2.1760995275590549
0
LINE
8
BLACK
6
CONTINUOUS
10
0.3179261417322835
20
-2.1760995275590549
11
0.3178372047244095
21
-2.1760435433070864
0
LINE
8
BLACK
6
CONTINUOUS
10
0.3178372047244095
20
-2.1760435433070864
11
0.3177859842519685
21
-2.1759844881889765
0
LINE
8
BLACK
6
CONTINUOUS
10
0.3177859842519685
20
-2.1759844881889765
11
0.3175596456692913
21
-2.1757987401574801
0
LINE
8
BLACK
6
CONTINUOUS
10
0.3175596456692913
20
-2.1757987401574801
11
0.3156848818897638
21
-2.1739239370078738
0
LINE
8
BLACK
6
CONTINUOUS
10
0.3156848818897638
20
-2.1739239370078738
11
0.3154991338582677
21
-2.1736975984251967
0
LINE
8
BLACK
6
CONTINUOUS
10
0.3154991338582677
20
-2.1736975984251967
11
0.315440157480315
21
-2.1736464566929135
0
LINE
8
BLACK
6
CONTINUOUS
10
0.315440157480315
20
-2.1736464566929135
11
0.3153841732283464
21
-2.1735575196850392
0
LINE
8
BLACK
6
CONTINUOUS
10
0.3153841732283464
20
-2.1735575196850392
11
0.3153176771653543
21
-2.173476496062992
0
LINE
8
BLACK
6
CONTINUOUS
10
0.3153176771653543
20
-2.173476496062992
11
0.3152878346456693
21
-2.1734044488188977
0
LINE
8
BLACK
6
CONTINUOUS
10
0.3152878346456693
20
-2.1734044488188977
11
0.315131811023622
21
-2.1731565748031496
0
LINE
8
BLACK
6
CONTINUOUS
10
0.315131811023622
20
-2.1731565748031496
11
0.3132570472440945
21
-2.1694070472440945
0
LINE
8
BLACK
6
CONTINUOUS
10
0.3132570472440945
20
-2.1694070472440945
11
0.313050157480315
21
-2.1688664173228345
0
LINE
8
BLACK
6
CONTINUOUS
10
0.313050157480315
20
-2.1688664173228345
11
0.3130426377952756
21
-2.1687605905511811
0
LINE
8
BLACK
6
CONTINUOUS
10
0.3130426377952756
20
-2.1687605905511811
11
0.3130020472440945
21
-2.1686625984251968
0
LINE
8
BLACK
6
CONTINUOUS
10
0.3130020472440945
20
-2.1686625984251968
11
0.3129453149606299
21
-2.1680865354330709
0
LINE
8
BLACK
6
CONTINUOUS
10
0.3129453149606299
20
-2.1680865354330709
11
0.3129453149606299
21
-2.1568379527559056
0
LINE
8
BLACK
6
CONTINUOUS
10
0.3129453149606299
20
-2.1568379527559056
11
0.3130020472440945
21
-2.1562618897637793
0
LINE
8
BLACK
6
CONTINUOUS
10
0.3130020472440945
20
-2.1562618897637793
11
0.3130426377952756
21
-2.1561638582677163
0
LINE
8
BLACK
6
CONTINUOUS
10
0.3130426377952756
20
-2.1561638582677163
11
0.313050157480315
21
-2.1560580708661417
0
LINE
8
BLACK
6
CONTINUOUS
10
0.313050157480315
20
-2.1560580708661417
11
0.3132570472440945
21
-2.1555174409448816
0
LINE
8
BLACK
6
CONTINUOUS
10
0.3132570472440945
20
-2.1555174409448816
11
0.315131811023622
21
-2.1517679133858265
0
LINE
8
BLACK
6
CONTINUOUS
10
0.315131811023622
20
-2.1517679133858265
11
0.315287874015748
21
-2.1515198818897638
0
LINE
8
BLACK
6
CONTINUOUS
10
0.315287874015748
20
-2.1515198818897638
11
0.3153177165354331
21
-2.1514479527559054
0
LINE
8
BLACK
6
CONTINUOUS
10
0.3153177165354331
20
-2.1514479527559054
11
0.3153841732283464
21
-2.1513669685039369
0
LINE
8
BLACK
6
CONTINUOUS
10
0.3153841732283464
20
-2.1513669685039369
11
0.315440157480315
21
-2.1512780314960631
0
LINE
8
BLACK
6
CONTINUOUS
10
0.315440157480315
20
-2.1512780314960631
11
0.3154991338582677
21
-2.1512268503937007
0
LINE
8
BLACK
6
CONTINUOUS
10
0.3154991338582677
20
-2.1512268503937007
11
0.3156849212598425
21
-2.1510005118110236
0
LINE
8
BLACK
6
CONTINUOUS
10
0.3156849212598425
20
-2.1510005118110236
11
0.3175596850393701
21
-2.149125748031496
0
LINE
8
BLACK
6
CONTINUOUS
10
0.3175596850393701
20
-2.149125748031496
11
0.3177860236220472
21
-2.1489399606299213
0
LINE
8
BLACK
6
CONTINUOUS
10
0.3177860236220472
20
-2.1489399606299213
11
0.3178372047244095
21
-2.1488809842519685
0
LINE
8
BLACK
6
CONTINUOUS
10
0.3178372047244095
20
-2.1488809842519685
11
0.3179261417322835
21
-2.148825
0
LINE
8
BLACK
6
CONTINUOUS
10
0.3179261417322835
20
-2.148825
11
0.318007125984252
21
-2.1487585433070864
0
LINE
8
BLACK
6
CONTINUOUS
10
0.318007125984252
20
-2.1487585433070864
11
0.3180790551181102
21
-2.1487287007874016
0
LINE
8
BLACK
6
CONTINUOUS
10
0.3180790551181102
20
-2.1487287007874016
11
0.3183270866141732
21
-2.1485726377952754
0
LINE
8
BLACK
6
CONTINUOUS
10
0.3183270866141732
20
-2.1485726377952754
11
0.3220766141732284
21
-2.1466978740157479
0
LINE
8
BLACK
6
CONTINUOUS
10
0.3220766141732284
20
-2.1466978740157479
11
0.3226172047244095
21
-2.1464909842519684
0
LINE
8
BLACK
6
CONTINUOUS
10
0.3226172047244095
20
-2.1464909842519684
11
0.3227230708661417
21
-2.1464834251968505
0
LINE
8
BLACK
6
CONTINUOUS
10
0.3227230708661417
20
-2.1464834251968505
11
0.322821062992126
21
-2.1464428740157482
0
LINE
8
BLACK
6
CONTINUOUS
10
0.322821062992126
20
-2.1464428740157482
11
0.323397125984252
21
-2.1463861417322834
0
LINE
8
BLACK
6
CONTINUOUS
10
0.323397125984252
20
-2.1463861417322834
11
0.3290214173228346
21
-2.1463861417322834
0
LINE
8
BLACK
6
CONTINUOUS
10
0.3290214173228346
20
-2.1463861417322834
11
0.3295974803149606
21
-2.1464428740157482
0
LINE
8
BLACK
6
CONTINUOUS
10
0.3213966929133858
20
-2.1536403937007873
11
0.3201995669291339
21
-2.1548375196850391
0
LINE
8
BLACK
6
CONTINUOUS
10
0.3201995669291339
20
-2.1548375196850391
11
0.3188508267716536
21
-2.1575349999999998
0
LINE
8
BLACK
6
CONTINUOUS
10
0.3188508267716536
20
-2.1575349999999998
11
0.3188508267716536
21
-2.1673894881889764
0
LINE
8
BLACK
6
CONTINUOUS
10
0.3188508267716536
20
-2.1673894881889764
11
0.3201995669291339
21
-2.170086968503937
0
LINE
8
BLACK
6
CONTINUOUS
10
0.3201995669291339
20
-2.170086968503937
11
0.3213966929133858
21
-2.1712841338582676
0
LINE
8
BLACK
6
CONTINUOUS
10
0.3213966929133858
20
-2.1712841338582676
11
0.3240941732283464
21
-2.1726328740157479
0
LINE
8
BLACK
6
CONTINUOUS
10
0.3240941732283464
20
-2.1726328740157479
11
0.3283243700787402
21
-2.1726328740157479
0
LINE
8
BLACK
6
CONTINUOUS
10
0.3283243700787402
20
-2.1726328740157479
11
0.331021811023622
21
-2.1712841338582676
0
LINE
8
BLACK
6
CONTINUOUS
10
0.331021811023622
20
-2.1712841338582676
11
0.332218937007874
21
-2.170086968503937
0
LINE
8
BLACK
6
CONTINUOUS
10
0.332218937007874
20
-2.170086968503937
11
0.333567716535433
21
-2.1673894881889764
0
LINE
8
BLACK
6
CONTINUOUS
10
0.333567716535433
20
-2.1673894881889764
11
0.333567716535433
21
-2.1575349999999998
0
LINE
8
BLACK
6
CONTINUOUS
10
0.333567716535433
20
-2.1575349999999998
11
0.3322189763779527
21
-2.1548375196850391
0
LINE
8
BLACK
6
CONTINUOUS
10
0.3322189763779527
20
-2.1548375196850391
11
0.3310218503937008
21
-2.1536403937007873
0
LINE
8
BLACK
6
CONTINUOUS
10
0.3310218503937008
20
-2.1536403937007873
11
0.3283243700787402
21
-2.152291653543307
0
LINE
8
BLACK
6
CONTINUOUS
10
0.3283243700787402
20
-2.152291653543307
11
0.3240941732283464
21
-2.152291653543307
0
LINE
8
BLACK
6
CONTINUOUS
10
0.3240941732283464
20
-2.152291653543307
11
0.3213966929133858
21
-2.1536403937007873
0
LINE
8
BLACK
6
CONTINUOUS
10
-0.3330052755905512
20
-2.1337604330708659
11
-0.3321906299212599
21
-2.1345750787401574
0
LINE
8
BLACK
6
CONTINUOUS
10
-0.3321906299212599
20
-2.1345750787401574
11
-0.3317497244094488
21
-2.1356394881889762
0
LINE
8
BLACK
6
CONTINUOUS
10
-0.3317497244094488
20
-2.1356394881889762
11
-0.3316929921259842
21
-2.1362155511811025
0
LINE
8
BLACK
6
CONTINUOUS
10
-0.3316929921259842
20
-2.1362155511811025
11
-0.3316929921259842
21
-2.1692642519685039
0
LINE
8
BLACK
6
CONTINUOUS
10
-0.3316929921259842
20
-2.1692642519685039
11
-0.3305701574803149
21
-2.1715100000000001
0
LINE
8
BLACK
6
CONTINUOUS
10
-0.3305701574803149
20
-2.1715100000000001
11
-0.3277009448818898
21
-2.1729446062992124
0
LINE
8
BLACK
6
CONTINUOUS
10
-0.3277009448818898
20
-2.1729446062992124
11
-0.327211062992126
21
-2.1732529527559055
0
LINE
8
BLACK
6
CONTINUOUS
10
-0.327211062992126
20
-2.1732529527559055
11
-0.3264562204724409
21
-2.1741233464566929
0
LINE
8
BLACK
6
CONTINUOUS
10
-0.3264562204724409
20
-2.1741233464566929
11
-0.3260918897637795
21
-2.1752162992125985
0
LINE
8
BLACK
6
CONTINUOUS
10
-0.3260918897637795
20
-2.1752162992125985
11
-0.3261735433070866
21
-2.1763655118110234
0
LINE
8
BLACK
6
CONTINUOUS
10
-0.3261735433070866
20
-2.1763655118110234
11
-0.3266888188976378
21
-2.1773960236220473
0
LINE
8
BLACK
6
CONTINUOUS
10
-0.3266888188976378
20
-2.1773960236220473
11
-0.3275591732283464
21
-2.1781508661417321
0
LINE
8
BLACK
6
CONTINUOUS
10
-0.3275591732283464
20
-2.1781508661417321
11
-0.3286521653543307
21
-2.1785151968503937
0
LINE
8
BLACK
6
CONTINUOUS
10
-0.3286521653543307
20
-2.1785151968503937
11
-0.3298013779527559
21
-2.1784335433070865
0
LINE
8
BLACK
6
CONTINUOUS
10
-0.3298013779527559
20
-2.1784335433070865
11
-0.330341968503937
21
-2.178226653543307
0
LINE
8
BLACK
6
CONTINUOUS
10
-0.330341968503937
20
-2.178226653543307
11
-0.3340914960629921
21
-2.1763518897637795
0
LINE
8
BLACK
6
CONTINUOUS
10
-0.3340914960629921
20
-2.1763518897637795
11
-0.334187874015748
21
-2.1762912204724407
0
LINE
8
BLACK
6
CONTINUOUS
10
-0.334187874015748
20
-2.1762912204724407
11
-0.3342332677165354
21
-2.1762761023622046
0
LINE
8
BLACK
6
CONTINUOUS
10
-0.3342332677165354
20
-2.1762761023622046
11
-0.334289842519685
21
-2.1762270472440943
0
LINE
8
BLACK
6
CONTINUOUS
10
-0.334289842519685
20
-2.1762270472440943
11
-0.3345813779527559
21
-2.1760435433070864
0
LINE
8
BLACK
6
CONTINUOUS
10
-0.3345813779527559
20
-2.1760435433070864
11
-0.3348240551181103
21
-2.1757637007874013
0
LINE
8
BLACK
6
CONTINUOUS
10
-0.3348240551181103
20
-2.1757637007874013
11
-0.3351036614173228
21
-2.175521220472441
0
LINE
8
BLACK
6
CONTINUOUS
10
-0.3351036614173228
20
-2.175521220472441
11
-0.3352871653543307
21
-2.1752297244094487
0
LINE
8
BLACK
6
CONTINUOUS
10
-0.3352871653543307
20
-2.1752297244094487
11
-0.3353362204724409
21
-2.1751731496062994
0
LINE
8
BLACK
6
CONTINUOUS
10
-0.3353362204724409
20
-2.1751731496062994
11
-0.3353513779527559
21
-2.1751276771653543
0
LINE
8
BLACK
6
CONTINUOUS
10
-0.3353513779527559
20
-2.1751276771653543
11
-0.3354120078740158
21
-2.1750313779527559
0
LINE
8
BLACK
6
CONTINUOUS
10
-0.3354120078740158
20
-2.1750313779527559
11
-0.3372867716535433
21
-2.1712818110236221
0
LINE
8
BLACK
6
CONTINUOUS
10
-0.3372867716535433
20
-2.1712818110236221
11
-0.3374936614173228
21
-2.170741181102362
0
LINE
8
BLACK
6
CONTINUOUS
10
-0.3374936614173228
20
-2.170741181102362
11
-0.3375011811023622
21
-2.1706353543307086
0
LINE
8
BLACK
6
CONTINUOUS
10
-0.3375011811023622
20
-2.1706353543307086
11
-0.3375417716535433
21
-2.1705373622047244
0
LINE
8
BLACK
6
CONTINUOUS
10
-0.3375417716535433
20
-2.1705373622047244
11
-0.3375985039370079
21
-2.1699612992125985
0
LINE
8
BLACK
6
CONTINUOUS
10
-0.3375985039370079
20
-2.1699612992125985
11
-0.3375985039370079
21
-2.1362155511811025
0
LINE
8
BLACK
6
CONTINUOUS
10
-0.3375985039370079
20
-2.1362155511811025
11
-0.3375417716535433
21
-2.1356394881889762
0
LINE
8
BLACK
6
CONTINUOUS
10
-0.3375417716535433
20
-2.1356394881889762
11
-0.3371008661417323
21
-2.1345750787401574
0
LINE
8
BLACK
6
CONTINUOUS
10
-0.3371008661417323
20
-2.1345750787401574
11
-0.3362862204724409
21
-2.1337604330708659
0
LINE
8
BLACK
6
CONTINUOUS
10
-0.3362862204724409
20
-2.1337604330708659
11
-0.335221811023622
21
-2.1333195275590549
0
LINE
8
BLACK
6
CONTINUOUS
10
-0.335221811023622
20
-2.1333195275590549
11
-0.3340696850393701
21
-2.1333195275590549
0
LINE
8
BLACK
6
CONTINUOUS
10
-0.3340696850393701
20
-2.1333195275590549
11
-0.3330052755905512
21
-2.1337604330708659
0
LINE
8
BLACK
6
CONTINUOUS
10
-0.029293188976378
20
-2.1337604330708659
11
-0.0284785433070866
21
-2.1345750787401574
0
LINE
8
BLACK
6
CONTINUOUS
10
-0.0284785433070866
20
-2.1345750787401574
11
-0.0280376377952756
21
-2.1356394881889762
0
LINE
8
BLACK
6
CONTINUOUS
10
-0.0280376377952756
20
-2.1356394881889762
11
-0.027980905511811
21
-2.1362155511811025
0
LINE
8
BLACK
6
CONTINUOUS
10
-0.027980905511811
20
-2.1362155511811025
11
-0.027980905511811
21
-2.1692642519685039
0
LINE
8
BLACK
6
CONTINUOUS
10
-0.027980905511811
20
-2.1692642519685039
11
-0.0268580708661417
21
-2.1715100000000001
0
LINE
8
BLACK
6
CONTINUOUS
10
-0.0268580708661417
20
-2.1715100000000001
11
-0.0239888582677165
21
-2.1729446062992124
0
LINE
8
BLACK
6
CONTINUOUS
10
-0.0239888582677165
20
-2.1729446062992124
11
-0.0234989763779528
21
-2.1732529527559055
0
LINE
8
BLACK
6
CONTINUOUS
10
-0.0234989763779528
20
-2.1732529527559055
11
-0.0227441338582677
21
-2.1741233464566929
0
LINE
8
BLACK
6
CONTINUOUS
10
-0.0227441338582677
20
-2.1741233464566929
11
-0.0223798031496063
21
-2.1752162992125985
0
LINE
8
BLACK
6
CONTINUOUS
10
-0.0223798031496063
20
-2.1752162992125985
11
-0.0224614566929134
21
-2.1763655118110234
0
LINE
8
BLACK
6
CONTINUOUS
10
-0.0224614566929134
20
-2.1763655118110234
11
-0.0229767322834646
21
-2.1773960236220473
0
LINE
8
BLACK
6
CONTINUOUS
10
-0.0229767322834646
20
-2.1773960236220473
11
-0.0238470866141732
21
-2.1781508661417321
0
LINE
8
BLACK
6
CONTINUOUS
10
-0.0238470866141732
20
-2.1781508661417321
11
-0.0249400787401575
21
-2.1785151968503937
0
LINE
8
BLACK
6
CONTINUOUS
10
-0.0249400787401575
20
-2.1785151968503937
11
-0.0260892913385827
21
-2.1784335433070865
0
LINE
8
BLACK
6
CONTINUOUS
10
-0.0260892913385827
20
-2.1784335433070865
11
-0.0266298818897638
21
-2.178226653543307
0
LINE
8
BLACK
6
CONTINUOUS
10
-0.0266298818897638
20
-2.178226653543307
11
-0.0303794094488189
21
-2.1763518897637795
0
LINE
8
BLACK
6
CONTINUOUS
10
-0.0303794094488189
20
-2.1763518897637795
11
-0.0304757874015748
21
-2.1762912204724407
0
LINE
8
BLACK
6
CONTINUOUS
10
-0.0304757874015748
20
-2.1762912204724407
11
-0.0305211811023622
21
-2.1762761023622046
0
LINE
8
BLACK
6
CONTINUOUS
10
-0.0305211811023622
20
-2.1762761023622046
11
-0.0305777559055118
21
-2.1762270472440943
0
LINE
8
BLACK
6
CONTINUOUS
10
-0.0305777559055118
20
-2.1762270472440943
11
-0.0308692913385827
21
-2.1760435433070864
0
LINE
8
BLACK
6
CONTINUOUS
10
-0.0308692913385827
20
-2.1760435433070864
11
-0.031111968503937
21
-2.1757637007874013
0
LINE
8
BLACK
6
CONTINUOUS
10
-0.031111968503937
20
-2.1757637007874013
11
-0.0313915748031496
21
-2.175521220472441
0
LINE
8
BLACK
6
CONTINUOUS
10
-0.0313915748031496
20
-2.175521220472441
11
-0.0315750787401575
21
-2.1752297244094487
0
LINE
8
BLACK
6
CONTINUOUS
10
-0.0315750787401575
20
-2.1752297244094487
11
-0.0316241338582677
21
-2.1751731496062994
0
LINE
8
BLACK
6
CONTINUOUS
10
-0.0316241338582677
20
-2.1751731496062994
11
-0.0316392913385827
21
-2.1751276771653543
0
LINE
8
BLACK
6
CONTINUOUS
10
-0.0316392913385827
20
-2.1751276771653543
11
-0.0316999212598425
21
-2.1750313779527559
0
LINE
8
BLACK
6
CONTINUOUS
10
-0.0316999212598425
20
-2.1750313779527559
11
-0.0335746850393701
21
-2.1712818110236221
0
LINE
8
BLACK
6
CONTINUOUS
10
-0.0335746850393701
20
-2.1712818110236221
11
-0.0337815748031496
21
-2.170741181102362
0
LINE
8
BLACK
6
CONTINUOUS
10
-0.0337815748031496
20
-2.170741181102362
11
-0.033789094488189
21
-2.1706353543307086
0
LINE
8
BLACK
6
CONTINUOUS
10
-0.033789094488189
20
-2.1706353543307086
11
-0.0338296850393701
21
-2.1705373622047244
0
LINE
8
BLACK
6
CONTINUOUS
10
-0.0338296850393701
20
-2.1705373622047244
11
-0.0338864173228346
21
-2.1699612992125985
0
LINE
8
BLACK
6
CONTINUOUS
10
-0.0338864173228346
20
-2.1699612992125985
11
-0.0338864173228346
21
-2.1362155511811025
0
LINE
8
BLACK
6
CONTINUOUS
10
-0.0338864173228346
20
-2.1362155511811025
11
-0.0338296850393701
21
-2.1356394881889762
0
LINE
8
BLACK
6
CONTINUOUS
10
-0.0338296850393701
20
-2.1356394881889762
11
-0.0333887795275591
21
-2.1345750787401574
0
LINE
8
BLACK
6
CONTINUOUS
10
-0.0333887795275591
20
-2.1345750787401574
11
-0.0325741338582677
21
-2.1337604330708659
0
LINE
8
BLACK
6
CONTINUOUS
10
-0.0325741338582677
20
-2.1337604330708659
11
-0.0315097244094488
21
-2.1333195275590549
0
LINE
8
BLACK
6
CONTINUOUS
10
-0.0315097244094488
20
-2.1333195275590549
11
-0.0303575984251968
21
-2.1333195275590549
0
LINE
8
BLACK
6
CONTINUOUS
10
-0.0303575984251968
20
-2.1333195275590549
11
-0.029293188976378
21
-2.1337604330708659
0
LINE
8
BLACK
6
CONTINUOUS
10
0.1206880708661417
20
-2.1337604330708659
11
0.1215027165354331
21
-2.1345750787401574
0
LINE
8
BLACK
6
CONTINUOUS
10
0.1215027165354331
20
-2.1345750787401574
11
0.1219436220472441
21
-2.1356394881889762
0
LINE
8
BLACK
6
CONTINUOUS
10
0.1219436220472441
20
-2.1356394881889762
11
0.1220003543307087
21
-2.1362155511811025
0
LINE
8
BLACK
6
CONTINUOUS
10
0.1220003543307087
20
-2.1362155511811025
11
0.1220003543307087
21
-2.1692642519685039
0
LINE
8
BLACK
6
CONTINUOUS
10
0.1220003543307087
20
-2.1692642519685039
11
0.1231231889763779
21
-2.1715100000000001
0
LINE
8
BLACK
6
CONTINUOUS
10
0.1231231889763779
20
-2.1715100000000001
11
0.1259924015748032
21
-2.1729446062992124
0
LINE
8
BLACK
6
CONTINUOUS
10
0.1259924015748032
20
-2.1729446062992124
11
0.1264822834645669
21
-2.1732529527559055
0
LINE
8
BLACK
6
CONTINUOUS
10
0.1264822834645669
20
-2.1732529527559055
11
0.127237125984252
21
-2.1741233464566929
0
LINE
8
BLACK
6
CONTINUOUS
10
0.127237125984252
20
-2.1741233464566929
11
0.1276014566929134
21
-2.1752162992125985
0
LINE
8
BLACK
6
CONTINUOUS
10
0.1276014566929134
20
-2.1752162992125985
11
0.1275198031496063
21
-2.1763655118110234
0
LINE
8
BLACK
6
CONTINUOUS
10
0.1275198031496063
20
-2.1763655118110234
11
0.1270045275590551
21
-2.1773960236220473
0
LINE
8
BLACK
6
CONTINUOUS
10
0.1270045275590551
20
-2.1773960236220473
11
0.1261341732283464
21
-2.1781508661417321
0
LINE
8
BLACK
6
CONTINUOUS
10
0.1261341732283464
20
-2.1781508661417321
11
0.1250411811023622
21
-2.1785151968503937
0
LINE
8
BLACK
6
CONTINUOUS
10
0.1250411811023622
20
-2.1785151968503937
11
0.123891968503937
21
-2.1784335433070865
0
LINE
8
BLACK
6
CONTINUOUS
10
0.123891968503937
20
-2.1784335433070865
11
0.1233513779527559
21
-2.178226653543307
0
LINE
8
BLACK
6
CONTINUOUS
10
0.1233513779527559
20
-2.178226653543307
11
0.1196018503937008
21
-2.1763518897637795
0
LINE
8
BLACK
6
CONTINUOUS
10
0.1196018503937008
20
-2.1763518897637795
11
0.1195054724409449
21
-2.1762912204724407
0
LINE
8
BLACK
6
CONTINUOUS
10
0.1195054724409449
20
-2.1762912204724407
11
0.1194600787401575
21
-2.1762761023622046
0
LINE
8
BLACK
6
CONTINUOUS
10
0.1194600787401575
20
-2.1762761023622046
11
0.1194035039370079
21
-2.1762270472440943
0
LINE
8
BLACK
6
CONTINUOUS
10
0.1194035039370079
20
-2.1762270472440943
11
0.119111968503937
21
-2.1760435433070864
0
LINE
8
BLACK
6
CONTINUOUS
10
0.119111968503937
20
-2.1760435433070864
11
0.1188692913385827
21
-2.1757637007874013
0
LINE
8
BLACK
6
CONTINUOUS
10
0.1188692913385827
20
-2.1757637007874013
11
0.1185896850393701
21
-2.175521220472441
0
LINE
8
BLACK
6
CONTINUOUS
10
0.1185896850393701
20
-2.175521220472441
11
0.1184061811023622
21
-2.1752297244094487
0
LINE
8
BLACK
6
CONTINUOUS
10
0.1184061811023622
20
-2.1752297244094487
11
0.118357125984252
21
-2.1751731496062994
0
LINE
8
BLACK
6
CONTINUOUS
10
0.118357125984252
20
-2.1751731496062994
11
0.118341968503937
21
-2.1751276771653543
0
LINE
8
BLACK
6
CONTINUOUS
10
0.118341968503937
20
-2.1751276771653543
11
0.1182813385826772
21
-2.1750313779527559
0
LINE
8
BLACK
6
CONTINUOUS
10
0.1182813385826772
20
-2.1750313779527559
11
0.1164065748031496
21
-2.1712818110236221
0
LINE
8
BLACK
6
CONTINUOUS
10
0.1164065748031496
20
-2.1712818110236221
11
0.1161996850393701
21
-2.170741181102362
0
LINE
8
BLACK
6
CONTINUOUS
10
0.1161996850393701
20
-2.170741181102362
11
0.1161921653543307
21
-2.1706353543307086
0
LINE
8
BLACK
6
CONTINUOUS
10
0.1161921653543307
20
-2.1706353543307086
11
0.1161515748031496
21
-2.1705373622047244
0
LINE
8
BLACK
6
CONTINUOUS
10
0.1161515748031496
20
-2.1705373622047244
11
0.116094842519685
21
-2.1699612992125985
0
LINE
8
BLACK
6
CONTINUOUS
10
0.116094842519685
20
-2.1699612992125985
11
0.116094842519685
21
-2.1362155511811025
0
LINE
8
BLACK
6
CONTINUOUS
10
0.116094842519685
20
-2.1362155511811025
11
0.1161515748031496
21
-2.1356394881889762
0
LINE
8
BLACK
6
CONTINUOUS
10
0.1161515748031496
20
-2.1356394881889762
11
0.1165924803149606
21
-2.1345750787401574
0
LINE
8
BLACK
6
CONTINUOUS
10
0.1165924803149606
20
-2.1345750787401574
11
0.117407125984252
21
-2.1337604330708659
0
LINE
8
BLACK
6
CONTINUOUS
10
0.117407125984252
20
-2.1337604330708659
11
0.1184715354330709
21
-2.1333195275590549
0
LINE
8
BLACK
6
CONTINUOUS
10
0.1184715354330709
20
-2.1333195275590549
11
0.1196236614173228
21
-2.1333195275590549
0
LINE
8
BLACK
6
CONTINUOUS
10
0.1196236614173228
20
-2.1333195275590549
11
0.1206880708661417
21
-2.1337604330708659
0
LINE
8
BLACK
6
CONTINUOUS
10
0.1413105118110236
20
-2.1337604330708659
11
0.142125157480315
21
-2.1345750787401574
0
LINE
8
BLACK
6
CONTINUOUS
10
0.142125157480315
20
-2.1345750787401574
11
0.142566062992126
21
-2.1356394881889762
0
LINE
8
BLACK
6
CONTINUOUS
10
0.142566062992126
20
-2.1356394881889762
11
0.1426227952755905
21
-2.1362155511811025
0
LINE
8
BLACK
6
CONTINUOUS
10
0.1426227952755905
20
-2.1362155511811025
11
0.1426227952755905
21
-2.1692642519685039
0
LINE
8
BLACK
6
CONTINUOUS
10
0.1426227952755905
20
-2.1692642519685039
11
0.1437456299212598
21
-2.1715100000000001
0
LINE
8
BLACK
6
CONTINUOUS
10
0.1437456299212598
20
-2.1715100000000001
11
0.146614842519685
21
-2.1729446062992124
0
LINE
8
BLACK
6
CONTINUOUS
10
0.146614842519685
20
-2.1729446062992124
11
0.1471047244094488
21
-2.1732529527559055
0
LINE
8
BLACK
6
CONTINUOUS
10
0.1471047244094488
20
-2.1732529527559055
11
0.1478595669291339
21
-2.1741233464566929
0
LINE
8
BLACK
6
CONTINUOUS
10
0.1478595669291339
20
-2.1741233464566929
11
0.1482238976377953
21
-2.1752162992125985
0
LINE
8
BLACK
6
CONTINUOUS
10
0.1482238976377953
20
-2.1752162992125985
11
0.1481422440944882
21
-2.1763655118110234
0
LINE
8
BLACK
6
CONTINUOUS
10
0.1481422440944882
20
-2.1763655118110234
11
0.147626968503937
21
-2.1773960236220473
0
LINE
8
BLACK
6
CONTINUOUS
10
0.147626968503937
20
-2.1773960236220473
11
0.1467566141732284
21
-2.1781508661417321
0
LINE
8
BLACK
6
CONTINUOUS
10
0.1467566141732284
20
-2.1781508661417321
11
0.1456636220472441
21
-2.1785151968503937
0
LINE
8
BLACK
6
CONTINUOUS
10
0.1456636220472441
20
-2.1785151968503937
11
0.1445144094488189
21
-2.1784335433070865
0
LINE
8
BLACK
6
CONTINUOUS
10
0.1445144094488189
20
-2.1784335433070865
11
0.1439738188976378
21
-2.178226653543307
0
LINE
8
BLACK
6
CONTINUOUS
10
0.1439738188976378
20
-2.178226653543307
11
0.1402242913385827
21
-2.1763518897637795
0
LINE
8
BLACK
6
CONTINUOUS
10
0.1402242913385827
20
-2.1763518897637795
11
0.1401279133858268
21
-2.1762912204724407
0
LINE
8
BLACK
6
CONTINUOUS
10
0.1401279133858268
20
-2.1762912204724407
11
0.1400825196850394
21
-2.1762761023622046
0
LINE
8
BLACK
6
CONTINUOUS
10
0.1400825196850394
20
-2.1762761023622046
11
0.1400259448818898
21
-2.1762270472440943
0
LINE
8
BLACK
6
CONTINUOUS
10
0.1400259448818898
20
-2.1762270472440943
11
0.1397344094488189
21
-2.1760435433070864
0
LINE
8
BLACK
6
CONTINUOUS
10
0.1397344094488189
20
-2.1760435433070864
11
0.1394917322834646
21
-2.1757637007874013
0
LINE
8
BLACK
6
CONTINUOUS
10
0.1394917322834646
20
-2.1757637007874013
11
0.139212125984252
21
-2.175521220472441
0
LINE
8
BLACK
6
CONTINUOUS
10
0.139212125984252
20
-2.175521220472441
11
0.1390286220472441
21
-2.1752297244094487
0
LINE
8
BLACK
6
CONTINUOUS
10
0.1390286220472441
20
-2.1752297244094487
11
0.1389795669291339
21
-2.1751731496062994
0
LINE
8
BLACK
6
CONTINUOUS
10
0.1389795669291339
20
-2.1751731496062994
11
0.1389644094488189
21
-2.1751276771653543
0
LINE
8
BLACK
6
CONTINUOUS
10
0.1389644094488189
20
-2.1751276771653543
11
0.1389037795275591
21
-2.1750313779527559
0
LINE
8
BLACK
6
CONTINUOUS
10
0.1389037795275591
20
-2.1750313779527559
11
0.1370290157480315
21
-2.1712818110236221
0
LINE
8
BLACK
6
CONTINUOUS
10
0.1370290157480315
20
-2.1712818110236221
11
0.136822125984252
21
-2.170741181102362
0
LINE
8
BLACK
6
CONTINUOUS
10
0.136822125984252
20
-2.170741181102362
11
0.1368146062992126
21
-2.1706353543307086
0
LINE
8
BLACK
6
CONTINUOUS
10
0.1368146062992126
20
-2.1706353543307086
11
0.1367740157480315
21
-2.1705373622047244
0
LINE
8
BLACK
6
CONTINUOUS
10
0.1367740157480315
20
-2.1705373622047244
11
0.1367172834645669
21
-2.1699612992125985
0
LINE
8
BLACK
6
CONTINUOUS
10
0.1367172834645669
20
-2.1699612992125985
11
0.1367172834645669
21
-2.1362155511811025
0
LINE
8
BLACK
6
CONTINUOUS
10
0.1367172834645669
20
-2.1362155511811025
11
0.1367740157480315
21
-2.1356394881889762
0
LINE
8
BLACK
6
CONTINUOUS
10
0.1367740157480315
20
-2.1356394881889762
11
0.1372149212598425
21
-2.1345750787401574
0
LINE
8
BLACK
6
CONTINUOUS
10
0.1372149212598425
20
-2.1345750787401574
11
0.1380295669291338
21
-2.1337604330708659
0
LINE
8
BLACK
6
CONTINUOUS
10
0.1380295669291338
20
-2.1337604330708659
11
0.1390939763779528
21
-2.1333195275590549
0
LINE
8
BLACK
6
CONTINUOUS
10
0.1390939763779528
20
-2.1333195275590549
11
0.1402461023622047
21
-2.1333195275590549
0
LINE
8
BLACK
6
CONTINUOUS
10
0.1402461023622047
20
-2.1333195275590549
11
0.1413105118110236
21
-2.1337604330708659
0
LINE
8
BLACK
6
CONTINUOUS
10
0.2987908661417323
20
-2.1337604330708659
11
0.2996055118110236
21
-2.1345750787401574
0
LINE
8
BLACK
6
CONTINUOUS
10
0.2996055118110236
20
-2.1345750787401574
11
0.3000464173228347
21
-2.1356394881889762
0
LINE
8
BLACK
6
CONTINUOUS
10
0.3000464173228347
20
-2.1356394881889762
11
0.3001031496062992
21
-2.1362155511811025
0
LINE
8
BLACK
6
CONTINUOUS
10
0.3001031496062992
20
-2.1362155511811025
11
0.3001031496062992
21
-2.1692642519685039
0
LINE
8
BLACK
6
CONTINUOUS
10
0.3001031496062992
20
-2.1692642519685039
11
0.3012259842519685
21
-2.1715100000000001
0
LINE
8
BLACK
6
CONTINUOUS
10
0.3012259842519685
20
-2.1715100000000001
11
0.3040951968503937
21
-2.1729446062992124
0
LINE
8
BLACK
6
CONTINUOUS
10
0.3040951968503937
20
-2.1729446062992124
11
0.3045850787401575
21
-2.1732529527559055
0
LINE
8
BLACK
6
CONTINUOUS
10
0.3045850787401575
20
-2.1732529527559055
11
0.3053399212598425
21
-2.1741233464566929
0
LINE
8
BLACK
6
CONTINUOUS
10
0.3053399212598425
20
-2.1741233464566929
11
0.3057042519685039
21
-2.1752162992125985
0
LINE
8
BLACK
6
CONTINUOUS
10
0.3057042519685039
20
-2.1752162992125985
11
0.3056225984251968
21
-2.1763655118110234
0
LINE
8
BLACK
6
CONTINUOUS
10
0.3056225984251968
20
-2.1763655118110234
11
0.3051073228346456
21
-2.1773960236220473
0
LINE
8
BLACK
6
CONTINUOUS
10
0.3051073228346456
20
-2.1773960236220473
11
0.304236968503937
21
-2.1781508661417321
0
LINE
8
BLACK
6
CONTINUOUS
10
0.304236968503937
20
-2.1781508661417321
11
0.3031439763779528
21
-2.1785151968503937
0
LINE
8
BLACK
6
CONTINUOUS
10
0.3031439763779528
20
-2.1785151968503937
11
0.3019947637795276
21
-2.1784335433070865
0
LINE
8
BLACK
6
CONTINUOUS
10
0.3019947637795276
20
-2.1784335433070865
11
0.3014541732283464
21
-2.178226653543307
0
LINE
8
BLACK
6
CONTINUOUS
10
0.3014541732283464
20
-2.178226653543307
11
0.2977046456692913
21
-2.1763518897637795
0
LINE
8
BLACK
6
CONTINUOUS
10
0.2977046456692913
20
-2.1763518897637795
11
0.2976082677165354
21
-2.1762912204724407
0
LINE
8
BLACK
6
CONTINUOUS
10
0.2976082677165354
20
-2.1762912204724407
11
0.297562874015748
21
-2.1762761023622046
0
LINE
8
BLACK
6
CONTINUOUS
10
0.297562874015748
20
-2.1762761023622046
11
0.2975062992125984
21
-2.1762270472440943
0
LINE
8
BLACK
6
CONTINUOUS
10
0.2975062992125984
20
-2.1762270472440943
11
0.2972147637795275
21
-2.1760435433070864
0
LINE
8
BLACK
6
CONTINUOUS
10
0.2972147637795275
20
-2.1760435433070864
11
0.2969720866141732
21
-2.1757637007874013
0
LINE
8
BLACK
6
CONTINUOUS
10
0.2969720866141732
20
-2.1757637007874013
11
0.2966924803149606
21
-2.175521220472441
0
LINE
8
BLACK
6
CONTINUOUS
10
0.2966924803149606
20
-2.175521220472441
11
0.2965089763779528
21
-2.1752297244094487
0
LINE
8
BLACK
6
CONTINUOUS
10
0.2965089763779528
20
-2.1752297244094487
11
0.2964599212598425
21
-2.1751731496062994
0
LINE
8
BLACK
6
CONTINUOUS
10
0.2964599212598425
20
-2.1751731496062994
11
0.2964447637795276
21
-2.1751276771653543
0
LINE
8
BLACK
6
CONTINUOUS
10
0.2964447637795276
20
-2.1751276771653543
11
0.2963841338582677
21
-2.1750313779527559
0
LINE
8
BLACK
6
CONTINUOUS
10
0.2963841338582677
20
-2.1750313779527559
11
0.2945093700787402
21
-2.1712818110236221
0
LINE
8
BLACK
6
CONTINUOUS
10
0.2945093700787402
20
-2.1712818110236221
11
0.2943024803149606
21
-2.170741181102362
0
LINE
8
BLACK
6
CONTINUOUS
10
0.2943024803149606
20
-2.170741181102362
11
0.2942949606299213
21
-2.1706353543307086
0
LINE
8
BLACK
6
CONTINUOUS
10
0.2942949606299213
20
-2.1706353543307086
11
0.2942543700787402
21
-2.1705373622047244
0
LINE
8
BLACK
6
CONTINUOUS
10
0.2942543700787402
20
-2.1705373622047244
11
0.2941976377952756
21
-2.1699612992125985
0
LINE
8
BLACK
6
CONTINUOUS
10
0.2941976377952756
20
-2.1699612992125985
11
0.2941976377952756
21
-2.1362155511811025
0
LINE
8
BLACK
6
CONTINUOUS
10
0.2941976377952756
20
-2.1362155511811025
11
0.2942543700787402
21
-2.1356394881889762
0
LINE
8
BLACK
6
CONTINUOUS
10
0.2942543700787402
20
-2.1356394881889762
11
0.2946952755905512
21
-2.1345750787401574
0
LINE
8
BLACK
6
CONTINUOUS
10
0.2946952755905512
20
-2.1345750787401574
11
0.2955099212598425
21
-2.1337604330708659
0
LINE
8
BLACK
6
CONTINUOUS
10
0.2955099212598425
20
-2.1337604330708659
11
0.2965743307086614
21
-2.1333195275590549
0
LINE
8
BLACK
6
CONTINUOUS
10
0.2965743307086614
20
-2.1333195275590549
11
0.2977264566929134
21
-2.1333195275590549
0
LINE
8
BLACK
6
CONTINUOUS
10
0.2977264566929134
20
-2.1333195275590549
11
0.2987908661417323
21
-2.1337604330708659
0
LINE
8
BLACK
6
CONTINUOUS
10
-0.2122098818897638
20
-2.1464428740157482
11
-0.2111454724409449
21
-2.1468837795275588
0
LINE
8
BLACK
6
CONTINUOUS
10
-0.2111454724409449
20
-2.1468837795275588
11
-0.2103308267716535
21
-2.1476984251968503
0
LINE
8
BLACK
6
CONTINUOUS
10
-0.2103308267716535
20
-2.1476984251968503
11
-0.2098899212598425
21
-2.1487628346456691
0
LINE
8
BLACK
6
CONTINUOUS
10
-0.2098899212598425
20
-2.1487628346456691
11
-0.2098899212598425
21
-2.1499149606299213
0
LINE
8
BLACK
6
CONTINUOUS
10
-0.2098899212598425
20
-2.1499149606299213
11
-0.2103308267716535
21
-2.1509793700787401
0
LINE
8
BLACK
6
CONTINUOUS
10
-0.2103308267716535
20
-2.1509793700787401
11
-0.2111454724409449
21
-2.1517940157480315
0
LINE
8
BLACK
6
CONTINUOUS
10
-0.2111454724409449
20
-2.1517940157480315
11
-0.2122098818897638
21
-2.1522349212598426
0
LINE
8
BLACK
6
CONTINUOUS
10
-0.2122098818897638
20
-2.1522349212598426
11
-0.2127859448818898
21
-2.152291653543307
0
LINE
8
BLACK
6
CONTINUOUS
10
-0.2127859448818898
20
-2.152291653543307
11
-0.2158384251968504
21
-2.152291653543307
0
LINE
8
BLACK
6
CONTINUOUS
10
-0.2158384251968504
20
-2.152291653543307
11
-0.218535905511811
21
-2.1536403937007873
0
LINE
8
BLACK
6
CONTINUOUS
10
-0.218535905511811
20
-2.1536403937007873
11
-0.219733031496063
21
-2.1548375196850391
0
LINE
8
BLACK
6
CONTINUOUS
10
-0.219733031496063
20
-2.1548375196850391
11
-0.2210817716535433
21
-2.1575349999999998
0
LINE
8
BLACK
6
CONTINUOUS
10
-0.2210817716535433
20
-2.1575349999999998
11
-0.2210817716535433
21
-2.1755856299212599
0
LINE
8
BLACK
6
CONTINUOUS
10
-0.2210817716535433
20
-2.1755856299212599
11
-0.2211385039370079
21
-2.1761616929133858
0
LINE
8
BLACK
6
CONTINUOUS
10
-0.2211385039370079
20
-2.1761616929133858
11
-0.2215794094488189
21
-2.1772261023622046
0
LINE
8
BLACK
6
CONTINUOUS
10
-0.2215794094488189
20
-2.1772261023622046
11
-0.2223940551181102
21
-2.1780407480314961
0
LINE
8
BLACK
6
CONTINUOUS
10
-0.2223940551181102
20
-2.1780407480314961
11
-0.2234584645669291
21
-2.1784816535433071
0
LINE
8
BLACK
6
CONTINUOUS
10
-0.2234584645669291
20
-2.1784816535433071
11
-0.2246105905511811
21
-2.1784816535433071
0
LINE
8
BLACK
6
CONTINUOUS
10
-0.2246105905511811
20
-2.1784816535433071
11
-0.225675
21
-2.1780407480314961
0
LINE
8
BLACK
6
CONTINUOUS
10
-0.225675
20
-2.1780407480314961
11
-0.2264896456692913
21
-2.1772261023622046
0
LINE
8
BLACK
6
CONTINUOUS
10
-0.2264896456692913
20
-2.1772261023622046
11
-0.2269305511811024
21
-2.1761616929133858
0
LINE
8
BLACK
6
CONTINUOUS
10
-0.2269305511811024
20
-2.1761616929133858
11
-0.2269872834645669
21
-2.1755856299212599
0
LINE
8
BLACK
6
CONTINUOUS
10
-0.2269872834645669
20
-2.1755856299212599
11
-0.2269872834645669
21
-2.1493388976377954
0
LINE
8
BLACK
6
CONTINUOUS
10
-0.2269872834645669
20
-2.1493388976377954
11
-0.2269305511811024
21
-2.1487628346456691
0
LINE
8
BLACK
6
CONTINUOUS
10
-0.2269305511811024
20
-2.1487628346456691
11
-0.2264896456692913
21
-2.1476984251968503
0
LINE
8
BLACK
6
CONTINUOUS
10
-0.2264896456692913
20
-2.1476984251968503
11
-0.225675
21
-2.1468837795275588
0
LINE
8
BLACK
6
CONTINUOUS
10
-0.225675
20
-2.1468837795275588
11
-0.2246105905511811
21
-2.1464428740157482
0
LINE
8
BLACK
6
CONTINUOUS
10
-0.2246105905511811
20
-2.1464428740157482
11
-0.2234584645669291
21
-2.1464428740157482
0
LINE
8
BLACK
6
CONTINUOUS
10
-0.2234584645669291
20
-2.1464428740157482
11
-0.2223940551181102
21
-2.1468837795275588
0
LINE
8
BLACK
6
CONTINUOUS
10
-0.2223940551181102
20
-2.1468837795275588
11
-0.2215794094488189
21
-2.1476984251968503
0
LINE
8
BLACK
6
CONTINUOUS
10
-0.2215794094488189
20
-2.1476984251968503
11
-0.221283937007874
21
-2.1484118110236219
0
LINE
8
BLACK
6
CONTINUOUS
10
-0.221283937007874
20
-2.1484118110236219
11
-0.2178559842519685
21
-2.1466978740157479
0
LINE
8
BLACK
6
CONTINUOUS
10
-0.2178559842519685
20
-2.1466978740157479
11
-0.2173153937007874
21
-2.1464909842519684
0
LINE
8
BLACK
6
CONTINUOUS
10
-0.2173153937007874
20
-2.1464909842519684
11
-0.2172095275590551
21
-2.1464834251968505
0
LINE
8
BLACK
6
CONTINUOUS
10
-0.2172095275590551
20
-2.1464834251968505
11
-0.2171115354330709
21
-2.1464428740157482
0
LINE
8
BLACK
6
CONTINUOUS
10
-0.2171115354330709
20
-2.1464428740157482
11
-0.2165354724409449
21
-2.1463861417322834
0
LINE
8
BLACK
6
CONTINUOUS
10
-0.2165354724409449
20
-2.1463861417322834
11
-0.2127859448818898
21
-2.1463861417322834
0
LINE
8
BLACK
6
CONTINUOUS
10
-0.2127859448818898
20
-2.1463861417322834
11
-0.2122098818897638
21
-2.1464428740157482
0
LINE
8
BLACK
6
CONTINUOUS
10
-0.1980220866141732
20
-2.1468837795275588
11
-0.1972074409448819
21
-2.1476984251968503
0
LINE
8
BLACK
6
CONTINUOUS
10
-0.1972074409448819
20
-2.1476984251968503
11
-0.1967665354330708
21
-2.1487628346456691
0
LINE
8
BLACK
6
CONTINUOUS
10
-0.1967665354330708
20
-2.1487628346456691
11
-0.1967098031496063
21
-2.1493388976377954
0
LINE
8
BLACK
6
CONTINUOUS
10
-0.1967098031496063
20
-2.1493388976377954
11
-0.1967098031496063
21
-2.1755856299212599
0
LINE
8
BLACK
6
CONTINUOUS
10
-0.1967098031496063
20
-2.1755856299212599
11
-0.1967665354330708
21
-2.1761616929133858
0
LINE
8
BLACK
6
CONTINUOUS
10
-0.1967665354330708
20
-2.1761616929133858
11
-0.1972074409448819
21
-2.1772261023622046
0
LINE
8
BLACK
6
CONTINUOUS
10
-0.1972074409448819
20
-2.1772261023622046
11
-0.1980220866141732
21
-2.1780407480314961
0
LINE
8
BLACK
6
CONTINUOUS
10
-0.1980220866141732
20
-2.1780407480314961
11
-0.1990864960629921
21
-2.1784816535433071
0
LINE
8
BLACK
6
CONTINUOUS
10
-0.1990864960629921
20
-2.1784816535433071
11
-0.2002386220472441
21
-2.1784816535433071
0
LINE
8
BLACK
6
CONTINUOUS
10
-0.2002386220472441
20
-2.1784816535433071
11
-0.201303031496063
21
-2.1780407480314961
0
LINE
8
BLACK
6
CONTINUOUS
10
-0.201303031496063
20
-2.1780407480314961
11
-0.2021176771653543
21
-2.1772261023622046
0
LINE
8
BLACK
6
CONTINUOUS
10
-0.2021176771653543
20
-2.1772261023622046
11
-0.2025585826771653
21
-2.1761616929133858
0
LINE
8
BLACK
6
CONTINUOUS
10
-0.2025585826771653
20
-2.1761616929133858
11
-0.2026153149606299
21
-2.1755856299212599
0
LINE
8
BLACK
6
CONTINUOUS
10
-0.2026153149606299
20
-2.1755856299212599
11
-0.2026153149606299
21
-2.1493388976377954
0
LINE
8
BLACK
6
CONTINUOUS
10
-0.2026153149606299
20
-2.1493388976377954
11
-0.2025585826771653
21
-2.1487628346456691
0
LINE
8
BLACK
6
CONTINUOUS
10
-0.2025585826771653
20
-2.1487628346456691
11
-0.2021176771653543
21
-2.1476984251968503
0
LINE
8
BLACK
6
CONTINUOUS
10
-0.2021176771653543
20
-2.1476984251968503
11
-0.201303031496063
21
-2.1468837795275588
0
LINE
8
BLACK
6
CONTINUOUS
10
-0.201303031496063
20
-2.1468837795275588
11
-0.2002386220472441
21
-2.1464428740157482
0
LINE
8
BLACK
6
CONTINUOUS
10
-0.2002386220472441
20
-2.1464428740157482
11
-0.1990864960629921
21
-2.1464428740157482
0
LINE
8
BLACK
6
CONTINUOUS
10
-0.1990864960629921
20
-2.1464428740157482
11
-0.1980220866141732
21
-2.1468837795275588
0
LINE
8
BLACK
6
CONTINUOUS
10
-0.0978491732283465
20
-2.1333195275590549
11
-0.0967847637795276
21
-2.1337604330708659
0
LINE
8
BLACK
6
CONTINUOUS
10
-0.0967847637795276
20
-2.1337604330708659
11
-0.0959701181102362
21
-2.1345750787401574
0
LINE
8
BLACK
6
CONTINUOUS
10
-0.0959701181102362
20
-2.1345750787401574
11
-0.0955292125984252
21
-2.1356394881889762
0
LINE
8
BLACK
6
CONTINUOUS
10
-0.0955292125984252
20
-2.1356394881889762
11
-0.0955292125984252
21
-2.1367916141732284
0
LINE
8
BLACK
6
CONTINUOUS
10
-0.0955292125984252
20
-2.1367916141732284
11
-0.0959701181102362
21
-2.1378560236220472
0
LINE
8
BLACK
6
CONTINUOUS
10
-0.0959701181102362
20
-2.1378560236220472
11
-0.0967847637795276
21
-2.1386706692913386
0
LINE
8
BLACK
6
CONTINUOUS
10
-0.0967847637795276
20
-2.1386706692913386
11
-0.0978491732283465
21
-2.1391115748031497
0
LINE
8
BLACK
6
CONTINUOUS
10
-0.0978491732283465
20
-2.1391115748031497
11
-0.0984252362204724
21
-2.1391683070866141
0
LINE
8
BLACK
6
CONTINUOUS
10
-0.0984252362204724
20
-2.1391683070866141
11
-0.1142201181102362
21
-2.1391683070866141
0
LINE
8
BLACK
6
CONTINUOUS
10
-0.1142201181102362
20
-2.1391683070866141
11
-0.1142201181102362
21
-2.152010433070866
0
LINE
8
BLACK
6
CONTINUOUS
10
-0.1142201181102362
20
-2.152010433070866
11
-0.1040495275590551
21
-2.152010433070866
0
LINE
8
BLACK
6
CONTINUOUS
10
-0.1040495275590551
20
-2.152010433070866
11
-0.1034734645669291
21
-2.1520671653543308
0
LINE
8
BLACK
6
CONTINUOUS
10
-0.1034734645669291
20
-2.1520671653543308
11
-0.1024090551181102
21
-2.1525080708661415
0
LINE
8
BLACK
6
CONTINUOUS
10
-0.1024090551181102
20
-2.1525080708661415
11
-0.1015944094488189
21
-2.1533227165354329
0
LINE
8
BLACK
6
CONTINUOUS
10
-0.1015944094488189
20
-2.1533227165354329
11
-0.1011535039370079
21
-2.1543871259842517
0
LINE
8
BLACK
6
CONTINUOUS
10
-0.1011535039370079
20
-2.1543871259842517
11
-0.1011535039370079
21
-2.1555392519685039
0
LINE
8
BLACK
6
CONTINUOUS
10
-0.1011535039370079
20
-2.1555392519685039
11
-0.1015944094488189
21
-2.1566036614173227
0
LINE
8
BLACK
6
CONTINUOUS
10
-0.1015944094488189
20
-2.1566036614173227
11
-0.1024090551181102
21
-2.1574183070866142
0
LINE
8
BLACK
6
CONTINUOUS
10
-0.1024090551181102
20
-2.1574183070866142
11
-0.1034734645669291
21
-2.1578592125984253
0
LINE
8
BLACK
6
CONTINUOUS
10
-0.1034734645669291
20
-2.1578592125984253
11
-0.1040495275590551
21
-2.1579159448818896
0
LINE
8
BLACK
6
CONTINUOUS
10
-0.1040495275590551
20
-2.1579159448818896
11
-0.1142201181102362
21
-2.1579159448818896
0
LINE
8
BLACK
6
CONTINUOUS
10
-0.1142201181102362
20
-2.1579159448818896
11
-0.1142201181102362
21
-2.1755856299212599
0
LINE
8
BLACK
6
CONTINUOUS
10
-0.1142201181102362
20
-2.1755856299212599
11
-0.1142768503937008
21
-2.1761616929133858
0
LINE
8
BLACK
6
CONTINUOUS
10
-0.1142768503937008
20
-2.1761616929133858
11
-0.1147177559055118
21
-2.1772261023622046
0
LINE
8
BLACK
6
CONTINUOUS
10
-0.1147177559055118
20
-2.1772261023622046
11
-0.1155324015748031
21
-2.1780407480314961
0
LINE
8
BLACK
6
CONTINUOUS
10
-0.1155324015748031
20
-2.1780407480314961
11
-0.116596811023622
21
-2.1784816535433071
0
LINE
8
BLACK
6
CONTINUOUS
10
-0.116596811023622
20
-2.1784816535433071
11
-0.117748937007874
21
-2.1784816535433071
0
LINE
8
BLACK
6
CONTINUOUS
10
-0.117748937007874
20
-2.1784816535433071
11
-0.1188133464566929
21
-2.1780407480314961
0
LINE
8
BLACK
6
CONTINUOUS
10
-0.1188133464566929
20
-2.1780407480314961
11
-0.1196279921259843
21
-2.1772261023622046
0
LINE
8
BLACK
6
CONTINUOUS
10
-0.1196279921259843
20
-2.1772261023622046
11
-0.1200688976377953
21
-2.1761616929133858
0
LINE
8
BLACK
6
CONTINUOUS
10
-0.1200688976377953
20
-2.1761616929133858
11
-0.1201256299212598
21
-2.1755856299212599
0
LINE
8
BLACK
6
CONTINUOUS
10
-0.1201256299212598
20
-2.1755856299212599
11
-0.1201256299212598
21
-2.1362155511811025
0
LINE
8
BLACK
6
CONTINUOUS
10
-0.1201256299212598
20
-2.1362155511811025
11
-0.1200688976377953
21
-2.1356394881889762
0
LINE
8
BLACK
6
CONTINUOUS
10
-0.1200688976377953
20
-2.1356394881889762
11
-0.1196279921259843
21
-2.1345750787401574
0
LINE
8
BLACK
6
CONTINUOUS
10
-0.1196279921259843
20
-2.1345750787401574
11
-0.1188133464566929
21
-2.1337604330708659
0
LINE
8
BLACK
6
CONTINUOUS
10
-0.1188133464566929
20
-2.1337604330708659
11
-0.117748937007874
21
-2.1333195275590549
0
LINE
8
BLACK
6
CONTINUOUS
10
-0.117748937007874
20
-2.1333195275590549
11
-0.117172874015748
21
-2.1332627952755905
0
LINE
8
BLACK
6
CONTINUOUS
10
-0.117172874015748
20
-2.1332627952755905
11
-0.0984252362204724
21
-2.1332627952755905
0
LINE
8
BLACK
6
CONTINUOUS
10
-0.0984252362204724
20
-2.1332627952755905
11
-0.0978491732283465
21
-2.1333195275590549
0
LINE
8
BLACK
6
CONTINUOUS
10
-0.0817866141732283
20
-2.1468837795275588
11
-0.080971968503937
21
-2.1476984251968503
0
LINE
8
BLACK
6
CONTINUOUS
10
-0.080971968503937
20
-2.1476984251968503
11
-0.080531062992126
21
-2.1487628346456691
0
LINE
8
BLACK
6
CONTINUOUS
10
-0.080531062992126
20
-2.1487628346456691
11
-0.0804743307086614
21
-2.1493388976377954
0
LINE
8
BLACK
6
CONTINUOUS
10
-0.0804743307086614
20
-2.1493388976377954
11
-0.0804743307086614
21
-2.1755856299212599
0
LINE
8
BLACK
6
CONTINUOUS
10
-0.0804743307086614
20
-2.1755856299212599
11
-0.080531062992126
21
-2.1761616929133858
0
LINE
8
BLACK
6
CONTINUOUS
10
-0.080531062992126
20
-2.1761616929133858
11
-0.080971968503937
21
-2.1772261023622046
0
LINE
8
BLACK
6
CONTINUOUS
10
-0.080971968503937
20
-2.1772261023622046
11
-0.0817866141732283
21
-2.1780407480314961
0
LINE
8
BLACK
6
CONTINUOUS
10
-0.0817866141732283
20
-2.1780407480314961
11
-0.0828510236220472
21
-2.1784816535433071
0
LINE
8
BLACK
6
CONTINUOUS
10
-0.0828510236220472
20
-2.1784816535433071
11
-0.0840031496062992
21
-2.1784816535433071
0
LINE
8
BLACK
6
CONTINUOUS
10
-0.0840031496062992
20
-2.1784816535433071
11
-0.0850675590551181
21
-2.1780407480314961
0
LINE
8
BLACK
6
CONTINUOUS
10
-0.0850675590551181
20
-2.1780407480314961
11
-0.0858822047244095
21
-2.1772261023622046
0
LINE
8
BLACK
6
CONTINUOUS
10
-0.0858822047244095
20
-2.1772261023622046
11
-0.0863231102362205
21
-2.1761616929133858
0
LINE
8
BLACK
6
CONTINUOUS
10
-0.0863231102362205
20
-2.1761616929133858
11
-0.086379842519685
21
-2.1755856299212599
0
LINE
8
BLACK
6
CONTINUOUS
10
-0.086379842519685
20
-2.1755856299212599
11
-0.086379842519685
21
-2.1493388976377954
0
LINE
8
BLACK
6
CONTINUOUS
10
-0.086379842519685
20
-2.1493388976377954
11
-0.0863231102362205
21
-2.1487628346456691
0
LINE
8
BLACK
6
CONTINUOUS
10
-0.0863231102362205
20
-2.1487628346456691
11
-0.0858822047244095
21
-2.1476984251968503
0
LINE
8
BLACK
6
CONTINUOUS
10
-0.0858822047244095
20
-2.1476984251968503
11
-0.0850675590551181
21
-2.1468837795275588
0
LINE
8
BLACK
6
CONTINUOUS
10
-0.0850675590551181
20
-2.1468837795275588
11
-0.0840031496062992
21
-2.1464428740157482
0
LINE
8
BLACK
6
CONTINUOUS
10
-0.0840031496062992
20
-2.1464428740157482
11
-0.0828510236220472
21
-2.1464428740157482
0
LINE
8
BLACK
6
CONTINUOUS
10
-0.0828510236220472
20
-2.1464428740157482
11
-0.0817866141732283
21
-2.1468837795275588
0
LINE
8
BLACK
6
CONTINUOUS
10
0.0816162992125984
20
-2.1333195275590549
11
0.0821283464566929
21
-2.1333195275590549
0
LINE
8
BLACK
6
CONTINUOUS
10
0.0821283464566929
20
-2.1333195275590549
11
0.082189094488189
21
-2.1333446850393702
0
LINE
8
BLACK
6
CONTINUOUS
10
0.082189094488189
20
-2.1333446850393702
11
0.0822549606299213
21
-2.1333475984251966
0
LINE
8
BLACK
6
CONTINUOUS
10
0.0822549606299213
20
-2.1333475984251966
11
0.0827198031496063
21
-2.1335644881889761
0
LINE
8
BLACK
6
CONTINUOUS
10
0.0827198031496063
20
-2.1335644881889761
11
0.0831927559055118
21
-2.1337604330708659
0
LINE
8
BLACK
6
CONTINUOUS
10
0.0831927559055118
20
-2.1337604330708659
11
0.0832392519685039
21
-2.1338069291338582
0
LINE
8
BLACK
6
CONTINUOUS
10
0.0832392519685039
20
-2.1338069291338582
11
0.0832989763779527
21
-2.1338348031496062
0
LINE
8
BLACK
6
CONTINUOUS
10
0.0832989763779527
20
-2.1338348031496062
11
0.0836451968503937
21
-2.134212874015748
0
LINE
8
BLACK
6
CONTINUOUS
10
0.0836451968503937
20
-2.134212874015748
11
0.0840074015748031
21
-2.1345750787401574
0
LINE
8
BLACK
6
CONTINUOUS
10
0.0840074015748031
20
-2.1345750787401574
11
0.0840325984251968
21
-2.1346359055118111
0
LINE
8
BLACK
6
CONTINUOUS
10
0.0840325984251968
20
-2.1346359055118111
11
0.0840770866141732
21
-2.1346844881889764
0
LINE
8
BLACK
6
CONTINUOUS
10
0.0840770866141732
20
-2.1346844881889764
11
0.0842521653543307
21
-2.1351659842519686
0
LINE
8
BLACK
6
CONTINUOUS
10
0.0842521653543307
20
-2.1351659842519686
11
0.0844483070866142
21
-2.1356394881889762
0
LINE
8
BLACK
6
CONTINUOUS
10
0.0844483070866142
20
-2.1356394881889762
11
0.0844572047244094
21
-2.1357298425196851
0
LINE
8
BLACK
6
CONTINUOUS
10
0.0844572047244094
20
-2.1357298425196851
11
0.0844707874015748
21
-2.1357672047244094
0
LINE
8
BLACK
6
CONTINUOUS
10
0.0844707874015748
20
-2.1357672047244094
11
0.0844677165354331
21
-2.1358367322834644
0
LINE
8
BLACK
6
CONTINUOUS
10
0.0844677165354331
20
-2.1358367322834644
11
0.0845050393700787
21
-2.1362155511811025
0
LINE
8
BLACK
6
CONTINUOUS
10
0.0845050393700787
20
-2.1362155511811025
11
0.0845050393700787
21
-2.1755856299212599
0
LINE
8
BLACK
6
CONTINUOUS
10
0.0845050393700787
20
-2.1755856299212599
11
0.0844483070866142
21
-2.1761616929133858
0
LINE
8
BLACK
6
CONTINUOUS
10
0.0844483070866142
20
-2.1761616929133858
11
0.0840074015748031
21
-2.1772261023622046
0
LINE
8
BLACK
6
CONTINUOUS
10
0.0840074015748031
20
-2.1772261023622046
11
0.0831927559055118
21
-2.1780407480314961
0
LINE
8
BLACK
6
CONTINUOUS
10
0.0831927559055118
20
-2.1780407480314961
11
0.0821283464566929
21
-2.1784816535433071
0
LINE
8
BLACK
6
CONTINUOUS
10
0.0821283464566929
20
-2.1784816535433071
11
0.0809762204724409
21
-2.1784816535433071
0
LINE
8
BLACK
6
CONTINUOUS
10
0.0809762204724409
20
-2.1784816535433071
11
0.079911811023622
21
-2.1780407480314961
0
LINE
8
BLACK
6
CONTINUOUS
10
0.079911811023622
20
-2.1780407480314961
11
0.0790971653543307
21
-2.1772261023622046
0
LINE
8
BLACK
6
CONTINUOUS
10
0.0790971653543307
20
-2.1772261023622046
11
0.0786562598425197
21
-2.1761616929133858
0
LINE
8
BLACK
6
CONTINUOUS
10
0.0786562598425197
20
-2.1761616929133858
11
0.0785995275590551
21
-2.1755856299212599
0
LINE
8
BLACK
6
CONTINUOUS
10
0.0785995275590551
20
-2.1755856299212599
11
0.0785995275590551
21
-2.149525275590551
0
LINE
8
BLACK
6
CONTINUOUS
10
0.0785995275590551
20
-2.149525275590551
11
0.0711046850393701
21
-2.1655856692913384
0
LINE
8
BLACK
6
CONTINUOUS
10
0.0711046850393701
20
-2.1655856692913384
11
0.0709797244094488
21
-2.1657965748031494
0
LINE
8
BLACK
6
CONTINUOUS
10
0.0709797244094488
20
-2.1657965748031494
11
0.0709537401574803
21
-2.1658680708661415
0
LINE
8
BLACK
6
CONTINUOUS
10
0.0709537401574803
20
-2.1658680708661415
11
0.0709074015748031
21
-2.1659186220472439
0
LINE
8
BLACK
6
CONTINUOUS
10
0.0709074015748031
20
-2.1659186220472439
11
0.0708096456692913
21
-2.1660837007874014
0
LINE
8
BLACK
6
CONTINUOUS
10
0.0708096456692913
20
-2.1660837007874014
11
0.0704788188976378
21
-2.1663866141732284
0
LINE
8
BLACK
6
CONTINUOUS
10
0.0704788188976378
20
-2.1663866141732284
11
0.0701756299212598
21
-2.1667177559055117
0
LINE
8
BLACK
6
CONTINUOUS
10
0.0701756299212598
20
-2.1667177559055117
11
0.0700566535433071
21
-2.1667732283464565
0
LINE
8
BLACK
6
CONTINUOUS
10
0.0700566535433071
20
-2.1667732283464565
11
0.06996
21
-2.166861811023622
0
LINE
8
BLACK
6
CONTINUOUS
10
0.06996
20
-2.166861811023622
11
0.0695385039370079
21
-2.1670150393700789
0
LINE
8
BLACK
6
CONTINUOUS
10
0.0695385039370079
20
-2.1670150393700789
11
0.0691316141732283
21
-2.1672049606299213
0
LINE
8
BLACK
6
CONTINUOUS
10
0.0691316141732283
20
-2.1672049606299213
11
0.0690004330708661
21
-2.1672107086614174
0
LINE
8
BLACK
6
CONTINUOUS
10
0.0690004330708661
20
-2.1672107086614174
11
0.0688772834645669
21
-2.1672555118110237
0
LINE
8
BLACK
6
CONTINUOUS
10
0.0688772834645669
20
-2.1672555118110237
11
0.0684291732283464
21
-2.1672358267716536
0
LINE
8
BLACK
6
CONTINUOUS
10
0.0684291732283464
20
-2.1672358267716536
11
0.0679805905511811
21
-2.1672555511811025
0
LINE
8
BLACK
6
CONTINUOUS
10
0.0679805905511811
20
-2.1672555511811025
11
0.0678572834645669
21
-2.1672107086614174
0
LINE
8
BLACK
6
CONTINUOUS
10
0.0678572834645669
20
-2.1672107086614174
11
0.0677262598425197
21
-2.1672049606299213
0
LINE
8
BLACK
6
CONTINUOUS
10
0.0677262598425197
20
-2.1672049606299213
11
0.0673196062992126
21
-2.1670151574803147
0
LINE
8
BLACK
6
CONTINUOUS
10
0.0673196062992126
20
-2.1670151574803147
11
0.066897874015748
21
-2.166861811023622
0
LINE
8
BLACK
6
CONTINUOUS
10
0.066897874015748
20
-2.166861811023622
11
0.066801062992126
21
-2.166773149606299
0
LINE
8
BLACK
6
CONTINUOUS
10
0.066801062992126
20
-2.166773149606299
11
0.0666822440944882
21
-2.166717716535433
0
LINE
8
BLACK
6
CONTINUOUS
10
0.0666822440944882
20
-2.166717716535433
11
0.0663792913385827
21
-2.1663868897637797
0
LINE
8
BLACK
6
CONTINUOUS
10
0.0663792913385827
20
-2.1663868897637797
11
0.0660482283464567
21
-2.1660837401574802
0
LINE
8
BLACK
6
CONTINUOUS
10
0.0660482283464567
20
-2.1660837401574802
11
0.0659503543307087
21
-2.1659185433070864
0
LINE
8
BLACK
6
CONTINUOUS
10
0.0659503543307087
20
-2.1659185433070864
11
0.0659041338582677
21
-2.1658680708661415
0
LINE
8
BLACK
6
CONTINUOUS
10
0.0659041338582677
20
-2.1658680708661415
11
0.0658781496062992
21
-2.1657966929133856
0
LINE
8
BLACK
6
CONTINUOUS
10
0.0658781496062992
20
-2.1657966929133856
11
0.065753188976378
21
-2.1655857086614172
0
LINE
8
BLACK
6
CONTINUOUS
10
0.065753188976378
20
-2.1655857086614172
11
0.0582583464566929
21
-2.149525275590551
0
LINE
8
BLACK
6
CONTINUOUS
10
0.0582583464566929
20
-2.149525275590551
11
0.0582583464566929
21
-2.1755856299212599
0
LINE
8
BLACK
6
CONTINUOUS
10
0.0582583464566929
20
-2.1755856299212599
11
0.0582016141732283
21
-2.1761616929133858
0
LINE
8
BLACK
6
CONTINUOUS
10
0.0582016141732283
20
-2.1761616929133858
11
0.0577607086614173
21
-2.1772261023622046
0
LINE
8
BLACK
6
CONTINUOUS
10
0.0577607086614173
20
-2.1772261023622046
11
0.056946062992126
21
-2.1780407480314961
0
LINE
8
BLACK
6
CONTINUOUS
10
0.056946062992126
20
-2.1780407480314961
11
0.0558816535433071
21
-2.1784816535433071
0
LINE
8
BLACK
6
CONTINUOUS
10
0.0558816535433071
20
-2.1784816535433071
11
0.0547295275590551
21
-2.1784816535433071
0
LINE
8
BLACK
6
CONTINUOUS
10
0.0547295275590551
20
-2.1784816535433071
11
0.0536651181102362
21
-2.1780407480314961
0
LINE
8
BLACK
6
CONTINUOUS
10
0.0536651181102362
20
-2.1780407480314961
11
0.0528504724409449
21
-2.1772261023622046
0
LINE
8
BLACK
6
CONTINUOUS
10
0.0528504724409449
20
-2.1772261023622046
11
0.0524095669291339
21
-2.1761616929133858
0
LINE
8
BLACK
6
CONTINUOUS
10
0.0524095669291339
20
-2.1761616929133858
11
0.0523528346456693
21
-2.1755856299212599
0
LINE
8
BLACK
6
CONTINUOUS
10
0.0523528346456693
20
-2.1755856299212599
11
0.0523528346456693
21
-2.1362155511811025
0
LINE
8
BLACK
6
CONTINUOUS
10
0.0523528346456693
20
-2.1362155511811025
11
0.0523901181102362
21
-2.1358367322834644
0
LINE
8
BLACK
6
CONTINUOUS
10
0.0523901181102362
20
-2.1358367322834644
11
0.0523870866141732
21
-2.1357672047244094
0
LINE
8
BLACK
6
CONTINUOUS
10
0.0523870866141732
20
-2.1357672047244094
11
0.0524006299212598
21
-2.1357298425196851
0
LINE
8
BLACK
6
CONTINUOUS
10
0.0524006299212598
20
-2.1357298425196851
11
0.0524095669291339
21
-2.1356394881889762
0
LINE
8
BLACK
6
CONTINUOUS
10
0.0524095669291339
20
-2.1356394881889762
11
0.0526056692913386
21
-2.1351659842519686
0
LINE
8
BLACK
6
CONTINUOUS
10
0.0526056692913386
20
-2.1351659842519686
11
0.0527807874015748
21
-2.1346844881889764
0
LINE
8
BLACK
6
CONTINUOUS
10
0.0527807874015748
20
-2.1346844881889764
11
0.0528252362204724
21
-2.1346359055118111
0
LINE
8
BLACK
6
CONTINUOUS
10
0.0528252362204724
20
-2.1346359055118111
11
0.0528504724409449
21
-2.1345750787401574
0
LINE
8
BLACK
6
CONTINUOUS
10
0.0528504724409449
20
-2.1345750787401574
11
0.053212874015748
21
-2.1342126377952755
0
LINE
8
BLACK
6
CONTINUOUS
10
0.053212874015748
20
-2.1342126377952755
11
0.0535588976377953
21
-2.1338348425196849
0
LINE
8
BLACK
6
CONTINUOUS
10
0.0535588976377953
20
-2.1338348425196849
11
0.0536185433070866
21
-2.1338069685039369
0
LINE
8
BLACK
6
CONTINUOUS
10
0.0536185433070866
20
-2.1338069685039369
11
0.0536651181102362
21
-2.1337604330708659
0
LINE
8
BLACK
6
CONTINUOUS
10
0.0536651181102362
20
-2.1337604330708659
11
0.0541383858267717
21
-2.1335643700787399
0
LINE
8
BLACK
6
CONTINUOUS
10
0.0541383858267717
20
-2.1335643700787399
11
0.0546029133858268
21
-2.1333475984251966
0
LINE
8
BLACK
6
CONTINUOUS
10
0.0546029133858268
20
-2.1333475984251966
11
0.0546687007874016
21
-2.1333446850393702
0
LINE
8
BLACK
6
CONTINUOUS
10
0.0546687007874016
20
-2.1333446850393702
11
0.0547295275590551
21
-2.1333195275590549
0
LINE
8
BLACK
6
CONTINUOUS
10
0.0547295275590551
20
-2.1333195275590549
11
0.0552420866141732
21
-2.1333195275590549
0
LINE
8
BLACK
6
CONTINUOUS
10
0.0552420866141732
20
-2.1333195275590549
11
0.055753937007874
21
-2.1332970472440946
0
LINE
8
BLACK
6
CONTINUOUS
10
0.055753937007874
20
-2.1332970472440946
11
0.0558157480314961
21
-2.1333195275590549
0
LINE
8
BLACK
6
CONTINUOUS
10
0.0558157480314961
20
-2.1333195275590549
11
0.0558816535433071
21
-2.1333195275590549
0
LINE
8
BLACK
6
CONTINUOUS
10
0.0558816535433071
20
-2.1333195275590549
11
0.0563551181102362
21
-2.1335156299212596
0
LINE
8
BLACK
6
CONTINUOUS
10
0.0563551181102362
20
-2.1335156299212596
11
0.0568366535433071
21
-2.1336907480314959
0
LINE
8
BLACK
6
CONTINUOUS
10
0.0568366535433071
20
-2.1336907480314959
11
0.0568851968503937
21
-2.1337351968503935
0
LINE
8
BLACK
6
CONTINUOUS
10
0.0568851968503937
20
-2.1337351968503935
11
0.056946062992126
21
-2.1337604330708659
0
LINE
8
BLACK
6
CONTINUOUS
10
0.056946062992126
20
-2.1337604330708659
11
0.0573084645669291
21
-2.1341228346456691
0
LINE
8
BLACK
6
CONTINUOUS
10
0.0573084645669291
20
-2.1341228346456691
11
0.0576862992125984
21
-2.1344688582677165
0
LINE
8
BLACK
6
CONTINUOUS
10
0.0576862992125984
20
-2.1344688582677165
11
0.0577325196850394
21
-2.1345468897637794
0
LINE
8
BLACK
6
CONTINUOUS
10
0.0577325196850394
20
-2.1345468897637794
11
0.0577607086614173
21
-2.1345750787401574
0
LINE
8
BLACK
6
CONTINUOUS
10
0.0577607086614173
20
-2.1345750787401574
11
0.0577874015748032
21
-2.1346394881889763
0
LINE
8
BLACK
6
CONTINUOUS
10
0.0577874015748032
20
-2.1346394881889763
11
0.0579813385826772
21
-2.1349668897637795
0
LINE
8
BLACK
6
CONTINUOUS
10
0.0579813385826772
20
-2.1349668897637795
11
0.0684288976377953
21
-2.1573545669291336
0
LINE
8
BLACK
6
CONTINUOUS
10
0.0684288976377953
20
-2.1573545669291336
11
0.0788765354330709
21
-2.1349668503937007
0
LINE
8
BLACK
6
CONTINUOUS
10
0.0788765354330709
20
-2.1349668503937007
11
0.0790705118110236
21
-2.1346393700787401
0
LINE
8
BLACK
6
CONTINUOUS
10
0.0790705118110236
20
-2.1346393700787401
11
0.0790971653543307
21
-2.1345750787401574
0
LINE
8
BLACK
6
CONTINUOUS
10
0.0790971653543307
20
-2.1345750787401574
11
0.0791252755905512
21
-2.1345469291338581
0
LINE
8
BLACK
6
CONTINUOUS
10
0.0791252755905512
20
-2.1345469291338581
11
0.0791715748031496
21
-2.1344688188976377
0
LINE
8
BLACK
6
CONTINUOUS
10
0.0791715748031496
20
-2.1344688188976377
11
0.0795496456692913
21
-2.1341225590551183
0
LINE
8
BLACK
6
CONTINUOUS
10
0.0795496456692913
20
-2.1341225590551183
11
0.079911811023622
21
-2.1337604330708659
0
LINE
8
BLACK
6
CONTINUOUS
10
0.079911811023622
20
-2.1337604330708659
11
0.0799726377952756
21
-2.1337352362204722
0
LINE
8
BLACK
6
CONTINUOUS
10
0.0799726377952756
20
-2.1337352362204722
11
0.0800212204724409
21
-2.1336907480314959
0
LINE
8
BLACK
6
CONTINUOUS
10
0.0800212204724409
20
-2.1336907480314959
11
0.080503031496063
21
-2.1335155118110234
0
LINE
8
BLACK
6
CONTINUOUS
10
0.080503031496063
20
-2.1335155118110234
11
0.0809762204724409
21
-2.1333195275590549
0
LINE
8
BLACK
6
CONTINUOUS
10
0.0809762204724409
20
-2.1333195275590549
11
0.0810420078740157
21
-2.1333195275590549
0
LINE
8
BLACK
6
CONTINUOUS
10
0.0810420078740157
20
-2.1333195275590549
11
0.081103937007874
21
-2.1332970078740159
0
LINE
8
BLACK
6
CONTINUOUS
10
0.081103937007874
20
-2.1332970078740159
11
0.0816162992125984
21
-2.1333195275590549
0
LINE
8
BLACK
6
CONTINUOUS
10
0.1019404330708661
20
-2.1468837795275588
11
0.1027550787401575
21
-2.1476984251968503
0
LINE
8
BLACK
6
CONTINUOUS
10
0.1027550787401575
20
-2.1476984251968503
11
0.1031959842519685
21
-2.1487628346456691
0
LINE
8
BLACK
6
CONTINUOUS
10
0.1031959842519685
20
-2.1487628346456691
11
0.1032527165354331
21
-2.1493388976377954
0
LINE
8
BLACK
6
CONTINUOUS
10
0.1032527165354331
20
-2.1493388976377954
11
0.1032527165354331
21
-2.1755856299212599
0
LINE
8
BLACK
6
CONTINUOUS
10
0.1032527165354331
20
-2.1755856299212599
11
0.1031959842519685
21
-2.1761616929133858
0
LINE
8
BLACK
6
CONTINUOUS
10
0.1031959842519685
20
-2.1761616929133858
11
0.1027550787401575
21
-2.1772261023622046
0
LINE
8
BLACK
6
CONTINUOUS
10
0.1027550787401575
20
-2.1772261023622046
11
0.1019404330708661
21
-2.1780407480314961
0
LINE
8
BLACK
6
CONTINUOUS
10
0.1019404330708661
20
-2.1780407480314961
11
0.1008760236220472
21
-2.1784816535433071
0
LINE
8
BLACK
6
CONTINUOUS
10
0.1008760236220472
20
-2.1784816535433071
11
0.0997238976377953
21
-2.1784816535433071
0
LINE
8
BLACK
6
CONTINUOUS
10
0.0997238976377953
20
-2.1784816535433071
11
0.0986594881889764
21
-2.1780407480314961
0
LINE
8
BLACK
6
CONTINUOUS
10
0.0986594881889764
20
-2.1780407480314961
11
0.097844842519685
21
-2.1772261023622046
0
LINE
8
BLACK
6
CONTINUOUS
10
0.097844842519685
20
-2.1772261023622046
11
0.097403937007874
21
-2.1761616929133858
0
LINE
8
BLACK
6
CONTINUOUS
10
0.097403937007874
20
-2.1761616929133858
11
0.0973472047244094
21
-2.1755856299212599
0
LINE
8
BLACK
6
CONTINUOUS
10
0.0973472047244094
20
-2.1755856299212599
11
0.0973472047244094
21
-2.1493388976377954
0
LINE
8
BLACK
6
CONTINUOUS
10
0.0973472047244094
20
-2.1493388976377954
11
0.097403937007874
21
-2.1487628346456691
0
LINE
8
BLACK
6
CONTINUOUS
10
0.097403937007874
20
-2.1487628346456691
11
0.097844842519685
21
-2.1476984251968503
0
LINE
8
BLACK
6
CONTINUOUS
10
0.097844842519685
20
-2.1476984251968503
11
0.0986594881889764
21
-2.1468837795275588
0
LINE
8
BLACK
6
CONTINUOUS
10
0.0986594881889764
20
-2.1468837795275588
11
0.0997238976377953
21
-2.1464428740157482
0
LINE
8
BLACK
6
CONTINUOUS
10
0.0997238976377953
20
-2.1464428740157482
11
0.1008760236220472
21
-2.1464428740157482
0
LINE
8
BLACK
6
CONTINUOUS
10
0.1008760236220472
20
-2.1464428740157482
11
0.1019404330708661
21
-2.1468837795275588
0
LINE
8
BLACK
6
CONTINUOUS
10
0.237733937007874
20
-2.1464428740157482
11
0.2378319291338583
21
-2.1464834645669293
0
LINE
8
BLACK
6
CONTINUOUS
10
0.2378319291338583
20
-2.1464834645669293
11
0.2379377559055118
21
-2.1464909842519684
0
LINE
8
BLACK
6
CONTINUOUS
10
0.2379377559055118
20
-2.1464909842519684
11
0.2384783858267716
21
-2.1466978740157479
0
LINE
8
BLACK
6
CONTINUOUS
10
0.2384783858267716
20
-2.1466978740157479
11
0.2422279133858268
21
-2.1485726377952754
0
LINE
8
BLACK
6
CONTINUOUS
10
0.2422279133858268
20
-2.1485726377952754
11
0.2423242519685039
21
-2.1486332677165354
0
LINE
8
BLACK
6
CONTINUOUS
10
0.2423242519685039
20
-2.1486332677165354
11
0.2423696850393701
21
-2.1486484251968503
0
LINE
8
BLACK
6
CONTINUOUS
10
0.2423696850393701
20
-2.1486484251968503
11
0.2424262204724409
21
-2.1486974409448818
0
LINE
8
BLACK
6
CONTINUOUS
10
0.2424262204724409
20
-2.1486974409448818
11
0.2427177952755905
21
-2.1488809842519685
0
LINE
8
BLACK
6
CONTINUOUS
10
0.2427177952755905
20
-2.1488809842519685
11
0.2429603543307086
21
-2.1491606692913385
0
LINE
8
BLACK
6
CONTINUOUS
10
0.2429603543307086
20
-2.1491606692913385
11
0.2432400787401575
21
-2.1494032677165356
0
LINE
8
BLACK
6
CONTINUOUS
10
0.2432400787401575
20
-2.1494032677165356
11
0.2434235826771654
21
-2.1496948031496061
0
LINE
8
BLACK
6
CONTINUOUS
10
0.2434235826771654
20
-2.1496948031496061
11
0.2434726377952756
21
-2.1497513779527559
0
LINE
8
BLACK
6
CONTINUOUS
10
0.2434726377952756
20
-2.1497513779527559
11
0.2434877559055118
21
-2.1497967716535431
0
LINE
8
BLACK
6
CONTINUOUS
10
0.2434877559055118
20
-2.1497967716535431
11
0.2435484251968504
21
-2.149893149606299
0
LINE
8
BLACK
6
CONTINUOUS
10
0.2435484251968504
20
-2.149893149606299
11
0.2454231889763779
21
-2.1536426771653541
0
LINE
8
BLACK
6
CONTINUOUS
10
0.2454231889763779
20
-2.1536426771653541
11
0.2456300787401575
21
-2.1541832677165353
0
LINE
8
BLACK
6
CONTINUOUS
10
0.2456300787401575
20
-2.1541832677165353
11
0.2456375984251968
21
-2.1542891338582675
0
LINE
8
BLACK
6
CONTINUOUS
10
0.2456375984251968
20
-2.1542891338582675
11
0.2456781889763779
21
-2.1543871259842517
0
LINE
8
BLACK
6
CONTINUOUS
10
0.2456781889763779
20
-2.1543871259842517
11
0.2457349212598425
21
-2.1549631889763781
0
LINE
8
BLACK
6
CONTINUOUS
10
0.2457349212598425
20
-2.1549631889763781
11
0.2457349212598425
21
-2.1755856299212599
0
LINE
8
BLACK
6
CONTINUOUS
10
0.2457349212598425
20
-2.1755856299212599
11
0.2456781889763779
21
-2.1761616929133858
0
LINE
8
BLACK
6
CONTINUOUS
10
0.2456781889763779
20
-2.1761616929133858
11
0.2452372834645669
21
-2.1772261023622046
0
LINE
8
BLACK
6
CONTINUOUS
10
0.2452372834645669
20
-2.1772261023622046
11
0.2444226377952756
21
-2.1780407480314961
0
LINE
8
BLACK
6
CONTINUOUS
10
0.2444226377952756
20
-2.1780407480314961
11
0.2433582283464567
21
-2.1784816535433071
0
LINE
8
BLACK
6
CONTINUOUS
10
0.2433582283464567
20
-2.1784816535433071
11
0.2422061023622047
21
-2.1784816535433071
0
LINE
8
BLACK
6
CONTINUOUS
10
0.2422061023622047
20
-2.1784816535433071
11
0.2411416929133858
21
-2.1780407480314961
0
LINE
8
BLACK
6
CONTINUOUS
10
0.2411416929133858
20
-2.1780407480314961
11
0.2403270472440945
21
-2.1772261023622046
0
LINE
8
BLACK
6
CONTINUOUS
10
0.2403270472440945
20
-2.1772261023622046
11
0.2398861417322835
21
-2.1761616929133858
0
LINE
8
BLACK
6
CONTINUOUS
10
0.2398861417322835
20
-2.1761616929133858
11
0.2398294094488189
21
-2.1755856299212599
0
LINE
8
BLACK
6
CONTINUOUS
10
0.2398294094488189
20
-2.1755856299212599
11
0.2398294094488189
21
-2.1556602362204722
0
LINE
8
BLACK
6
CONTINUOUS
10
0.2398294094488189
20
-2.1556602362204722
11
0.2387065354330709
21
-2.1534144881889765
0
LINE
8
BLACK
6
CONTINUOUS
10
0.2387065354330709
20
-2.1534144881889765
11
0.2364608267716535
21
-2.152291653543307
0
LINE
8
BLACK
6
CONTINUOUS
10
0.2364608267716535
20
-2.152291653543307
11
0.2322306299212598
21
-2.152291653543307
0
LINE
8
BLACK
6
CONTINUOUS
10
0.2322306299212598
20
-2.152291653543307
11
0.2295331496062992
21
-2.1536403937007873
0
LINE
8
BLACK
6
CONTINUOUS
10
0.2295331496062992
20
-2.1536403937007873
11
0.2288620472440945
21
-2.1543114960629919
0
LINE
8
BLACK
6
CONTINUOUS
10
0.2288620472440945
20
-2.1543114960629919
11
0.2288620472440945
21
-2.1755856299212599
0
LINE
8
BLACK
6
CONTINUOUS
10
0.2288620472440945
20
-2.1755856299212599
11
0.2288053149606299
21
-2.1761616929133858
0
LINE
8
BLACK
6
CONTINUOUS
10
0.2288053149606299
20
-2.1761616929133858
11
0.2283644094488189
21
-2.1772261023622046
0
LINE
8
BLACK
6
CONTINUOUS
10
0.2283644094488189
20
-2.1772261023622046
11
0.2275497637795275
21
-2.1780407480314961
0
LINE
8
BLACK
6
CONTINUOUS
10
0.2275497637795275
20
-2.1780407480314961
11
0.2264853543307087
21
-2.1784816535433071
0
LINE
8
BLACK
6
CONTINUOUS
10
0.2264853543307087
20
-2.1784816535433071
11
0.2253332283464567
21
-2.1784816535433071
0
LINE
8
BLACK
6
CONTINUOUS
10
0.2253332283464567
20
-2.1784816535433071
11
0.2242688188976378
21
-2.1780407480314961
0
LINE
8
BLACK
6
CONTINUOUS
10
0.2242688188976378
20
-2.1780407480314961
11
0.2234541732283465
21
-2.1772261023622046
0
LINE
8
BLACK
6
CONTINUOUS
10
0.2234541732283465
20
-2.1772261023622046
11
0.2230132677165354
21
-2.1761616929133858
0
LINE
8
BLACK
6
CONTINUOUS
10
0.2230132677165354
20
-2.1761616929133858
11
0.2229565354330709
21
-2.1755856299212599
0
LINE
8
BLACK
6
CONTINUOUS
10
0.2229565354330709
20
-2.1755856299212599
11
0.2229565354330709
21
-2.1493388976377954
0
LINE
8
BLACK
6
CONTINUOUS
10
0.2229565354330709
20
-2.1493388976377954
11
0.2230132677165354
21
-2.1487628346456691
0
LINE
8
BLACK
6
CONTINUOUS
10
0.2230132677165354
20
-2.1487628346456691
11
0.2234541732283465
21
-2.1476984251968503
0
LINE
8
BLACK
6
CONTINUOUS
10
0.2234541732283465
20
-2.1476984251968503
11
0.2242688188976378
21
-2.1468837795275588
0
LINE
8
BLACK
6
CONTINUOUS
10
0.2242688188976378
20
-2.1468837795275588
11
0.2253332283464567
21
-2.1464428740157482
0
LINE
8
BLACK
6
CONTINUOUS
10
0.2253332283464567
20
-2.1464428740157482
11
0.2264853543307087
21
-2.1464428740157482
0
LINE
8
BLACK
6
CONTINUOUS
10
0.2264853543307087
20
-2.1464428740157482
11
0.2275497637795275
21
-2.1468837795275588
0
LINE
8
BLACK
6
CONTINUOUS
10
0.2275497637795275
20
-2.1468837795275588
11
0.2283135826771653
21
-2.1476475984251966
0
LINE
8
BLACK
6
CONTINUOUS
10
0.2283135826771653
20
-2.1476475984251966
11
0.2302130708661417
21
-2.1466978740157479
0
LINE
8
BLACK
6
CONTINUOUS
10
0.2302130708661417
20
-2.1466978740157479
11
0.2307536614173228
21
-2.1464909842519684
0
LINE
8
BLACK
6
CONTINUOUS
10
0.2307536614173228
20
-2.1464909842519684
11
0.2308595275590551
21
-2.1464834251968505
0
LINE
8
BLACK
6
CONTINUOUS
10
0.2308595275590551
20
-2.1464834251968505
11
0.2309575196850394
21
-2.1464428740157482
0
LINE
8
BLACK
6
CONTINUOUS
10
0.2309575196850394
20
-2.1464428740157482
11
0.2315335826771653
21
-2.1463861417322834
0
LINE
8
BLACK
6
CONTINUOUS
10
0.2315335826771653
20
-2.1463861417322834
11
0.237157874015748
21
-2.1463861417322834
0
LINE
8
BLACK
6
CONTINUOUS
10
0.237157874015748
20
-2.1463861417322834
11
0.237733937007874
21
-2.1464428740157482
0
LINE
8
BLACK
6
CONTINUOUS
10
0.9364028346456693
20
-1.8667890157480314
11
0.9374672440944881
21
-1.8672299212598424
0
LINE
8
BLACK
6
CONTINUOUS
10
0.9374672440944881
20
-1.8672299212598424
11
0.9382818897637795
21
-1.8680445669291339
0
LINE
8
BLACK
6
CONTINUOUS
10
0.9382818897637795
20
-1.8680445669291339
11
0.9387227952755905
21
-1.8691089763779527
0
LINE
8
BLACK
6
CONTINUOUS
10
0.9387227952755905
20
-1.8691089763779527
11
0.9387795275590551
21
-1.8696850393700788
0
LINE
8
BLACK
6
CONTINUOUS
10
0.9387795275590551
20
-1.8696850393700788
11
0.9387795275590551
21
-2.1696850393700786
0
LINE
8
BLACK
6
CONTINUOUS
10
0.9387795275590551
20
-2.1696850393700786
11
0.9387227952755905
21
-2.1702611023622045
0
LINE
8
BLACK
6
CONTINUOUS
10
0.9387227952755905
20
-2.1702611023622045
11
0.9382818897637795
21
-2.1713255118110237
0
LINE
8
BLACK
6
CONTINUOUS
10
0.9382818897637795
20
-2.1713255118110237
11
0.9374672440944881
21
-2.1721401574803147
0
LINE
8
BLACK
6
CONTINUOUS
10
0.9374672440944881
20
-2.1721401574803147
11
0.9364028346456693
21
-2.1725810629921258
0
LINE
8
BLACK
6
CONTINUOUS
10
0.9364028346456693
20
-2.1725810629921258
11
0.9358267716535433
21
-2.1726377952755906
0
LINE
8
BLACK
6
CONTINUOUS
10
0.9358267716535433
20
-2.1726377952755906
11
0.7358267716535433
21
-2.1726377952755906
0
LINE
8
BLACK
6
CONTINUOUS
10
0.7358267716535433
20
-2.1726377952755906
11
0.7352507086614173
21
-2.1725810629921258
0
LINE
8
BLACK
6
CONTINUOUS
10
0.7352507086614173
20
-2.1725810629921258
11
0.7341862992125984
21
-2.1721401574803147
0
LINE
8
BLACK
6
CONTINUOUS
10
0.7341862992125984
20
-2.1721401574803147
11
0.733371653543307
21
-2.1713255118110237
0
LINE
8
BLACK
6
CONTINUOUS
10
0.733371653543307
20
-2.1713255118110237
11
0.732930748031496
21
-2.1702611023622045
0
LINE
8
BLACK
6
CONTINUOUS
10
0.732930748031496
20
-2.1702611023622045
11
0.7328740157480315
21
-2.1696850393700786
0
LINE
8
BLACK
6
CONTINUOUS
10
0.7328740157480315
20
-2.1696850393700786
11
0.7328740157480315
21
-1.8696850393700788
0
LINE
8
BLACK
6
CONTINUOUS
10
0.7328740157480315
20
-1.8696850393700788
11
0.732930748031496
21
-1.8691089763779527
0
LINE
8
BLACK
6
CONTINUOUS
10
0.732930748031496
20
-1.8691089763779527
11
0.733371653543307
21
-1.8680445669291339
0
LINE
8
BLACK
6
CONTINUOUS
10
0.733371653543307
20
-1.8680445669291339
11
0.7341862992125984
21
-1.8672299212598424
0
LINE
8
BLACK
6
CONTINUOUS
10
0.7341862992125984
20
-1.8672299212598424
11
0.7352507086614173
21
-1.8667890157480314
0
LINE
8
BLACK
6
CONTINUOUS
10
0.7352507086614173
20
-1.8667890157480314
11
0.7358267716535433
21
-1.866732283464567
0
LINE
8
BLACK
6
CONTINUOUS
10
0.7358267716535433
20
-1.866732283464567
11
0.9358267716535433
21
-1.866732283464567
0
LINE
8
BLACK
6
CONTINUOUS
10
0.9358267716535433
20
-1.866732283464567
11
0.9364028346456693
21
-1.8667890157480314
0
LINE
8
BLACK
6
CONTINUOUS
10
0.7387795275590551
20
-1.8726377952755906
11
0.7387795275590551
21
-2.166732283464567
0
LINE
8
BLACK
6
CONTINUOUS
10
0.7387795275590551
20
-2.166732283464567
11
0.9328740157480315
21
-2.166732283464567
0
LINE
8
BLACK
6
CONTINUOUS
10
0.9328740157480315
20
-2.166732283464567
11
0.9328740157480315
21
-1.8726377952755906
0
LINE
8
BLACK
6
CONTINUOUS
10
0.9328740157480315
20
-1.8726377952755906
11
0.7387795275590551
21
-1.8726377952755906
0
LINE
8
BLACK
6
CONTINUOUS
10
-0.1981903149606299
20
-2.1336907480314959
11
-0.1980220866141732
21
-2.1337604330708659
0
LINE
8
BLACK
6
CONTINUOUS
10
-0.1980220866141732
20
-2.1337604330708659
11
-0.1975746456692913
21
-2.1341276377952756
0
LINE
8
BLACK
6
CONTINUOUS
10
-0.1975746456692913
20
-2.1341276377952756
11
-0.1956998818897638
21
-2.1360024015748031
0
LINE
8
BLACK
6
CONTINUOUS
10
-0.1956998818897638
20
-2.1360024015748031
11
-0.1953326771653543
21
-2.1364498425196849
0
LINE
8
BLACK
6
CONTINUOUS
10
-0.1953326771653543
20
-2.1364498425196849
11
-0.1949124803149606
21
-2.1374642125984251
0
LINE
8
BLACK
6
CONTINUOUS
10
-0.1949124803149606
20
-2.1374642125984251
11
-0.1948917716535433
21
-2.1375142913385825
0
LINE
8
BLACK
6
CONTINUOUS
10
-0.1948917716535433
20
-2.1375142913385825
11
-0.1948917716535433
21
-2.1386663779527559
0
LINE
8
BLACK
6
CONTINUOUS
10
-0.1948917716535433
20
-2.1386663779527559
11
-0.1953326771653543
21
-2.1397307874015747
0
LINE
8
BLACK
6
CONTINUOUS
10
-0.1953326771653543
20
-2.1397307874015747
11
-0.1956998818897638
21
-2.1401782283464565
0
LINE
8
BLACK
6
CONTINUOUS
10
-0.1956998818897638
20
-2.1401782283464565
11
-0.1975746456692913
21
-2.1420529921259841
0
LINE
8
BLACK
6
CONTINUOUS
10
-0.1975746456692913
20
-2.1420529921259841
11
-0.1980220866141732
21
-2.1424201968503938
0
LINE
8
BLACK
6
CONTINUOUS
10
-0.1980220866141732
20
-2.1424201968503938
11
-0.1990864960629921
21
-2.1428611023622048
0
LINE
8
BLACK
6
CONTINUOUS
10
-0.1990864960629921
20
-2.1428611023622048
11
-0.1990865354330709
21
-2.1428611023622048
0
LINE
8
BLACK
6
CONTINUOUS
10
-0.1990865354330709
20
-2.1428611023622048
11
-0.2002385826771653
21
-2.1428611023622048
0
LINE
8
BLACK
6
CONTINUOUS
10
-0.2002385826771653
20
-2.1428611023622048
11
-0.2002386220472441
21
-2.1428611023622048
0
LINE
8
BLACK
6
CONTINUOUS
10
-0.2002386220472441
20
-2.1428611023622048
11
-0.201303031496063
21
-2.1424201968503938
0
LINE
8
BLACK
6
CONTINUOUS
10
-0.201303031496063
20
-2.1424201968503938
11
-0.2017504724409449
21
-2.1420529921259841
0
LINE
8
BLACK
6
CONTINUOUS
10
-0.2017504724409449
20
-2.1420529921259841
11
-0.2036252362204724
21
-2.1401782283464565
0
LINE
8
BLACK
6
CONTINUOUS
10
-0.2036252362204724
20
-2.1401782283464565
11
-0.2039924409448819
21
-2.1397307874015747
0
LINE
8
BLACK
6
CONTINUOUS
10
-0.2039924409448819
20
-2.1397307874015747
11
-0.2044333464566929
21
-2.1386663385826772
0
LINE
8
BLACK
6
CONTINUOUS
10
-0.2044333464566929
20
-2.1386663385826772
11
-0.2044333464566929
21
-2.1375142913385825
0
LINE
8
BLACK
6
CONTINUOUS
10
-0.2044333464566929
20
-2.1375142913385825
11
-0.2039924409448819
21
-2.1364498425196849
0
LINE
8
BLACK
6
CONTINUOUS
10
-0.2039924409448819
20
-2.1364498425196849
11
-0.2036252362204724
21
-2.1360024015748031
0
LINE
8
BLACK
6
CONTINUOUS
10
-0.2036252362204724
20
-2.1360024015748031
11
-0.2017504724409449
21
-2.1341276377952756
0
LINE
8
BLACK
6
CONTINUOUS
10
-0.2017504724409449
20
-2.1341276377952756
11
-0.201303031496063
21
-2.1337604330708659
0
LINE
8
BLACK
6
CONTINUOUS
10
-0.201303031496063
20
-2.1337604330708659
11
-0.2002386220472441
21
-2.1333195275590549
0
LINE
8
BLACK
6
CONTINUOUS
10
-0.2002386220472441
20
-2.1333195275590549
11
-0.1990865354330709
21
-2.1333195275590549
0
LINE
8
BLACK
6
CONTINUOUS
10
-0.1990865354330709
20
-2.1333195275590549
11
-0.1990864960629921
21
-2.1333195275590549
0
LINE
8
BLACK
6
CONTINUOUS
10
-0.1990864960629921
20
-2.1333195275590549
11
-0.1981903149606299
21
-2.1336907480314959
0
LINE
8
BLACK
6
CONTINUOUS
10
-0.081954842519685
20
-2.1336907480314959
11
-0.0817866141732283
21
-2.1337604330708659
0
LINE
8
BLACK
6
CONTINUOUS
10
-0.0817866141732283
20
-2.1337604330708659
11
-0.0813391732283465
21
-2.1341276377952756
0
LINE
8
BLACK
6
CONTINUOUS
10
-0.0813391732283465
20
-2.1341276377952756
11
-0.0794644094488189
21
-2.1360024015748031
0
LINE
8
BLACK
6
CONTINUOUS
10
-0.0794644094488189
20
-2.1360024015748031
11
-0.0790972047244095
21
-2.1364498425196849
0
LINE
8
BLACK
6
CONTINUOUS
10
-0.0790972047244095
20
-2.1364498425196849
11
-0.0786770078740157
21
-2.1374642125984251
0
LINE
8
BLACK
6
CONTINUOUS
10
-0.0786770078740157
20
-2.1374642125984251
11
-0.0786562992125984
21
-2.1375142913385825
0
LINE
8
BLACK
6
CONTINUOUS
10
-0.0786562992125984
20
-2.1375142913385825
11
-0.0786562992125984
21
-2.1386663779527559
0
LINE
8
BLACK
6
CONTINUOUS
10
-0.0786562992125984
20
-2.1386663779527559
11
-0.0790972047244095
21
-2.1397307874015747
0
LINE
8
BLACK
6
CONTINUOUS
10
-0.0790972047244095
20
-2.1397307874015747
11
-0.0794644094488189
21
-2.1401782283464565
0
LINE
8
BLACK
6
CONTINUOUS
10
-0.0794644094488189
20
-2.1401782283464565
11
-0.0813391732283465
21
-2.1420529921259841
0
LINE
8
BLACK
6
CONTINUOUS
10
-0.0813391732283465
20
-2.1420529921259841
11
-0.0817866141732283
21
-2.1424201968503938
0
LINE
8
BLACK
6
CONTINUOUS
10
-0.0817866141732283
20
-2.1424201968503938
11
-0.0828510236220472
21
-2.1428611023622048
0
LINE
8
BLACK
6
CONTINUOUS
10
-0.0828510236220472
20
-2.1428611023622048
11
-0.082851062992126
21
-2.1428611023622048
0
LINE
8
BLACK
6
CONTINUOUS
10
-0.082851062992126
20
-2.1428611023622048
11
-0.0840031102362205
21
-2.1428611023622048
0
LINE
8
BLACK
6
CONTINUOUS
10
-0.0840031102362205
20
-2.1428611023622048
11
-0.0840031496062992
21
-2.1428611023622048
0
LINE
8
BLACK
6
CONTINUOUS
10
-0.0840031496062992
20
-2.1428611023622048
11
-0.0850675590551181
21
-2.1424201968503938
0
LINE
8
BLACK
6
CONTINUOUS
10
-0.0850675590551181
20
-2.1424201968503938
11
-0.085515
21
-2.1420529921259841
0
LINE
8
BLACK
6
CONTINUOUS
10
-0.085515
20
-2.1420529921259841
11
-0.0873897637795276
21
-2.1401782283464565
0
LINE
8
BLACK
6
CONTINUOUS
10
-0.0873897637795276
20
-2.1401782283464565
11
-0.087756968503937
21
-2.1397307874015747
0
LINE
8
BLACK
6
CONTINUOUS
10
-0.087756968503937
20
-2.1397307874015747
11
-0.088197874015748
21
-2.1386663385826772
0
LINE
8
BLACK
6
CONTINUOUS
10
-0.088197874015748
20
-2.1386663385826772
11
-0.088197874015748
21
-2.1375142913385825
0
LINE
8
BLACK
6
CONTINUOUS
10
-0.088197874015748
20
-2.1375142913385825
11
-0.087756968503937
21
-2.1364498425196849
0
LINE
8
BLACK
6
CONTINUOUS
10
-0.087756968503937
20
-2.1364498425196849
11
-0.0873897637795276
21
-2.1360024015748031
0
LINE
8
BLACK
6
CONTINUOUS
10
-0.0873897637795276
20
-2.1360024015748031
11
-0.085515
21
-2.1341276377952756
0
LINE
8
BLACK
6
CONTINUOUS
10
-0.085515
20
-2.1341276377952756
11
-0.0850675590551181
21
-2.1337604330708659
0
LINE
8
BLACK
6
CONTINUOUS
10
-0.0850675590551181
20
-2.1337604330708659
11
-0.0840031496062992
21
-2.1333195275590549
0
LINE
8
BLACK
6
CONTINUOUS
10
-0.0840031496062992
20
-2.1333195275590549
11
-0.082851062992126
21
-2.1333195275590549
0
LINE
8
BLACK
6
CONTINUOUS
10
-0.082851062992126
20
-2.1333195275590549
11
-0.0828510236220472
21
-2.1333195275590549
0
LINE
8
BLACK
6
CONTINUOUS
10
-0.0828510236220472
20
-2.1333195275590549
11
-0.081954842519685
21
-2.1336907480314959
0
LINE
8
BLACK
6
CONTINUOUS
10
0.1017722047244094
20
-2.1336907480314959
11
0.1019404330708661
21
-2.1337604330708659
0
LINE
8
BLACK
6
CONTINUOUS
10
0.1019404330708661
20
-2.1337604330708659
11
0.102387874015748
21
-2.1341276377952756
0
LINE
8
BLACK
6
CONTINUOUS
10
0.102387874015748
20
-2.1341276377952756
11
0.1042626377952756
21
-2.1360024015748031
0
LINE
8
BLACK
6
CONTINUOUS
10
0.1042626377952756
20
-2.1360024015748031
11
0.104629842519685
21
-2.1364498425196849
0
LINE
8
BLACK
6
CONTINUOUS
10
0.104629842519685
20
-2.1364498425196849
11
0.1050500393700787
21
-2.1374642125984251
0
LINE
8
BLACK
6
CONTINUOUS
10
0.1050500393700787
20
-2.1374642125984251
11
0.1050707480314961
21
-2.1375142913385825
0
LINE
8
BLACK
6
CONTINUOUS
10
0.1050707480314961
20
-2.1375142913385825
11
0.1050707480314961
21
-2.1386663779527559
0
LINE
8
BLACK
6
CONTINUOUS
10
0.1050707480314961
20
-2.1386663779527559
11
0.104629842519685
21
-2.1397307874015747
0
LINE
8
BLACK
6
CONTINUOUS
10
0.104629842519685
20
-2.1397307874015747
11
0.1042626377952756
21
-2.1401782283464565
0
LINE
8
BLACK
6
CONTINUOUS
10
0.1042626377952756
20
-2.1401782283464565
11
0.102387874015748
21
-2.1420529921259841
0
LINE
8
BLACK
6
CONTINUOUS
10
0.102387874015748
20
-2.1420529921259841
11
0.1019404330708661
21
-2.1424201968503938
0
LINE
8
BLACK
6
CONTINUOUS
10
0.1019404330708661
20
-2.1424201968503938
11
0.1008760236220472
21
-2.1428611023622048
0
LINE
8
BLACK
6
CONTINUOUS
10
0.1008760236220472
20
-2.1428611023622048
11
0.1008759842519685
21
-2.1428611023622048
0
LINE
8
BLACK
6
CONTINUOUS
10
0.1008759842519685
20
-2.1428611023622048
11
0.099723937007874
21
-2.1428611023622048
0
LINE
8
BLACK
6
CONTINUOUS
10
0.099723937007874
20
-2.1428611023622048
11
0.0997238976377953
21
-2.1428611023622048
0
LINE
8
BLACK
6
CONTINUOUS
10
0.0997238976377953
20
-2.1428611023622048
11
0.0986594881889764
21
-2.1424201968503938
0
LINE
8
BLACK
6
CONTINUOUS
10
0.0986594881889764
20
-2.1424201968503938
11
0.0982120472440945
21
-2.1420529921259841
0
LINE
8
BLACK
6
CONTINUOUS
10
0.0982120472440945
20
-2.1420529921259841
11
0.0963372834645669
21
-2.1401782283464565
0
LINE
8
BLACK
6
CONTINUOUS
10
0.0963372834645669
20
-2.1401782283464565
11
0.0959700787401575
21
-2.1397307874015747
0
LINE
8
BLACK
6
CONTINUOUS
10
0.0959700787401575
20
-2.1397307874015747
11
0.0955291732283464
21
-2.1386663385826772
0
LINE
8
BLACK
6
CONTINUOUS
10
0.0955291732283464
20
-2.1386663385826772
11
0.0955291732283464
21
-2.1375142913385825
0
LINE
8
BLACK
6
CONTINUOUS
10
0.0955291732283464
20
-2.1375142913385825
11
0.0959700787401575
21
-2.1364498425196849
0
LINE
8
BLACK
6
CONTINUOUS
10
0.0959700787401575
20
-2.1364498425196849
11
0.0963372834645669
21
-2.1360024015748031
0
LINE
8
BLACK
6
CONTINUOUS
10
0.0963372834645669
20
-2.1360024015748031
11
0.0982120472440945
21
-2.1341276377952756
0
LINE
8
BLACK
6
CONTINUOUS
10
0.0982120472440945
20
-2.1341276377952756
11
0.0986594881889764
21
-2.1337604330708659
0
LINE
8
BLACK
6
CONTINUOUS
10
0.0986594881889764
20
-2.1337604330708659
11
0.0997238976377953
21
-2.1333195275590549
0
LINE
8
BLACK
6
CONTINUOUS
10
0.0997238976377953
20
-2.1333195275590549
11
0.1008759842519685
21
-2.1333195275590549
0
LINE
8
BLACK
6
CONTINUOUS
10
0.1008759842519685
20
-2.1333195275590549
11
0.1008760236220472
21
-2.1333195275590549
0
LINE
8
BLACK
6
CONTINUOUS
10
0.1008760236220472
20
-2.1333195275590549
11
0.1017722047244094
21
-2.1336907480314959
0
LINE
8
BLACK
6
CONTINUOUS
10
0.9932748818897638
20
-2.0881677165354331
11
0.993372874015748
21
-2.0882083070866142
0
LINE
8
BLACK
6
CONTINUOUS
10
0.993372874015748
20
-2.0882083070866142
11
0.9934787007874015
21
-2.0882158267716533
0
LINE
8
BLACK
6
CONTINUOUS
10
0.9934787007874015
20
-2.0882158267716533
11
0.9940193307086614
21
-2.0884227165354332
0
LINE
8
BLACK
6
CONTINUOUS
10
0.9940193307086614
20
-2.0884227165354332
11
0.9977688582677166
21
-2.0902974803149608
0
LINE
8
BLACK
6
CONTINUOUS
10
0.9977688582677166
20
-2.0902974803149608
11
0.9982587401574803
21
-2.0906058267716534
0
LINE
8
BLACK
6
CONTINUOUS
10
0.9982587401574803
20
-2.0906058267716534
11
0.9990135826771653
21
-2.0914762204724409
0
LINE
8
BLACK
6
CONTINUOUS
10
0.9990135826771653
20
-2.0914762204724409
11
0.9993779133858267
21
-2.0925691732283465
0
LINE
8
BLACK
6
CONTINUOUS
10
0.9993779133858267
20
-2.0925691732283465
11
0.9992962598425197
21
-2.0937183858267714
0
LINE
8
BLACK
6
CONTINUOUS
10
0.9992962598425197
20
-2.0937183858267714
11
0.9987809842519685
21
-2.0947488976377953
0
LINE
8
BLACK
6
CONTINUOUS
10
0.9987809842519685
20
-2.0947488976377953
11
0.9979106299212598
21
-2.0955037401574801
0
LINE
8
BLACK
6
CONTINUOUS
10
0.9979106299212598
20
-2.0955037401574801
11
0.9968176377952755
21
-2.0958680708661417
0
LINE
8
BLACK
6
CONTINUOUS
10
0.9968176377952755
20
-2.0958680708661417
11
0.9956684251968504
21
-2.0957864173228344
0
LINE
8
BLACK
6
CONTINUOUS
10
0.9956684251968504
20
-2.0957864173228344
11
0.9951278346456692
21
-2.095579527559055
0
LINE
8
BLACK
6
CONTINUOUS
10
0.9951278346456692
20
-2.095579527559055
11
0.9920017716535433
21
-2.0940164960629919
0
LINE
8
BLACK
6
CONTINUOUS
10
0.9920017716535433
20
-2.0940164960629919
11
0.9875536614173228
21
-2.0940164960629919
0
LINE
8
BLACK
6
CONTINUOUS
10
0.9875536614173228
20
-2.0940164960629919
11
0.9830452755905511
21
-2.0955192913385825
0
LINE
8
BLACK
6
CONTINUOUS
10
0.9830452755905511
20
-2.0955192913385825
11
0.9801274409448819
21
-2.098437125984252
0
LINE
8
BLACK
6
CONTINUOUS
10
0.9801274409448819
20
-2.098437125984252
11
0.9786119291338582
21
-2.1014681102362203
0
LINE
8
BLACK
6
CONTINUOUS
10
0.9786119291338582
20
-2.1014681102362203
11
0.976903937007874
21
-2.1083001574803149
0
LINE
8
BLACK
6
CONTINUOUS
10
0.976903937007874
20
-2.1083001574803149
11
0.976903937007874
21
-2.1131973622047244
0
LINE
8
BLACK
6
CONTINUOUS
10
0.976903937007874
20
-2.1131973622047244
11
0.9786119291338582
21
-2.120029409448819
0
LINE
8
BLACK
6
CONTINUOUS
10
0.9786119291338582
20
-2.120029409448819
11
0.9801274409448819
21
-2.1230603937007873
0
LINE
8
BLACK
6
CONTINUOUS
10
0.9801274409448819
20
-2.1230603937007873
11
0.9830452755905511
21
-2.1259782677165355
0
LINE
8
BLACK
6
CONTINUOUS
10
0.9830452755905511
20
-2.1259782677165355
11
0.9875536614173228
21
-2.1274810629921261
0
LINE
8
BLACK
6
CONTINUOUS
10
0.9875536614173228
20
-2.1274810629921261
11
0.9903449212598425
21
-2.1274810629921261
0
LINE
8
BLACK
6
CONTINUOUS
10
0.9903449212598425
20
-2.1274810629921261
11
0.9948533070866141
21
-2.1259782283464568
0
LINE
8
BLACK
6
CONTINUOUS
10
0.9948533070866141
20
-2.1259782283464568
11
0.9953703543307086
21
-2.125461181102362
0
LINE
8
BLACK
6
CONTINUOUS
10
0.9953703543307086
20
-2.125461181102362
11
0.9953703543307086
21
-2.116513661417323
0
LINE
8
BLACK
6
CONTINUOUS
10
0.9953703543307086
20
-2.116513661417323
11
0.9908240551181102
21
-2.116513661417323
0
LINE
8
BLACK
6
CONTINUOUS
10
0.9908240551181102
20
-2.116513661417323
11
0.9902479921259842
21
-2.1164569291338582
0
LINE
8
BLACK
6
CONTINUOUS
10
0.9902479921259842
20
-2.1164569291338582
11
0.9891835826771653
21
-2.1160160236220471
0
LINE
8
BLACK
6
CONTINUOUS
10
0.9891835826771653
20
-2.1160160236220471
11
0.988368937007874
21
-2.1152013779527556
0
LINE
8
BLACK
6
CONTINUOUS
10
0.988368937007874
20
-2.1152013779527556
11
0.987928031496063
21
-2.1141369685039368
0
LINE
8
BLACK
6
CONTINUOUS
10
0.987928031496063
20
-2.1141369685039368
11
0.987928031496063
21
-2.1129848425196851
0
LINE
8
BLACK
6
CONTINUOUS
10
0.987928031496063
20
-2.1129848425196851
11
0.988368937007874
21
-2.1119204330708663
0
LINE
8
BLACK
6
CONTINUOUS
10
0.988368937007874
20
-2.1119204330708663
11
0.9891835826771653
21
-2.1111057874015748
0
LINE
8
BLACK
6
CONTINUOUS
10
0.9891835826771653
20
-2.1111057874015748
11
0.9902479921259842
21
-2.1106648818897638
0
LINE
8
BLACK
6
CONTINUOUS
10
0.9902479921259842
20
-2.1106648818897638
11
0.9908240551181102
21
-2.1106081496062989
0
LINE
8
BLACK
6
CONTINUOUS
10
0.9908240551181102
20
-2.1106081496062989
11
0.9983231102362204
21
-2.1106081496062989
0
LINE
8
BLACK
6
CONTINUOUS
10
0.9983231102362204
20
-2.1106081496062989
11
0.9988991732283464
21
-2.1106648818897638
0
LINE
8
BLACK
6
CONTINUOUS
10
0.9988991732283464
20
-2.1106648818897638
11
0.9999635826771653
21
-2.1111057874015748
0
LINE
8
BLACK
6
CONTINUOUS
10
0.9999635826771653
20
-2.1111057874015748
11
1.0007782283464566
21
-2.1119204330708663
0
LINE
8
BLACK
6
CONTINUOUS
10
1.0007782283464566
20
-2.1119204330708663
11
1.0012191338582677
21
-2.1129848425196851
0
LINE
8
BLACK
6
CONTINUOUS
10
1.0012191338582677
20
-2.1129848425196851
11
1.0012758661417323
21
-2.113560905511811
0
LINE
8
BLACK
6
CONTINUOUS
10
1.0012758661417323
20
-2.113560905511811
11
1.0012758661417323
21
-2.1266842519685039
0
LINE
8
BLACK
6
CONTINUOUS
10
1.0012758661417323
20
-2.1266842519685039
11
1.0012191338582677
21
-2.1272603149606297
0
LINE
8
BLACK
6
CONTINUOUS
10
1.0012191338582677
20
-2.1272603149606297
11
1.0010649212598426
21
-2.1276325984251967
0
LINE
8
BLACK
6
CONTINUOUS
10
1.0010649212598426
20
-2.1276325984251967
11
1.0007782677165353
21
-2.1283246850393702
0
LINE
8
BLACK
6
CONTINUOUS
10
1.0007782677165353
20
-2.1283246850393702
11
1.0004110236220471
21
-2.1287721653543308
0
LINE
8
BLACK
6
CONTINUOUS
10
1.0004110236220471
20
-2.1287721653543308
11
0.9985362992125985
21
-2.1306469291338583
0
LINE
8
BLACK
6
CONTINUOUS
10
0.9985362992125985
20
-2.1306469291338583
11
0.9980888188976378
21
-2.1310141732283463
0
LINE
8
BLACK
6
CONTINUOUS
10
0.9980888188976378
20
-2.1310141732283463
11
0.997990748031496
21
-2.1310547637795274
0
LINE
8
BLACK
6
CONTINUOUS
10
0.997990748031496
20
-2.1310547637795274
11
0.9979106299212598
21
-2.1311242913385828
0
LINE
8
BLACK
6
CONTINUOUS
10
0.9979106299212598
20
-2.1311242913385828
11
0.9973820866141732
21
-2.1313602755905512
0
LINE
8
BLACK
6
CONTINUOUS
10
0.9973820866141732
20
-2.1313602755905512
11
0.9917577952755905
21
-2.1332350393700787
0
LINE
8
BLACK
6
CONTINUOUS
10
0.9917577952755905
20
-2.1332350393700787
11
0.9914722047244094
21
-2.133299960629921
0
LINE
8
BLACK
6
CONTINUOUS
10
0.9914722047244094
20
-2.133299960629921
11
0.9914001181102362
21
-2.1333298425196849
0
LINE
8
BLACK
6
CONTINUOUS
10
0.9914001181102362
20
-2.1333298425196849
11
0.9912955905511811
21
-2.1333401181102363
0
LINE
8
BLACK
6
CONTINUOUS
10
0.9912955905511811
20
-2.1333401181102363
11
0.9911933464566929
21
-2.1333633858267715
0
LINE
8
BLACK
6
CONTINUOUS
10
0.9911933464566929
20
-2.1333633858267715
11
0.991115590551181
21
-2.1333578346456692
0
LINE
8
BLACK
6
CONTINUOUS
10
0.991115590551181
20
-2.1333578346456692
11
0.9908240551181102
21
-2.1333865748031497
0
LINE
8
BLACK
6
CONTINUOUS
10
0.9908240551181102
20
-2.1333865748031497
11
0.9870745275590551
21
-2.1333865748031497
0
LINE
8
BLACK
6
CONTINUOUS
10
0.9870745275590551
20
-2.1333865748031497
11
0.9867829133858268
21
-2.1333578346456692
0
LINE
8
BLACK
6
CONTINUOUS
10
0.9867829133858268
20
-2.1333578346456692
11
0.9867051968503937
21
-2.1333633858267715
0
LINE
8
BLACK
6
CONTINUOUS
10
0.9867051968503937
20
-2.1333633858267715
11
0.9866029133858267
21
-2.1333401181102363
0
LINE
8
BLACK
6
CONTINUOUS
10
0.9866029133858267
20
-2.1333401181102363
11
0.9864984645669291
21
-2.1333298425196849
0
LINE
8
BLACK
6
CONTINUOUS
10
0.9864984645669291
20
-2.1333298425196849
11
0.9864263779527559
21
-2.133299960629921
0
LINE
8
BLACK
6
CONTINUOUS
10
0.9864263779527559
20
-2.133299960629921
11
0.9861407480314961
21
-2.1332350393700787
0
LINE
8
BLACK
6
CONTINUOUS
10
0.9861407480314961
20
-2.1332350393700787
11
0.9805164960629921
21
-2.1313602755905512
0
LINE
8
BLACK
6
CONTINUOUS
10
0.9805164960629921
20
-2.1313602755905512
11
0.9799879133858268
21
-2.1311242913385828
0
LINE
8
BLACK
6
CONTINUOUS
10
0.9799879133858268
20
-2.1311242913385828
11
0.9799077952755906
21
-2.1310548031496062
0
LINE
8
BLACK
6
CONTINUOUS
10
0.9799077952755906
20
-2.1310548031496062
11
0.9798097637795276
21
-2.1310142125984251
0
LINE
8
BLACK
6
CONTINUOUS
10
0.9798097637795276
20
-2.1310142125984251
11
0.9793623228346456
21
-2.1306469685039371
0
LINE
8
BLACK
6
CONTINUOUS
10
0.9793623228346456
20
-2.1306469685039371
11
0.9756127952755905
21
-2.1268974015748032
0
LINE
8
BLACK
6
CONTINUOUS
10
0.9756127952755905
20
-2.1268974015748032
11
0.9754270078740157
21
-2.1266710236220474
0
LINE
8
BLACK
6
CONTINUOUS
10
0.9754270078740157
20
-2.1266710236220474
11
0.975368031496063
21
-2.1266198818897637
0
LINE
8
BLACK
6
CONTINUOUS
10
0.975368031496063
20
-2.1266198818897637
11
0.9753120472440945
21
-2.1265309448818899
0
LINE
8
BLACK
6
CONTINUOUS
10
0.9753120472440945
20
-2.1265309448818899
11
0.9752455511811023
21
-2.1264499212598427
0
LINE
8
BLACK
6
CONTINUOUS
10
0.9752455511811023
20
-2.1264499212598427
11
0.9752157086614173
21
-2.126377874015748
0
LINE
8
BLACK
6
CONTINUOUS
10
0.9752157086614173
20
-2.126377874015748
11
0.97505968503937
21
-2.1261299999999999
0
LINE
8
BLACK
6
CONTINUOUS
10
0.97505968503937
20
-2.1261299999999999
11
0.9731849212598425
21
-2.1223804724409447
0
LINE
8
BLACK
6
CONTINUOUS
10
0.9731849212598425
20
-2.1223804724409447
11
0.973168779527559
21
-2.1223383464566927
0
LINE
8
BLACK
6
CONTINUOUS
10
0.973168779527559
20
-2.1223383464566927
11
0.9731561023622047
21
-2.1223212204724411
0
LINE
8
BLACK
6
CONTINUOUS
10
0.9731561023622047
20
-2.1223212204724411
11
0.9730696456692913
21
-2.1220792519685041
0
LINE
8
BLACK
6
CONTINUOUS
10
0.9730696456692913
20
-2.1220792519685041
11
0.972978031496063
21
-2.1218398425196852
0
LINE
8
BLACK
6
CONTINUOUS
10
0.972978031496063
20
-2.1218398425196852
11
0.9729764960629921
21
-2.1218185826771654
0
LINE
8
BLACK
6
CONTINUOUS
10
0.9729764960629921
20
-2.1218185826771654
11
0.9729613385826772
21
-2.1217761023622046
0
LINE
8
BLACK
6
CONTINUOUS
10
0.9729613385826772
20
-2.1217761023622046
11
0.9710865748031496
21
-2.1142770472440944
0
LINE
8
BLACK
6
CONTINUOUS
10
0.9710865748031496
20
-2.1142770472440944
11
0.9710717716535433
21
-2.1141771653543309
0
LINE
8
BLACK
6
CONTINUOUS
10
0.9710717716535433
20
-2.1141771653543309
11
0.9710551574803149
21
-2.1141369685039368
0
LINE
8
BLACK
6
CONTINUOUS
10
0.9710551574803149
20
-2.1141369685039368
11
0.971033779527559
21
-2.1139199212598423
0
LINE
8
BLACK
6
CONTINUOUS
10
0.971033779527559
20
-2.1139199212598423
11
0.9710019291338583
21
-2.1137044488188974
0
LINE
8
BLACK
6
CONTINUOUS
10
0.9710019291338583
20
-2.1137044488188974
11
0.9710083070866141
21
-2.1136614173228345
0
LINE
8
BLACK
6
CONTINUOUS
10
0.9710083070866141
20
-2.1136614173228345
11
0.9709984251968504
21
-2.113560905511811
0
LINE
8
BLACK
6
CONTINUOUS
10
0.9709984251968504
20
-2.113560905511811
11
0.9709984251968504
21
-2.1079366141732283
0
LINE
8
BLACK
6
CONTINUOUS
10
0.9709984251968504
20
-2.1079366141732283
11
0.9710083070866141
21
-2.107836062992126
0
LINE
8
BLACK
6
CONTINUOUS
10
0.9710083070866141
20
-2.107836062992126
11
0.9710019291338583
21
-2.1077930708661419
0
LINE
8
BLACK
6
CONTINUOUS
10
0.9710019291338583
20
-2.1077930708661419
11
0.971033779527559
21
-2.1075775590551182
0
LINE
8
BLACK
6
CONTINUOUS
10
0.971033779527559
20
-2.1075775590551182
11
0.9710551574803149
21
-2.1073605511811024
0
LINE
8
BLACK
6
CONTINUOUS
10
0.9710551574803149
20
-2.1073605511811024
11
0.9710717716535433
21
-2.1073203149606297
0
LINE
8
BLACK
6
CONTINUOUS
10
0.9710717716535433
20
-2.1073203149606297
11
0.9710865748031496
21
-2.1072204724409449
0
LINE
8
BLACK
6
CONTINUOUS
10
0.9710865748031496
20
-2.1072204724409449
11
0.9729613385826772
21
-2.0997214173228347
0
LINE
8
BLACK
6
CONTINUOUS
10
0.9729613385826772
20
-2.0997214173228347
11
0.9729764960629921
21
-2.0996788976377951
0
LINE
8
BLACK
6
CONTINUOUS
10
0.9729764960629921
20
-2.0996788976377951
11
0.972978031496063
21
-2.0996576771653541
0
LINE
8
BLACK
6
CONTINUOUS
10
0.972978031496063
20
-2.0996576771653541
11
0.9730696456692913
21
-2.0994182283464569
0
LINE
8
BLACK
6
CONTINUOUS
10
0.9730696456692913
20
-2.0994182283464569
11
0.9731561023622047
21
-2.0991762992125982
0
LINE
8
BLACK
6
CONTINUOUS
10
0.9731561023622047
20
-2.0991762992125982
11
0.973168779527559
21
-2.0991591338582678
0
LINE
8
BLACK
6
CONTINUOUS
10
0.973168779527559
20
-2.0991591338582678
11
0.9731849212598425
21
-2.0991170472440945
0
LINE
8
BLACK
6
CONTINUOUS
10
0.9731849212598425
20
-2.0991170472440945
11
0.97505968503937
21
-2.0953675196850394
0
LINE
8
BLACK
6
CONTINUOUS
10
0.97505968503937
20
-2.0953675196850394
11
0.975215748031496
21
-2.0951194881889763
0
LINE
8
BLACK
6
CONTINUOUS
10
0.975215748031496
20
-2.0951194881889763
11
0.9752455905511811
21
-2.0950475590551179
0
LINE
8
BLACK
6
CONTINUOUS
10
0.9752455905511811
20
-2.0950475590551179
11
0.9753120472440945
21
-2.0949665748031494
0
LINE
8
BLACK
6
CONTINUOUS
10
0.9753120472440945
20
-2.0949665748031494
11
0.975368031496063
21
-2.0948776377952756
0
LINE
8
BLACK
6
CONTINUOUS
10
0.975368031496063
20
-2.0948776377952756
11
0.9754270078740157
21
-2.0948264566929131
0
LINE
8
BLACK
6
CONTINUOUS
10
0.9754270078740157
20
-2.0948264566929131
11
0.9756127952755905
21
-2.0946001181102361
0
LINE
8
BLACK
6
CONTINUOUS
10
0.9756127952755905
20
-2.0946001181102361
11
0.9793623228346456
21
-2.0908505905511809
0
LINE
8
BLACK
6
CONTINUOUS
10
0.9793623228346456
20
-2.0908505905511809
11
0.9798097637795276
21
-2.090483346456693
0
LINE
8
BLACK
6
CONTINUOUS
10
0.9798097637795276
20
-2.090483346456693
11
0.9799077952755906
21
-2.0904427165354331
0
LINE
8
BLACK
6
CONTINUOUS
10
0.9799077952755906
20
-2.0904427165354331
11
0.9799879133858268
21
-2.0903732677165352
0
LINE
8
BLACK
6
CONTINUOUS
10
0.9799879133858268
20
-2.0903732677165352
11
0.9805164960629921
21
-2.0901372834645668
0
LINE
8
BLACK
6
CONTINUOUS
10
0.9805164960629921
20
-2.0901372834645668
11
0.9861407480314961
21
-2.0882625196850393
0
LINE
8
BLACK
6
CONTINUOUS
10
0.9861407480314961
20
-2.0882625196850393
11
0.9864263779527559
21
-2.0881975590551183
0
LINE
8
BLACK
6
CONTINUOUS
10
0.9864263779527559
20
-2.0881975590551183
11
0.9864984645669291
21
-2.0881677165354331
0
LINE
8
BLACK
6
CONTINUOUS
10
0.9864984645669291
20
-2.0881677165354331
11
0.9866029133858267
21
-2.088157401574803
0
LINE
8
BLACK
6
CONTINUOUS
10
0.9866029133858267
20
-2.088157401574803
11
0.9867051968503937
21
-2.0881341732283465
0
LINE
8
BLACK
6
CONTINUOUS
10
0.9867051968503937
20
-2.0881341732283465
11
0.9867829133858268
21
-2.0881396850393701
0
LINE
8
BLACK
6
CONTINUOUS
10
0.9867829133858268
20
-2.0881396850393701
11
0.9870745275590551
21
-2.0881109842519683
0
LINE
8
BLACK
6
CONTINUOUS
10
0.9870745275590551
20
-2.0881109842519683
11
0.9926988188976378
21
-2.0881109842519683
0
LINE
8
BLACK
6
CONTINUOUS
10
0.9926988188976378
20
-2.0881109842519683
11
0.9932748818897638
21
-2.0881677165354331
0
LINE
8
BLACK
6
CONTINUOUS
10
1.066106220472441
20
-2.0881396850393701
11
1.0661839763779528
21
-2.0881341732283465
0
LINE
8
BLACK
6
CONTINUOUS
10
1.0661839763779528
20
-2.0881341732283465
11
1.0662862204724408
21
-2.088157401574803
0
LINE
8
BLACK
6
CONTINUOUS
10
1.0662862204724408
20
-2.088157401574803
11
1.066390748031496
21
-2.0881677165354331
0
LINE
8
BLACK
6
CONTINUOUS
10
1.066390748031496
20
-2.0881677165354331
11
1.0664628346456693
21
-2.0881975590551183
0
LINE
8
BLACK
6
CONTINUOUS
10
1.0664628346456693
20
-2.0881975590551183
11
1.0667484251968504
21
-2.0882625196850393
0
LINE
8
BLACK
6
CONTINUOUS
10
1.0667484251968504
20
-2.0882625196850393
11
1.0723727165354331
21
-2.0901372834645668
0
LINE
8
BLACK
6
CONTINUOUS
10
1.0723727165354331
20
-2.0901372834645668
11
1.0729012598425196
21
-2.0903732677165352
0
LINE
8
BLACK
6
CONTINUOUS
10
1.0729012598425196
20
-2.0903732677165352
11
1.0729813779527559
21
-2.0904427559055119
0
LINE
8
BLACK
6
CONTINUOUS
10
1.0729813779527559
20
-2.0904427559055119
11
1.0730794488188977
21
-2.0904833858267717
0
LINE
8
BLACK
6
CONTINUOUS
10
1.0730794488188977
20
-2.0904833858267717
11
1.0735268897637795
21
-2.0908505905511809
0
LINE
8
BLACK
6
CONTINUOUS
10
1.0735268897637795
20
-2.0908505905511809
11
1.0772764173228346
21
-2.0946001181102361
0
LINE
8
BLACK
6
CONTINUOUS
10
1.0772764173228346
20
-2.0946001181102361
11
1.0774622440944881
21
-2.0948264960629919
0
LINE
8
BLACK
6
CONTINUOUS
10
1.0774622440944881
20
-2.0948264960629919
11
1.0775211811023622
21
-2.0948776377952756
0
LINE
8
BLACK
6
CONTINUOUS
10
1.0775211811023622
20
-2.0948776377952756
11
1.0775770472440944
21
-2.0949663779527556
0
LINE
8
BLACK
6
CONTINUOUS
10
1.0775770472440944
20
-2.0949663779527556
11
1.0776436614173228
21
-2.0950475590551179
0
LINE
8
BLACK
6
CONTINUOUS
10
1.0776436614173228
20
-2.0950475590551179
11
1.0776735039370078
21
-2.0951196850393701
0
LINE
8
BLACK
6
CONTINUOUS
10
1.0776735039370078
20
-2.0951196850393701
11
1.077829527559055
21
-2.0953675196850394
0
LINE
8
BLACK
6
CONTINUOUS
10
1.077829527559055
20
-2.0953675196850394
11
1.0797042913385826
21
-2.0991170472440945
0
LINE
8
BLACK
6
CONTINUOUS
10
1.0797042913385826
20
-2.0991170472440945
11
1.0797203937007873
21
-2.0991591338582678
0
LINE
8
BLACK
6
CONTINUOUS
10
1.0797203937007873
20
-2.0991591338582678
11
1.0797331102362204
21
-2.0991762992125982
0
LINE
8
BLACK
6
CONTINUOUS
10
1.0797331102362204
20
-2.0991762992125982
11
1.0798194094488189
21
-2.0994178740157481
0
LINE
8
BLACK
6
CONTINUOUS
10
1.0798194094488189
20
-2.0994178740157481
11
1.0799111811023623
21
-2.0996576377952754
0
LINE
8
BLACK
6
CONTINUOUS
10
1.0799111811023623
20
-2.0996576377952754
11
1.0799126771653542
21
-2.0996788976377951
0
LINE
8
BLACK
6
CONTINUOUS
10
1.0799126771653542
20
-2.0996788976377951
11
1.0799278740157481
21
-2.0997214173228347
0
LINE
8
BLACK
6
CONTINUOUS
10
1.0799278740157481
20
-2.0997214173228347
11
1.0818026377952756
21
-2.1072204724409449
0
LINE
8
BLACK
6
CONTINUOUS
10
1.0818026377952756
20
-2.1072204724409449
11
1.0818174015748032
21
-2.1073203149606297
0
LINE
8
BLACK
6
CONTINUOUS
10
1.0818174015748032
20
-2.1073203149606297
11
1.0818340551181103
21
-2.1073605511811024
0
LINE
8
BLACK
6
CONTINUOUS
10
1.0818340551181103
20
-2.1073605511811024
11
1.0818553937007873
21
-2.1075775590551182
0
LINE
8
BLACK
6
CONTINUOUS
10
1.0818553937007873
20
-2.1075775590551182
11
1.081887283464567
21
-2.1077930708661419
0
LINE
8
BLACK
6
CONTINUOUS
10
1.081887283464567
20
-2.1077930708661419
11
1.0818808661417323
21
-2.107836062992126
0
LINE
8
BLACK
6
CONTINUOUS
10
1.0818808661417323
20
-2.107836062992126
11
1.0818907874015748
21
-2.1079366141732283
0
LINE
8
BLACK
6
CONTINUOUS
10
1.0818907874015748
20
-2.1079366141732283
11
1.0818907874015748
21
-2.113560905511811
0
LINE
8
BLACK
6
CONTINUOUS
10
1.0818907874015748
20
-2.113560905511811
11
1.0818808661417323
21
-2.1136614173228345
0
LINE
8
BLACK
6
CONTINUOUS
10
1.0818808661417323
20
-2.1136614173228345
11
1.081887283464567
21
-2.1137044488188974
0
LINE
8
BLACK
6
CONTINUOUS
10
1.081887283464567
20
-2.1137044488188974
11
1.0818553937007873
21
-2.1139199212598423
0
LINE
8
BLACK
6
CONTINUOUS
10
1.0818553937007873
20
-2.1139199212598423
11
1.0818340551181103
21
-2.1141369685039368
0
LINE
8
BLACK
6
CONTINUOUS
10
1.0818340551181103
20
-2.1141369685039368
11
1.0818174015748032
21
-2.1141771653543309
0
LINE
8
BLACK
6
CONTINUOUS
10
1.0818174015748032
20
-2.1141771653543309
11
1.0818026377952756
21
-2.1142770472440944
0
LINE
8
BLACK
6
CONTINUOUS
10
1.0818026377952756
20
-2.1142770472440944
11
1.0799278740157481
21
-2.1217761023622046
0
LINE
8
BLACK
6
CONTINUOUS
10
1.0799278740157481
20
-2.1217761023622046
11
1.0799126771653542
21
-2.1218185826771654
0
LINE
8
BLACK
6
CONTINUOUS
10
1.0799126771653542
20
-2.1218185826771654
11
1.0799111811023623
21
-2.1218398818897639
0
LINE
8
BLACK
6
CONTINUOUS
10
1.0799111811023623
20
-2.1218398818897639
11
1.0798194094488189
21
-2.1220796062992124
0
LINE
8
BLACK
6
CONTINUOUS
10
1.0798194094488189
20
-2.1220796062992124
11
1.0797331102362204
21
-2.1223212204724411
0
LINE
8
BLACK
6
CONTINUOUS
10
1.0797331102362204
20
-2.1223212204724411
11
1.0797203937007873
21
-2.1223383464566927
0
LINE
8
BLACK
6
CONTINUOUS
10
1.0797203937007873
20
-2.1223383464566927
11
1.0797042913385826
21
-2.1223804724409447
0
LINE
8
BLACK
6
CONTINUOUS
10
1.0797042913385826
20
-2.1223804724409447
11
1.077829527559055
21
-2.1261299999999999
0
LINE
8
BLACK
6
CONTINUOUS
10
1.077829527559055
20
-2.1261299999999999
11
1.077673464566929
21
-2.126377874015748
0
LINE
8
BLACK
6
CONTINUOUS
10
1.077673464566929
20
-2.126377874015748
11
1.0776436614173228
21
-2.1264499212598427
0
LINE
8
BLACK
6
CONTINUOUS
10
1.0776436614173228
20
-2.1264499212598427
11
1.0775771259842519
21
-2.1265309448818899
0
LINE
8
BLACK
6
CONTINUOUS
10
1.0775771259842519
20
-2.1265309448818899
11
1.0775211811023622
21
-2.1266198818897637
0
LINE
8
BLACK
6
CONTINUOUS
10
1.0775211811023622
20
-2.1266198818897637
11
1.0774621653543306
21
-2.1266710236220474
0
LINE
8
BLACK
6
CONTINUOUS
10
1.0774621653543306
20
-2.1266710236220474
11
1.0772764566929134
21
-2.1268973622047245
0
LINE
8
BLACK
6
CONTINUOUS
10
1.0772764566929134
20
-2.1268973622047245
11
1.0735268897637795
21
-2.1306469685039371
0
LINE
8
BLACK
6
CONTINUOUS
10
1.0735268897637795
20
-2.1306469685039371
11
1.0730794488188977
21
-2.1310141732283463
0
LINE
8
BLACK
6
CONTINUOUS
10
1.0730794488188977
20
-2.1310141732283463
11
1.0729813779527559
21
-2.1310547637795274
0
LINE
8
BLACK
6
CONTINUOUS
10
1.0729813779527559
20
-2.1310547637795274
11
1.0729012598425196
21
-2.1311242913385828
0
LINE
8
BLACK
6
CONTINUOUS
10
1.0729012598425196
20
-2.1311242913385828
11
1.0723727165354331
21
-2.1313602755905512
0
LINE
8
BLACK
6
CONTINUOUS
10
1.0723727165354331
20
-2.1313602755905512
11
1.0667484251968504
21
-2.1332350393700787
0
LINE
8
BLACK
6
CONTINUOUS
10
1.0667484251968504
20
-2.1332350393700787
11
1.0664628346456693
21
-2.133299960629921
0
LINE
8
BLACK
6
CONTINUOUS
10
1.0664628346456693
20
-2.133299960629921
11
1.066390748031496
21
-2.1333298425196849
0
LINE
8
BLACK
6
CONTINUOUS
10
1.066390748031496
20
-2.1333298425196849
11
1.0662862204724408
21
-2.1333401181102363
0
LINE
8
BLACK
6
CONTINUOUS
10
1.0662862204724408
20
-2.1333401181102363
11
1.0661839763779528
21
-2.1333633858267715
0
LINE
8
BLACK
6
CONTINUOUS
10
1.0661839763779528
20
-2.1333633858267715
11
1.066106220472441
21
-2.1333578346456692
0
LINE
8
BLACK
6
CONTINUOUS
10
1.066106220472441
20
-2.1333578346456692
11
1.0658146850393702
21
-2.1333865748031497
0
LINE
8
BLACK
6
CONTINUOUS
10
1.0658146850393702
20
-2.1333865748031497
11
1.0564408661417322
21
-2.1333865748031497
0
LINE
8
BLACK
6
CONTINUOUS
10
1.0564408661417322
20
-2.1333865748031497
11
1.0558648031496063
21
-2.1333298425196849
0
LINE
8
BLACK
6
CONTINUOUS
10
1.0558648031496063
20
-2.1333298425196849
11
1.0548003937007875
21
-2.1328889370078739
0
LINE
8
BLACK
6
CONTINUOUS
10
1.0548003937007875
20
-2.1328889370078739
11
1.053985748031496
21
-2.1320742913385828
0
LINE
8
BLACK
6
CONTINUOUS
10
1.053985748031496
20
-2.1320742913385828
11
1.0535448425196849
21
-2.1310098818897636
0
LINE
8
BLACK
6
CONTINUOUS
10
1.0535448425196849
20
-2.1310098818897636
11
1.0534881102362204
21
-2.1304338188976377
0
LINE
8
BLACK
6
CONTINUOUS
10
1.0534881102362204
20
-2.1304338188976377
11
1.0534881102362204
21
-2.0910637401574803
0
LINE
8
BLACK
6
CONTINUOUS
10
1.0534881102362204
20
-2.0910637401574803
11
1.0535448425196849
21
-2.0904876771653544
0
LINE
8
BLACK
6
CONTINUOUS
10
1.0535448425196849
20
-2.0904876771653544
11
1.053985748031496
21
-2.0894232677165352
0
LINE
8
BLACK
6
CONTINUOUS
10
1.053985748031496
20
-2.0894232677165352
11
1.0548003937007875
21
-2.0886086220472442
0
LINE
8
BLACK
6
CONTINUOUS
10
1.0548003937007875
20
-2.0886086220472442
11
1.0558648031496063
21
-2.0881677165354331
0
LINE
8
BLACK
6
CONTINUOUS
10
1.0558648031496063
20
-2.0881677165354331
11
1.0564408661417322
21
-2.0881109842519683
0
LINE
8
BLACK
6
CONTINUOUS
10
1.0564408661417322
20
-2.0881109842519683
11
1.0658146850393702
21
-2.0881109842519683
0
LINE
8
BLACK
6
CONTINUOUS
10
1.0658146850393702
20
-2.0881109842519683
11
1.066106220472441
21
-2.0881396850393701
0
LINE
8
BLACK
6
CONTINUOUS
10
1.059393622047244
20
-2.1274810629921261
11
1.0653355511811022
21
-2.1274810629921261
0
LINE
8
BLACK
6
CONTINUOUS
10
1.0653355511811022
20
-2.1274810629921261
11
1.0698439370078741
21
-2.1259782283464568
0
LINE
8
BLACK
6
CONTINUOUS
10
1.0698439370078741
20
-2.1259782283464568
11
1.0727617322834646
21
-2.1230603937007873
0
LINE
8
BLACK
6
CONTINUOUS
10
1.0727617322834646
20
-2.1230603937007873
11
1.0742772440944881
21
-2.120029409448819
0
LINE
8
BLACK
6
CONTINUOUS
10
1.0742772440944881
20
-2.120029409448819
11
1.0759852755905512
21
-2.1131973622047244
0
LINE
8
BLACK
6
CONTINUOUS
10
1.0759852755905512
20
-2.1131973622047244
11
1.0759852755905512
21
-2.1083001574803149
0
LINE
8
BLACK
6
CONTINUOUS
10
1.0759852755905512
20
-2.1083001574803149
11
1.0742772440944881
21
-2.1014681102362203
0
LINE
8
BLACK
6
CONTINUOUS
10
1.0742772440944881
20
-2.1014681102362203
11
1.0727617716535434
21
-2.098437125984252
0
LINE
8
BLACK
6
CONTINUOUS
10
1.0727617716535434
20
-2.098437125984252
11
1.0698439370078741
21
-2.0955192913385825
0
LINE
8
BLACK
6
CONTINUOUS
10
1.0698439370078741
20
-2.0955192913385825
11
1.0653355511811022
21
-2.0940164960629919
0
LINE
8
BLACK
6
CONTINUOUS
10
1.0653355511811022
20
-2.0940164960629919
11
1.059393622047244
21
-2.0940164960629919
0
LINE
8
BLACK
6
CONTINUOUS
10
1.059393622047244
20
-2.0940164960629919
11
1.059393622047244
21
-2.1274810629921261
0
LINE
8
BLACK
6
CONTINUOUS
10
1.0155838582677166
20
-2.0881677165354331
11
1.0157720866141733
21
-2.0881677165354331
0
LINE
8
BLACK
6
CONTINUOUS
10
1.0157720866141733
20
-2.0881677165354331
11
1.0161348818897638
21
-2.088317992125984
0
LINE
8
BLACK
6
CONTINUOUS
10
1.0161348818897638
20
-2.088317992125984
11
1.0165137795275589
21
-2.0884213385826773
0
LINE
8
BLACK
6
CONTINUOUS
10
1.0165137795275589
20
-2.0884213385826773
11
1.0166625984251969
21
-2.0885365748031495
0
LINE
8
BLACK
6
CONTINUOUS
10
1.0166625984251969
20
-2.0885365748031495
11
1.0168364960629921
21
-2.0886086220472442
0
LINE
8
BLACK
6
CONTINUOUS
10
1.0168364960629921
20
-2.0886086220472442
11
1.0171140551181101
21
-2.088886181102362
0
LINE
8
BLACK
6
CONTINUOUS
10
1.0171140551181101
20
-2.088886181102362
11
1.01742468503937
21
-2.0891267322834643
0
LINE
8
BLACK
6
CONTINUOUS
10
1.01742468503937
20
-2.0891267322834643
11
1.0175960236220472
21
-2.0893681496062992
0
LINE
8
BLACK
6
CONTINUOUS
10
1.0175960236220472
20
-2.0893681496062992
11
1.0176511417322835
21
-2.0894232677165352
0
LINE
8
BLACK
6
CONTINUOUS
10
1.0176511417322835
20
-2.0894232677165352
11
1.0176735433070865
21
-2.0894773622047245
0
LINE
8
BLACK
6
CONTINUOUS
10
1.0176735433070865
20
-2.0894773622047245
11
1.0177597244094487
21
-2.089598779527559
0
LINE
8
BLACK
6
CONTINUOUS
10
1.0177597244094487
20
-2.089598779527559
11
1.0347404330708661
21
-2.1193150393700786
0
LINE
8
BLACK
6
CONTINUOUS
10
1.0347404330708661
20
-2.1193150393700786
11
1.0347404330708661
21
-2.0910637401574803
0
LINE
8
BLACK
6
CONTINUOUS
10
1.0347404330708661
20
-2.0910637401574803
11
1.0347971653543306
21
-2.0904876771653544
0
LINE
8
BLACK
6
CONTINUOUS
10
1.0347971653543306
20
-2.0904876771653544
11
1.0352380708661417
21
-2.0894232677165352
0
LINE
8
BLACK
6
CONTINUOUS
10
1.0352380708661417
20
-2.0894232677165352
11
1.036052716535433
21
-2.0886086220472442
0
LINE
8
BLACK
6
CONTINUOUS
10
1.036052716535433
20
-2.0886086220472442
11
1.037117125984252
21
-2.0881677165354331
0
LINE
8
BLACK
6
CONTINUOUS
10
1.037117125984252
20
-2.0881677165354331
11
1.0382692519685039
21
-2.0881677165354331
0
LINE
8
BLACK
6
CONTINUOUS
10
1.0382692519685039
20
-2.0881677165354331
11
1.0393336614173228
21
-2.0886086220472442
0
LINE
8
BLACK
6
CONTINUOUS
10
1.0393336614173228
20
-2.0886086220472442
11
1.0401483070866142
21
-2.0894232677165352
0
LINE
8
BLACK
6
CONTINUOUS
10
1.0401483070866142
20
-2.0894232677165352
11
1.0405892125984251
21
-2.0904876771653544
0
LINE
8
BLACK
6
CONTINUOUS
10
1.0405892125984251
20
-2.0904876771653544
11
1.0406459448818897
21
-2.0910637401574803
0
LINE
8
BLACK
6
CONTINUOUS
10
1.0406459448818897
20
-2.0910637401574803
11
1.0406459448818897
21
-2.1304338188976377
0
LINE
8
BLACK
6
CONTINUOUS
10
1.0406459448818897
20
-2.1304338188976377
11
1.0406313385826771
21
-2.1305819685039369
0
LINE
8
BLACK
6
CONTINUOUS
10
1.0406313385826771
20
-2.1305819685039369
11
1.0406387401574804
21
-2.1306400787401576
0
LINE
8
BLACK
6
CONTINUOUS
10
1.0406387401574804
20
-2.1306400787401576
11
1.0406181889763779
21
-2.1307152755905512
0
LINE
8
BLACK
6
CONTINUOUS
10
1.0406181889763779
20
-2.1307152755905512
11
1.0405892125984251
21
-2.1310098818897636
0
LINE
8
BLACK
6
CONTINUOUS
10
1.0405892125984251
20
-2.1310098818897636
11
1.0404388976377952
21
-2.1313726771653543
0
LINE
8
BLACK
6
CONTINUOUS
10
1.0404388976377952
20
-2.1313726771653543
11
1.0403355905511811
21
-2.1317515748031495
0
LINE
8
BLACK
6
CONTINUOUS
10
1.0403355905511811
20
-2.1317515748031495
11
1.0402203149606299
21
-2.1319003937007874
0
LINE
8
BLACK
6
CONTINUOUS
10
1.0402203149606299
20
-2.1319003937007874
11
1.0401483070866142
21
-2.1320742913385828
0
LINE
8
BLACK
6
CONTINUOUS
10
1.0401483070866142
20
-2.1320742913385828
11
1.0398707086614174
21
-2.1323518503937007
0
LINE
8
BLACK
6
CONTINUOUS
10
1.0398707086614174
20
-2.1323518503937007
11
1.0396301968503936
21
-2.1326624803149605
0
LINE
8
BLACK
6
CONTINUOUS
10
1.0396301968503936
20
-2.1326624803149605
11
1.039466653543307
21
-2.1327559055118108
0
LINE
8
BLACK
6
CONTINUOUS
10
1.039466653543307
20
-2.1327559055118108
11
1.0393336614173228
21
-2.1328889370078739
0
LINE
8
BLACK
6
CONTINUOUS
10
1.0393336614173228
20
-2.1328889370078739
11
1.0389709448818898
21
-2.1330391732283465
0
LINE
8
BLACK
6
CONTINUOUS
10
1.0389709448818898
20
-2.1330391732283465
11
1.0386298425196849
21
-2.1332340944881891
0
LINE
8
BLACK
6
CONTINUOUS
10
1.0386298425196849
20
-2.1332340944881891
11
1.0384430708661416
21
-2.1332577952755907
0
LINE
8
BLACK
6
CONTINUOUS
10
1.0384430708661416
20
-2.1332577952755907
11
1.0382692519685039
21
-2.1333298425196849
0
LINE
8
BLACK
6
CONTINUOUS
10
1.0382692519685039
20
-2.1333298425196849
11
1.0378765748031495
21
-2.1333298425196849
0
LINE
8
BLACK
6
CONTINUOUS
10
1.0378765748031495
20
-2.1333298425196849
11
1.0374869291338582
21
-2.1333793700787402
0
LINE
8
BLACK
6
CONTINUOUS
10
1.0374869291338582
20
-2.1333793700787402
11
1.0373053543307087
21
-2.1333298425196849
0
LINE
8
BLACK
6
CONTINUOUS
10
1.0373053543307087
20
-2.1333298425196849
11
1.037117125984252
21
-2.1333298425196849
0
LINE
8
BLACK
6
CONTINUOUS
10
1.037117125984252
20
-2.1333298425196849
11
1.036754251968504
21
-2.1331795275590553
0
LINE
8
BLACK
6
CONTINUOUS
10
1.036754251968504
20
-2.1331795275590553
11
1.0363754724409449
21
-2.1330762204724407
0
LINE
8
BLACK
6
CONTINUOUS
10
1.0363754724409449
20
-2.1330762204724407
11
1.0362266535433071
21
-2.1329609842519686
0
LINE
8
BLACK
6
CONTINUOUS
10
1.0362266535433071
20
-2.1329609842519686
11
1.036052716535433
21
-2.1328889370078739
0
LINE
8
BLACK
6
CONTINUOUS
10
1.036052716535433
20
-2.1328889370078739
11
1.0357750787401574
21
-2.1326112992125985
0
LINE
8
BLACK
6
CONTINUOUS
10
1.0357750787401574
20
-2.1326112992125985
11
1.035464527559055
21
-2.1323708267716537
0
LINE
8
BLACK
6
CONTINUOUS
10
1.035464527559055
20
-2.1323708267716537
11
1.0352930708661416
21
-2.1321292913385825
0
LINE
8
BLACK
6
CONTINUOUS
10
1.0352930708661416
20
-2.1321292913385825
11
1.0352380708661417
21
-2.1320742913385828
0
LINE
8
BLACK
6
CONTINUOUS
10
1.0352380708661417
20
-2.1320742913385828
11
1.0352156692913386
21
-2.1320202362204723
0
LINE
8
BLACK
6
CONTINUOUS
10
1.0352156692913386
20
-2.1320202362204723
11
1.0351294881889763
21
-2.1318988188976378
0
LINE
8
BLACK
6
CONTINUOUS
10
1.0351294881889763
20
-2.1318988188976378
11
1.018148779527559
21
-2.1021824803149607
0
LINE
8
BLACK
6
CONTINUOUS
10
1.018148779527559
20
-2.1021824803149607
11
1.018148779527559
21
-2.1304338188976377
0
LINE
8
BLACK
6
CONTINUOUS
10
1.018148779527559
20
-2.1304338188976377
11
1.0180920472440944
21
-2.1310098818897636
0
LINE
8
BLACK
6
CONTINUOUS
10
1.0180920472440944
20
-2.1310098818897636
11
1.0176511417322835
21
-2.1320742913385828
0
LINE
8
BLACK
6
CONTINUOUS
10
1.0176511417322835
20
-2.1320742913385828
11
1.0168364960629921
21
-2.1328889370078739
0
LINE
8
BLACK
6
CONTINUOUS
10
1.0168364960629921
20
-2.1328889370078739
11
1.0157720866141733
21
-2.1333298425196849
0
LINE
8
BLACK
6
CONTINUOUS
10
1.0157720866141733
20
-2.1333298425196849
11
1.0146199606299213
21
-2.1333298425196849
0
LINE
8
BLACK
6
CONTINUOUS
10
1.0146199606299213
20
-2.1333298425196849
11
1.0135555511811023
21
-2.1328889370078739
0
LINE
8
BLACK
6
CONTINUOUS
10
1.0135555511811023
20
-2.1328889370078739
11
1.0127409055118111
21
-2.1320742913385828
0
LINE
8
BLACK
6
CONTINUOUS
10
1.0127409055118111
20
-2.1320742913385828
11
1.0123
21
-2.1310098818897636
0
LINE
8
BLACK
6
CONTINUOUS
10
1.0123
20
-2.1310098818897636
11
1.0122432677165354
21
-2.1304338188976377
0
LINE
8
BLACK
6
CONTINUOUS
10
1.0122432677165354
20
-2.1304338188976377
11
1.0122432677165354
21
-2.0910637401574803
0
LINE
8
BLACK
6
CONTINUOUS
10
1.0122432677165354
20
-2.0910637401574803
11
1.0122578346456692
21
-2.0909155511811024
0
LINE
8
BLACK
6
CONTINUOUS
10
1.0122578346456692
20
-2.0909155511811024
11
1.0122504724409449
21
-2.0908574803149604
0
LINE
8
BLACK
6
CONTINUOUS
10
1.0122504724409449
20
-2.0908574803149604
11
1.0122709842519684
21
-2.0907822440944881
0
LINE
8
BLACK
6
CONTINUOUS
10
1.0122709842519684
20
-2.0907822440944881
11
1.0123
21
-2.0904876771653544
0
LINE
8
BLACK
6
CONTINUOUS
10
1.0123
20
-2.0904876771653544
11
1.0124502755905511
21
-2.090124842519685
0
LINE
8
BLACK
6
CONTINUOUS
10
1.0124502755905511
20
-2.090124842519685
11
1.012553622047244
21
-2.0897459842519686
0
LINE
8
BLACK
6
CONTINUOUS
10
1.012553622047244
20
-2.0897459842519686
11
1.0126688582677166
21
-2.0895971259842518
0
LINE
8
BLACK
6
CONTINUOUS
10
1.0126688582677166
20
-2.0895971259842518
11
1.0127409055118111
21
-2.0894232677165352
0
LINE
8
BLACK
6
CONTINUOUS
10
1.0127409055118111
20
-2.0894232677165352
11
1.0130184645669291
21
-2.0891456692913386
0
LINE
8
BLACK
6
CONTINUOUS
10
1.0130184645669291
20
-2.0891456692913386
11
1.0132590157480315
21
-2.0888350787401575
0
LINE
8
BLACK
6
CONTINUOUS
10
1.0132590157480315
20
-2.0888350787401575
11
1.0134225196850393
21
-2.0887416141732285
0
LINE
8
BLACK
6
CONTINUOUS
10
1.0134225196850393
20
-2.0887416141732285
11
1.0135555511811023
21
-2.0886086220472442
0
LINE
8
BLACK
6
CONTINUOUS
10
1.0135555511811023
20
-2.0886086220472442
11
1.0139182283464567
21
-2.0884583464566928
0
LINE
8
BLACK
6
CONTINUOUS
10
1.0139182283464567
20
-2.0884583464566928
11
1.0142593700787401
21
-2.0882634645669289
0
LINE
8
BLACK
6
CONTINUOUS
10
1.0142593700787401
20
-2.0882634645669289
11
1.0144461023622047
21
-2.0882397244094486
0
LINE
8
BLACK
6
CONTINUOUS
10
1.0144461023622047
20
-2.0882397244094486
11
1.0146199606299213
21
-2.0881677165354331
0
LINE
8
BLACK
6
CONTINUOUS
10
1.0146199606299213
20
-2.0881677165354331
11
1.0150126377952755
21
-2.0881677165354331
0
LINE
8
BLACK
6
CONTINUOUS
10
1.0150126377952755
20
-2.0881677165354331
11
1.0154022834645668
21
-2.0881181889763778
0
LINE
8
BLACK
6
CONTINUOUS
10
1.0154022834645668
20
-2.0881181889763778
11
1.0155838582677166
21
-2.0881677165354331
0
LINE
8
BLACK
6
CONTINUOUS
10
-0.42
20
-2.0485039370078741
11
-0.48
21
-2.0485039370078741
0
LINE
8
BLACK
6
CONTINUOUS
10
-0.48
20
-2.0485039370078741
11
-0.48
21
-1.9885039370078739
0
LINE
8
BLACK
6
CONTINUOUS
10
-0.48
20
-1.9885039370078739
11
-0.42
21
-1.9885039370078739
0
LINE
8
BLACK
6
CONTINUOUS
10
-0.42
20
-1.9885039370078739
11
-0.42
21
-2.0485039370078741
0
LINE
8
BLACK
6
CONTINUOUS
10
-0.32
20
-2.0485039370078741
11
-0.38
21
-2.0485039370078741
0
LINE
8
BLACK
6
CONTINUOUS
10
-0.38
20
-2.0485039370078741
11
-0.38
21
-1.9885039370078739
0
LINE
8
BLACK
6
CONTINUOUS
10
-0.38
20
-1.9885039370078739
11
-0.32
21
-1.9885039370078739
0
LINE
8
BLACK
6
CONTINUOUS
10
-0.32
20
-1.9885039370078739
11
-0.32
21
-2.0485039370078741
0
LINE
8
BLACK
6
CONTINUOUS
10
-0.22
20
-2.0485039370078741
11
-0.28
21
-2.0485039370078741
0
LINE
8
BLACK
6
CONTINUOUS
10
-0.28
20
-2.0485039370078741
11
-0.28
21
-1.9885039370078739
0
LINE
8
BLACK
6
CONTINUOUS
10
-0.28
20
-1.9885039370078739
11
-0.22
21
-1.9885039370078739
0
LINE
8
BLACK
6
CONTINUOUS
10
-0.22
20
-1.9885039370078739
11
-0.22
21
-2.0485039370078741
0
LINE
8
BLACK
6
CONTINUOUS
10
-0.12
20
-2.0485039370078741
11
-0.18
21
-2.0485039370078741
0
LINE
8
BLACK
6
CONTINUOUS
10
-0.18
20
-2.0485039370078741
11
-0.18
21
-1.9885039370078739
0
LINE
8
BLACK
6
CONTINUOUS
10
-0.18
20
-1.9885039370078739
11
-0.12
21
-1.9885039370078739
0
LINE
8
BLACK
6
CONTINUOUS
10
-0.12
20
-1.9885039370078739
11
-0.12
21
-2.0485039370078741
0
LINE
8
BLACK
6
CONTINUOUS
10
-0.02
20
-2.0485039370078741
11
-0.08
21
-2.0485039370078741
0
LINE
8
BLACK
6
CONTINUOUS
10
-0.08
20
-2.0485039370078741
11
-0.08
21
-1.9885039370078739
0
LINE
8
BLACK
6
CONTINUOUS
10
-0.08
20
-1.9885039370078739
11
-0.02
21
-1.9885039370078739
0
LINE
8
BLACK
6
CONTINUOUS
10
-0.02
20
-1.9885039370078739
11
-0.02
21
-2.0485039370078741
0
LINE
8
BLACK
6
CONTINUOUS
10
0.08
20
-2.0485039370078741
11
0.02
21
-2.0485039370078741
0
LINE
8
BLACK
6
CONTINUOUS
10
0.02
20
-2.0485039370078741
11
0.02
21
-1.9885039370078739
0
LINE
8
BLACK
6
CONTINUOUS
10
0.02
20
-1.9885039370078739
11
0.08
21
-1.9885039370078739
0
LINE
8
BLACK
6
CONTINUOUS
10
0.08
20
-1.9885039370078739
11
0.08
21
-2.0485039370078741
0
LINE
8
BLACK
6
CONTINUOUS
10
0.18
20
-2.0485039370078741
11
0.12
21
-2.0485039370078741
0
LINE
8
BLACK
6
CONTINUOUS
10
0.12
20
-2.0485039370078741
11
0.12
21
-1.9885039370078739
0
LINE
8
BLACK
6
CONTINUOUS
10
0.12
20
-1.9885039370078739
11
0.18
21
-1.9885039370078739
0
LINE
8
BLACK
6
CONTINUOUS
10
0.18
20
-1.9885039370078739
11
0.18
21
-2.0485039370078741
0
LINE
8
BLACK
6
CONTINUOUS
10
0.28
20
-2.0485039370078741
11
0.22
21
-2.0485039370078741
0
LINE
8
BLACK
6
CONTINUOUS
10
0.22
20
-2.0485039370078741
11
0.22
21
-1.9885039370078739
0
LINE
8
BLACK
6
CONTINUOUS
10
0.22
20
-1.9885039370078739
11
0.28
21
-1.9885039370078739
0
LINE
8
BLACK
6
CONTINUOUS
10
0.28
20
-1.9885039370078739
11
0.28
21
-2.0485039370078741
0
LINE
8
BLACK
6
CONTINUOUS
10
0.38
20
-2.0485039370078741
11
0.32
21
-2.0485039370078741
0
LINE
8
BLACK
6
CONTINUOUS
10
0.32
20
-2.0485039370078741
11
0.32
21
-1.9885039370078739
0
LINE
8
BLACK
6
CONTINUOUS
10
0.32
20
-1.9885039370078739
11
0.38
21
-1.9885039370078739
0
LINE
8
BLACK
6
CONTINUOUS
10
0.38
20
-1.9885039370078739
11
0.38
21
-2.0485039370078741
0
LINE
8
BLACK
6
CONTINUOUS
10
0.48
20
-2.0485039370078741
11
0.42
21
-2.0485039370078741
0
LINE
8
BLACK
6
CONTINUOUS
10
0.42
20
-2.0485039370078741
11
0.42
21
-1.9885039370078739
0
LINE
8
BLACK
6
CONTINUOUS
10
0.42
20
-1.9885039370078739
11
0.48
21
-1.9885039370078739
0
LINE
8
BLACK
6
CONTINUOUS
10
0.48
20
-1.9885039370078739
11
0.48
21
-2.0485039370078741
0
LINE
8
BLACK
6
CONTINUOUS
10
-0.42
20
-1.9485039370078741
11
-0.48
21
-1.9485039370078741
0
LINE
8
BLACK
6
CONTINUOUS
10
-0.48
20
-1.9485039370078741
11
-0.48
21
-1.888503937007874
0
LINE
8
BLACK
6
CONTINUOUS
10
-0.48
20
-1.888503937007874
11
-0.42
21
-1.888503937007874
0
LINE
8
BLACK
6
CONTINUOUS
10
-0.42
20
-1.888503937007874
11
-0.42
21
-1.9485039370078741
0
LINE
8
BLACK
6
CONTINUOUS
10
-0.32
20
-1.9485039370078741
11
-0.38
21
-1.9485039370078741
0
LINE
8
BLACK
6
CONTINUOUS
10
-0.38
20
-1.9485039370078741
11
-0.38
21
-1.888503937007874
0
LINE
8
BLACK
6
CONTINUOUS
10
-0.38
20
-1.888503937007874
11
-0.32
21
-1.888503937007874
0
LINE
8
BLACK
6
CONTINUOUS
10
-0.32
20
-1.888503937007874
11
-0.32
21
-1.9485039370078741
0
LINE
8
BLACK
6
CONTINUOUS
10
-0.22
20
-1.9485039370078741
11
-0.28
21
-1.9485039370078741
0
LINE
8
BLACK
6
CONTINUOUS
10
-0.28
20
-1.9485039370078741
11
-0.28
21
-1.888503937007874
0
LINE
8
BLACK
6
CONTINUOUS
10
-0.28
20
-1.888503937007874
11
-0.22
21
-1.888503937007874
0
LINE
8
BLACK
6
CONTINUOUS
10
-0.22
20
-1.888503937007874
11
-0.22
21
-1.9485039370078741
0
LINE
8
BLACK
6
CONTINUOUS
10
-0.12
20
-1.9485039370078741
11
-0.18
21
-1.9485039370078741
0
LINE
8
BLACK
6
CONTINUOUS
10
-0.18
20
-1.9485039370078741
11
-0.18
21
-1.888503937007874
0
LINE
8
BLACK
6
CONTINUOUS
10
-0.18
20
-1.888503937007874
11
-0.12
21
-1.888503937007874
0
LINE
8
BLACK
6
CONTINUOUS
10
-0.12
20
-1.888503937007874
11
-0.12
21
-1.9485039370078741
0
LINE
8
BLACK
6
CONTINUOUS
10
-0.02
20
-1.9485039370078741
11
-0.08
21
-1.9485039370078741
0
LINE
8
BLACK
6
CONTINUOUS
10
-0.08
20
-1.9485039370078741
11
-0.08
21
-1.888503937007874
0
LINE
8
BLACK
6
CONTINUOUS
10
-0.08
20
-1.888503937007874
11
-0.02
21
-1.888503937007874
0
LINE
8
BLACK
6
CONTINUOUS
10
-0.02
20
-1.888503937007874
11
-0.02
21
-1.9485039370078741
0
LINE
8
BLACK
6
CONTINUOUS
10
0.08
20
-1.9485039370078741
11
0.02
21
-1.9485039370078741
0
LINE
8
BLACK
6
CONTINUOUS
10
0.02
20
-1.9485039370078741
11
0.02
21
-1.888503937007874
0
LINE
8
BLACK
6
CONTINUOUS
10
0.02
20
-1.888503937007874
11
0.08
21
-1.888503937007874
0
LINE
8
BLACK
6
CONTINUOUS
10
0.08
20
-1.888503937007874
11
0.08
21
-1.9485039370078741
0
LINE
8
BLACK
6
CONTINUOUS
10
0.18
20
-1.9485039370078741
11
0.12
21
-1.9485039370078741
0
LINE
8
BLACK
6
CONTINUOUS
10
0.12
20
-1.9485039370078741
11
0.12
21
-1.888503937007874
0
LINE
8
BLACK
6
CONTINUOUS
10
0.12
20
-1.888503937007874
11
0.18
21
-1.888503937007874
0
LINE
8
BLACK
6
CONTINUOUS
10
0.18
20
-1.888503937007874
11
0.18
21
-1.9485039370078741
0
LINE
8
BLACK
6
CONTINUOUS
10
0.28
20
-1.9485039370078741
11
0.22
21
-1.9485039370078741
0
LINE
8
BLACK
6
CONTINUOUS
10
0.22
20
-1.9485039370078741
11
0.22
21
-1.888503937007874
0
LINE
8
BLACK
6
CONTINUOUS
10
0.22
20
-1.888503937007874
11
0.28
21
-1.888503937007874
0
LINE
8
BLACK
6
CONTINUOUS
10
0.28
20
-1.888503937007874
11
0.28
21
-1.9485039370078741
0
LINE
8
BLACK
6
CONTINUOUS
10
0.38
20
-1.9485039370078741
11
0.32
21
-1.9485039370078741
0
LINE
8
BLACK
6
CONTINUOUS
10
0.32
20
-1.9485039370078741
11
0.32
21
-1.888503937007874
0
LINE
8
BLACK
6
CONTINUOUS
10
0.32
20
-1.888503937007874
11
0.38
21
-1.888503937007874
0
LINE
8
BLACK
6
CONTINUOUS
10
0.38
20
-1.888503937007874
11
0.38
21
-1.9485039370078741
0
LINE
8
BLACK
6
CONTINUOUS
10
0.48
20
-1.9485039370078741
11
0.42
21
-1.9485039370078741
0
LINE
8
BLACK
6
CONTINUOUS
10
0.42
20
-1.9485039370078741
11
0.42
21
-1.888503937007874
0
LINE
8
BLACK
6
CONTINUOUS
10
0.42
20
-1.888503937007874
11
0.48
21
-1.888503937007874
0
LINE
8
BLACK
6
CONTINUOUS
10
0.48
20
-1.888503937007874
11
0.48
21
-1.9485039370078741
0
LINE
8
BLACK
6
CONTINUOUS
10
0.5000000393700788
20
-1.8655511811023622
11
0.5005761023622047
21
-1.8656079133858268
0
LINE
8
BLACK
6
CONTINUOUS
10
0.5005761023622047
20
-1.8656079133858268
11
0.5016405118110236
21
-1.8660488188976379
0
LINE
8
BLACK
6
CONTINUOUS
10
0.5016405118110236
20
-1.8660488188976379
11
0.502455157480315
21
-1.8668634645669291
0
LINE
8
BLACK
6
CONTINUOUS
10
0.502455157480315
20
-1.8668634645669291
11
0.502896062992126
21
-1.8679278740157479
0
LINE
8
BLACK
6
CONTINUOUS
10
0.502896062992126
20
-1.8679278740157479
11
0.5029527952755906
21
-1.868503937007874
0
LINE
8
BLACK
6
CONTINUOUS
10
0.5029527952755906
20
-1.868503937007874
11
0.5029527559055118
21
-2.0685039763779529
0
LINE
8
BLACK
6
CONTINUOUS
10
0.5029527559055118
20
-2.0685039763779529
11
0.5028960236220472
21
-2.06908
0
LINE
8
BLACK
6
CONTINUOUS
10
0.5028960236220472
20
-2.06908
11
0.5028960236220472
21
-2.0690800393700788
0
LINE
8
BLACK
6
CONTINUOUS
10
0.5028960236220472
20
-2.0690800393700788
11
0.5024551181102362
21
-2.0701444488188976
0
LINE
8
BLACK
6
CONTINUOUS
10
0.5024551181102362
20
-2.0701444488188976
11
0.5016404724409449
21
-2.070959094488189
0
LINE
8
BLACK
6
CONTINUOUS
10
0.5016404724409449
20
-2.070959094488189
11
0.500576062992126
21
-2.0714000000000001
0
LINE
8
BLACK
6
CONTINUOUS
10
0.500576062992126
20
-2.0714000000000001
11
0.5
21
-2.0714567322834645
0
LINE
8
BLACK
6
CONTINUOUS
10
0.5
20
-2.0714567322834645
11
-0.5000000393700788
21
-2.0714566929133857
0
LINE
8
BLACK
6
CONTINUOUS
10
-0.5000000393700788
20
-2.0714566929133857
11
-0.5005761023622047
21
-2.0713999606299214
0
LINE
8
BLACK
6
CONTINUOUS
10
-0.5005761023622047
20
-2.0713999606299214
11
-0.5016405118110236
21
-2.0709590551181103
0
LINE
8
BLACK
6
CONTINUOUS
10
-0.5016405118110236
20
-2.0709590551181103
11
-0.502455157480315
21
-2.0701444094488188
0
LINE
8
BLACK
6
CONTINUOUS
10
-0.502455157480315
20
-2.0701444094488188
11
-0.502896062992126
21
-2.06908
0
LINE
8
BLACK
6
CONTINUOUS
10
-0.502896062992126
20
-2.06908
11
-0.5029527952755906
21
-2.0685039370078742
0
LINE
8
BLACK
6
CONTINUOUS
10
-0.5029527952755906
20
-2.0685039370078742
11
-0.5029527559055118
21
-1.8685038976377952
0
LINE
8
BLACK
6
CONTINUOUS
10
-0.5029527559055118
20
-1.8685038976377952
11
-0.5028960236220472
21
-1.8679278346456691
0
LINE
8
BLACK
6
CONTINUOUS
10
-0.5028960236220472
20
-1.8679278346456691
11
-0.5024551181102362
21
-1.8668634251968503
0
LINE
8
BLACK
6
CONTINUOUS
10
-0.5024551181102362
20
-1.8668634251968503
11
-0.5016404724409449
21
-1.8660487795275591
0
LINE
8
BLACK
6
CONTINUOUS
10
-0.5016404724409449
20
-1.8660487795275591
11
-0.500576062992126
21
-1.865607874015748
0
LINE
8
BLACK
6
CONTINUOUS
10
-0.500576062992126
20
-1.865607874015748
11
-0.5
21
-1.8655511417322834
0
LINE
8
BLACK
6
CONTINUOUS
10
-0.5
20
-1.8655511417322834
11
0.5000000393700788
21
-1.8655511811023622
0
LINE
8
BLACK
6
CONTINUOUS
10
-0.4970472834645669
20
-2.0655511811023621
11
0.4970472440944882
21
-2.0655511811023621
0
LINE
8
BLACK
6
CONTINUOUS
10
0.4970472440944882
20
-2.0655511811023621
11
0.4970472440944882
21
-1.871456653543307
0
LINE
8
BLACK
6
CONTINUOUS
10
0.4970472440944882
20
-1.871456653543307
11
-0.4970472834645669
21
-1.871456653543307
0
LINE
8
BLACK
6
CONTINUOUS
10
-0.4970472834645669
20
-1.871456653543307
11
-0.4970472834645669
21
-2.0655511811023621
0
LINE
8
BLACK
6
CONTINUOUS
10
1.0268613779527558
20
-1.98013968503937
11
1.0269391338582676
21
-1.9801341732283464
0
LINE
8
BLACK
6
CONTINUOUS
10
1.0269391338582676
20
-1.9801341732283464
11
1.0270413779527559
21
-1.9801574015748031
0
LINE
8
BLACK
6
CONTINUOUS
10
1.0270413779527559
20
-1.9801574015748031
11
1.0271459055118111
21
-1.980167716535433
0
LINE
8
BLACK
6
CONTINUOUS
10
1.0271459055118111
20
-1.980167716535433
11
1.0272179921259843
21
-1.980197559055118
0
LINE
8
BLACK
6
CONTINUOUS
10
1.0272179921259843
20
-1.980197559055118
11
1.0275035826771652
21
-1.9802625196850394
0
LINE
8
BLACK
6
CONTINUOUS
10
1.0275035826771652
20
-1.9802625196850394
11
1.0331278740157479
21
-1.982137283464567
0
LINE
8
BLACK
6
CONTINUOUS
10
1.0331278740157479
20
-1.982137283464567
11
1.0336564173228346
21
-1.9823732677165353
0
LINE
8
BLACK
6
CONTINUOUS
10
1.0336564173228346
20
-1.9823732677165353
11
1.0337365354330708
21
-1.9824427559055118
0
LINE
8
BLACK
6
CONTINUOUS
10
1.0337365354330708
20
-1.9824427559055118
11
1.0338346062992125
21
-1.9824833858267716
0
LINE
8
BLACK
6
CONTINUOUS
10
1.0338346062992125
20
-1.9824833858267716
11
1.0342820472440946
21
-1.9828505905511811
0
LINE
8
BLACK
6
CONTINUOUS
10
1.0342820472440946
20
-1.9828505905511811
11
1.0361568110236221
21
-1.9847253543307086
0
LINE
8
BLACK
6
CONTINUOUS
10
1.0361568110236221
20
-1.9847253543307086
11
1.0365240157480315
21
-1.9851727952755904
0
LINE
8
BLACK
6
CONTINUOUS
10
1.0365240157480315
20
-1.9851727952755904
11
1.0369649212598424
21
-1.9862372047244095
0
LINE
8
BLACK
6
CONTINUOUS
10
1.0369649212598424
20
-1.9862372047244095
11
1.0369649212598424
21
-1.9873892913385827
0
LINE
8
BLACK
6
CONTINUOUS
10
1.0369649212598424
20
-1.9873892913385827
11
1.0365240157480315
21
-1.9884537007874015
0
LINE
8
BLACK
6
CONTINUOUS
10
1.0365240157480315
20
-1.9884537007874015
11
1.0357093307086613
21
-1.9892683858267717
0
LINE
8
BLACK
6
CONTINUOUS
10
1.0357093307086613
20
-1.9892683858267717
11
1.0346449212598425
21
-1.9897092913385825
0
LINE
8
BLACK
6
CONTINUOUS
10
1.0346449212598425
20
-1.9897092913385825
11
1.0334928346456693
21
-1.9897092913385825
0
LINE
8
BLACK
6
CONTINUOUS
10
1.0334928346456693
20
-1.9897092913385825
11
1.0324284251968503
21
-1.9892683858267717
0
LINE
8
BLACK
6
CONTINUOUS
10
1.0324284251968503
20
-1.9892683858267717
11
1.0319809842519685
21
-1.9889011811023622
0
LINE
8
BLACK
6
CONTINUOUS
10
1.0319809842519685
20
-1.9889011811023622
11
1.0305990944881889
21
-1.9875192913385826
0
LINE
8
BLACK
6
CONTINUOUS
10
1.0305990944881889
20
-1.9875192913385826
11
1.0260907086614173
21
-1.986016496062992
0
LINE
8
BLACK
6
CONTINUOUS
10
1.0260907086614173
20
-1.986016496062992
11
1.0232994488188976
21
-1.986016496062992
0
LINE
8
BLACK
6
CONTINUOUS
10
1.0232994488188976
20
-1.986016496062992
11
1.018791062992126
21
-1.9875192913385826
0
LINE
8
BLACK
6
CONTINUOUS
10
1.018791062992126
20
-1.9875192913385826
11
1.0158732283464567
21
-1.9904371259842519
0
LINE
8
BLACK
6
CONTINUOUS
10
1.0158732283464567
20
-1.9904371259842519
11
1.0143577165354329
21
-1.9934681102362204
0
LINE
8
BLACK
6
CONTINUOUS
10
1.0143577165354329
20
-1.9934681102362204
11
1.0126497244094488
21
-2.0003001574803148
0
LINE
8
BLACK
6
CONTINUOUS
10
1.0126497244094488
20
-2.0003001574803148
11
1.0126497244094488
21
-2.0051973622047243
0
LINE
8
BLACK
6
CONTINUOUS
10
1.0126497244094488
20
-2.0051973622047243
11
1.0143577165354329
21
-2.0120294094488189
0
LINE
8
BLACK
6
CONTINUOUS
10
1.0143577165354329
20
-2.0120294094488189
11
1.0158732283464567
21
-2.0150603937007872
0
LINE
8
BLACK
6
CONTINUOUS
10
1.0158732283464567
20
-2.0150603937007872
11
1.018791062992126
21
-2.0179782677165354
0
LINE
8
BLACK
6
CONTINUOUS
10
1.018791062992126
20
-2.0179782677165354
11
1.0232994488188976
21
-2.019481062992126
0
LINE
8
BLACK
6
CONTINUOUS
10
1.0232994488188976
20
-2.019481062992126
11
1.0260907086614173
21
-2.019481062992126
0
LINE
8
BLACK
6
CONTINUOUS
10
1.0260907086614173
20
-2.019481062992126
11
1.0305990944881889
21
-2.0179782283464567
0
LINE
8
BLACK
6
CONTINUOUS
10
1.0305990944881889
20
-2.0179782283464567
11
1.0319809448818897
21
-2.016596377952756
0
LINE
8
BLACK
6
CONTINUOUS
10
1.0319809448818897
20
-2.016596377952756
11
1.0324284251968503
21
-2.0162291338582676
0
LINE
8
BLACK
6
CONTINUOUS
10
1.0324284251968503
20
-2.0162291338582676
11
1.0334928346456693
21
-2.0157882283464565
0
LINE
8
BLACK
6
CONTINUOUS
10
1.0334928346456693
20
-2.0157882283464565
11
1.0346449212598425
21
-2.0157882283464565
0
LINE
8
BLACK
6
CONTINUOUS
10
1.0346449212598425
20
-2.0157882283464565
11
1.0357093307086613
21
-2.0162290944881889
0
LINE
8
BLACK
6
CONTINUOUS
10
1.0357093307086613
20
-2.0162290944881889
11
1.0365240157480315
21
-2.0170437795275591
0
LINE
8
BLACK
6
CONTINUOUS
10
1.0365240157480315
20
-2.0170437795275591
11
1.0369649212598424
21
-2.0181081889763779
0
LINE
8
BLACK
6
CONTINUOUS
10
1.0369649212598424
20
-2.0181081889763779
11
1.0369649212598424
21
-2.0192602755905513
0
LINE
8
BLACK
6
CONTINUOUS
10
1.0369649212598424
20
-2.0192602755905513
11
1.0365240551181103
21
-2.0203246850393701
0
LINE
8
BLACK
6
CONTINUOUS
10
1.0365240551181103
20
-2.0203246850393701
11
1.0361568110236221
21
-2.0207721653543307
0
LINE
8
BLACK
6
CONTINUOUS
10
1.0361568110236221
20
-2.0207721653543307
11
1.0342820866141733
21
-2.0226469291338582
0
LINE
8
BLACK
6
CONTINUOUS
10
1.0342820866141733
20
-2.0226469291338582
11
1.0338346062992125
21
-2.0230141732283462
0
LINE
8
BLACK
6
CONTINUOUS
10
1.0338346062992125
20
-2.0230141732283462
11
1.0337365354330708
21
-2.0230547637795273
0
LINE
8
BLACK
6
CONTINUOUS
10
1.0337365354330708
20
-2.0230547637795273
11
1.0336564173228346
21
-2.0231242913385827
0
LINE
8
BLACK
6
CONTINUOUS
10
1.0336564173228346
20
-2.0231242913385827
11
1.0331278740157479
21
-2.0233602755905511
0
LINE
8
BLACK
6
CONTINUOUS
10
1.0331278740157479
20
-2.0233602755905511
11
1.0275035826771652
21
-2.0252350393700786
0
LINE
8
BLACK
6
CONTINUOUS
10
1.0275035826771652
20
-2.0252350393700786
11
1.0272179921259843
21
-2.0252999606299213
0
LINE
8
BLACK
6
CONTINUOUS
10
1.0272179921259843
20
-2.0252999606299213
11
1.0271459055118111
21
-2.0253298425196848
0
LINE
8
BLACK
6
CONTINUOUS
10
1.0271459055118111
20
-2.0253298425196848
11
1.0270413779527559
21
-2.0253401181102362
0
LINE
8
BLACK
6
CONTINUOUS
10
1.0270413779527559
20
-2.0253401181102362
11
1.0269391338582676
21
-2.0253633858267714
0
LINE
8
BLACK
6
CONTINUOUS
10
1.0269391338582676
20
-2.0253633858267714
11
1.0268613779527558
21
-2.0253578346456691
0
LINE
8
BLACK
6
CONTINUOUS
10
1.0268613779527558
20
-2.0253578346456691
11
1.026569842519685
21
-2.0253865748031497
0
LINE
8
BLACK
6
CONTINUOUS
10
1.026569842519685
20
-2.0253865748031497
11
1.0228203149606299
21
-2.0253865748031497
0
LINE
8
BLACK
6
CONTINUOUS
10
1.0228203149606299
20
-2.0253865748031497
11
1.0225287007874015
21
-2.0253578346456691
0
LINE
8
BLACK
6
CONTINUOUS
10
1.0225287007874015
20
-2.0253578346456691
11
1.0224509842519685
21
-2.0253633858267714
0
LINE
8
BLACK
6
CONTINUOUS
10
1.0224509842519685
20
-2.0253633858267714
11
1.0223487007874015
21
-2.0253401181102362
0
LINE
8
BLACK
6
CONTINUOUS
10
1.0223487007874015
20
-2.0253401181102362
11
1.022244251968504
21
-2.0253298425196848
0
LINE
8
BLACK
6
CONTINUOUS
10
1.022244251968504
20
-2.0253298425196848
11
1.0221721653543308
21
-2.0252999606299213
0
LINE
8
BLACK
6
CONTINUOUS
10
1.0221721653543308
20
-2.0252999606299213
11
1.0218865354330708
21
-2.0252350393700786
0
LINE
8
BLACK
6
CONTINUOUS
10
1.0218865354330708
20
-2.0252350393700786
11
1.0162622834645669
21
-2.0233602755905511
0
LINE
8
BLACK
6
CONTINUOUS
10
1.0162622834645669
20
-2.0233602755905511
11
1.0157337007874017
21
-2.0231242913385827
0
LINE
8
BLACK
6
CONTINUOUS
10
1.0157337007874017
20
-2.0231242913385827
11
1.0156535826771653
21
-2.0230548031496061
0
LINE
8
BLACK
6
CONTINUOUS
10
1.0156535826771653
20
-2.0230548031496061
11
1.0155555511811023
21
-2.023014212598425
0
LINE
8
BLACK
6
CONTINUOUS
10
1.0155555511811023
20
-2.023014212598425
11
1.0151081102362205
21
-2.022646968503937
0
LINE
8
BLACK
6
CONTINUOUS
10
1.0151081102362205
20
-2.022646968503937
11
1.0113585826771654
21
-2.0188974015748031
0
LINE
8
BLACK
6
CONTINUOUS
10
1.0113585826771654
20
-2.0188974015748031
11
1.0111727952755905
21
-2.0186710236220473
0
LINE
8
BLACK
6
CONTINUOUS
10
1.0111727952755905
20
-2.0186710236220473
11
1.0111138188976379
21
-2.0186198818897636
0
LINE
8
BLACK
6
CONTINUOUS
10
1.0111138188976379
20
-2.0186198818897636
11
1.0110578346456693
21
-2.0185309448818898
0
LINE
8
BLACK
6
CONTINUOUS
10
1.0110578346456693
20
-2.0185309448818898
11
1.0109913385826772
21
-2.0184499212598426
0
LINE
8
BLACK
6
CONTINUOUS
10
1.0109913385826772
20
-2.0184499212598426
11
1.010961496062992
21
-2.0183778740157479
0
LINE
8
BLACK
6
CONTINUOUS
10
1.010961496062992
20
-2.0183778740157479
11
1.0108054724409448
21
-2.0181299999999998
0
LINE
8
BLACK
6
CONTINUOUS
10
1.0108054724409448
20
-2.0181299999999998
11
1.0089307086614172
21
-2.0143804724409446
0
LINE
8
BLACK
6
CONTINUOUS
10
1.0089307086614172
20
-2.0143804724409446
11
1.0089145669291337
21
-2.0143383464566931
0
LINE
8
BLACK
6
CONTINUOUS
10
1.0089145669291337
20
-2.0143383464566931
11
1.0089018897637796
21
-2.014321220472441
0
LINE
8
BLACK
6
CONTINUOUS
10
1.0089018897637796
20
-2.014321220472441
11
1.0088154330708661
21
-2.014079251968504
0
LINE
8
BLACK
6
CONTINUOUS
10
1.0088154330708661
20
-2.014079251968504
11
1.0087238188976377
21
-2.0138398425196851
0
LINE
8
BLACK
6
CONTINUOUS
10
1.0087238188976377
20
-2.0138398425196851
11
1.0087222834645668
21
-2.0138185826771653
0
LINE
8
BLACK
6
CONTINUOUS
10
1.0087222834645668
20
-2.0138185826771653
11
1.0087071259842519
21
-2.0137761023622045
0
LINE
8
BLACK
6
CONTINUOUS
10
1.0087071259842519
20
-2.0137761023622045
11
1.0068323622047244
21
-2.0062770472440943
0
LINE
8
BLACK
6
CONTINUOUS
10
1.0068323622047244
20
-2.0062770472440943
11
1.006817559055118
21
-2.0061771653543308
0
LINE
8
BLACK
6
CONTINUOUS
10
1.006817559055118
20
-2.0061771653543308
11
1.0068009448818898
21
-2.0061369685039367
0
LINE
8
BLACK
6
CONTINUOUS
10
1.0068009448818898
20
-2.0061369685039367
11
1.0067795669291337
21
-2.0059199212598426
0
LINE
8
BLACK
6
CONTINUOUS
10
1.0067795669291337
20
-2.0059199212598426
11
1.006747716535433
21
-2.0057044488188978
0
LINE
8
BLACK
6
CONTINUOUS
10
1.006747716535433
20
-2.0057044488188978
11
1.006754094488189
21
-2.0056614173228344
0
LINE
8
BLACK
6
CONTINUOUS
10
1.006754094488189
20
-2.0056614173228344
11
1.0067442125984252
21
-2.0055609055118109
0
LINE
8
BLACK
6
CONTINUOUS
10
1.0067442125984252
20
-2.0055609055118109
11
1.0067442125984252
21
-1.9999366141732282
0
LINE
8
BLACK
6
CONTINUOUS
10
1.0067442125984252
20
-1.9999366141732282
11
1.006754094488189
21
-1.9998360629921259
0
LINE
8
BLACK
6
CONTINUOUS
10
1.006754094488189
20
-1.9998360629921259
11
1.006747716535433
21
-1.9997930708661418
0
LINE
8
BLACK
6
CONTINUOUS
10
1.006747716535433
20
-1.9997930708661418
11
1.0067795669291337
21
-1.9995775590551181
0
LINE
8
BLACK
6
CONTINUOUS
10
1.0067795669291337
20
-1.9995775590551181
11
1.0068009448818898
21
-1.9993605511811023
0
LINE
8
BLACK
6
CONTINUOUS
10
1.0068009448818898
20
-1.9993605511811023
11
1.006817559055118
21
-1.9993203149606298
0
LINE
8
BLACK
6
CONTINUOUS
10
1.006817559055118
20
-1.9993203149606298
11
1.0068323622047244
21
-1.9992204724409448
0
LINE
8
BLACK
6
CONTINUOUS
10
1.0068323622047244
20
-1.9992204724409448
11
1.0087071259842519
21
-1.9917214173228346
0
LINE
8
BLACK
6
CONTINUOUS
10
1.0087071259842519
20
-1.9917214173228346
11
1.0087222834645668
21
-1.9916788976377953
0
LINE
8
BLACK
6
CONTINUOUS
10
1.0087222834645668
20
-1.9916788976377953
11
1.0087238188976377
21
-1.9916576771653542
0
LINE
8
BLACK
6
CONTINUOUS
10
1.0087238188976377
20
-1.9916576771653542
11
1.0088154330708661
21
-1.9914182283464565
0
LINE
8
BLACK
6
CONTINUOUS
10
1.0088154330708661
20
-1.9914182283464565
11
1.0089018897637796
21
-1.9911762992125983
0
LINE
8
BLACK
6
CONTINUOUS
10
1.0089018897637796
20
-1.9911762992125983
11
1.0089145669291337
21
-1.9911591338582677
0
LINE
8
BLACK
6
CONTINUOUS
10
1.0089145669291337
20
-1.9911591338582677
11
1.0089307086614172
21
-1.9911170472440944
0
LINE
8
BLACK
6
CONTINUOUS
10
1.0089307086614172
20
-1.9911170472440944
11
1.0108054724409448
21
-1.9873675196850393
0
LINE
8
BLACK
6
CONTINUOUS
10
1.0108054724409448
20
-1.9873675196850393
11
1.0109615354330708
21
-1.9871194881889764
0
LINE
8
BLACK
6
CONTINUOUS
10
1.0109615354330708
20
-1.9871194881889764
11
1.010991377952756
21
-1.987047559055118
0
LINE
8
BLACK
6
CONTINUOUS
10
1.010991377952756
20
-1.987047559055118
11
1.0110578346456693
21
-1.9869665748031495
0
LINE
8
BLACK
6
CONTINUOUS
10
1.0110578346456693
20
-1.9869665748031495
11
1.0111138188976379
21
-1.9868776377952755
0
LINE
8
BLACK
6
CONTINUOUS
10
1.0111138188976379
20
-1.9868776377952755
11
1.0111727952755905
21
-1.9868264566929132
0
LINE
8
BLACK
6
CONTINUOUS
10
1.0111727952755905
20
-1.9868264566929132
11
1.0113585826771654
21
-1.9866001181102362
0
LINE
8
BLACK
6
CONTINUOUS
10
1.0113585826771654
20
-1.9866001181102362
11
1.0151081102362205
21
-1.9828505905511811
0
LINE
8
BLACK
6
CONTINUOUS
10
1.0151081102362205
20
-1.9828505905511811
11
1.0155555511811023
21
-1.9824833464566929
0
LINE
8
BLACK
6
CONTINUOUS
10
1.0155555511811023
20
-1.9824833464566929
11
1.0156535826771653
21
-1.982442716535433
0
LINE
8
BLACK
6
CONTINUOUS
10
1.0156535826771653
20
-1.982442716535433
11
1.0157337007874017
21
-1.9823732677165353
0
LINE
8
BLACK
6
CONTINUOUS
10
1.0157337007874017
20
-1.9823732677165353
11
1.0162622834645669
21
-1.982137283464567
0
LINE
8
BLACK
6
CONTINUOUS
10
1.0162622834645669
20
-1.982137283464567
11
1.0218865354330708
21
-1.9802625196850394
0
LINE
8
BLACK
6
CONTINUOUS
10
1.0218865354330708
20
-1.9802625196850394
11
1.0221721653543308
21
-1.980197559055118
0
LINE
8
BLACK
6
CONTINUOUS
10
1.0221721653543308
20
-1.980197559055118
11
1.022244251968504
21
-1.980167716535433
0
LINE
8
BLACK
6
CONTINUOUS
10
1.022244251968504
20
-1.980167716535433
11
1.0223487007874015
21
-1.9801574015748031
0
LINE
8
BLACK
6
CONTINUOUS
10
1.0223487007874015
20
-1.9801574015748031
11
1.0224509842519685
21
-1.9801341732283464
0
LINE
8
BLACK
6
CONTINUOUS
10
1.0224509842519685
20
-1.9801341732283464
11
1.0225287007874015
21
-1.98013968503937
0
LINE
8
BLACK
6
CONTINUOUS
10
1.0225287007874015
20
-1.98013968503937
11
1.0228203149606299
21
-1.9801109842519684
0
LINE
8
BLACK
6
CONTINUOUS
10
1.0228203149606299
20
-1.9801109842519684
11
1.026569842519685
21
-1.9801109842519684
0
LINE
8
BLACK
6
CONTINUOUS
10
1.026569842519685
20
-1.9801109842519684
11
1.0268613779527558
21
-1.98013968503937
0
LINE
8
BLACK
6
CONTINUOUS
10
1.0662314566929134
20
-1.98013968503937
11
1.0663092125984253
21
-1.9801341732283464
0
LINE
8
BLACK
6
CONTINUOUS
10
1.0663092125984253
20
-1.9801341732283464
11
1.0664114566929133
21
-1.9801574015748031
0
LINE
8
BLACK
6
CONTINUOUS
10
1.0664114566929133
20
-1.9801574015748031
11
1.0665159842519685
21
-1.980167716535433
0
LINE
8
BLACK
6
CONTINUOUS
10
1.0665159842519685
20
-1.980167716535433
11
1.0665880708661417
21
-1.980197559055118
0
LINE
8
BLACK
6
CONTINUOUS
10
1.0665880708661417
20
-1.980197559055118
11
1.0668736614173229
21
-1.9802625196850394
0
LINE
8
BLACK
6
CONTINUOUS
10
1.0668736614173229
20
-1.9802625196850394
11
1.0724979527559055
21
-1.982137283464567
0
LINE
8
BLACK
6
CONTINUOUS
10
1.0724979527559055
20
-1.982137283464567
11
1.0730264960629921
21
-1.9823732677165353
0
LINE
8
BLACK
6
CONTINUOUS
10
1.0730264960629921
20
-1.9823732677165353
11
1.0731066141732284
21
-1.9824427559055118
0
LINE
8
BLACK
6
CONTINUOUS
10
1.0731066141732284
20
-1.9824427559055118
11
1.0732046850393699
21
-1.9824833858267716
0
LINE
8
BLACK
6
CONTINUOUS
10
1.0732046850393699
20
-1.9824833858267716
11
1.073652125984252
21
-1.9828505905511811
0
LINE
8
BLACK
6
CONTINUOUS
10
1.073652125984252
20
-1.9828505905511811
11
1.0755268897637795
21
-1.9847253543307086
0
LINE
8
BLACK
6
CONTINUOUS
10
1.0755268897637795
20
-1.9847253543307086
11
1.075894094488189
21
-1.9851727952755904
0
LINE
8
BLACK
6
CONTINUOUS
10
1.075894094488189
20
-1.9851727952755904
11
1.076335
21
-1.9862372047244095
0
LINE
8
BLACK
6
CONTINUOUS
10
1.076335
20
-1.9862372047244095
11
1.076335
21
-1.9873892913385827
0
LINE
8
BLACK
6
CONTINUOUS
10
1.076335
20
-1.9873892913385827
11
1.075894094488189
21
-1.9884537007874015
0
LINE
8
BLACK
6
CONTINUOUS
10
1.075894094488189
20
-1.9884537007874015
11
1.075079409448819
21
-1.9892683858267717
0
LINE
8
BLACK
6
CONTINUOUS
10
1.075079409448819
20
-1.9892683858267717
11
1.0740149999999999
21
-1.9897092913385825
0
LINE
8
BLACK
6
CONTINUOUS
10
1.0740149999999999
20
-1.9897092913385825
11
1.0728629133858267
21
-1.9897092913385825
0
LINE
8
BLACK
6
CONTINUOUS
10
1.0728629133858267
20
-1.9897092913385825
11
1.0717985039370079
21
-1.9892683858267717
0
LINE
8
BLACK
6
CONTINUOUS
10
1.0717985039370079
20
-1.9892683858267717
11
1.0713510629921259
21
-1.9889011811023622
0
LINE
8
BLACK
6
CONTINUOUS
10
1.0713510629921259
20
-1.9889011811023622
11
1.0699691732283465
21
-1.9875192913385826
0
LINE
8
BLACK
6
CONTINUOUS
10
1.0699691732283465
20
-1.9875192913385826
11
1.0654607874015747
21
-1.986016496062992
0
LINE
8
BLACK
6
CONTINUOUS
10
1.0654607874015747
20
-1.986016496062992
11
1.0626695275590552
21
-1.986016496062992
0
LINE
8
BLACK
6
CONTINUOUS
10
1.0626695275590552
20
-1.986016496062992
11
1.0581611417322834
21
-1.9875192913385826
0
LINE
8
BLACK
6
CONTINUOUS
10
1.0581611417322834
20
-1.9875192913385826
11
1.0552433070866141
21
-1.9904371259842519
0
LINE
8
BLACK
6
CONTINUOUS
10
1.0552433070866141
20
-1.9904371259842519
11
1.0537277952755906
21
-1.9934681102362204
0
LINE
8
BLACK
6
CONTINUOUS
10
1.0537277952755906
20
-1.9934681102362204
11
1.0520198031496062
21
-2.0003001574803148
0
LINE
8
BLACK
6
CONTINUOUS
10
1.0520198031496062
20
-2.0003001574803148
11
1.0520198031496062
21
-2.0051973622047243
0
LINE
8
BLACK
6
CONTINUOUS
10
1.0520198031496062
20
-2.0051973622047243
11
1.0537277952755906
21
-2.0120294094488189
0
LINE
8
BLACK
6
CONTINUOUS
10
1.0537277952755906
20
-2.0120294094488189
11
1.0552433070866141
21
-2.0150603937007872
0
LINE
8
BLACK
6
CONTINUOUS
10
1.0552433070866141
20
-2.0150603937007872
11
1.0581611417322834
21
-2.0179782677165354
0
LINE
8
BLACK
6
CONTINUOUS
10
1.0581611417322834
20
-2.0179782677165354
11
1.0626695275590552
21
-2.019481062992126
0
LINE
8
BLACK
6
CONTINUOUS
10
1.0626695275590552
20
-2.019481062992126
11
1.0654607874015747
21
-2.019481062992126
0
LINE
8
BLACK
6
CONTINUOUS
10
1.0654607874015747
20
-2.019481062992126
11
1.0699691732283465
21
-2.0179782283464567
0
LINE
8
BLACK
6
CONTINUOUS
10
1.0699691732283465
20
-2.0179782283464567
11
1.0713510236220471
21
-2.016596377952756
0
LINE
8
BLACK
6
CONTINUOUS
10
1.0713510236220471
20
-2.016596377952756
11
1.0717985039370079
21
-2.0162291338582676
0
LINE
8
BLACK
6
CONTINUOUS
10
1.0717985039370079
20
-2.0162291338582676
11
1.0728629133858267
21
-2.0157882283464565
0
LINE
8
BLACK
6
CONTINUOUS
10
1.0728629133858267
20
-2.0157882283464565
11
1.0740149999999999
21
-2.0157882283464565
0
LINE
8
BLACK
6
CONTINUOUS
10
1.0740149999999999
20
-2.0157882283464565
11
1.075079409448819
21
-2.0162290944881889
0
LINE
8
BLACK
6
CONTINUOUS
10
1.075079409448819
20
-2.0162290944881889
11
1.075894094488189
21
-2.0170437795275591
0
LINE
8
BLACK
6
CONTINUOUS
10
1.075894094488189
20
-2.0170437795275591
11
1.076335
21
-2.0181081889763779
0
LINE
8
BLACK
6
CONTINUOUS
10
1.076335
20
-2.0181081889763779
11
1.076335
21
-2.0192602755905513
0
LINE
8
BLACK
6
CONTINUOUS
10
1.076335
20
-2.0192602755905513
11
1.0758941338582677
21
-2.0203246850393701
0
LINE
8
BLACK
6
CONTINUOUS
10
1.0758941338582677
20
-2.0203246850393701
11
1.0755268897637795
21
-2.0207721653543307
0
LINE
8
BLACK
6
CONTINUOUS
10
1.0755268897637795
20
-2.0207721653543307
11
1.0736521653543307
21
-2.0226469291338582
0
LINE
8
BLACK
6
CONTINUOUS
10
1.0736521653543307
20
-2.0226469291338582
11
1.0732046850393699
21
-2.0230141732283462
0
LINE
8
BLACK
6
CONTINUOUS
10
1.0732046850393699
20
-2.0230141732283462
11
1.0731066141732284
21
-2.0230547637795273
0
LINE
8
BLACK
6
CONTINUOUS
10
1.0731066141732284
20
-2.0230547637795273
11
1.0730264960629921
21
-2.0231242913385827
0
LINE
8
BLACK
6
CONTINUOUS
10
1.0730264960629921
20
-2.0231242913385827
11
1.0724979527559055
21
-2.0233602755905511
0
LINE
8
BLACK
6
CONTINUOUS
10
1.0724979527559055
20
-2.0233602755905511
11
1.0668736614173229
21
-2.0252350393700786
0
LINE
8
BLACK
6
CONTINUOUS
10
1.0668736614173229
20
-2.0252350393700786
11
1.0665880708661417
21
-2.0252999606299213
0
LINE
8
BLACK
6
CONTINUOUS
10
1.0665880708661417
20
-2.0252999606299213
11
1.0665159842519685
21
-2.0253298425196848
0
LINE
8
BLACK
6
CONTINUOUS
10
1.0665159842519685
20
-2.0253298425196848
11
1.0664114566929133
21
-2.0253401181102362
0
LINE
8
BLACK
6
CONTINUOUS
10
1.0664114566929133
20
-2.0253401181102362
11
1.0663092125984253
21
-2.0253633858267714
0
LINE
8
BLACK
6
CONTINUOUS
10
1.0663092125984253
20
-2.0253633858267714
11
1.0662314566929134
21
-2.0253578346456691
0
LINE
8
BLACK
6
CONTINUOUS
10
1.0662314566929134
20
-2.0253578346456691
11
1.0659399212598426
21
-2.0253865748031497
0
LINE
8
BLACK
6
CONTINUOUS
10
1.0659399212598426
20
-2.0253865748031497
11
1.0621903937007873
21
-2.0253865748031497
0
LINE
8
BLACK
6
CONTINUOUS
10
1.0621903937007873
20
-2.0253865748031497
11
1.061898779527559
21
-2.0253578346456691
0
LINE
8
BLACK
6
CONTINUOUS
10
1.061898779527559
20
-2.0253578346456691
11
1.0618210629921259
21
-2.0253633858267714
0
LINE
8
BLACK
6
CONTINUOUS
10
1.0618210629921259
20
-2.0253633858267714
11
1.0617187795275591
21
-2.0253401181102362
0
LINE
8
BLACK
6
CONTINUOUS
10
1.0617187795275591
20
-2.0253401181102362
11
1.0616143307086614
21
-2.0253298425196848
0
LINE
8
BLACK
6
CONTINUOUS
10
1.0616143307086614
20
-2.0253298425196848
11
1.0615422440944882
21
-2.0252999606299213
0
LINE
8
BLACK
6
CONTINUOUS
10
1.0615422440944882
20
-2.0252999606299213
11
1.0612566141732283
21
-2.0252350393700786
0
LINE
8
BLACK
6
CONTINUOUS
10
1.0612566141732283
20
-2.0252350393700786
11
1.0556323622047243
21
-2.0233602755905511
0
LINE
8
BLACK
6
CONTINUOUS
10
1.0556323622047243
20
-2.0233602755905511
11
1.0551037795275591
21
-2.0231242913385827
0
LINE
8
BLACK
6
CONTINUOUS
10
1.0551037795275591
20
-2.0231242913385827
11
1.0550236614173227
21
-2.0230548031496061
0
LINE
8
BLACK
6
CONTINUOUS
10
1.0550236614173227
20
-2.0230548031496061
11
1.0549256299212597
21
-2.023014212598425
0
LINE
8
BLACK
6
CONTINUOUS
10
1.0549256299212597
20
-2.023014212598425
11
1.0544781889763779
21
-2.022646968503937
0
LINE
8
BLACK
6
CONTINUOUS
10
1.0544781889763779
20
-2.022646968503937
11
1.0507286614173228
21
-2.0188974015748031
0
LINE
8
BLACK
6
CONTINUOUS
10
1.0507286614173228
20
-2.0188974015748031
11
1.0505428740157481
21
-2.0186710236220473
0
LINE
8
BLACK
6
CONTINUOUS
10
1.0505428740157481
20
-2.0186710236220473
11
1.0504838976377953
21
-2.0186198818897636
0
LINE
8
BLACK
6
CONTINUOUS
10
1.0504838976377953
20
-2.0186198818897636
11
1.0504279133858268
21
-2.0185309448818898
0
LINE
8
BLACK
6
CONTINUOUS
10
1.0504279133858268
20
-2.0185309448818898
11
1.0503614173228346
21
-2.0184499212598426
0
LINE
8
BLACK
6
CONTINUOUS
10
1.0503614173228346
20
-2.0184499212598426
11
1.0503315748031496
21
-2.0183778740157479
0
LINE
8
BLACK
6
CONTINUOUS
10
1.0503315748031496
20
-2.0183778740157479
11
1.0501755511811024
21
-2.0181299999999998
0
LINE
8
BLACK
6
CONTINUOUS
10
1.0501755511811024
20
-2.0181299999999998
11
1.0483007874015748
21
-2.0143804724409446
0
LINE
8
BLACK
6
CONTINUOUS
10
1.0483007874015748
20
-2.0143804724409446
11
1.0482846456692914
21
-2.0143383464566931
0
LINE
8
BLACK
6
CONTINUOUS
10
1.0482846456692914
20
-2.0143383464566931
11
1.048271968503937
21
-2.014321220472441
0
LINE
8
BLACK
6
CONTINUOUS
10
1.048271968503937
20
-2.014321220472441
11
1.0481855118110237
21
-2.014079251968504
0
LINE
8
BLACK
6
CONTINUOUS
10
1.0481855118110237
20
-2.014079251968504
11
1.0480938976377951
21
-2.0138398425196851
0
LINE
8
BLACK
6
CONTINUOUS
10
1.0480938976377951
20
-2.0138398425196851
11
1.0480923622047245
21
-2.0138185826771653
0
LINE
8
BLACK
6
CONTINUOUS
10
1.0480923622047245
20
-2.0138185826771653
11
1.0480772047244094
21
-2.0137761023622045
0
LINE
8
BLACK
6
CONTINUOUS
10
1.0480772047244094
20
-2.0137761023622045
11
1.0462024409448818
21
-2.0062770472440943
0
LINE
8
BLACK
6
CONTINUOUS
10
1.0462024409448818
20
-2.0062770472440943
11
1.0461876377952755
21
-2.0061771653543308
0
LINE
8
BLACK
6
CONTINUOUS
10
1.0461876377952755
20
-2.0061771653543308
11
1.0461710236220472
21
-2.0061369685039367
0
LINE
8
BLACK
6
CONTINUOUS
10
1.0461710236220472
20
-2.0061369685039367
11
1.0461496456692914
21
-2.0059199212598426
0
LINE
8
BLACK
6
CONTINUOUS
10
1.0461496456692914
20
-2.0059199212598426
11
1.0461177952755905
21
-2.0057044488188978
0
LINE
8
BLACK
6
CONTINUOUS
10
1.0461177952755905
20
-2.0057044488188978
11
1.0461241732283464
21
-2.0056614173228344
0
LINE
8
BLACK
6
CONTINUOUS
10
1.0461241732283464
20
-2.0056614173228344
11
1.0461142913385826
21
-2.0055609055118109
0
LINE
8
BLACK
6
CONTINUOUS
10
1.0461142913385826
20
-2.0055609055118109
11
1.0461142913385826
21
-1.9999366141732282
0
LINE
8
BLACK
6
CONTINUOUS
10
1.0461142913385826
20
-1.9999366141732282
11
1.0461241732283464
21
-1.9998360629921259
0
LINE
8
BLACK
6
CONTINUOUS
10
1.0461241732283464
20
-1.9998360629921259
11
1.0461177952755905
21
-1.9997930708661418
0
LINE
8
BLACK
6
CONTINUOUS
10
1.0461177952755905
20
-1.9997930708661418
11
1.0461496456692914
21
-1.9995775590551181
0
LINE
8
BLACK
6
CONTINUOUS
10
1.0461496456692914
20
-1.9995775590551181
11
1.0461710236220472
21
-1.9993605511811023
0
LINE
8
BLACK
6
CONTINUOUS
10
1.0461710236220472
20
-1.9993605511811023
11
1.0461876377952755
21
-1.9993203149606298
0
LINE
8
BLACK
6
CONTINUOUS
10
1.0461876377952755
20
-1.9993203149606298
11
1.0462024409448818
21
-1.9992204724409448
0
LINE
8
BLACK
6
CONTINUOUS
10
1.0462024409448818
20
-1.9992204724409448
11
1.0480772047244094
21
-1.9917214173228346
0
LINE
8
BLACK
6
CONTINUOUS
10
1.0480772047244094
20
-1.9917214173228346
11
1.0480923622047245
21
-1.9916788976377953
0
LINE
8
BLACK
6
CONTINUOUS
10
1.0480923622047245
20
-1.9916788976377953
11
1.0480938976377951
21
-1.9916576771653542
0
LINE
8
BLACK
6
CONTINUOUS
10
1.0480938976377951
20
-1.9916576771653542
11
1.0481855118110237
21
-1.9914182283464565
0
LINE
8
BLACK
6
CONTINUOUS
10
1.0481855118110237
20
-1.9914182283464565
11
1.048271968503937
21
-1.9911762992125983
0
LINE
8
BLACK
6
CONTINUOUS
10
1.048271968503937
20
-1.9911762992125983
11
1.0482846456692914
21
-1.9911591338582677
0
LINE
8
BLACK
6
CONTINUOUS
10
1.0482846456692914
20
-1.9911591338582677
11
1.0483007874015748
21
-1.9911170472440944
0
LINE
8
BLACK
6
CONTINUOUS
10
1.0483007874015748
20
-1.9911170472440944
11
1.0501755511811024
21
-1.9873675196850393
0
LINE
8
BLACK
6
CONTINUOUS
10
1.0501755511811024
20
-1.9873675196850393
11
1.0503316141732284
21
-1.9871194881889764
0
LINE
8
BLACK
6
CONTINUOUS
10
1.0503316141732284
20
-1.9871194881889764
11
1.0503614566929134
21
-1.987047559055118
0
LINE
8
BLACK
6
CONTINUOUS
10
1.0503614566929134
20
-1.987047559055118
11
1.0504279133858268
21
-1.9869665748031495
0
LINE
8
BLACK
6
CONTINUOUS
10
1.0504279133858268
20
-1.9869665748031495
11
1.0504838976377953
21
-1.9868776377952755
0
LINE
8
BLACK
6
CONTINUOUS
10
1.0504838976377953
20
-1.9868776377952755
11
1.0505428740157481
21
-1.9868264566929132
0
LINE
8
BLACK
6
CONTINUOUS
10
1.0505428740157481
20
-1.9868264566929132
11
1.0507286614173228
21
-1.9866001181102362
0
LINE
8
BLACK
6
CONTINUOUS
10
1.0507286614173228
20
-1.9866001181102362
11
1.0544781889763779
21
-1.9828505905511811
0
LINE
8
BLACK
6
CONTINUOUS
10
1.0544781889763779
20
-1.9828505905511811
11
1.0549256299212597
21
-1.9824833464566929
0
LINE
8
BLACK
6
CONTINUOUS
10
1.0549256299212597
20
-1.9824833464566929
11
1.0550236614173227
21
-1.982442716535433
0
LINE
8
BLACK
6
CONTINUOUS
10
1.0550236614173227
20
-1.982442716535433
11
1.0551037795275591
21
-1.9823732677165353
0
LINE
8
BLACK
6
CONTINUOUS
10
1.0551037795275591
20
-1.9823732677165353
11
1.0556323622047243
21
-1.982137283464567
0
LINE
8
BLACK
6
CONTINUOUS
10
1.0556323622047243
20
-1.982137283464567
11
1.0612566141732283
21
-1.9802625196850394
0
LINE
8
BLACK
6
CONTINUOUS
10
1.0612566141732283
20
-1.9802625196850394
11
1.0615422440944882
21
-1.980197559055118
0
LINE
8
BLACK
6
CONTINUOUS
10
1.0615422440944882
20
-1.980197559055118
11
1.0616143307086614
21
-1.980167716535433
0
LINE
8
BLACK
6
CONTINUOUS
10
1.0616143307086614
20
-1.980167716535433
11
1.0617187795275591
21
-1.9801574015748031
0
LINE
8
BLACK
6
CONTINUOUS
10
1.0617187795275591
20
-1.9801574015748031
11
1.0618210629921259
21
-1.9801341732283464
0
LINE
8
BLACK
6
CONTINUOUS
10
1.0618210629921259
20
-1.9801341732283464
11
1.061898779527559
21
-1.98013968503937
0
LINE
8
BLACK
6
CONTINUOUS
10
1.061898779527559
20
-1.98013968503937
11
1.0621903937007873
21
-1.9801109842519684
0
LINE
8
BLACK
6
CONTINUOUS
10
1.0621903937007873
20
-1.9801109842519684
11
1.0659399212598426
21
-1.9801109842519684
0
LINE
8
BLACK
6
CONTINUOUS
10
1.0659399212598426
20
-1.9801109842519684
11
1.0662314566929134
21
-1.98013968503937
0
LINE
8
BLACK
6
CONTINUOUS
10
0.9999106299212598
20
-1.9804985039370078
11
1.0007810236220471
21
-1.9812533858267716
0
LINE
8
BLACK
6
CONTINUOUS
10
1.0007810236220471
20
-1.9812533858267716
11
1.0012962204724409
21
-1.9822838582677165
0
LINE
8
BLACK
6
CONTINUOUS
10
1.0012962204724409
20
-1.9822838582677165
11
1.0013779133858267
21
-1.9834330708661416
0
LINE
8
BLACK
6
CONTINUOUS
10
1.0013779133858267
20
-1.9834330708661416
11
1.0012495669291339
21
-1.9839974803149605
0
LINE
8
BLACK
6
CONTINUOUS
10
1.0012495669291339
20
-1.9839974803149605
11
0.9881262204724409
21
-2.0233675590551181
0
LINE
8
BLACK
6
CONTINUOUS
10
0.9881262204724409
20
-2.0233675590551181
11
0.9878902362204725
21
-2.0238961417322834
0
LINE
8
BLACK
6
CONTINUOUS
10
0.9878902362204725
20
-2.0238961417322834
11
0.987751968503937
21
-2.0240555118110235
0
LINE
8
BLACK
6
CONTINUOUS
10
0.987751968503937
20
-2.0240555118110235
11
0.9876576771653544
21
-2.0242441732283463
0
LINE
8
BLACK
6
CONTINUOUS
10
0.9876576771653544
20
-2.0242441732283463
11
0.9873779921259842
21
-2.0244867322834645
0
LINE
8
BLACK
6
CONTINUOUS
10
0.9873779921259842
20
-2.0244867322834645
11
0.9871353543307086
21
-2.0247664960629921
0
LINE
8
BLACK
6
CONTINUOUS
10
0.9871353543307086
20
-2.0247664960629921
11
0.9869466141732284
21
-2.0248608267716537
0
LINE
8
BLACK
6
CONTINUOUS
10
0.9869466141732284
20
-2.0248608267716537
11
0.9867872834645669
21
-2.0249990551181103
0
LINE
8
BLACK
6
CONTINUOUS
10
0.9867872834645669
20
-2.0249990551181103
11
0.9864360236220472
21
-2.0251161023622046
0
LINE
8
BLACK
6
CONTINUOUS
10
0.9864360236220472
20
-2.0251161023622046
11
0.9861049212598425
21
-2.0252816929133859
0
LINE
8
BLACK
6
CONTINUOUS
10
0.9861049212598425
20
-2.0252816929133859
11
0.9858944881889764
21
-2.0252966141732283
0
LINE
8
BLACK
6
CONTINUOUS
10
0.9858944881889764
20
-2.0252966141732283
11
0.9856942913385827
21
-2.0253633858267714
0
LINE
8
BLACK
6
CONTINUOUS
10
0.9856942913385827
20
-2.0253633858267714
11
0.985325
21
-2.0253371259842519
0
LINE
8
BLACK
6
CONTINUOUS
10
0.985325
20
-2.0253371259842519
11
0.9849557086614174
21
-2.0253633858267714
0
LINE
8
BLACK
6
CONTINUOUS
10
0.9849557086614174
20
-2.0253633858267714
11
0.9847554724409449
21
-2.0252966141732283
0
LINE
8
BLACK
6
CONTINUOUS
10
0.9847554724409449
20
-2.0252966141732283
11
0.9845450787401575
21
-2.0252816929133859
0
LINE
8
BLACK
6
CONTINUOUS
10
0.9845450787401575
20
-2.0252816929133859
11
0.9842140551181102
21
-2.0251161417322834
0
LINE
8
BLACK
6
CONTINUOUS
10
0.9842140551181102
20
-2.0251161417322834
11
0.9838626771653544
21
-2.0249990551181103
0
LINE
8
BLACK
6
CONTINUOUS
10
0.9838626771653544
20
-2.0249990551181103
11
0.983703188976378
21
-2.0248607086614174
0
LINE
8
BLACK
6
CONTINUOUS
10
0.983703188976378
20
-2.0248607086614174
11
0.9835146456692914
21
-2.0247664566929133
0
LINE
8
BLACK
6
CONTINUOUS
10
0.9835146456692914
20
-2.0247664566929133
11
0.9832721653543307
21
-2.0244868897637796
0
LINE
8
BLACK
6
CONTINUOUS
10
0.9832721653543307
20
-2.0244868897637796
11
0.9829923228346457
21
-2.0242441732283463
0
LINE
8
BLACK
6
CONTINUOUS
10
0.9829923228346457
20
-2.0242441732283463
11
0.9828979527559055
21
-2.024055433070866
0
LINE
8
BLACK
6
CONTINUOUS
10
0.9828979527559055
20
-2.024055433070866
11
0.9827597637795276
21
-2.0238961023622046
0
LINE
8
BLACK
6
CONTINUOUS
10
0.9827597637795276
20
-2.0238961023622046
11
0.982523779527559
21
-2.0233675590551181
0
LINE
8
BLACK
6
CONTINUOUS
10
0.982523779527559
20
-2.0233675590551181
11
0.9694004330708661
21
-1.9839974803149605
0
LINE
8
BLACK
6
CONTINUOUS
10
0.9694004330708661
20
-1.9839974803149605
11
0.9692720866141732
21
-1.9834330314960629
0
LINE
8
BLACK
6
CONTINUOUS
10
0.9692720866141732
20
-1.9834330314960629
11
0.9693537795275591
21
-1.9822838188976377
0
LINE
8
BLACK
6
CONTINUOUS
10
0.9693537795275591
20
-1.9822838188976377
11
0.9698689763779528
21
-1.9812533858267716
0
LINE
8
BLACK
6
CONTINUOUS
10
0.9698689763779528
20
-1.9812533858267716
11
0.9707393307086614
21
-1.9804985039370078
0
LINE
8
BLACK
6
CONTINUOUS
10
0.9707393307086614
20
-1.9804985039370078
11
0.9718323622047244
21
-1.9801341732283464
0
LINE
8
BLACK
6
CONTINUOUS
10
0.9718323622047244
20
-1.9801341732283464
11
0.9729815748031496
21
-1.9802158661417322
0
LINE
8
BLACK
6
CONTINUOUS
10
0.9729815748031496
20
-1.9802158661417322
11
0.9740120078740158
21
-1.980731062992126
0
LINE
8
BLACK
6
CONTINUOUS
10
0.9740120078740158
20
-1.980731062992126
11
0.9747668897637795
21
-1.9816014173228347
0
LINE
8
BLACK
6
CONTINUOUS
10
0.9747668897637795
20
-1.9816014173228347
11
0.975002874015748
21
-1.9821299999999999
0
LINE
8
BLACK
6
CONTINUOUS
10
0.975002874015748
20
-1.9821299999999999
11
0.985325
21
-2.0130963779527558
0
LINE
8
BLACK
6
CONTINUOUS
10
0.985325
20
-2.0130963779527558
11
0.995647125984252
21
-1.9821299999999999
0
LINE
8
BLACK
6
CONTINUOUS
10
0.995647125984252
20
-1.9821299999999999
11
0.9958831102362204
21
-1.9816014566929134
0
LINE
8
BLACK
6
CONTINUOUS
10
0.9958831102362204
20
-1.9816014566929134
11
0.9966379921259843
21
-1.9807311023622047
0
LINE
8
BLACK
6
CONTINUOUS
10
0.9966379921259843
20
-1.9807311023622047
11
0.9976684251968504
21
-1.9802158661417322
0
LINE
8
BLACK
6
CONTINUOUS
10
0.9976684251968504
20
-1.9802158661417322
11
0.9988176377952755
21
-1.9801341732283464
0
LINE
8
BLACK
6
CONTINUOUS
10
0.9988176377952755
20
-1.9801341732283464
11
0.9999106299212598
21
-1.9804985039370078
0
LINE
8
BLACK
6
CONTINUOUS
10
0.9882748818897638
20
-1.8861677165354331
11
0.988372874015748
21
-1.886208307086614
0
LINE
8
BLACK
6
CONTINUOUS
10
0.988372874015748
20
-1.886208307086614
11
0.9884787007874015
21
-1.8862158267716536
0
LINE
8
BLACK
6
CONTINUOUS
10
0.9884787007874015
20
-1.8862158267716536
11
0.9890193307086614
21
-1.886422716535433
0
LINE
8
BLACK
6
CONTINUOUS
10
0.9890193307086614
20
-1.886422716535433
11
0.9927688582677165
21
-1.8882974803149606
0
LINE
8
BLACK
6
CONTINUOUS
10
0.9927688582677165
20
-1.8882974803149606
11
0.9932587401574803
21
-1.8886058267716535
0
LINE
8
BLACK
6
CONTINUOUS
10
0.9932587401574803
20
-1.8886058267716535
11
0.9940135826771653
21
-1.8894762204724409
0
LINE
8
BLACK
6
CONTINUOUS
10
0.9940135826771653
20
-1.8894762204724409
11
0.9943779133858267
21
-1.8905691732283465
0
LINE
8
BLACK
6
CONTINUOUS
10
0.9943779133858267
20
-1.8905691732283465
11
0.9942962598425197
21
-1.8917183858267717
0
LINE
8
BLACK
6
CONTINUOUS
10
0.9942962598425197
20
-1.8917183858267717
11
0.9937809842519685
21
-1.8927488976377953
0
LINE
8
BLACK
6
CONTINUOUS
10
0.9937809842519685
20
-1.8927488976377953
11
0.9929106299212598
21
-1.8935037401574804
0
LINE
8
BLACK
6
CONTINUOUS
10
0.9929106299212598
20
-1.8935037401574804
11
0.9918176377952755
21
-1.8938680708661417
0
LINE
8
BLACK
6
CONTINUOUS
10
0.9918176377952755
20
-1.8938680708661417
11
0.9906684251968504
21
-1.8937864173228347
0
LINE
8
BLACK
6
CONTINUOUS
10
0.9906684251968504
20
-1.8937864173228347
11
0.9901278346456692
21
-1.893579527559055
0
LINE
8
BLACK
6
CONTINUOUS
10
0.9901278346456692
20
-1.893579527559055
11
0.9870017716535433
21
-1.8920164960629922
0
LINE
8
BLACK
6
CONTINUOUS
10
0.9870017716535433
20
-1.8920164960629922
11
0.9825536614173228
21
-1.8920164960629922
0
LINE
8
BLACK
6
CONTINUOUS
10
0.9825536614173228
20
-1.8920164960629922
11
0.9780452755905512
21
-1.8935192913385825
0
LINE
8
BLACK
6
CONTINUOUS
10
0.9780452755905512
20
-1.8935192913385825
11
0.9751274409448819
21
-1.8964371259842518
0
LINE
8
BLACK
6
CONTINUOUS
10
0.9751274409448819
20
-1.8964371259842518
11
0.9736119291338583
21
-1.8994681102362205
0
LINE
8
BLACK
6
CONTINUOUS
10
0.9736119291338583
20
-1.8994681102362205
11
0.971903937007874
21
-1.9063001574803149
0
LINE
8
BLACK
6
CONTINUOUS
10
0.971903937007874
20
-1.9063001574803149
11
0.971903937007874
21
-1.9111973622047245
0
LINE
8
BLACK
6
CONTINUOUS
10
0.971903937007874
20
-1.9111973622047245
11
0.9736119291338583
21
-1.9180294094488188
0
LINE
8
BLACK
6
CONTINUOUS
10
0.9736119291338583
20
-1.9180294094488188
11
0.9751274409448819
21
-1.9210603937007873
0
LINE
8
BLACK
6
CONTINUOUS
10
0.9751274409448819
20
-1.9210603937007873
11
0.9780452755905512
21
-1.9239782677165354
0
LINE
8
BLACK
6
CONTINUOUS
10
0.9780452755905512
20
-1.9239782677165354
11
0.9825536614173228
21
-1.925481062992126
0
LINE
8
BLACK
6
CONTINUOUS
10
0.9825536614173228
20
-1.925481062992126
11
0.9853449212598425
21
-1.925481062992126
0
LINE
8
BLACK
6
CONTINUOUS
10
0.9853449212598425
20
-1.925481062992126
11
0.9898533070866141
21
-1.9239782283464566
0
LINE
8
BLACK
6
CONTINUOUS
10
0.9898533070866141
20
-1.9239782283464566
11
0.9903703543307086
21
-1.9234611811023621
0
LINE
8
BLACK
6
CONTINUOUS
10
0.9903703543307086
20
-1.9234611811023621
11
0.9903703543307086
21
-1.9145136614173228
0
LINE
8
BLACK
6
CONTINUOUS
10
0.9903703543307086
20
-1.9145136614173228
11
0.9858240551181102
21
-1.9145136614173228
0
LINE
8
BLACK
6
CONTINUOUS
10
0.9858240551181102
20
-1.9145136614173228
11
0.9852479921259842
21
-1.9144569291338582
0
LINE
8
BLACK
6
CONTINUOUS
10
0.9852479921259842
20
-1.9144569291338582
11
0.9841835826771653
21
-1.9140160236220471
0
LINE
8
BLACK
6
CONTINUOUS
10
0.9841835826771653
20
-1.9140160236220471
11
0.983368937007874
21
-1.9132013779527559
0
LINE
8
BLACK
6
CONTINUOUS
10
0.983368937007874
20
-1.9132013779527559
11
0.982928031496063
21
-1.9121369685039369
0
LINE
8
BLACK
6
CONTINUOUS
10
0.982928031496063
20
-1.9121369685039369
11
0.982928031496063
21
-1.9109848425196849
0
LINE
8
BLACK
6
CONTINUOUS
10
0.982928031496063
20
-1.9109848425196849
11
0.983368937007874
21
-1.9099204330708661
0
LINE
8
BLACK
6
CONTINUOUS
10
0.983368937007874
20
-1.9099204330708661
11
0.9841835826771653
21
-1.9091057874015747
0
LINE
8
BLACK
6
CONTINUOUS
10
0.9841835826771653
20
-1.9091057874015747
11
0.9852479921259842
21
-1.9086648818897638
0
LINE
8
BLACK
6
CONTINUOUS
10
0.9852479921259842
20
-1.9086648818897638
11
0.9858240551181102
21
-1.9086081496062992
0
LINE
8
BLACK
6
CONTINUOUS
10
0.9858240551181102
20
-1.9086081496062992
11
0.9933231102362204
21
-1.9086081496062992
0
LINE
8
BLACK
6
CONTINUOUS
10
0.9933231102362204
20
-1.9086081496062992
11
0.9938991732283464
21
-1.9086648818897638
0
LINE
8
BLACK
6
CONTINUOUS
10
0.9938991732283464
20
-1.9086648818897638
11
0.9949635826771653
21
-1.9091057874015747
0
LINE
8
BLACK
6
CONTINUOUS
10
0.9949635826771653
20
-1.9091057874015747
11
0.9957782283464567
21
-1.9099204330708661
0
LINE
8
BLACK
6
CONTINUOUS
10
0.9957782283464567
20
-1.9099204330708661
11
0.9962191338582677
21
-1.9109848425196849
0
LINE
8
BLACK
6
CONTINUOUS
10
0.9962191338582677
20
-1.9109848425196849
11
0.9962758661417322
21
-1.911560905511811
0
LINE
8
BLACK
6
CONTINUOUS
10
0.9962758661417322
20
-1.911560905511811
11
0.9962758661417322
21
-1.9246842519685039
0
LINE
8
BLACK
6
CONTINUOUS
10
0.9962758661417322
20
-1.9246842519685039
11
0.9962191338582677
21
-1.9252603149606298
0
LINE
8
BLACK
6
CONTINUOUS
10
0.9962191338582677
20
-1.9252603149606298
11
0.9960649212598425
21
-1.9256325984251967
0
LINE
8
BLACK
6
CONTINUOUS
10
0.9960649212598425
20
-1.9256325984251967
11
0.9957782677165354
21
-1.92632468503937
0
LINE
8
BLACK
6
CONTINUOUS
10
0.9957782677165354
20
-1.92632468503937
11
0.9954110236220473
21
-1.9267721653543306
0
LINE
8
BLACK
6
CONTINUOUS
10
0.9954110236220473
20
-1.9267721653543306
11
0.9935362992125985
21
-1.9286469291338582
0
LINE
8
BLACK
6
CONTINUOUS
10
0.9935362992125985
20
-1.9286469291338582
11
0.9930888188976378
21
-1.9290141732283463
0
LINE
8
BLACK
6
CONTINUOUS
10
0.9930888188976378
20
-1.9290141732283463
11
0.992990748031496
21
-1.9290547637795274
0
LINE
8
BLACK
6
CONTINUOUS
10
0.992990748031496
20
-1.9290547637795274
11
0.9929106299212598
21
-1.9291242913385827
0
LINE
8
BLACK
6
CONTINUOUS
10
0.9929106299212598
20
-1.9291242913385827
11
0.9923820866141732
21
-1.9293602755905512
0
LINE
8
BLACK
6
CONTINUOUS
10
0.9923820866141732
20
-1.9293602755905512
11
0.9867577952755905
21
-1.9312350393700788
0
LINE
8
BLACK
6
CONTINUOUS
10
0.9867577952755905
20
-1.9312350393700788
11
0.9864722047244094
21
-1.9312999606299213
0
LINE
8
BLACK
6
CONTINUOUS
10
0.9864722047244094
20
-1.9312999606299213
11
0.9864001181102362
21
-1.931329842519685
0
LINE
8
BLACK
6
CONTINUOUS
10
0.9864001181102362
20
-1.931329842519685
11
0.9862955905511811
21
-1.9313401181102361
0
LINE
8
BLACK
6
CONTINUOUS
10
0.9862955905511811
20
-1.9313401181102361
11
0.9861933464566929
21
-1.9313633858267716
0
LINE
8
BLACK
6
CONTINUOUS
10
0.9861933464566929
20
-1.9313633858267716
11
0.986115590551181
21
-1.9313578346456692
0
LINE
8
BLACK
6
CONTINUOUS
10
0.986115590551181
20
-1.9313578346456692
11
0.9858240551181102
21
-1.9313865748031496
0
LINE
8
BLACK
6
CONTINUOUS
10
0.9858240551181102
20
-1.9313865748031496
11
0.9820745275590551
21
-1.9313865748031496
0
LINE
8
BLACK
6
CONTINUOUS
10
0.9820745275590551
20
-1.9313865748031496
11
0.9817829133858268
21
-1.9313578346456692
0
LINE
8
BLACK
6
CONTINUOUS
10
0.9817829133858268
20
-1.9313578346456692
11
0.9817051968503937
21
-1.9313633858267716
0
LINE
8
BLACK
6
CONTINUOUS
10
0.9817051968503937
20
-1.9313633858267716
11
0.9816029133858267
21
-1.9313401181102361
0
LINE
8
BLACK
6
CONTINUOUS
10
0.9816029133858267
20
-1.9313401181102361
11
0.9814984645669291
21
-1.931329842519685
0
LINE
8
BLACK
6
CONTINUOUS
10
0.9814984645669291
20
-1.931329842519685
11
0.9814263779527559
21
-1.9312999606299213
0
LINE
8
BLACK
6
CONTINUOUS
10
0.9814263779527559
20
-1.9312999606299213
11
0.9811407480314961
21
-1.9312350393700788
0
LINE
8
BLACK
6
CONTINUOUS
10
0.9811407480314961
20
-1.9312350393700788
11
0.9755164960629921
21
-1.9293602755905512
0
LINE
8
BLACK
6
CONTINUOUS
10
0.9755164960629921
20
-1.9293602755905512
11
0.9749879133858268
21
-1.9291242913385827
0
LINE
8
BLACK
6
CONTINUOUS
10
0.9749879133858268
20
-1.9291242913385827
11
0.9749077952755906
21
-1.9290548031496062
0
LINE
8
BLACK
6
CONTINUOUS
10
0.9749077952755906
20
-1.9290548031496062
11
0.9748097637795275
21
-1.9290142125984251
0
LINE
8
BLACK
6
CONTINUOUS
10
0.9748097637795275
20
-1.9290142125984251
11
0.9743623228346456
21
-1.9286469685039369
0
LINE
8
BLACK
6
CONTINUOUS
10
0.9743623228346456
20
-1.9286469685039369
11
0.9706127952755905
21
-1.924897401574803
0
LINE
8
BLACK
6
CONTINUOUS
10
0.9706127952755905
20
-1.924897401574803
11
0.9704270078740157
21
-1.9246710236220472
0
LINE
8
BLACK
6
CONTINUOUS
10
0.9704270078740157
20
-1.9246710236220472
11
0.970368031496063
21
-1.9246198818897637
0
LINE
8
BLACK
6
CONTINUOUS
10
0.970368031496063
20
-1.9246198818897637
11
0.9703120472440945
21
-1.9245309448818897
0
LINE
8
BLACK
6
CONTINUOUS
10
0.9703120472440945
20
-1.9245309448818897
11
0.9702455511811023
21
-1.9244499212598425
0
LINE
8
BLACK
6
CONTINUOUS
10
0.9702455511811023
20
-1.9244499212598425
11
0.9702157086614173
21
-1.924377874015748
0
LINE
8
BLACK
6
CONTINUOUS
10
0.9702157086614173
20
-1.924377874015748
11
0.97005968503937
21
-1.9241299999999999
0
LINE
8
BLACK
6
CONTINUOUS
10
0.97005968503937
20
-1.9241299999999999
11
0.9681849212598425
21
-1.9203804724409448
0
LINE
8
BLACK
6
CONTINUOUS
10
0.9681849212598425
20
-1.9203804724409448
11
0.9681687795275591
21
-1.9203383464566928
0
LINE
8
BLACK
6
CONTINUOUS
10
0.9681687795275591
20
-1.9203383464566928
11
0.9681561023622047
21
-1.9203212204724409
0
LINE
8
BLACK
6
CONTINUOUS
10
0.9681561023622047
20
-1.9203212204724409
11
0.9680696456692913
21
-1.9200792519685039
0
LINE
8
BLACK
6
CONTINUOUS
10
0.9680696456692913
20
-1.9200792519685039
11
0.967978031496063
21
-1.919839842519685
0
LINE
8
BLACK
6
CONTINUOUS
10
0.967978031496063
20
-1.919839842519685
11
0.9679764960629921
21
-1.9198185826771652
0
LINE
8
BLACK
6
CONTINUOUS
10
0.9679764960629921
20
-1.9198185826771652
11
0.9679613385826772
21
-1.9197761023622046
0
LINE
8
BLACK
6
CONTINUOUS
10
0.9679613385826772
20
-1.9197761023622046
11
0.9660865748031496
21
-1.9122770472440944
0
LINE
8
BLACK
6
CONTINUOUS
10
0.9660865748031496
20
-1.9122770472440944
11
0.9660717716535433
21
-1.9121771653543307
0
LINE
8
BLACK
6
CONTINUOUS
10
0.9660717716535433
20
-1.9121771653543307
11
0.9660551574803149
21
-1.9121369685039369
0
LINE
8
BLACK
6
CONTINUOUS
10
0.9660551574803149
20
-1.9121369685039369
11
0.966033779527559
21
-1.9119199212598426
0
LINE
8
BLACK
6
CONTINUOUS
10
0.966033779527559
20
-1.9119199212598426
11
0.9660019291338583
21
-1.9117044488188977
0
LINE
8
BLACK
6
CONTINUOUS
10
0.9660019291338583
20
-1.9117044488188977
11
0.9660083070866141
21
-1.9116614173228346
0
LINE
8
BLACK
6
CONTINUOUS
10
0.9660083070866141
20
-1.9116614173228346
11
0.9659984251968504
21
-1.911560905511811
0
LINE
8
BLACK
6
CONTINUOUS
10
0.9659984251968504
20
-1.911560905511811
11
0.9659984251968504
21
-1.9059366141732283
0
LINE
8
BLACK
6
CONTINUOUS
10
0.9659984251968504
20
-1.9059366141732283
11
0.9660083070866141
21
-1.905836062992126
0
LINE
8
BLACK
6
CONTINUOUS
10
0.9660083070866141
20
-1.905836062992126
11
0.9660019291338583
21
-1.9057930708661417
0
LINE
8
BLACK
6
CONTINUOUS
10
0.9660019291338583
20
-1.9057930708661417
11
0.966033779527559
21
-1.9055775590551181
0
LINE
8
BLACK
6
CONTINUOUS
10
0.966033779527559
20
-1.9055775590551181
11
0.9660551574803149
21
-1.9053605511811023
0
LINE
8
BLACK
6
CONTINUOUS
10
0.9660551574803149
20
-1.9053605511811023
11
0.9660717716535433
21
-1.9053203149606299
0
LINE
8
BLACK
6
CONTINUOUS
10
0.9660717716535433
20
-1.9053203149606299
11
0.9660865748031496
21
-1.9052204724409449
0
LINE
8
BLACK
6
CONTINUOUS
10
0.9660865748031496
20
-1.9052204724409449
11
0.9679613385826772
21
-1.8977214173228345
0
LINE
8
BLACK
6
CONTINUOUS
10
0.9679613385826772
20
-1.8977214173228345
11
0.9679764960629921
21
-1.8976788976377952
0
LINE
8
BLACK
6
CONTINUOUS
10
0.9679764960629921
20
-1.8976788976377952
11
0.967978031496063
21
-1.8976576771653544
0
LINE
8
BLACK
6
CONTINUOUS
10
0.967978031496063
20
-1.8976576771653544
11
0.9680696456692913
21
-1.8974182283464567
0
LINE
8
BLACK
6
CONTINUOUS
10
0.9680696456692913
20
-1.8974182283464567
11
0.9681561023622047
21
-1.8971762992125984
0
LINE
8
BLACK
6
CONTINUOUS
10
0.9681561023622047
20
-1.8971762992125984
11
0.9681687795275591
21
-1.8971591338582676
0
LINE
8
BLACK
6
CONTINUOUS
10
0.9681687795275591
20
-1.8971591338582676
11
0.9681849212598425
21
-1.8971170472440944
0
LINE
8
BLACK
6
CONTINUOUS
10
0.9681849212598425
20
-1.8971170472440944
11
0.97005968503937
21
-1.8933675196850392
0
LINE
8
BLACK
6
CONTINUOUS
10
0.97005968503937
20
-1.8933675196850392
11
0.970215748031496
21
-1.8931194881889764
0
LINE
8
BLACK
6
CONTINUOUS
10
0.970215748031496
20
-1.8931194881889764
11
0.9702455905511811
21
-1.8930475590551181
0
LINE
8
BLACK
6
CONTINUOUS
10
0.9702455905511811
20
-1.8930475590551181
11
0.9703120472440945
21
-1.8929665748031497
0
LINE
8
BLACK
6
CONTINUOUS
10
0.9703120472440945
20
-1.8929665748031497
11
0.970368031496063
21
-1.8928776377952756
0
LINE
8
BLACK
6
CONTINUOUS
10
0.970368031496063
20
-1.8928776377952756
11
0.9704270078740157
21
-1.8928264566929134
0
LINE
8
BLACK
6
CONTINUOUS
10
0.9704270078740157
20
-1.8928264566929134
11
0.9706127952755905
21
-1.8926001181102361
0
LINE
8
BLACK
6
CONTINUOUS
10
0.9706127952755905
20
-1.8926001181102361
11
0.9743623228346456
21
-1.888850590551181
0
LINE
8
BLACK
6
CONTINUOUS
10
0.9743623228346456
20
-1.888850590551181
11
0.9748097637795275
21
-1.8884833464566928
0
LINE
8
BLACK
6
CONTINUOUS
10
0.9748097637795275
20
-1.8884833464566928
11
0.9749077952755906
21
-1.8884427165354329
0
LINE
8
BLACK
6
CONTINUOUS
10
0.9749077952755906
20
-1.8884427165354329
11
0.9749879133858268
21
-1.8883732677165355
0
LINE
8
BLACK
6
CONTINUOUS
10
0.9749879133858268
20
-1.8883732677165355
11
0.9755164960629921
21
-1.8881372834645669
0
LINE
8
BLACK
6
CONTINUOUS
10
0.9755164960629921
20
-1.8881372834645669
11
0.9811407480314961
21
-1.8862625196850393
0
LINE
8
BLACK
6
CONTINUOUS
10
0.9811407480314961
20
-1.8862625196850393
11
0.9814263779527559
21
-1.8861975590551181
0
LINE
8
BLACK
6
CONTINUOUS
10
0.9814263779527559
20
-1.8861975590551181
11
0.9814984645669291
21
-1.8861677165354331
0
LINE
8
BLACK
6
CONTINUOUS
10
0.9814984645669291
20
-1.8861677165354331
11
0.9816029133858267
21
-1.886157401574803
0
LINE
8
BLACK
6
CONTINUOUS
10
0.9816029133858267
20
-1.886157401574803
11
0.9817051968503937
21
-1.8861341732283463
0
LINE
8
BLACK
6
CONTINUOUS
10
0.9817051968503937
20
-1.8861341732283463
11
0.9817829133858268
21
-1.8861396850393701
0
LINE
8
BLACK
6
CONTINUOUS
10
0.9817829133858268
20
-1.8861396850393701
11
0.9820745275590551
21
-1.8861109842519685
0
LINE
8
BLACK
6
CONTINUOUS
10
0.9820745275590551
20
-1.8861109842519685
11
0.9876988188976378
21
-1.8861109842519685
0
LINE
8
BLACK
6
CONTINUOUS
10
0.9876988188976378
20
-1.8861109842519685
11
0.9882748818897638
21
-1.8861677165354331
0
LINE
8
BLACK
6
CONTINUOUS
10
1.0611062204724409
20
-1.8861396850393701
11
1.0611839763779527
21
-1.8861341732283463
0
LINE
8
BLACK
6
CONTINUOUS
10
1.0611839763779527
20
-1.8861341732283463
11
1.0612862204724409
21
-1.886157401574803
0
LINE
8
BLACK
6
CONTINUOUS
10
1.0612862204724409
20
-1.886157401574803
11
1.0613907480314961
21
-1.8861677165354331
0
LINE
8
BLACK
6
CONTINUOUS
10
1.0613907480314961
20
-1.8861677165354331
11
1.0614628346456694
21
-1.8861975590551181
0
LINE
8
BLACK
6
CONTINUOUS
10
1.0614628346456694
20
-1.8861975590551181
11
1.0617484251968503
21
-1.8862625196850393
0
LINE
8
BLACK
6
CONTINUOUS
10
1.0617484251968503
20
-1.8862625196850393
11
1.067372716535433
21
-1.8881372834645669
0
LINE
8
BLACK
6
CONTINUOUS
10
1.067372716535433
20
-1.8881372834645669
11
1.0679012598425197
21
-1.8883732677165355
0
LINE
8
BLACK
6
CONTINUOUS
10
1.0679012598425197
20
-1.8883732677165355
11
1.0679813779527558
21
-1.8884427559055117
0
LINE
8
BLACK
6
CONTINUOUS
10
1.0679813779527558
20
-1.8884427559055117
11
1.0680794488188976
21
-1.8884833858267716
0
LINE
8
BLACK
6
CONTINUOUS
10
1.0680794488188976
20
-1.8884833858267716
11
1.0685268897637794
21
-1.888850590551181
0
LINE
8
BLACK
6
CONTINUOUS
10
1.0685268897637794
20
-1.888850590551181
11
1.0722764173228345
21
-1.8926001181102361
0
LINE
8
BLACK
6
CONTINUOUS
10
1.0722764173228345
20
-1.8926001181102361
11
1.0724622440944882
21
-1.8928264960629921
0
LINE
8
BLACK
6
CONTINUOUS
10
1.0724622440944882
20
-1.8928264960629921
11
1.0725211811023623
21
-1.8928776377952756
0
LINE
8
BLACK
6
CONTINUOUS
10
1.0725211811023623
20
-1.8928776377952756
11
1.0725770472440945
21
-1.8929663779527559
0
LINE
8
BLACK
6
CONTINUOUS
10
1.0725770472440945
20
-1.8929663779527559
11
1.0726436614173227
21
-1.8930475590551181
0
LINE
8
BLACK
6
CONTINUOUS
10
1.0726436614173227
20
-1.8930475590551181
11
1.0726735039370079
21
-1.8931196850393701
0
LINE
8
BLACK
6
CONTINUOUS
10
1.0726735039370079
20
-1.8931196850393701
11
1.0728295275590551
21
-1.8933675196850392
0
LINE
8
BLACK
6
CONTINUOUS
10
1.0728295275590551
20
-1.8933675196850392
11
1.0747042913385827
21
-1.8971170472440944
0
LINE
8
BLACK
6
CONTINUOUS
10
1.0747042913385827
20
-1.8971170472440944
11
1.0747203937007874
21
-1.8971591338582676
0
LINE
8
BLACK
6
CONTINUOUS
10
1.0747203937007874
20
-1.8971591338582676
11
1.0747331102362205
21
-1.8971762992125984
0
LINE
8
BLACK
6
CONTINUOUS
10
1.0747331102362205
20
-1.8971762992125984
11
1.0748194094488188
21
-1.8974178740157479
0
LINE
8
BLACK
6
CONTINUOUS
10
1.0748194094488188
20
-1.8974178740157479
11
1.0749111811023622
21
-1.8976576377952756
0
LINE
8
BLACK
6
CONTINUOUS
10
1.0749111811023622
20
-1.8976576377952756
11
1.0749126771653543
21
-1.8976788976377952
0
LINE
8
BLACK
6
CONTINUOUS
10
1.0749126771653543
20
-1.8976788976377952
11
1.074927874015748
21
-1.8977214173228345
0
LINE
8
BLACK
6
CONTINUOUS
10
1.074927874015748
20
-1.8977214173228345
11
1.0768026377952755
21
-1.9052204724409449
0
LINE
8
BLACK
6
CONTINUOUS
10
1.0768026377952755
20
-1.9052204724409449
11
1.0768174015748031
21
-1.9053203149606299
0
LINE
8
BLACK
6
CONTINUOUS
10
1.0768174015748031
20
-1.9053203149606299
11
1.0768340551181101
21
-1.9053605511811023
0
LINE
8
BLACK
6
CONTINUOUS
10
1.0768340551181101
20
-1.9053605511811023
11
1.0768553937007874
21
-1.9055775590551181
0
LINE
8
BLACK
6
CONTINUOUS
10
1.0768553937007874
20
-1.9055775590551181
11
1.0768872834645669
21
-1.9057930708661417
0
LINE
8
BLACK
6
CONTINUOUS
10
1.0768872834645669
20
-1.9057930708661417
11
1.0768808661417322
21
-1.905836062992126
0
LINE
8
BLACK
6
CONTINUOUS
10
1.0768808661417322
20
-1.905836062992126
11
1.0768907874015747
21
-1.9059366141732283
0
LINE
8
BLACK
6
CONTINUOUS
10
1.0768907874015747
20
-1.9059366141732283
11
1.0768907874015747
21
-1.911560905511811
0
LINE
8
BLACK
6
CONTINUOUS
10
1.0768907874015747
20
-1.911560905511811
11
1.0768808661417322
21
-1.9116614173228346
0
LINE
8
BLACK
6
CONTINUOUS
10
1.0768808661417322
20
-1.9116614173228346
11
1.0768872834645669
21
-1.9117044488188977
0
LINE
8
BLACK
6
CONTINUOUS
10
1.0768872834645669
20
-1.9117044488188977
11
1.0768553937007874
21
-1.9119199212598426
0
LINE
8
BLACK
6
CONTINUOUS
10
1.0768553937007874
20
-1.9119199212598426
11
1.0768340551181101
21
-1.9121369685039369
0
LINE
8
BLACK
6
CONTINUOUS
10
1.0768340551181101
20
-1.9121369685039369
11
1.0768174015748031
21
-1.9121771653543307
0
LINE
8
BLACK
6
CONTINUOUS
10
1.0768174015748031
20
-1.9121771653543307
11
1.0768026377952755
21
-1.9122770472440944
0
LINE
8
BLACK
6
CONTINUOUS
10
1.0768026377952755
20
-1.9122770472440944
11
1.074927874015748
21
-1.9197761023622046
0
LINE
8
BLACK
6
CONTINUOUS
10
1.074927874015748
20
-1.9197761023622046
11
1.0749126771653543
21
-1.9198185826771652
0
LINE
8
BLACK
6
CONTINUOUS
10
1.0749126771653543
20
-1.9198185826771652
11
1.0749111811023622
21
-1.9198398818897637
0
LINE
8
BLACK
6
CONTINUOUS
10
1.0749111811023622
20
-1.9198398818897637
11
1.0748194094488188
21
-1.9200796062992125
0
LINE
8
BLACK
6
CONTINUOUS
10
1.0748194094488188
20
-1.9200796062992125
11
1.0747331102362205
21
-1.9203212204724409
0
LINE
8
BLACK
6
CONTINUOUS
10
1.0747331102362205
20
-1.9203212204724409
11
1.0747203937007874
21
-1.9203383464566928
0
LINE
8
BLACK
6
CONTINUOUS
10
1.0747203937007874
20
-1.9203383464566928
11
1.0747042913385827
21
-1.9203804724409448
0
LINE
8
BLACK
6
CONTINUOUS
10
1.0747042913385827
20
-1.9203804724409448
11
1.0728295275590551
21
-1.9241299999999999
0
LINE
8
BLACK
6
CONTINUOUS
10
1.0728295275590551
20
-1.9241299999999999
11
1.0726734645669291
21
-1.924377874015748
0
LINE
8
BLACK
6
CONTINUOUS
10
1.0726734645669291
20
-1.924377874015748
11
1.0726436614173227
21
-1.9244499212598425
0
LINE
8
BLACK
6
CONTINUOUS
10
1.0726436614173227
20
-1.9244499212598425
11
1.072577125984252
21
-1.9245309448818897
0
LINE
8
BLACK
6
CONTINUOUS
10
1.072577125984252
20
-1.9245309448818897
11
1.0725211811023623
21
-1.9246198818897637
0
LINE
8
BLACK
6
CONTINUOUS
10
1.0725211811023623
20
-1.9246198818897637
11
1.0724621653543307
21
-1.9246710236220472
0
LINE
8
BLACK
6
CONTINUOUS
10
1.0724621653543307
20
-1.9246710236220472
11
1.0722764566929133
21
-1.9248973622047243
0
LINE
8
BLACK
6
CONTINUOUS
10
1.0722764566929133
20
-1.9248973622047243
11
1.0685268897637794
21
-1.9286469685039369
0
LINE
8
BLACK
6
CONTINUOUS
10
1.0685268897637794
20
-1.9286469685039369
11
1.0680794488188976
21
-1.9290141732283463
0
LINE
8
BLACK
6
CONTINUOUS
10
1.0680794488188976
20
-1.9290141732283463
11
1.0679813779527558
21
-1.9290547637795274
0
LINE
8
BLACK
6
CONTINUOUS
10
1.0679813779527558
20
-1.9290547637795274
11
1.0679012598425197
21
-1.9291242913385827
0
LINE
8
BLACK
6
CONTINUOUS
10
1.0679012598425197
20
-1.9291242913385827
11
1.067372716535433
21
-1.9293602755905512
0
LINE
8
BLACK
6
CONTINUOUS
10
1.067372716535433
20
-1.9293602755905512
11
1.0617484251968503
21
-1.9312350393700788
0
LINE
8
BLACK
6
CONTINUOUS
10
1.0617484251968503
20
-1.9312350393700788
11
1.0614628346456694
21
-1.9312999606299213
0
LINE
8
BLACK
6
CONTINUOUS
10
1.0614628346456694
20
-1.9312999606299213
11
1.0613907480314961
21
-1.931329842519685
0
LINE
8
BLACK
6
CONTINUOUS
10
1.0613907480314961
20
-1.931329842519685
11
1.0612862204724409
21
-1.9313401181102361
0
LINE
8
BLACK
6
CONTINUOUS
10
1.0612862204724409
20
-1.9313401181102361
11
1.0611839763779527
21
-1.9313633858267716
0
LINE
8
BLACK
6
CONTINUOUS
10
1.0611839763779527
20
-1.9313633858267716
11
1.0611062204724409
21
-1.9313578346456692
0
LINE
8
BLACK
6
CONTINUOUS
10
1.0611062204724409
20
-1.9313578346456692
11
1.06081468503937
21
-1.9313865748031496
0
LINE
8
BLACK
6
CONTINUOUS
10
1.06081468503937
20
-1.9313865748031496
11
1.0514408661417323
21
-1.9313865748031496
0
LINE
8
BLACK
6
CONTINUOUS
10
1.0514408661417323
20
-1.9313865748031496
11
1.0508648031496062
21
-1.931329842519685
0
LINE
8
BLACK
6
CONTINUOUS
10
1.0508648031496062
20
-1.931329842519685
11
1.0498003937007874
21
-1.9308889370078739
0
LINE
8
BLACK
6
CONTINUOUS
10
1.0498003937007874
20
-1.9308889370078739
11
1.0489857480314961
21
-1.9300742913385827
0
LINE
8
BLACK
6
CONTINUOUS
10
1.0489857480314961
20
-1.9300742913385827
11
1.048544842519685
21
-1.9290098818897636
0
LINE
8
BLACK
6
CONTINUOUS
10
1.048544842519685
20
-1.9290098818897636
11
1.0484881102362205
21
-1.9284338188976378
0
LINE
8
BLACK
6
CONTINUOUS
10
1.0484881102362205
20
-1.9284338188976378
11
1.0484881102362205
21
-1.8890637401574804
0
LINE
8
BLACK
6
CONTINUOUS
10
1.0484881102362205
20
-1.8890637401574804
11
1.048544842519685
21
-1.8884876771653543
0
LINE
8
BLACK
6
CONTINUOUS
10
1.048544842519685
20
-1.8884876771653543
11
1.0489857480314961
21
-1.8874232677165355
0
LINE
8
BLACK
6
CONTINUOUS
10
1.0489857480314961
20
-1.8874232677165355
11
1.0498003937007874
21
-1.886608622047244
0
LINE
8
BLACK
6
CONTINUOUS
10
1.0498003937007874
20
-1.886608622047244
11
1.0508648031496062
21
-1.8861677165354331
0
LINE
8
BLACK
6
CONTINUOUS
10
1.0508648031496062
20
-1.8861677165354331
11
1.0514408661417323
21
-1.8861109842519685
0
LINE
8
BLACK
6
CONTINUOUS
10
1.0514408661417323
20
-1.8861109842519685
11
1.06081468503937
21
-1.8861109842519685
0
LINE
8
BLACK
6
CONTINUOUS
10
1.06081468503937
20
-1.8861109842519685
11
1.0611062204724409
21
-1.8861396850393701
0
LINE
8
BLACK
6
CONTINUOUS
10
1.0543936220472441
20
-1.925481062992126
11
1.0603355511811023
21
-1.925481062992126
0
LINE
8
BLACK
6
CONTINUOUS
10
1.0603355511811023
20
-1.925481062992126
11
1.0648439370078739
21
-1.9239782283464566
0
LINE
8
BLACK
6
CONTINUOUS
10
1.0648439370078739
20
-1.9239782283464566
11
1.0677617322834645
21
-1.9210603937007873
0
LINE
8
BLACK
6
CONTINUOUS
10
1.0677617322834645
20
-1.9210603937007873
11
1.0692772440944882
21
-1.9180294094488188
0
LINE
8
BLACK
6
CONTINUOUS
10
1.0692772440944882
20
-1.9180294094488188
11
1.0709852755905511
21
-1.9111973622047245
0
LINE
8
BLACK
6
CONTINUOUS
10
1.0709852755905511
20
-1.9111973622047245
11
1.0709852755905511
21
-1.9063001574803149
0
LINE
8
BLACK
6
CONTINUOUS
10
1.0709852755905511
20
-1.9063001574803149
11
1.0692772440944882
21
-1.8994681102362205
0
LINE
8
BLACK
6
CONTINUOUS
10
1.0692772440944882
20
-1.8994681102362205
11
1.0677617716535432
21
-1.8964371259842518
0
LINE
8
BLACK
6
CONTINUOUS
10
1.0677617716535432
20
-1.8964371259842518
11
1.0648439370078739
21
-1.8935192913385825
0
LINE
8
BLACK
6
CONTINUOUS
10
1.0648439370078739
20
-1.8935192913385825
11
1.0603355511811023
21
-1.8920164960629922
0
LINE
8
BLACK
6
CONTINUOUS
10
1.0603355511811023
20
-1.8920164960629922
11
1.0543936220472441
21
-1.8920164960629922
0
LINE
8
BLACK
6
CONTINUOUS
10
1.0543936220472441
20
-1.8920164960629922
11
1.0543936220472441
21
-1.925481062992126
0
LINE
8
BLACK
6
CONTINUOUS
10
1.0105838582677165
20
-1.8861677165354331
11
1.0107720866141732
21
-1.8861677165354331
0
LINE
8
BLACK
6
CONTINUOUS
10
1.0107720866141732
20
-1.8861677165354331
11
1.0111348818897639
21
-1.8863179921259843
0
LINE
8
BLACK
6
CONTINUOUS
10
1.0111348818897639
20
-1.8863179921259843
11
1.0115137795275591
21
-1.8864213385826771
0
LINE
8
BLACK
6
CONTINUOUS
10
1.0115137795275591
20
-1.8864213385826771
11
1.0116625984251968
21
-1.8865365748031495
0
LINE
8
BLACK
6
CONTINUOUS
10
1.0116625984251968
20
-1.8865365748031495
11
1.0118364960629922
21
-1.886608622047244
0
LINE
8
BLACK
6
CONTINUOUS
10
1.0118364960629922
20
-1.886608622047244
11
1.0121140551181103
21
-1.8868861811023621
0
LINE
8
BLACK
6
CONTINUOUS
10
1.0121140551181103
20
-1.8868861811023621
11
1.0124246850393701
21
-1.8871267322834646
0
LINE
8
BLACK
6
CONTINUOUS
10
1.0124246850393701
20
-1.8871267322834646
11
1.0125960236220473
21
-1.8873681496062991
0
LINE
8
BLACK
6
CONTINUOUS
10
1.0125960236220473
20
-1.8873681496062991
11
1.0126511417322834
21
-1.8874232677165355
0
LINE
8
BLACK
6
CONTINUOUS
10
1.0126511417322834
20
-1.8874232677165355
11
1.0126735433070866
21
-1.8874773622047243
0
LINE
8
BLACK
6
CONTINUOUS
10
1.0126735433070866
20
-1.8874773622047243
11
1.0127597244094488
21
-1.8875987795275591
0
LINE
8
BLACK
6
CONTINUOUS
10
1.0127597244094488
20
-1.8875987795275591
11
1.0297404330708662
21
-1.9173150393700786
0
LINE
8
BLACK
6
CONTINUOUS
10
1.0297404330708662
20
-1.9173150393700786
11
1.0297404330708662
21
-1.8890637401574804
0
LINE
8
BLACK
6
CONTINUOUS
10
1.0297404330708662
20
-1.8890637401574804
11
1.0297971653543307
21
-1.8884876771653543
0
LINE
8
BLACK
6
CONTINUOUS
10
1.0297971653543307
20
-1.8884876771653543
11
1.0302380708661416
21
-1.8874232677165355
0
LINE
8
BLACK
6
CONTINUOUS
10
1.0302380708661416
20
-1.8874232677165355
11
1.0310527165354331
21
-1.886608622047244
0
LINE
8
BLACK
6
CONTINUOUS
10
1.0310527165354331
20
-1.886608622047244
11
1.0321171259842519
21
-1.8861677165354331
0
LINE
8
BLACK
6
CONTINUOUS
10
1.0321171259842519
20
-1.8861677165354331
11
1.0332692519685038
21
-1.8861677165354331
0
LINE
8
BLACK
6
CONTINUOUS
10
1.0332692519685038
20
-1.8861677165354331
11
1.0343336614173229
21
-1.886608622047244
0
LINE
8
BLACK
6
CONTINUOUS
10
1.0343336614173229
20
-1.886608622047244
11
1.0351483070866141
21
-1.8874232677165355
0
LINE
8
BLACK
6
CONTINUOUS
10
1.0351483070866141
20
-1.8874232677165355
11
1.0355892125984252
21
-1.8884876771653543
0
LINE
8
BLACK
6
CONTINUOUS
10
1.0355892125984252
20
-1.8884876771653543
11
1.0356459448818898
21
-1.8890637401574804
0
LINE
8
BLACK
6
CONTINUOUS
10
1.0356459448818898
20
-1.8890637401574804
11
1.0356459448818898
21
-1.9284338188976378
0
LINE
8
BLACK
6
CONTINUOUS
10
1.0356459448818898
20
-1.9284338188976378
11
1.0356313385826772
21
-1.9285819685039369
0
LINE
8
BLACK
6
CONTINUOUS
10
1.0356313385826772
20
-1.9285819685039369
11
1.0356387401574803
21
-1.9286400787401574
0
LINE
8
BLACK
6
CONTINUOUS
10
1.0356387401574803
20
-1.9286400787401574
11
1.035618188976378
21
-1.9287152755905512
0
LINE
8
BLACK
6
CONTINUOUS
10
1.035618188976378
20
-1.9287152755905512
11
1.0355892125984252
21
-1.9290098818897636
0
LINE
8
BLACK
6
CONTINUOUS
10
1.0355892125984252
20
-1.9290098818897636
11
1.0354388976377953
21
-1.9293726771653543
0
LINE
8
BLACK
6
CONTINUOUS
10
1.0354388976377953
20
-1.9293726771653543
11
1.0353355905511812
21
-1.9297515748031495
0
LINE
8
BLACK
6
CONTINUOUS
10
1.0353355905511812
20
-1.9297515748031495
11
1.0352203149606298
21
-1.9299003937007873
0
LINE
8
BLACK
6
CONTINUOUS
10
1.0352203149606298
20
-1.9299003937007873
11
1.0351483070866141
21
-1.9300742913385827
0
LINE
8
BLACK
6
CONTINUOUS
10
1.0351483070866141
20
-1.9300742913385827
11
1.0348707086614173
21
-1.9303518503937007
0
LINE
8
BLACK
6
CONTINUOUS
10
1.0348707086614173
20
-1.9303518503937007
11
1.0346301968503937
21
-1.9306624803149606
0
LINE
8
BLACK
6
CONTINUOUS
10
1.0346301968503937
20
-1.9306624803149606
11
1.0344666535433071
21
-1.9307559055118111
0
LINE
8
BLACK
6
CONTINUOUS
10
1.0344666535433071
20
-1.9307559055118111
11
1.0343336614173229
21
-1.9308889370078739
0
LINE
8
BLACK
6
CONTINUOUS
10
1.0343336614173229
20
-1.9308889370078739
11
1.0339709448818897
21
-1.9310391732283465
0
LINE
8
BLACK
6
CONTINUOUS
10
1.0339709448818897
20
-1.9310391732283465
11
1.033629842519685
21
-1.9312340944881889
0
LINE
8
BLACK
6
CONTINUOUS
10
1.033629842519685
20
-1.9312340944881889
11
1.0334430708661417
21
-1.9312577952755905
0
LINE
8
BLACK
6
CONTINUOUS
10
1.0334430708661417
20
-1.9312577952755905
11
1.0332692519685038
21
-1.931329842519685
0
LINE
8
BLACK
6
CONTINUOUS
10
1.0332692519685038
20
-1.931329842519685
11
1.0328765748031496
21
-1.931329842519685
0
LINE
8
BLACK
6
CONTINUOUS
10
1.0328765748031496
20
-1.931329842519685
11
1.0324869291338583
21
-1.9313793700787401
0
LINE
8
BLACK
6
CONTINUOUS
10
1.0324869291338583
20
-1.9313793700787401
11
1.0323053543307086
21
-1.931329842519685
0
LINE
8
BLACK
6
CONTINUOUS
10
1.0323053543307086
20
-1.931329842519685
11
1.0321171259842519
21
-1.931329842519685
0
LINE
8
BLACK
6
CONTINUOUS
10
1.0321171259842519
20
-1.931329842519685
11
1.0317542519685039
21
-1.9311795275590551
0
LINE
8
BLACK
6
CONTINUOUS
10
1.0317542519685039
20
-1.9311795275590551
11
1.031375472440945
21
-1.931076220472441
0
LINE
8
BLACK
6
CONTINUOUS
10
1.031375472440945
20
-1.931076220472441
11
1.031226653543307
21
-1.9309609842519684
0
LINE
8
BLACK
6
CONTINUOUS
10
1.031226653543307
20
-1.9309609842519684
11
1.0310527165354331
21
-1.9308889370078739
0
LINE
8
BLACK
6
CONTINUOUS
10
1.0310527165354331
20
-1.9308889370078739
11
1.0307750787401575
21
-1.9306112992125983
0
LINE
8
BLACK
6
CONTINUOUS
10
1.0307750787401575
20
-1.9306112992125983
11
1.0304645275590552
21
-1.9303708267716535
0
LINE
8
BLACK
6
CONTINUOUS
10
1.0304645275590552
20
-1.9303708267716535
11
1.0302930708661417
21
-1.9301292913385826
0
LINE
8
BLACK
6
CONTINUOUS
10
1.0302930708661417
20
-1.9301292913385826
11
1.0302380708661416
21
-1.9300742913385827
0
LINE
8
BLACK
6
CONTINUOUS
10
1.0302380708661416
20
-1.9300742913385827
11
1.0302156692913385
21
-1.9300202362204724
0
LINE
8
BLACK
6
CONTINUOUS
10
1.0302156692913385
20
-1.9300202362204724
11
1.0301294881889764
21
-1.9298988188976378
0
LINE
8
BLACK
6
CONTINUOUS
10
1.0301294881889764
20
-1.9298988188976378
11
1.0131487795275591
21
-1.9001824803149605
0
LINE
8
BLACK
6
CONTINUOUS
10
1.0131487795275591
20
-1.9001824803149605
11
1.0131487795275591
21
-1.9284338188976378
0
LINE
8
BLACK
6
CONTINUOUS
10
1.0131487795275591
20
-1.9284338188976378
11
1.0130920472440945
21
-1.9290098818897636
0
LINE
8
BLACK
6
CONTINUOUS
10
1.0130920472440945
20
-1.9290098818897636
11
1.0126511417322834
21
-1.9300742913385827
0
LINE
8
BLACK
6
CONTINUOUS
10
1.0126511417322834
20
-1.9300742913385827
11
1.0118364960629922
21
-1.9308889370078739
0
LINE
8
BLACK
6
CONTINUOUS
10
1.0118364960629922
20
-1.9308889370078739
11
1.0107720866141732
21
-1.931329842519685
0
LINE
8
BLACK
6
CONTINUOUS
10
1.0107720866141732
20
-1.931329842519685
11
1.0096199606299212
21
-1.931329842519685
0
LINE
8
BLACK
6
CONTINUOUS
10
1.0096199606299212
20
-1.931329842519685
11
1.0085555511811024
21
-1.9308889370078739
0
LINE
8
BLACK
6
CONTINUOUS
10
1.0085555511811024
20
-1.9308889370078739
11
1.0077409055118109
21
-1.9300742913385827
0
LINE
8
BLACK
6
CONTINUOUS
10
1.0077409055118109
20
-1.9300742913385827
11
1.0073000000000001
21
-1.9290098818897636
0
LINE
8
BLACK
6
CONTINUOUS
10
1.0073000000000001
20
-1.9290098818897636
11
1.0072432677165355
21
-1.9284338188976378
0
LINE
8
BLACK
6
CONTINUOUS
10
1.0072432677165355
20
-1.9284338188976378
11
1.0072432677165355
21
-1.8890637401574804
0
LINE
8
BLACK
6
CONTINUOUS
10
1.0072432677165355
20
-1.8890637401574804
11
1.0072578346456693
21
-1.8889155511811022
0
LINE
8
BLACK
6
CONTINUOUS
10
1.0072578346456693
20
-1.8889155511811022
11
1.0072504724409448
21
-1.8888574803149605
0
LINE
8
BLACK
6
CONTINUOUS
10
1.0072504724409448
20
-1.8888574803149605
11
1.0072709842519685
21
-1.8887822440944881
0
LINE
8
BLACK
6
CONTINUOUS
10
1.0072709842519685
20
-1.8887822440944881
11
1.0073000000000001
21
-1.8884876771653543
0
LINE
8
BLACK
6
CONTINUOUS
10
1.0073000000000001
20
-1.8884876771653543
11
1.0074502755905512
21
-1.888124842519685
0
LINE
8
BLACK
6
CONTINUOUS
10
1.0074502755905512
20
-1.888124842519685
11
1.0075536220472441
21
-1.8877459842519684
0
LINE
8
BLACK
6
CONTINUOUS
10
1.0075536220472441
20
-1.8877459842519684
11
1.0076688582677165
21
-1.8875971259842519
0
LINE
8
BLACK
6
CONTINUOUS
10
1.0076688582677165
20
-1.8875971259842519
11
1.0077409055118109
21
-1.8874232677165355
0
LINE
8
BLACK
6
CONTINUOUS
10
1.0077409055118109
20
-1.8874232677165355
11
1.008018464566929
21
-1.8871456692913386
0
LINE
8
BLACK
6
CONTINUOUS
10
1.008018464566929
20
-1.8871456692913386
11
1.0082590157480316
21
-1.8868350787401575
0
LINE
8
BLACK
6
CONTINUOUS
10
1.0082590157480316
20
-1.8868350787401575
11
1.0084225196850394
21
-1.8867416141732283
0
LINE
8
BLACK
6
CONTINUOUS
10
1.0084225196850394
20
-1.8867416141732283
11
1.0085555511811024
21
-1.886608622047244
0
LINE
8
BLACK
6
CONTINUOUS
10
1.0085555511811024
20
-1.886608622047244
11
1.0089182283464566
21
-1.8864583464566929
0
LINE
8
BLACK
6
CONTINUOUS
10
1.0089182283464566
20
-1.8864583464566929
11
1.0092593700787402
21
-1.8862634645669292
0
LINE
8
BLACK
6
CONTINUOUS
10
1.0092593700787402
20
-1.8862634645669292
11
1.0094461023622048
21
-1.8862397244094489
0
LINE
8
BLACK
6
CONTINUOUS
10
1.0094461023622048
20
-1.8862397244094489
11
1.0096199606299212
21
-1.8861677165354331
0
LINE
8
BLACK
6
CONTINUOUS
10
1.0096199606299212
20
-1.8861677165354331
11
1.0100126377952756
21
-1.8861677165354331
0
LINE
8
BLACK
6
CONTINUOUS
10
1.0100126377952756
20
-1.8861677165354331
11
1.010402283464567
21
-1.8861181889763778
0
LINE
8
BLACK
6
CONTINUOUS
10
1.010402283464567
20
-1.8861181889763778
11
1.0105838582677165
21
-1.8861677165354331
0
LINE
8
BLACK
6
CONTINUOUS
10
0.4599136220472441
20
-1.8475029527559055
11
0.4599885433070866
21
-1.8478796062992127
0
LINE
8
BLACK
6
CONTINUOUS
10
0.4599885433070866
20
-1.8478796062992127
11
0.4599885433070866
21
-1.859128188976378
0
LINE
8
BLACK
6
CONTINUOUS
10
0.4599885433070866
20
-1.859128188976378
11
0.4599136220472441
21
-1.859504842519685
0
LINE
8
BLACK
6
CONTINUOUS
10
0.4599136220472441
20
-1.859504842519685
11
0.4593809448818897
21
-1.8600375196850394
0
LINE
8
BLACK
6
CONTINUOUS
10
0.4593809448818897
20
-1.8600375196850394
11
0.4586276377952756
21
-1.8600375196850394
0
LINE
8
BLACK
6
CONTINUOUS
10
0.4586276377952756
20
-1.8600375196850394
11
0.4580949606299212
21
-1.859504842519685
0
LINE
8
BLACK
6
CONTINUOUS
10
0.4580949606299212
20
-1.859504842519685
11
0.4580200393700787
21
-1.859128188976378
0
LINE
8
BLACK
6
CONTINUOUS
10
0.4580200393700787
20
-1.859128188976378
11
0.4580200393700787
21
-1.8544881496062993
0
LINE
8
BLACK
6
CONTINUOUS
10
0.4580200393700787
20
-1.8544881496062993
11
0.4425700393700787
21
-1.8544881496062993
0
LINE
8
BLACK
6
CONTINUOUS
10
0.4425700393700787
20
-1.8544881496062993
11
0.4426774015748031
21
-1.8545597244094487
0
LINE
8
BLACK
6
CONTINUOUS
10
0.4426774015748031
20
-1.8545597244094487
11
0.4427462992125984
21
-1.8546285039370078
0
LINE
8
BLACK
6
CONTINUOUS
10
0.4427462992125984
20
-1.8546285039370078
11
0.4428274015748032
21
-1.8546826771653544
0
LINE
8
BLACK
6
CONTINUOUS
10
0.4428274015748032
20
-1.8546826771653544
11
0.444702125984252
21
-1.856557440944882
0
LINE
8
BLACK
6
CONTINUOUS
10
0.444702125984252
20
-1.856557440944882
11
0.4447897244094488
21
-1.8566885433070865
0
LINE
8
BLACK
6
CONTINUOUS
10
0.4447897244094488
20
-1.8566885433070865
11
0.4448865354330708
21
-1.8568132677165354
0
LINE
8
BLACK
6
CONTINUOUS
10
0.4448865354330708
20
-1.8568132677165354
11
0.4458238976377953
21
-1.8586879921259842
0
LINE
8
BLACK
6
CONTINUOUS
10
0.4458238976377953
20
-1.8586879921259842
11
0.4459253149606299
21
-1.8590584251968503
0
LINE
8
BLACK
6
CONTINUOUS
10
0.4459253149606299
20
-1.8590584251968503
11
0.4456870866141732
21
-1.8597730708661417
0
LINE
8
BLACK
6
CONTINUOUS
10
0.4456870866141732
20
-1.8597730708661417
11
0.4450133070866142
21
-1.8601099606299212
0
LINE
8
BLACK
6
CONTINUOUS
10
0.4450133070866142
20
-1.8601099606299212
11
0.4442986614173228
21
-1.8598717322834646
0
LINE
8
BLACK
6
CONTINUOUS
10
0.4442986614173228
20
-1.8598717322834646
11
0.4440631889763779
21
-1.8595683464566928
0
LINE
8
BLACK
6
CONTINUOUS
10
0.4440631889763779
20
-1.8595683464566928
11
0.4431972047244094
21
-1.8578364173228346
0
LINE
8
BLACK
6
CONTINUOUS
10
0.4431972047244094
20
-1.8578364173228346
11
0.4415042125984252
21
-1.8561434251968503
0
LINE
8
BLACK
6
CONTINUOUS
10
0.4415042125984252
20
-1.8561434251968503
11
0.4387733070866142
21
-1.8543228346456693
0
LINE
8
BLACK
6
CONTINUOUS
10
0.4387733070866142
20
-1.8543228346456693
11
0.4385014566929133
21
-1.8540515748031496
0
LINE
8
BLACK
6
CONTINUOUS
10
0.4385014566929133
20
-1.8540515748031496
11
0.4384815748031496
21
-1.8539522047244095
0
LINE
8
BLACK
6
CONTINUOUS
10
0.4384815748031496
20
-1.8539522047244095
11
0.4384099212598425
21
-1.8538805511811023
0
LINE
8
BLACK
6
CONTINUOUS
10
0.4384099212598425
20
-1.8538805511811023
11
0.4384099212598425
21
-1.853593937007874
0
LINE
8
BLACK
6
CONTINUOUS
10
0.4384099212598425
20
-1.853593937007874
11
0.4383537007874015
21
-1.8533128740157481
0
LINE
8
BLACK
6
CONTINUOUS
10
0.4383537007874015
20
-1.8533128740157481
11
0.4384099212598425
21
-1.8532285433070865
0
LINE
8
BLACK
6
CONTINUOUS
10
0.4384099212598425
20
-1.8532285433070865
11
0.4384099212598425
21
-1.8531272440944881
0
LINE
8
BLACK
6
CONTINUOUS
10
0.4384099212598425
20
-1.8531272440944881
11
0.4386125590551181
21
-1.8529245669291339
0
LINE
8
BLACK
6
CONTINUOUS
10
0.4386125590551181
20
-1.8529245669291339
11
0.4387715748031496
21
-1.8526861023622048
0
LINE
8
BLACK
6
CONTINUOUS
10
0.4387715748031496
20
-1.8526861023622048
11
0.438870905511811
21
-1.8526662204724409
0
LINE
8
BLACK
6
CONTINUOUS
10
0.438870905511811
20
-1.8526662204724409
11
0.4389425984251968
21
-1.8525945669291337
0
LINE
8
BLACK
6
CONTINUOUS
10
0.4389425984251968
20
-1.8525945669291337
11
0.4393192519685039
21
-1.8525196456692914
0
LINE
8
BLACK
6
CONTINUOUS
10
0.4393192519685039
20
-1.8525196456692914
11
0.4580200393700787
21
-1.8525196456692914
0
LINE
8
BLACK
6
CONTINUOUS
10
0.4580200393700787
20
-1.8525196456692914
11
0.4580200393700787
21
-1.8478796062992127
0
LINE
8
BLACK
6
CONTINUOUS
10
0.4580200393700787
20
-1.8478796062992127
11
0.4580949606299212
21
-1.8475029527559055
0
LINE
8
BLACK
6
CONTINUOUS
10
0.4580949606299212
20
-1.8475029527559055
11
0.4586276377952756
21
-1.846970275590551
0
LINE
8
BLACK
6
CONTINUOUS
10
0.4586276377952756
20
-1.846970275590551
11
0.4593809448818897
21
-1.846970275590551
0
LINE
8
BLACK
6
CONTINUOUS
10
0.4593809448818897
20
-1.846970275590551
11
0.4599136220472441
21
-1.8475029527559055
0
LINE
8
BLACK
6
CONTINUOUS
10
-0.2403947244094488
20
-1.8254272440944881
11
-0.2402967322834646
21
-1.8254678346456692
0
LINE
8
BLACK
6
CONTINUOUS
10
-0.2402967322834646
20
-1.8254678346456692
11
-0.240190905511811
21
-1.8254753543307085
0
LINE
8
BLACK
6
CONTINUOUS
10
-0.240190905511811
20
-1.8254753543307085
11
-0.2396502755905512
21
-1.8256822440944882
0
LINE
8
BLACK
6
CONTINUOUS
10
-0.2396502755905512
20
-1.8256822440944882
11
-0.235900748031496
21
-1.8275570078740158
0
LINE
8
BLACK
6
CONTINUOUS
10
-0.235900748031496
20
-1.8275570078740158
11
-0.235652874015748
21
-1.827713031496063
0
LINE
8
BLACK
6
CONTINUOUS
10
-0.235652874015748
20
-1.827713031496063
11
-0.2355808267716535
21
-1.827742874015748
0
LINE
8
BLACK
6
CONTINUOUS
10
-0.2355808267716535
20
-1.827742874015748
11
-0.2354998031496063
21
-1.8278093700787401
0
LINE
8
BLACK
6
CONTINUOUS
10
-0.2354998031496063
20
-1.8278093700787401
11
-0.2354108661417323
21
-1.8278653543307086
0
LINE
8
BLACK
6
CONTINUOUS
10
-0.2354108661417323
20
-1.8278653543307086
11
-0.2353597244094488
21
-1.8279243307086614
0
LINE
8
BLACK
6
CONTINUOUS
10
-0.2353597244094488
20
-1.8279243307086614
11
-0.2351333858267717
21
-1.8281100787401574
0
LINE
8
BLACK
6
CONTINUOUS
10
-0.2351333858267717
20
-1.8281100787401574
11
-0.2332585826771653
21
-1.829984842519685
0
LINE
8
BLACK
6
CONTINUOUS
10
-0.2332585826771653
20
-1.829984842519685
11
-0.2330728346456693
21
-1.8302111811023623
0
LINE
8
BLACK
6
CONTINUOUS
10
-0.2330728346456693
20
-1.8302111811023623
11
-0.2330137795275591
21
-1.830262401574803
0
LINE
8
BLACK
6
CONTINUOUS
10
-0.2330137795275591
20
-1.830262401574803
11
-0.2329577952755905
21
-1.8303513385826771
0
LINE
8
BLACK
6
CONTINUOUS
10
-0.2329577952755905
20
-1.8303513385826771
11
-0.2328913385826772
21
-1.8304323228346455
0
LINE
8
BLACK
6
CONTINUOUS
10
-0.2328913385826772
20
-1.8304323228346455
11
-0.2328615354330709
21
-1.830504251968504
0
LINE
8
BLACK
6
CONTINUOUS
10
-0.2328615354330709
20
-1.830504251968504
11
-0.2327054330708661
21
-1.8307522834645669
0
LINE
8
BLACK
6
CONTINUOUS
10
-0.2327054330708661
20
-1.8307522834645669
11
-0.2308306692913386
21
-1.834501811023622
0
LINE
8
BLACK
6
CONTINUOUS
10
-0.2308306692913386
20
-1.834501811023622
11
-0.2306237795275591
21
-1.835042401574803
0
LINE
8
BLACK
6
CONTINUOUS
10
-0.2306237795275591
20
-1.835042401574803
11
-0.2306162598425197
21
-1.8351482677165354
0
LINE
8
BLACK
6
CONTINUOUS
10
-0.2306162598425197
20
-1.8351482677165354
11
-0.2305756692913386
21
-1.8352462598425197
0
LINE
8
BLACK
6
CONTINUOUS
10
-0.2305756692913386
20
-1.8352462598425197
11
-0.230518937007874
21
-1.8358223228346455
0
LINE
8
BLACK
6
CONTINUOUS
10
-0.230518937007874
20
-1.8358223228346455
11
-0.230518937007874
21
-1.8451961417322835
0
LINE
8
BLACK
6
CONTINUOUS
10
-0.230518937007874
20
-1.8451961417322835
11
-0.2305476771653543
21
-1.8454877165354331
0
LINE
8
BLACK
6
CONTINUOUS
10
-0.2305476771653543
20
-1.8454877165354331
11
-0.230542125984252
21
-1.8455654724409449
0
LINE
8
BLACK
6
CONTINUOUS
10
-0.230542125984252
20
-1.8455654724409449
11
-0.2305653937007874
21
-1.8456677165354329
0
LINE
8
BLACK
6
CONTINUOUS
10
-0.2305653937007874
20
-1.8456677165354329
11
-0.2305756692913386
21
-1.8457722047244094
0
LINE
8
BLACK
6
CONTINUOUS
10
-0.2305756692913386
20
-1.8457722047244094
11
-0.2306055511811023
21
-1.8458442519685039
0
LINE
8
BLACK
6
CONTINUOUS
10
-0.2306055511811023
20
-1.8458442519685039
11
-0.2306704724409449
21
-1.8461299212598425
0
LINE
8
BLACK
6
CONTINUOUS
10
-0.2306704724409449
20
-1.8461299212598425
11
-0.2325452362204724
21
-1.8517541732283465
0
LINE
8
BLACK
6
CONTINUOUS
10
-0.2325452362204724
20
-1.8517541732283465
11
-0.2327812204724409
21
-1.8522827559055117
0
LINE
8
BLACK
6
CONTINUOUS
10
-0.2327812204724409
20
-1.8522827559055117
11
-0.2335361023622047
21
-1.8531531102362204
0
LINE
8
BLACK
6
CONTINUOUS
10
-0.2335361023622047
20
-1.8531531102362204
11
-0.2345665354330708
21
-1.8536683070866142
0
LINE
8
BLACK
6
CONTINUOUS
10
-0.2345665354330708
20
-1.8536683070866142
11
-0.2357157480314961
21
-1.85375
0
LINE
8
BLACK
6
CONTINUOUS
10
-0.2357157480314961
20
-1.85375
11
-0.236808779527559
21
-1.8533856692913386
0
LINE
8
BLACK
6
CONTINUOUS
10
-0.236808779527559
20
-1.8533856692913386
11
-0.2376791338582677
21
-1.8526307874015748
0
LINE
8
BLACK
6
CONTINUOUS
10
-0.2376791338582677
20
-1.8526307874015748
11
-0.2381943307086614
21
-1.8516003543307087
0
LINE
8
BLACK
6
CONTINUOUS
10
-0.2381943307086614
20
-1.8516003543307087
11
-0.2382760236220473
21
-1.8504511417322835
0
LINE
8
BLACK
6
CONTINUOUS
10
-0.2382760236220473
20
-1.8504511417322835
11
-0.2381476771653543
21
-1.8498866929133857
0
LINE
8
BLACK
6
CONTINUOUS
10
-0.2381476771653543
20
-1.8498866929133857
11
-0.2364244488188976
21
-1.8447170078740156
0
LINE
8
BLACK
6
CONTINUOUS
10
-0.2364244488188976
20
-1.8447170078740156
11
-0.2364244488188976
21
-1.8365193700787401
0
LINE
8
BLACK
6
CONTINUOUS
10
-0.2364244488188976
20
-1.8365193700787401
11
-0.2377731889763779
21
-1.8338218897637795
0
LINE
8
BLACK
6
CONTINUOUS
10
-0.2377731889763779
20
-1.8338218897637795
11
-0.2389703543307087
21
-1.8326247637795274
0
LINE
8
BLACK
6
CONTINUOUS
10
-0.2389703543307087
20
-1.8326247637795274
11
-0.2416678346456693
21
-1.8312760236220471
0
LINE
8
BLACK
6
CONTINUOUS
10
-0.2416678346456693
20
-1.8312760236220471
11
-0.2440232677165354
21
-1.8312760236220471
0
LINE
8
BLACK
6
CONTINUOUS
10
-0.2440232677165354
20
-1.8312760236220471
11
-0.246720748031496
21
-1.8326247637795274
0
LINE
8
BLACK
6
CONTINUOUS
10
-0.246720748031496
20
-1.8326247637795274
11
-0.247917874015748
21
-1.8338218897637795
0
LINE
8
BLACK
6
CONTINUOUS
10
-0.247917874015748
20
-1.8338218897637795
11
-0.2494333858267717
21
-1.8368528740157479
0
LINE
8
BLACK
6
CONTINUOUS
10
-0.2494333858267717
20
-1.8368528740157479
11
-0.2512295275590551
21
-1.8440375196850394
0
LINE
8
BLACK
6
CONTINUOUS
10
-0.2512295275590551
20
-1.8440375196850394
11
-0.2512447244094488
21
-1.8440799999999999
0
LINE
8
BLACK
6
CONTINUOUS
10
-0.2512447244094488
20
-1.8440799999999999
11
-0.2512462204724409
21
-1.8441012992125985
0
LINE
8
BLACK
6
CONTINUOUS
10
-0.2512462204724409
20
-1.8441012992125985
11
-0.2513379921259842
21
-1.8443410236220472
0
LINE
8
BLACK
6
CONTINUOUS
10
-0.2513379921259842
20
-1.8443410236220472
11
-0.2514242913385827
21
-1.8445826377952756
0
LINE
8
BLACK
6
CONTINUOUS
10
-0.2514242913385827
20
-1.8445826377952756
11
-0.2514370078740157
21
-1.8445997637795275
0
LINE
8
BLACK
6
CONTINUOUS
10
-0.2514370078740157
20
-1.8445997637795275
11
-0.2514531102362205
21
-1.8446418897637795
0
LINE
8
BLACK
6
CONTINUOUS
10
-0.2514531102362205
20
-1.8446418897637795
11
-0.253327874015748
21
-1.8483914173228346
0
LINE
8
BLACK
6
CONTINUOUS
10
-0.253327874015748
20
-1.8483914173228346
11
-0.2534839763779527
21
-1.8486394094488188
0
LINE
8
BLACK
6
CONTINUOUS
10
-0.2534839763779527
20
-1.8486394094488188
11
-0.253513779527559
21
-1.848711377952756
0
LINE
8
BLACK
6
CONTINUOUS
10
-0.253513779527559
20
-1.848711377952756
11
-0.2535802755905512
21
-1.8487923228346457
0
LINE
8
BLACK
6
CONTINUOUS
10
-0.2535802755905512
20
-1.8487923228346457
11
-0.2536362204724409
21
-1.8488812992125985
0
LINE
8
BLACK
6
CONTINUOUS
10
-0.2536362204724409
20
-1.8488812992125985
11
-0.2536952362204724
21
-1.8489324409448817
0
LINE
8
BLACK
6
CONTINUOUS
10
-0.2536952362204724
20
-1.8489324409448817
11
-0.2538809842519685
21
-1.8491588188976378
0
LINE
8
BLACK
6
CONTINUOUS
10
-0.2538809842519685
20
-1.8491588188976378
11
-0.255755748031496
21
-1.8510335826771653
0
LINE
8
BLACK
6
CONTINUOUS
10
-0.255755748031496
20
-1.8510335826771653
11
-0.255982125984252
21
-1.8512193307086613
0
LINE
8
BLACK
6
CONTINUOUS
10
-0.255982125984252
20
-1.8512193307086613
11
-0.2560332677165355
21
-1.8512783464566929
0
LINE
8
BLACK
6
CONTINUOUS
10
-0.2560332677165355
20
-1.8512783464566929
11
-0.2561222440944882
21
-1.8513342913385826
0
LINE
8
BLACK
6
CONTINUOUS
10
-0.2561222440944882
20
-1.8513342913385826
11
-0.2562031889763779
21
-1.8514007874015748
0
LINE
8
BLACK
6
CONTINUOUS
10
-0.2562031889763779
20
-1.8514007874015748
11
-0.2562751574803149
21
-1.851430590551181
0
LINE
8
BLACK
6
CONTINUOUS
10
-0.2562751574803149
20
-1.851430590551181
11
-0.2565231496062992
21
-1.8515866929133857
0
LINE
8
BLACK
6
CONTINUOUS
10
-0.2565231496062992
20
-1.8515866929133857
11
-0.2602726771653543
21
-1.8534614566929133
0
LINE
8
BLACK
6
CONTINUOUS
10
-0.2602726771653543
20
-1.8534614566929133
11
-0.2608133070866142
21
-1.8536683464566928
0
LINE
8
BLACK
6
CONTINUOUS
10
-0.2608133070866142
20
-1.8536683464566928
11
-0.2609191338582677
21
-1.8536758267716535
0
LINE
8
BLACK
6
CONTINUOUS
10
-0.2609191338582677
20
-1.8536758267716535
11
-0.261017125984252
21
-1.8537164566929134
0
LINE
8
BLACK
6
CONTINUOUS
10
-0.261017125984252
20
-1.8537164566929134
11
-0.261593188976378
21
-1.853773188976378
0
LINE
8
BLACK
6
CONTINUOUS
10
-0.261593188976378
20
-1.853773188976378
11
-0.2653427165354331
21
-1.853773188976378
0
LINE
8
BLACK
6
CONTINUOUS
10
-0.2653427165354331
20
-1.853773188976378
11
-0.265918779527559
21
-1.8537164566929134
0
LINE
8
BLACK
6
CONTINUOUS
10
-0.265918779527559
20
-1.8537164566929134
11
-0.2660167716535433
21
-1.8536758661417323
0
LINE
8
BLACK
6
CONTINUOUS
10
-0.2660167716535433
20
-1.8536758661417323
11
-0.2661226377952756
21
-1.8536683464566928
0
LINE
8
BLACK
6
CONTINUOUS
10
-0.2661226377952756
20
-1.8536683464566928
11
-0.2666632283464567
21
-1.8534614566929133
0
LINE
8
BLACK
6
CONTINUOUS
10
-0.2666632283464567
20
-1.8534614566929133
11
-0.2704127559055118
21
-1.8515866929133857
0
LINE
8
BLACK
6
CONTINUOUS
10
-0.2704127559055118
20
-1.8515866929133857
11
-0.2706607874015748
21
-1.851430590551181
0
LINE
8
BLACK
6
CONTINUOUS
10
-0.2706607874015748
20
-1.851430590551181
11
-0.2707327165354331
21
-1.8514007874015748
0
LINE
8
BLACK
6
CONTINUOUS
10
-0.2707327165354331
20
-1.8514007874015748
11
-0.2708137007874016
21
-1.8513342913385826
0
LINE
8
BLACK
6
CONTINUOUS
10
-0.2708137007874016
20
-1.8513342913385826
11
-0.2709026377952756
21
-1.8512783464566929
0
LINE
8
BLACK
6
CONTINUOUS
10
-0.2709026377952756
20
-1.8512783464566929
11
-0.2709538188976378
21
-1.8512193307086613
0
LINE
8
BLACK
6
CONTINUOUS
10
-0.2709538188976378
20
-1.8512193307086613
11
-0.2711801574803149
21
-1.8510335826771653
0
LINE
8
BLACK
6
CONTINUOUS
10
-0.2711801574803149
20
-1.8510335826771653
11
-0.2730549212598425
21
-1.8491588188976378
0
LINE
8
BLACK
6
CONTINUOUS
10
-0.2730549212598425
20
-1.8491588188976378
11
-0.2732407086614173
21
-1.8489324409448817
0
LINE
8
BLACK
6
CONTINUOUS
10
-0.2732407086614173
20
-1.8489324409448817
11
-0.2732996850393701
21
-1.8488812992125985
0
LINE
8
BLACK
6
CONTINUOUS
10
-0.2732996850393701
20
-1.8488812992125985
11
-0.2733556692913386
21
-1.8487923228346457
0
LINE
8
BLACK
6
CONTINUOUS
10
-0.2733556692913386
20
-1.8487923228346457
11
-0.273422125984252
21
-1.848711377952756
0
LINE
8
BLACK
6
CONTINUOUS
10
-0.273422125984252
20
-1.848711377952756
11
-0.273451968503937
21
-1.8486394094488188
0
LINE
8
BLACK
6
CONTINUOUS
10
-0.273451968503937
20
-1.8486394094488188
11
-0.273608031496063
21
-1.8483914173228346
0
LINE
8
BLACK
6
CONTINUOUS
10
-0.273608031496063
20
-1.8483914173228346
11
-0.2754827952755906
21
-1.8446418897637795
0
LINE
8
BLACK
6
CONTINUOUS
10
-0.2754827952755906
20
-1.8446418897637795
11
-0.2756896850393701
21
-1.8441012598425197
0
LINE
8
BLACK
6
CONTINUOUS
10
-0.2756896850393701
20
-1.8441012598425197
11
-0.2756972047244095
21
-1.8439954330708661
0
LINE
8
BLACK
6
CONTINUOUS
10
-0.2756972047244095
20
-1.8439954330708661
11
-0.2757377952755906
21
-1.8438974409448818
0
LINE
8
BLACK
6
CONTINUOUS
10
-0.2757377952755906
20
-1.8438974409448818
11
-0.2757945275590551
21
-1.843321377952756
0
LINE
8
BLACK
6
CONTINUOUS
10
-0.2757945275590551
20
-1.843321377952756
11
-0.2757945275590551
21
-1.833947559055118
0
LINE
8
BLACK
6
CONTINUOUS
10
-0.2757945275590551
20
-1.833947559055118
11
-0.2757658267716535
21
-1.8336559842519684
0
LINE
8
BLACK
6
CONTINUOUS
10
-0.2757658267716535
20
-1.8336559842519684
11
-0.2757713385826772
21
-1.8335782677165353
0
LINE
8
BLACK
6
CONTINUOUS
10
-0.2757713385826772
20
-1.8335782677165353
11
-0.2757481102362205
21
-1.8334759842519686
0
LINE
8
BLACK
6
CONTINUOUS
10
-0.2757481102362205
20
-1.8334759842519686
11
-0.2757377952755906
21
-1.8333714960629921
0
LINE
8
BLACK
6
CONTINUOUS
10
-0.2757377952755906
20
-1.8333714960629921
11
-0.2757079527559055
21
-1.8332993700787401
0
LINE
8
BLACK
6
CONTINUOUS
10
-0.2757079527559055
20
-1.8332993700787401
11
-0.2756429921259843
21
-1.8330138188976377
0
LINE
8
BLACK
6
CONTINUOUS
10
-0.2756429921259843
20
-1.8330138188976377
11
-0.2737682283464567
21
-1.827389527559055
0
LINE
8
BLACK
6
CONTINUOUS
10
-0.2737682283464567
20
-1.827389527559055
11
-0.2735322440944882
21
-1.8268609842519685
0
LINE
8
BLACK
6
CONTINUOUS
10
-0.2735322440944882
20
-1.8268609842519685
11
-0.2727773622047244
21
-1.8259906299212598
0
LINE
8
BLACK
6
CONTINUOUS
10
-0.2727773622047244
20
-1.8259906299212598
11
-0.2717469291338583
21
-1.8254753937007873
0
LINE
8
BLACK
6
CONTINUOUS
10
-0.2717469291338583
20
-1.8254753937007873
11
-0.2705977165354331
21
-1.8253937007874015
0
LINE
8
BLACK
6
CONTINUOUS
10
-0.2705977165354331
20
-1.8253937007874015
11
-0.2695047244094488
21
-1.8257580314960629
0
LINE
8
BLACK
6
CONTINUOUS
10
-0.2695047244094488
20
-1.8257580314960629
11
-0.2686343307086614
21
-1.8265129133858267
0
LINE
8
BLACK
6
CONTINUOUS
10
-0.2686343307086614
20
-1.8265129133858267
11
-0.2681191338582677
21
-1.8275433858267716
0
LINE
8
BLACK
6
CONTINUOUS
10
-0.2681191338582677
20
-1.8275433858267716
11
-0.2680374409448819
21
-1.8286925984251967
0
LINE
8
BLACK
6
CONTINUOUS
10
-0.2680374409448819
20
-1.8286925984251967
11
-0.2681657874015748
21
-1.8292570472440945
0
LINE
8
BLACK
6
CONTINUOUS
10
-0.2681657874015748
20
-1.8292570472440945
11
-0.2698890157480315
21
-1.8344266929133859
0
LINE
8
BLACK
6
CONTINUOUS
10
-0.2698890157480315
20
-1.8344266929133859
11
-0.2698890157480315
21
-1.8426243307086614
0
LINE
8
BLACK
6
CONTINUOUS
10
-0.2698890157480315
20
-1.8426243307086614
11
-0.2685402755905512
21
-1.845321811023622
0
LINE
8
BLACK
6
CONTINUOUS
10
-0.2685402755905512
20
-1.845321811023622
11
-0.2673431496062992
21
-1.8465189370078741
0
LINE
8
BLACK
6
CONTINUOUS
10
-0.2673431496062992
20
-1.8465189370078741
11
-0.2646456692913386
21
-1.8478676771653544
0
LINE
8
BLACK
6
CONTINUOUS
10
-0.2646456692913386
20
-1.8478676771653544
11
-0.2622902362204724
21
-1.8478676771653544
0
LINE
8
BLACK
6
CONTINUOUS
10
-0.2622902362204724
20
-1.8478676771653544
11
-0.2595927559055118
21
-1.8465189370078741
0
LINE
8
BLACK
6
CONTINUOUS
10
-0.2595927559055118
20
-1.8465189370078741
11
-0.2583956299212599
21
-1.845321811023622
0
LINE
8
BLACK
6
CONTINUOUS
10
-0.2583956299212599
20
-1.845321811023622
11
-0.256880157480315
21
-1.8422908267716536
0
LINE
8
BLACK
6
CONTINUOUS
10
-0.256880157480315
20
-1.8422908267716536
11
-0.2550839763779528
21
-1.8351061811023621
0
LINE
8
BLACK
6
CONTINUOUS
10
-0.2550839763779528
20
-1.8351061811023621
11
-0.2550688188976378
21
-1.8350636614173228
0
LINE
8
BLACK
6
CONTINUOUS
10
-0.2550688188976378
20
-1.8350636614173228
11
-0.2550672834645669
21
-1.8350424409448818
0
LINE
8
BLACK
6
CONTINUOUS
10
-0.2550672834645669
20
-1.8350424409448818
11
-0.2549756692913386
21
-1.8348029921259843
0
LINE
8
BLACK
6
CONTINUOUS
10
-0.2549756692913386
20
-1.8348029921259843
11
-0.2548892125984252
21
-1.8345610629921258
0
LINE
8
BLACK
6
CONTINUOUS
10
-0.2548892125984252
20
-1.8345610629921258
11
-0.2548765354330709
21
-1.8345438976377952
0
LINE
8
BLACK
6
CONTINUOUS
10
-0.2548765354330709
20
-1.8345438976377952
11
-0.2548603937007874
21
-1.834501811023622
0
LINE
8
BLACK
6
CONTINUOUS
10
-0.2548603937007874
20
-1.834501811023622
11
-0.2529856299212598
21
-1.8307522834645669
0
LINE
8
BLACK
6
CONTINUOUS
10
-0.2529856299212598
20
-1.8307522834645669
11
-0.2528295669291338
21
-1.830504251968504
0
LINE
8
BLACK
6
CONTINUOUS
10
-0.2528295669291338
20
-1.830504251968504
11
-0.2527997244094488
21
-1.8304323228346455
0
LINE
8
BLACK
6
CONTINUOUS
10
-0.2527997244094488
20
-1.8304323228346455
11
-0.2527332677165354
21
-1.8303513385826771
0
LINE
8
BLACK
6
CONTINUOUS
10
-0.2527332677165354
20
-1.8303513385826771
11
-0.2526772834645669
21
-1.830262401574803
0
LINE
8
BLACK
6
CONTINUOUS
10
-0.2526772834645669
20
-1.830262401574803
11
-0.2526183070866141
21
-1.830211220472441
0
LINE
8
BLACK
6
CONTINUOUS
10
-0.2526183070866141
20
-1.830211220472441
11
-0.2524325196850394
21
-1.8299848818897637
0
LINE
8
BLACK
6
CONTINUOUS
10
-0.2524325196850394
20
-1.8299848818897637
11
-0.2505577559055118
21
-1.8281101181102362
0
LINE
8
BLACK
6
CONTINUOUS
10
-0.2505577559055118
20
-1.8281101181102362
11
-0.2503314173228346
21
-1.8279243307086614
0
LINE
8
BLACK
6
CONTINUOUS
10
-0.2503314173228346
20
-1.8279243307086614
11
-0.2502802362204725
21
-1.8278653543307086
0
LINE
8
BLACK
6
CONTINUOUS
10
-0.2502802362204725
20
-1.8278653543307086
11
-0.2501912992125984
21
-1.8278093700787401
0
LINE
8
BLACK
6
CONTINUOUS
10
-0.2501912992125984
20
-1.8278093700787401
11
-0.2501103149606299
21
-1.8277429133858267
0
LINE
8
BLACK
6
CONTINUOUS
10
-0.2501103149606299
20
-1.8277429133858267
11
-0.2500383858267716
21
-1.8277130708661418
0
LINE
8
BLACK
6
CONTINUOUS
10
-0.2500383858267716
20
-1.8277130708661418
11
-0.2497903543307086
21
-1.8275570078740158
0
LINE
8
BLACK
6
CONTINUOUS
10
-0.2497903543307086
20
-1.8275570078740158
11
-0.2460408267716535
21
-1.8256822440944882
0
LINE
8
BLACK
6
CONTINUOUS
10
-0.2460408267716535
20
-1.8256822440944882
11
-0.2455002362204724
21
-1.8254753543307085
0
LINE
8
BLACK
6
CONTINUOUS
10
-0.2455002362204724
20
-1.8254753543307085
11
-0.2453943700787402
21
-1.8254677952755904
0
LINE
8
BLACK
6
CONTINUOUS
10
-0.2453943700787402
20
-1.8254677952755904
11
-0.2452963779527559
21
-1.8254272440944881
0
LINE
8
BLACK
6
CONTINUOUS
10
-0.2452963779527559
20
-1.8254272440944881
11
-0.2447203149606299
21
-1.8253705118110235
0
LINE
8
BLACK
6
CONTINUOUS
10
-0.2447203149606299
20
-1.8253705118110235
11
-0.2409707874015748
21
-1.8253705118110235
0
LINE
8
BLACK
6
CONTINUOUS
10
-0.2409707874015748
20
-1.8253705118110235
11
-0.2403947244094488
21
-1.8254272440944881
0
LINE
8
BLACK
6
CONTINUOUS
10
-0.36194
20
-1.8200563779527559
11
-0.3611253149606299
21
-1.8208710629921259
0
LINE
8
BLACK
6
CONTINUOUS
10
-0.3611253149606299
20
-1.8208710629921259
11
-0.3606844094488189
21
-1.8219354724409449
0
LINE
8
BLACK
6
CONTINUOUS
10
-0.3606844094488189
20
-1.8219354724409449
11
-0.3606844094488189
21
-1.8230875590551181
0
LINE
8
BLACK
6
CONTINUOUS
10
-0.3606844094488189
20
-1.8230875590551181
11
-0.3611253149606299
21
-1.8241519685039369
0
LINE
8
BLACK
6
CONTINUOUS
10
-0.3611253149606299
20
-1.8241519685039369
11
-0.3614925196850394
21
-1.8245994094488189
0
LINE
8
BLACK
6
CONTINUOUS
10
-0.3614925196850394
20
-1.8245994094488189
11
-0.3628744094488189
21
-1.8259812598425196
0
LINE
8
BLACK
6
CONTINUOUS
10
-0.3628744094488189
20
-1.8259812598425196
11
-0.3643772047244094
21
-1.8304896850393699
0
LINE
8
BLACK
6
CONTINUOUS
10
-0.3643772047244094
20
-1.8304896850393699
11
-0.3643772047244094
21
-1.8332809055118109
0
LINE
8
BLACK
6
CONTINUOUS
10
-0.3643772047244094
20
-1.8332809055118109
11
-0.3628744094488189
21
-1.8377893307086615
0
LINE
8
BLACK
6
CONTINUOUS
10
-0.3628744094488189
20
-1.8377893307086615
11
-0.3599565748031496
21
-1.8407071653543308
0
LINE
8
BLACK
6
CONTINUOUS
10
-0.3599565748031496
20
-1.8407071653543308
11
-0.3569255905511811
21
-1.8422226377952755
0
LINE
8
BLACK
6
CONTINUOUS
10
-0.3569255905511811
20
-1.8422226377952755
11
-0.3500935433070866
21
-1.8439306692913386
0
LINE
8
BLACK
6
CONTINUOUS
10
-0.3500935433070866
20
-1.8439306692913386
11
-0.3451963385826772
21
-1.8439306692913386
0
LINE
8
BLACK
6
CONTINUOUS
10
-0.3451963385826772
20
-1.8439306692913386
11
-0.3383642913385826
21
-1.8422226377952755
0
LINE
8
BLACK
6
CONTINUOUS
10
-0.3383642913385826
20
-1.8422226377952755
11
-0.3353333070866142
21
-1.840707125984252
0
LINE
8
BLACK
6
CONTINUOUS
10
-0.3353333070866142
20
-1.840707125984252
11
-0.3324154330708661
21
-1.8377892913385827
0
LINE
8
BLACK
6
CONTINUOUS
10
-0.3324154330708661
20
-1.8377892913385827
11
-0.3309126377952756
21
-1.8332809448818896
0
LINE
8
BLACK
6
CONTINUOUS
10
-0.3309126377952756
20
-1.8332809448818896
11
-0.3309126377952756
21
-1.8304896850393699
0
LINE
8
BLACK
6
CONTINUOUS
10
-0.3309126377952756
20
-1.8304896850393699
11
-0.3324154330708661
21
-1.8259812992125983
0
LINE
8
BLACK
6
CONTINUOUS
10
-0.3324154330708661
20
-1.8259812992125983
11
-0.3337973228346456
21
-1.8245994488188977
0
LINE
8
BLACK
6
CONTINUOUS
10
-0.3337973228346456
20
-1.8245994488188977
11
-0.3341645669291339
21
-1.8241519685039369
0
LINE
8
BLACK
6
CONTINUOUS
10
-0.3341645669291339
20
-1.8241519685039369
11
-0.3346054724409449
21
-1.8230875590551181
0
LINE
8
BLACK
6
CONTINUOUS
10
-0.3346054724409449
20
-1.8230875590551181
11
-0.3346054724409449
21
-1.8219354724409449
0
LINE
8
BLACK
6
CONTINUOUS
10
-0.3346054724409449
20
-1.8219354724409449
11
-0.3341646062992126
21
-1.8208710629921259
0
LINE
8
BLACK
6
CONTINUOUS
10
-0.3341646062992126
20
-1.8208710629921259
11
-0.3333499212598425
21
-1.8200563779527559
0
LINE
8
BLACK
6
CONTINUOUS
10
-0.3333499212598425
20
-1.8200563779527559
11
-0.3322855118110236
21
-1.8196154724409448
0
LINE
8
BLACK
6
CONTINUOUS
10
-0.3322855118110236
20
-1.8196154724409448
11
-0.3311334251968504
21
-1.8196154724409448
0
LINE
8
BLACK
6
CONTINUOUS
10
-0.3311334251968504
20
-1.8196154724409448
11
-0.3300690157480315
21
-1.8200563385826771
0
LINE
8
BLACK
6
CONTINUOUS
10
-0.3300690157480315
20
-1.8200563385826771
11
-0.3296215748031496
21
-1.8204235433070866
0
LINE
8
BLACK
6
CONTINUOUS
10
-0.3296215748031496
20
-1.8204235433070866
11
-0.3277467716535433
21
-1.8222983070866141
0
LINE
8
BLACK
6
CONTINUOUS
10
-0.3277467716535433
20
-1.8222983070866141
11
-0.3273795275590551
21
-1.8227457874015747
0
LINE
8
BLACK
6
CONTINUOUS
10
-0.3273795275590551
20
-1.8227457874015747
11
-0.3273389763779527
21
-1.8228437401574802
0
LINE
8
BLACK
6
CONTINUOUS
10
-0.3273389763779527
20
-1.8228437401574802
11
-0.3272694094488189
21
-1.822923937007874
0
LINE
8
BLACK
6
CONTINUOUS
10
-0.3272694094488189
20
-1.822923937007874
11
-0.3270334251968504
21
-1.8234525196850393
0
LINE
8
BLACK
6
CONTINUOUS
10
-0.3270334251968504
20
-1.8234525196850393
11
-0.3251586614173228
21
-1.8290767716535432
0
LINE
8
BLACK
6
CONTINUOUS
10
-0.3251586614173228
20
-1.8290767716535432
11
-0.3250937401574803
21
-1.8293624015748031
0
LINE
8
BLACK
6
CONTINUOUS
10
-0.3250937401574803
20
-1.8293624015748031
11
-0.3250638582677166
21
-1.8294344881889764
0
LINE
8
BLACK
6
CONTINUOUS
10
-0.3250638582677166
20
-1.8294344881889764
11
-0.3250535826771653
21
-1.8295389370078741
0
LINE
8
BLACK
6
CONTINUOUS
10
-0.3250535826771653
20
-1.8295389370078741
11
-0.3250303149606299
21
-1.8296412204724408
0
LINE
8
BLACK
6
CONTINUOUS
10
-0.3250303149606299
20
-1.8296412204724408
11
-0.3250358661417323
21
-1.8297189370078739
0
LINE
8
BLACK
6
CONTINUOUS
10
-0.3250358661417323
20
-1.8297189370078739
11
-0.325007125984252
21
-1.8300105511811022
0
LINE
8
BLACK
6
CONTINUOUS
10
-0.325007125984252
20
-1.8300105511811022
11
-0.325007125984252
21
-1.8337600787401573
0
LINE
8
BLACK
6
CONTINUOUS
10
-0.325007125984252
20
-1.8337600787401573
11
-0.3250358661417323
21
-1.8340516535433071
0
LINE
8
BLACK
6
CONTINUOUS
10
-0.3250358661417323
20
-1.8340516535433071
11
-0.3250303149606299
21
-1.8341294094488187
0
LINE
8
BLACK
6
CONTINUOUS
10
-0.3250303149606299
20
-1.8341294094488187
11
-0.3250535826771653
21
-1.834231653543307
0
LINE
8
BLACK
6
CONTINUOUS
10
-0.3250535826771653
20
-1.834231653543307
11
-0.3250638582677166
21
-1.8343361417322834
0
LINE
8
BLACK
6
CONTINUOUS
10
-0.3250638582677166
20
-1.8343361417322834
11
-0.3250937401574803
21
-1.8344081889763779
0
LINE
8
BLACK
6
CONTINUOUS
10
-0.3250937401574803
20
-1.8344081889763779
11
-0.3251586614173228
21
-1.8346938582677166
0
LINE
8
BLACK
6
CONTINUOUS
10
-0.3251586614173228
20
-1.8346938582677166
11
-0.3270334251968504
21
-1.8403181102362205
0
LINE
8
BLACK
6
CONTINUOUS
10
-0.3270334251968504
20
-1.8403181102362205
11
-0.3272694094488189
21
-1.8408466929133858
0
LINE
8
BLACK
6
CONTINUOUS
10
-0.3272694094488189
20
-1.8408466929133858
11
-0.3273388976377953
21
-1.8409267716535433
0
LINE
8
BLACK
6
CONTINUOUS
10
-0.3273388976377953
20
-1.8409267716535433
11
-0.3273794881889764
21
-1.8410248425196849
0
LINE
8
BLACK
6
CONTINUOUS
10
-0.3273794881889764
20
-1.8410248425196849
11
-0.3277467322834646
21
-1.8414722834645669
0
LINE
8
BLACK
6
CONTINUOUS
10
-0.3277467322834646
20
-1.8414722834645669
11
-0.3314962992125984
21
-1.845221811023622
0
LINE
8
BLACK
6
CONTINUOUS
10
-0.3314962992125984
20
-1.845221811023622
11
-0.3317226771653543
21
-1.845407559055118
0
LINE
8
BLACK
6
CONTINUOUS
10
-0.3317226771653543
20
-1.845407559055118
11
-0.3317738188976378
21
-1.8454665748031496
0
LINE
8
BLACK
6
CONTINUOUS
10
-0.3317738188976378
20
-1.8454665748031496
11
-0.3318627559055118
21
-1.8455225196850393
0
LINE
8
BLACK
6
CONTINUOUS
10
-0.3318627559055118
20
-1.8455225196850393
11
-0.331943779527559
21
-1.8455890551181102
0
LINE
8
BLACK
6
CONTINUOUS
10
-0.331943779527559
20
-1.8455890551181102
11
-0.3320158267716535
21
-1.8456188582677164
0
LINE
8
BLACK
6
CONTINUOUS
10
-0.3320158267716535
20
-1.8456188582677164
11
-0.3322637007874016
21
-1.8457749212598424
0
LINE
8
BLACK
6
CONTINUOUS
10
-0.3322637007874016
20
-1.8457749212598424
11
-0.3360132283464567
21
-1.84764968503937
0
LINE
8
BLACK
6
CONTINUOUS
10
-0.3360132283464567
20
-1.84764968503937
11
-0.3360553543307087
21
-1.8476657874015747
0
LINE
8
BLACK
6
CONTINUOUS
10
-0.3360553543307087
20
-1.8476657874015747
11
-0.3360724803149606
21
-1.8476785039370078
0
LINE
8
BLACK
6
CONTINUOUS
10
-0.3360724803149606
20
-1.8476785039370078
11
-0.3363144488188976
21
-1.8477649212598424
0
LINE
8
BLACK
6
CONTINUOUS
10
-0.3363144488188976
20
-1.8477649212598424
11
-0.3365538582677166
21
-1.8478565748031495
0
LINE
8
BLACK
6
CONTINUOUS
10
-0.3365538582677166
20
-1.8478565748031495
11
-0.3365751181102362
21
-1.8478580708661416
0
LINE
8
BLACK
6
CONTINUOUS
10
-0.3365751181102362
20
-1.8478580708661416
11
-0.3366175984251968
21
-1.8478732677165355
0
LINE
8
BLACK
6
CONTINUOUS
10
-0.3366175984251968
20
-1.8478732677165355
11
-0.3441166535433071
21
-1.849748031496063
0
LINE
8
BLACK
6
CONTINUOUS
10
-0.3441166535433071
20
-1.849748031496063
11
-0.3442165354330708
21
-1.8497627952755904
0
LINE
8
BLACK
6
CONTINUOUS
10
-0.3442165354330708
20
-1.8497627952755904
11
-0.3442567322834645
21
-1.8497794488188977
0
LINE
8
BLACK
6
CONTINUOUS
10
-0.3442567322834645
20
-1.8497794488188977
11
-0.344473779527559
21
-1.8498007874015747
0
LINE
8
BLACK
6
CONTINUOUS
10
-0.344473779527559
20
-1.8498007874015747
11
-0.3446892519685039
21
-1.8498326771653544
0
LINE
8
BLACK
6
CONTINUOUS
10
-0.3446892519685039
20
-1.8498326771653544
11
-0.3447322834645669
21
-1.8498262598425197
0
LINE
8
BLACK
6
CONTINUOUS
10
-0.3447322834645669
20
-1.8498262598425197
11
-0.3448327952755905
21
-1.8498361811023623
0
LINE
8
BLACK
6
CONTINUOUS
10
-0.3448327952755905
20
-1.8498361811023623
11
-0.3504570866141732
21
-1.8498361811023623
0
LINE
8
BLACK
6
CONTINUOUS
10
-0.3504570866141732
20
-1.8498361811023623
11
-0.3505576377952756
21
-1.8498262598425197
0
LINE
8
BLACK
6
CONTINUOUS
10
-0.3505576377952756
20
-1.8498262598425197
11
-0.3506006299212598
21
-1.8498326771653544
0
LINE
8
BLACK
6
CONTINUOUS
10
-0.3506006299212598
20
-1.8498326771653544
11
-0.3508161417322835
21
-1.8498007874015747
0
LINE
8
BLACK
6
CONTINUOUS
10
-0.3508161417322835
20
-1.8498007874015747
11
-0.3510331496062992
21
-1.8497794488188977
0
LINE
8
BLACK
6
CONTINUOUS
10
-0.3510331496062992
20
-1.8497794488188977
11
-0.3510733858267717
21
-1.8497627952755904
0
LINE
8
BLACK
6
CONTINUOUS
10
-0.3510733858267717
20
-1.8497627952755904
11
-0.3511732283464567
21
-1.849748031496063
0
LINE
8
BLACK
6
CONTINUOUS
10
-0.3511732283464567
20
-1.849748031496063
11
-0.3586722834645669
21
-1.8478732677165355
0
LINE
8
BLACK
6
CONTINUOUS
10
-0.3586722834645669
20
-1.8478732677165355
11
-0.3587148031496063
21
-1.8478580708661416
0
LINE
8
BLACK
6
CONTINUOUS
10
-0.3587148031496063
20
-1.8478580708661416
11
-0.358736062992126
21
-1.8478565748031495
0
LINE
8
BLACK
6
CONTINUOUS
10
-0.358736062992126
20
-1.8478565748031495
11
-0.3589758267716535
21
-1.8477648031496063
0
LINE
8
BLACK
6
CONTINUOUS
10
-0.3589758267716535
20
-1.8477648031496063
11
-0.3592174015748031
21
-1.8476785039370078
0
LINE
8
BLACK
6
CONTINUOUS
10
-0.3592174015748031
20
-1.8476785039370078
11
-0.3592345669291339
21
-1.8476657874015747
0
LINE
8
BLACK
6
CONTINUOUS
10
-0.3592345669291339
20
-1.8476657874015747
11
-0.3592766535433071
21
-1.84764968503937
0
LINE
8
BLACK
6
CONTINUOUS
10
-0.3592766535433071
20
-1.84764968503937
11
-0.3630261811023622
21
-1.8457749212598424
0
LINE
8
BLACK
6
CONTINUOUS
10
-0.3630261811023622
20
-1.8457749212598424
11
-0.3632740157480315
21
-1.8456188976377952
0
LINE
8
BLACK
6
CONTINUOUS
10
-0.3632740157480315
20
-1.8456188976377952
11
-0.3633461417322835
21
-1.8455890551181102
0
LINE
8
BLACK
6
CONTINUOUS
10
-0.3633461417322835
20
-1.8455890551181102
11
-0.3634273228346457
21
-1.8455224409448818
0
LINE
8
BLACK
6
CONTINUOUS
10
-0.3634273228346457
20
-1.8455224409448818
11
-0.363516062992126
21
-1.8454665748031496
0
LINE
8
BLACK
6
CONTINUOUS
10
-0.363516062992126
20
-1.8454665748031496
11
-0.3635672047244095
21
-1.8454076377952755
0
LINE
8
BLACK
6
CONTINUOUS
10
-0.3635672047244095
20
-1.8454076377952755
11
-0.3637935826771653
21
-1.845221811023622
0
LINE
8
BLACK
6
CONTINUOUS
10
-0.3637935826771653
20
-1.845221811023622
11
-0.3675431102362204
21
-1.8414722834645669
0
LINE
8
BLACK
6
CONTINUOUS
10
-0.3675431102362204
20
-1.8414722834645669
11
-0.3679103149606299
21
-1.8410248425196849
0
LINE
8
BLACK
6
CONTINUOUS
10
-0.3679103149606299
20
-1.8410248425196849
11
-0.3679509448818897
21
-1.8409267716535433
0
LINE
8
BLACK
6
CONTINUOUS
10
-0.3679509448818897
20
-1.8409267716535433
11
-0.3680204330708661
21
-1.840846653543307
0
LINE
8
BLACK
6
CONTINUOUS
10
-0.3680204330708661
20
-1.840846653543307
11
-0.3682564173228347
21
-1.8403181102362205
0
LINE
8
BLACK
6
CONTINUOUS
10
-0.3682564173228347
20
-1.8403181102362205
11
-0.3701311811023622
21
-1.8346938188976378
0
LINE
8
BLACK
6
CONTINUOUS
10
-0.3701311811023622
20
-1.8346938188976378
11
-0.3701961417322834
21
-1.8344082283464567
0
LINE
8
BLACK
6
CONTINUOUS
10
-0.3701961417322834
20
-1.8344082283464567
11
-0.3702259842519685
21
-1.8343361417322834
0
LINE
8
BLACK
6
CONTINUOUS
10
-0.3702259842519685
20
-1.8343361417322834
11
-0.3702362992125984
21
-1.8342316141732282
0
LINE
8
BLACK
6
CONTINUOUS
10
-0.3702362992125984
20
-1.8342316141732282
11
-0.3702595275590551
21
-1.8341293700787402
0
LINE
8
BLACK
6
CONTINUOUS
10
-0.3702595275590551
20
-1.8341293700787402
11
-0.3702540157480315
21
-1.8340516141732284
0
LINE
8
BLACK
6
CONTINUOUS
10
-0.3702540157480315
20
-1.8340516141732284
11
-0.370282716535433
21
-1.8337600787401573
0
LINE
8
BLACK
6
CONTINUOUS
10
-0.370282716535433
20
-1.8337600787401573
11
-0.370282716535433
21
-1.8300105511811022
0
LINE
8
BLACK
6
CONTINUOUS
10
-0.370282716535433
20
-1.8300105511811022
11
-0.3702540157480315
21
-1.8297189763779527
0
LINE
8
BLACK
6
CONTINUOUS
10
-0.3702540157480315
20
-1.8297189763779527
11
-0.3702595275590551
21
-1.8296412598425196
0
LINE
8
BLACK
6
CONTINUOUS
10
-0.3702595275590551
20
-1.8296412598425196
11
-0.3702362992125984
21
-1.8295389763779528
0
LINE
8
BLACK
6
CONTINUOUS
10
-0.3702362992125984
20
-1.8295389763779528
11
-0.3702259842519685
21
-1.8294344881889764
0
LINE
8
BLACK
6
CONTINUOUS
10
-0.3702259842519685
20
-1.8294344881889764
11
-0.3701961417322834
21
-1.8293623622047244
0
LINE
8
BLACK
6
CONTINUOUS
10
-0.3701961417322834
20
-1.8293623622047244
11
-0.3701311811023622
21
-1.829076811023622
0
LINE
8
BLACK
6
CONTINUOUS
10
-0.3701311811023622
20
-1.829076811023622
11
-0.3682564173228347
21
-1.8234525196850393
0
LINE
8
BLACK
6
CONTINUOUS
10
-0.3682564173228347
20
-1.8234525196850393
11
-0.3680204330708661
21
-1.8229239763779528
0
LINE
8
BLACK
6
CONTINUOUS
10
-0.3680204330708661
20
-1.8229239763779528
11
-0.3679509448818897
21
-1.8228438188976377
0
LINE
8
BLACK
6
CONTINUOUS
10
-0.3679509448818897
20
-1.8228438188976377
11
-0.3679103149606299
21
-1.8227457874015747
0
LINE
8
BLACK
6
CONTINUOUS
10
-0.3679103149606299
20
-1.8227457874015747
11
-0.3675431102362204
21
-1.8222983464566929
0
LINE
8
BLACK
6
CONTINUOUS
10
-0.3675431102362204
20
-1.8222983464566929
11
-0.3656683464566929
21
-1.8204235826771653
0
LINE
8
BLACK
6
CONTINUOUS
10
-0.3656683464566929
20
-1.8204235826771653
11
-0.365220905511811
21
-1.8200563779527559
0
LINE
8
BLACK
6
CONTINUOUS
10
-0.365220905511811
20
-1.8200563779527559
11
-0.3641564960629921
21
-1.8196154724409448
0
LINE
8
BLACK
6
CONTINUOUS
10
-0.3641564960629921
20
-1.8196154724409448
11
-0.3630044094488189
21
-1.8196154724409448
0
LINE
8
BLACK
6
CONTINUOUS
10
-0.3630044094488189
20
-1.8196154724409448
11
-0.36194
21
-1.8200563779527559
0
LINE
8
BLACK
6
CONTINUOUS
10
-0.1380325196850394
20
-1.8214902362204723
11
-0.1379345275590551
21
-1.8215308267716535
0
LINE
8
BLACK
6
CONTINUOUS
10
-0.1379345275590551
20
-1.8215308267716535
11
-0.1378287007874016
21
-1.8215383464566928
0
LINE
8
BLACK
6
CONTINUOUS
10
-0.1378287007874016
20
-1.8215383464566928
11
-0.1372880708661417
21
-1.8217452362204725
0
LINE
8
BLACK
6
CONTINUOUS
10
-0.1372880708661417
20
-1.8217452362204725
11
-0.1335385433070866
21
-1.82362
0
LINE
8
BLACK
6
CONTINUOUS
10
-0.1335385433070866
20
-1.82362
11
-0.1332906692913386
21
-1.8237760236220473
0
LINE
8
BLACK
6
CONTINUOUS
10
-0.1332906692913386
20
-1.8237760236220473
11
-0.1332186220472441
21
-1.8238058661417322
0
LINE
8
BLACK
6
CONTINUOUS
10
-0.1332186220472441
20
-1.8238058661417322
11
-0.1331375984251968
21
-1.8238723622047244
0
LINE
8
BLACK
6
CONTINUOUS
10
-0.1331375984251968
20
-1.8238723622047244
11
-0.1330486614173228
21
-1.8239283464566929
0
LINE
8
BLACK
6
CONTINUOUS
10
-0.1330486614173228
20
-1.8239283464566929
11
-0.1329975196850394
21
-1.8239873228346457
0
LINE
8
BLACK
6
CONTINUOUS
10
-0.1329975196850394
20
-1.8239873228346457
11
-0.1327711811023622
21
-1.8241730708661417
0
LINE
8
BLACK
6
CONTINUOUS
10
-0.1327711811023622
20
-1.8241730708661417
11
-0.1308963779527559
21
-1.8260478346456692
0
LINE
8
BLACK
6
CONTINUOUS
10
-0.1308963779527559
20
-1.8260478346456692
11
-0.1307106299212598
21
-1.8262741732283465
0
LINE
8
BLACK
6
CONTINUOUS
10
-0.1307106299212598
20
-1.8262741732283465
11
-0.1306515748031496
21
-1.8263253937007873
0
LINE
8
BLACK
6
CONTINUOUS
10
-0.1306515748031496
20
-1.8263253937007873
11
-0.1305955905511811
21
-1.8264143307086613
0
LINE
8
BLACK
6
CONTINUOUS
10
-0.1305955905511811
20
-1.8264143307086613
11
-0.1305291338582677
21
-1.8264953149606298
0
LINE
8
BLACK
6
CONTINUOUS
10
-0.1305291338582677
20
-1.8264953149606298
11
-0.1304993307086614
21
-1.8265672440944882
0
LINE
8
BLACK
6
CONTINUOUS
10
-0.1304993307086614
20
-1.8265672440944882
11
-0.1303432283464567
21
-1.8268152755905511
0
LINE
8
BLACK
6
CONTINUOUS
10
-0.1303432283464567
20
-1.8268152755905511
11
-0.1284684645669291
21
-1.8305648031496062
0
LINE
8
BLACK
6
CONTINUOUS
10
-0.1284684645669291
20
-1.8305648031496062
11
-0.1282615748031496
21
-1.8311053937007873
0
LINE
8
BLACK
6
CONTINUOUS
10
-0.1282615748031496
20
-1.8311053937007873
11
-0.1282540551181102
21
-1.8312112598425196
0
LINE
8
BLACK
6
CONTINUOUS
10
-0.1282540551181102
20
-1.8312112598425196
11
-0.1282134645669291
21
-1.8313092519685039
0
LINE
8
BLACK
6
CONTINUOUS
10
-0.1282134645669291
20
-1.8313092519685039
11
-0.1281567322834646
21
-1.8318853149606298
0
LINE
8
BLACK
6
CONTINUOUS
10
-0.1281567322834646
20
-1.8318853149606298
11
-0.1281567322834646
21
-1.8412591338582678
0
LINE
8
BLACK
6
CONTINUOUS
10
-0.1281567322834646
20
-1.8412591338582678
11
-0.1281854724409449
21
-1.8415507086614173
0
LINE
8
BLACK
6
CONTINUOUS
10
-0.1281854724409449
20
-1.8415507086614173
11
-0.1281799212598425
21
-1.8416284645669292
0
LINE
8
BLACK
6
CONTINUOUS
10
-0.1281799212598425
20
-1.8416284645669292
11
-0.1282031889763779
21
-1.8417307086614172
0
LINE
8
BLACK
6
CONTINUOUS
10
-0.1282031889763779
20
-1.8417307086614172
11
-0.1282134645669291
21
-1.8418351968503937
0
LINE
8
BLACK
6
CONTINUOUS
10
-0.1282134645669291
20
-1.8418351968503937
11
-0.1282433464566929
21
-1.8419072440944881
0
LINE
8
BLACK
6
CONTINUOUS
10
-0.1282433464566929
20
-1.8419072440944881
11
-0.1283082677165354
21
-1.8421929133858268
0
LINE
8
BLACK
6
CONTINUOUS
10
-0.1283082677165354
20
-1.8421929133858268
11
-0.130183031496063
21
-1.8478171653543307
0
LINE
8
BLACK
6
CONTINUOUS
10
-0.130183031496063
20
-1.8478171653543307
11
-0.1304190157480315
21
-1.848345748031496
0
LINE
8
BLACK
6
CONTINUOUS
10
-0.1304190157480315
20
-1.848345748031496
11
-0.1311738976377953
21
-1.8492161023622047
0
LINE
8
BLACK
6
CONTINUOUS
10
-0.1311738976377953
20
-1.8492161023622047
11
-0.1322043307086614
21
-1.8497312992125985
0
LINE
8
BLACK
6
CONTINUOUS
10
-0.1322043307086614
20
-1.8497312992125985
11
-0.1333535433070866
21
-1.8498129921259843
0
LINE
8
BLACK
6
CONTINUOUS
10
-0.1333535433070866
20
-1.8498129921259843
11
-0.1344465748031496
21
-1.8494486614173229
0
LINE
8
BLACK
6
CONTINUOUS
10
-0.1344465748031496
20
-1.8494486614173229
11
-0.1353169291338583
21
-1.8486937795275591
0
LINE
8
BLACK
6
CONTINUOUS
10
-0.1353169291338583
20
-1.8486937795275591
11
-0.135832125984252
21
-1.8476633464566929
0
LINE
8
BLACK
6
CONTINUOUS
10
-0.135832125984252
20
-1.8476633464566929
11
-0.1359138188976378
21
-1.8465141338582676
0
LINE
8
BLACK
6
CONTINUOUS
10
-0.1359138188976378
20
-1.8465141338582676
11
-0.1357854724409449
21
-1.84594968503937
0
LINE
8
BLACK
6
CONTINUOUS
10
-0.1357854724409449
20
-1.84594968503937
11
-0.1340622440944882
21
-1.8407799999999999
0
LINE
8
BLACK
6
CONTINUOUS
10
-0.1340622440944882
20
-1.8407799999999999
11
-0.1340622440944882
21
-1.8325823622047244
0
LINE
8
BLACK
6
CONTINUOUS
10
-0.1340622440944882
20
-1.8325823622047244
11
-0.1354109842519685
21
-1.8298848818897637
0
LINE
8
BLACK
6
CONTINUOUS
10
-0.1354109842519685
20
-1.8298848818897637
11
-0.1366081496062992
21
-1.8286877559055117
0
LINE
8
BLACK
6
CONTINUOUS
10
-0.1366081496062992
20
-1.8286877559055117
11
-0.1393056299212598
21
-1.8273390157480314
0
LINE
8
BLACK
6
CONTINUOUS
10
-0.1393056299212598
20
-1.8273390157480314
11
-0.141661062992126
21
-1.8273390157480314
0
LINE
8
BLACK
6
CONTINUOUS
10
-0.141661062992126
20
-1.8273390157480314
11
-0.1443585433070866
21
-1.8286877559055117
0
LINE
8
BLACK
6
CONTINUOUS
10
-0.1443585433070866
20
-1.8286877559055117
11
-0.1455556692913386
21
-1.8298848818897637
0
LINE
8
BLACK
6
CONTINUOUS
10
-0.1455556692913386
20
-1.8298848818897637
11
-0.1470711811023622
21
-1.8329158661417322
0
LINE
8
BLACK
6
CONTINUOUS
10
-0.1470711811023622
20
-1.8329158661417322
11
-0.1488673228346457
21
-1.8401005118110236
0
LINE
8
BLACK
6
CONTINUOUS
10
-0.1488673228346457
20
-1.8401005118110236
11
-0.1488825196850394
21
-1.8401429921259842
0
LINE
8
BLACK
6
CONTINUOUS
10
-0.1488825196850394
20
-1.8401429921259842
11
-0.1488840157480315
21
-1.8401642913385827
0
LINE
8
BLACK
6
CONTINUOUS
10
-0.1488840157480315
20
-1.8401642913385827
11
-0.1489757874015748
21
-1.8404040157480315
0
LINE
8
BLACK
6
CONTINUOUS
10
-0.1489757874015748
20
-1.8404040157480315
11
-0.1490620866141732
21
-1.8406456299212599
0
LINE
8
BLACK
6
CONTINUOUS
10
-0.1490620866141732
20
-1.8406456299212599
11
-0.1490748031496063
21
-1.8406627559055118
0
LINE
8
BLACK
6
CONTINUOUS
10
-0.1490748031496063
20
-1.8406627559055118
11
-0.149090905511811
21
-1.8407048818897638
0
LINE
8
BLACK
6
CONTINUOUS
10
-0.149090905511811
20
-1.8407048818897638
11
-0.1509656692913386
21
-1.8444544094488189
0
LINE
8
BLACK
6
CONTINUOUS
10
-0.1509656692913386
20
-1.8444544094488189
11
-0.1511217716535433
21
-1.844702401574803
0
LINE
8
BLACK
6
CONTINUOUS
10
-0.1511217716535433
20
-1.844702401574803
11
-0.1511515748031496
21
-1.84477437007874
0
LINE
8
BLACK
6
CONTINUOUS
10
-0.1511515748031496
20
-1.84477437007874
11
-0.1512180708661417
21
-1.8448553149606299
0
LINE
8
BLACK
6
CONTINUOUS
10
-0.1512180708661417
20
-1.8448553149606299
11
-0.1512740157480315
21
-1.8449442913385827
0
LINE
8
BLACK
6
CONTINUOUS
10
-0.1512740157480315
20
-1.8449442913385827
11
-0.151333031496063
21
-1.844995433070866
0
LINE
8
BLACK
6
CONTINUOUS
10
-0.151333031496063
20
-1.844995433070866
11
-0.151518779527559
21
-1.845221811023622
0
LINE
8
BLACK
6
CONTINUOUS
10
-0.151518779527559
20
-1.845221811023622
11
-0.1533935433070866
21
-1.8470965748031496
0
LINE
8
BLACK
6
CONTINUOUS
10
-0.1533935433070866
20
-1.8470965748031496
11
-0.1536199212598425
21
-1.8472823228346456
0
LINE
8
BLACK
6
CONTINUOUS
10
-0.1536199212598425
20
-1.8472823228346456
11
-0.153671062992126
21
-1.8473413385826771
0
LINE
8
BLACK
6
CONTINUOUS
10
-0.153671062992126
20
-1.8473413385826771
11
-0.1537600393700787
21
-1.8473972834645669
0
LINE
8
BLACK
6
CONTINUOUS
10
-0.1537600393700787
20
-1.8473972834645669
11
-0.1538409842519685
21
-1.847463779527559
0
LINE
8
BLACK
6
CONTINUOUS
10
-0.1538409842519685
20
-1.847463779527559
11
-0.1539129527559055
21
-1.8474935826771652
0
LINE
8
BLACK
6
CONTINUOUS
10
-0.1539129527559055
20
-1.8474935826771652
11
-0.1541609448818897
21
-1.84764968503937
0
LINE
8
BLACK
6
CONTINUOUS
10
-0.1541609448818897
20
-1.84764968503937
11
-0.1579104724409449
21
-1.8495244488188975
0
LINE
8
BLACK
6
CONTINUOUS
10
-0.1579104724409449
20
-1.8495244488188975
11
-0.1584511023622047
21
-1.849731338582677
0
LINE
8
BLACK
6
CONTINUOUS
10
-0.1584511023622047
20
-1.849731338582677
11
-0.1585569291338583
21
-1.8497388188976378
0
LINE
8
BLACK
6
CONTINUOUS
10
-0.1585569291338583
20
-1.8497388188976378
11
-0.1586549212598425
21
-1.8497794488188977
0
LINE
8
BLACK
6
CONTINUOUS
10
-0.1586549212598425
20
-1.8497794488188977
11
-0.1592309842519685
21
-1.8498361811023623
0
LINE
8
BLACK
6
CONTINUOUS
10
-0.1592309842519685
20
-1.8498361811023623
11
-0.1629805118110236
21
-1.8498361811023623
0
LINE
8
BLACK
6
CONTINUOUS
10
-0.1629805118110236
20
-1.8498361811023623
11
-0.1635565748031496
21
-1.8497794488188977
0
LINE
8
BLACK
6
CONTINUOUS
10
-0.1635565748031496
20
-1.8497794488188977
11
-0.1636545669291339
21
-1.8497388582677166
0
LINE
8
BLACK
6
CONTINUOUS
10
-0.1636545669291339
20
-1.8497388582677166
11
-0.1637604330708661
21
-1.849731338582677
0
LINE
8
BLACK
6
CONTINUOUS
10
-0.1637604330708661
20
-1.849731338582677
11
-0.1643010236220472
21
-1.8495244488188975
0
LINE
8
BLACK
6
CONTINUOUS
10
-0.1643010236220472
20
-1.8495244488188975
11
-0.1680505511811023
21
-1.84764968503937
0
LINE
8
BLACK
6
CONTINUOUS
10
-0.1680505511811023
20
-1.84764968503937
11
-0.1682985826771654
21
-1.8474935826771652
0
LINE
8
BLACK
6
CONTINUOUS
10
-0.1682985826771654
20
-1.8474935826771652
11
-0.1683705118110236
21
-1.847463779527559
0
LINE
8
BLACK
6
CONTINUOUS
10
-0.1683705118110236
20
-1.847463779527559
11
-0.1684514960629921
21
-1.8473972834645669
0
LINE
8
BLACK
6
CONTINUOUS
10
-0.1684514960629921
20
-1.8473972834645669
11
-0.1685404330708661
21
-1.8473413385826771
0
LINE
8
BLACK
6
CONTINUOUS
10
-0.1685404330708661
20
-1.8473413385826771
11
-0.1685916141732283
21
-1.8472823228346456
0
LINE
8
BLACK
6
CONTINUOUS
10
-0.1685916141732283
20
-1.8472823228346456
11
-0.1688179527559055
21
-1.8470965748031496
0
LINE
8
BLACK
6
CONTINUOUS
10
-0.1688179527559055
20
-1.8470965748031496
11
-0.1706927165354331
21
-1.845221811023622
0
LINE
8
BLACK
6
CONTINUOUS
10
-0.1706927165354331
20
-1.845221811023622
11
-0.1708785039370079
21
-1.844995433070866
0
LINE
8
BLACK
6
CONTINUOUS
10
-0.1708785039370079
20
-1.844995433070866
11
-0.1709374803149606
21
-1.8449442913385827
0
LINE
8
BLACK
6
CONTINUOUS
10
-0.1709374803149606
20
-1.8449442913385827
11
-0.1709934645669291
21
-1.8448553149606299
0
LINE
8
BLACK
6
CONTINUOUS
10
-0.1709934645669291
20
-1.8448553149606299
11
-0.1710599212598425
21
-1.84477437007874
0
LINE
8
BLACK
6
CONTINUOUS
10
-0.1710599212598425
20
-1.84477437007874
11
-0.1710897637795276
21
-1.844702401574803
0
LINE
8
BLACK
6
CONTINUOUS
10
-0.1710897637795276
20
-1.844702401574803
11
-0.1712458267716535
21
-1.8444544094488189
0
LINE
8
BLACK
6
CONTINUOUS
10
-0.1712458267716535
20
-1.8444544094488189
11
-0.1731205905511811
21
-1.8407048818897638
0
LINE
8
BLACK
6
CONTINUOUS
10
-0.1731205905511811
20
-1.8407048818897638
11
-0.1733274803149606
21
-1.840164251968504
0
LINE
8
BLACK
6
CONTINUOUS
10
-0.1733274803149606
20
-1.840164251968504
11
-0.173335
21
-1.8400584251968504
0
LINE
8
BLACK
6
CONTINUOUS
10
-0.173335
20
-1.8400584251968504
11
-0.1733755905511811
21
-1.8399604330708661
0
LINE
8
BLACK
6
CONTINUOUS
10
-0.1733755905511811
20
-1.8399604330708661
11
-0.1734323228346457
21
-1.83938437007874
0
LINE
8
BLACK
6
CONTINUOUS
10
-0.1734323228346457
20
-1.83938437007874
11
-0.1734323228346457
21
-1.8300105511811022
0
LINE
8
BLACK
6
CONTINUOUS
10
-0.1734323228346457
20
-1.8300105511811022
11
-0.1734036220472441
21
-1.8297189763779527
0
LINE
8
BLACK
6
CONTINUOUS
10
-0.1734036220472441
20
-1.8297189763779527
11
-0.1734091338582677
21
-1.8296412598425196
0
LINE
8
BLACK
6
CONTINUOUS
10
-0.1734091338582677
20
-1.8296412598425196
11
-0.173385905511811
21
-1.8295389763779528
0
LINE
8
BLACK
6
CONTINUOUS
10
-0.173385905511811
20
-1.8295389763779528
11
-0.1733755905511811
21
-1.8294344881889764
0
LINE
8
BLACK
6
CONTINUOUS
10
-0.1733755905511811
20
-1.8294344881889764
11
-0.173345748031496
21
-1.8293623622047244
0
LINE
8
BLACK
6
CONTINUOUS
10
-0.173345748031496
20
-1.8293623622047244
11
-0.1732807874015748
21
-1.829076811023622
0
LINE
8
BLACK
6
CONTINUOUS
10
-0.1732807874015748
20
-1.829076811023622
11
-0.1714060236220472
21
-1.8234525196850393
0
LINE
8
BLACK
6
CONTINUOUS
10
-0.1714060236220472
20
-1.8234525196850393
11
-0.1711700393700787
21
-1.8229239763779528
0
LINE
8
BLACK
6
CONTINUOUS
10
-0.1711700393700787
20
-1.8229239763779528
11
-0.170415157480315
21
-1.8220536220472441
0
LINE
8
BLACK
6
CONTINUOUS
10
-0.170415157480315
20
-1.8220536220472441
11
-0.1693847244094488
21
-1.8215383858267715
0
LINE
8
BLACK
6
CONTINUOUS
10
-0.1693847244094488
20
-1.8215383858267715
11
-0.1682355118110236
21
-1.8214566929133857
0
LINE
8
BLACK
6
CONTINUOUS
10
-0.1682355118110236
20
-1.8214566929133857
11
-0.1671425196850394
21
-1.8218210236220471
0
LINE
8
BLACK
6
CONTINUOUS
10
-0.1671425196850394
20
-1.8218210236220471
11
-0.166272125984252
21
-1.8225759055118109
0
LINE
8
BLACK
6
CONTINUOUS
10
-0.166272125984252
20
-1.8225759055118109
11
-0.1657569291338583
21
-1.8236063779527558
0
LINE
8
BLACK
6
CONTINUOUS
10
-0.1657569291338583
20
-1.8236063779527558
11
-0.1656752362204724
21
-1.824755590551181
0
LINE
8
BLACK
6
CONTINUOUS
10
-0.1656752362204724
20
-1.824755590551181
11
-0.1658035826771654
21
-1.8253200393700788
0
LINE
8
BLACK
6
CONTINUOUS
10
-0.1658035826771654
20
-1.8253200393700788
11
-0.167526811023622
21
-1.8304896850393699
0
LINE
8
BLACK
6
CONTINUOUS
10
-0.167526811023622
20
-1.8304896850393699
11
-0.167526811023622
21
-1.8386873228346456
0
LINE
8
BLACK
6
CONTINUOUS
10
-0.167526811023622
20
-1.8386873228346456
11
-0.1661780708661417
21
-1.8413848031496063
0
LINE
8
BLACK
6
CONTINUOUS
10
-0.1661780708661417
20
-1.8413848031496063
11
-0.1649809448818897
21
-1.8425819291338583
0
LINE
8
BLACK
6
CONTINUOUS
10
-0.1649809448818897
20
-1.8425819291338583
11
-0.1622834645669291
21
-1.8439306692913386
0
LINE
8
BLACK
6
CONTINUOUS
10
-0.1622834645669291
20
-1.8439306692913386
11
-0.159928031496063
21
-1.8439306692913386
0
LINE
8
BLACK
6
CONTINUOUS
10
-0.159928031496063
20
-1.8439306692913386
11
-0.1572305511811024
21
-1.8425819291338583
0
LINE
8
BLACK
6
CONTINUOUS
10
-0.1572305511811024
20
-1.8425819291338583
11
-0.1560334251968504
21
-1.8413848031496063
0
LINE
8
BLACK
6
CONTINUOUS
10
-0.1560334251968504
20
-1.8413848031496063
11
-0.1545179527559055
21
-1.8383538188976378
0
LINE
8
BLACK
6
CONTINUOUS
10
-0.1545179527559055
20
-1.8383538188976378
11
-0.1527217716535433
21
-1.8311691732283464
0
LINE
8
BLACK
6
CONTINUOUS
10
-0.1527217716535433
20
-1.8311691732283464
11
-0.1527066141732283
21
-1.8311266535433071
0
LINE
8
BLACK
6
CONTINUOUS
10
-0.1527066141732283
20
-1.8311266535433071
11
-0.1527050787401575
21
-1.831105433070866
0
LINE
8
BLACK
6
CONTINUOUS
10
-0.1527050787401575
20
-1.831105433070866
11
-0.1526134645669291
21
-1.8308659842519686
0
LINE
8
BLACK
6
CONTINUOUS
10
-0.1526134645669291
20
-1.8308659842519686
11
-0.1525270078740157
21
-1.8306240551181101
0
LINE
8
BLACK
6
CONTINUOUS
10
-0.1525270078740157
20
-1.8306240551181101
11
-0.1525143307086614
21
-1.8306068897637795
0
LINE
8
BLACK
6
CONTINUOUS
10
-0.1525143307086614
20
-1.8306068897637795
11
-0.152498188976378
21
-1.8305648031496062
0
LINE
8
BLACK
6
CONTINUOUS
10
-0.152498188976378
20
-1.8305648031496062
11
-0.1506234251968504
21
-1.8268152755905511
0
LINE
8
BLACK
6
CONTINUOUS
10
-0.1506234251968504
20
-1.8268152755905511
11
-0.1504673622047244
21
-1.8265672440944882
0
LINE
8
BLACK
6
CONTINUOUS
10
-0.1504673622047244
20
-1.8265672440944882
11
-0.1504375196850394
21
-1.8264953149606298
0
LINE
8
BLACK
6
CONTINUOUS
10
-0.1504375196850394
20
-1.8264953149606298
11
-0.150371062992126
21
-1.8264143307086613
0
LINE
8
BLACK
6
CONTINUOUS
10
-0.150371062992126
20
-1.8264143307086613
11
-0.1503150787401575
21
-1.8263253937007873
0
LINE
8
BLACK
6
CONTINUOUS
10
-0.1503150787401575
20
-1.8263253937007873
11
-0.1502561023622047
21
-1.8262742125984253
0
LINE
8
BLACK
6
CONTINUOUS
10
-0.1502561023622047
20
-1.8262742125984253
11
-0.1500703149606299
21
-1.826047874015748
0
LINE
8
BLACK
6
CONTINUOUS
10
-0.1500703149606299
20
-1.826047874015748
11
-0.1481955511811024
21
-1.8241731102362204
0
LINE
8
BLACK
6
CONTINUOUS
10
-0.1481955511811024
20
-1.8241731102362204
11
-0.1479692125984252
21
-1.8239873228346457
0
LINE
8
BLACK
6
CONTINUOUS
10
-0.1479692125984252
20
-1.8239873228346457
11
-0.147918031496063
21
-1.8239283464566929
0
LINE
8
BLACK
6
CONTINUOUS
10
-0.147918031496063
20
-1.8239283464566929
11
-0.147829094488189
21
-1.8238723622047244
0
LINE
8
BLACK
6
CONTINUOUS
10
-0.147829094488189
20
-1.8238723622047244
11
-0.1477481102362205
21
-1.823805905511811
0
LINE
8
BLACK
6
CONTINUOUS
10
-0.1477481102362205
20
-1.823805905511811
11
-0.1476761811023622
21
-1.823776062992126
0
LINE
8
BLACK
6
CONTINUOUS
10
-0.1476761811023622
20
-1.823776062992126
11
-0.1474281496062992
21
-1.82362
0
LINE
8
BLACK
6
CONTINUOUS
10
-0.1474281496062992
20
-1.82362
11
-0.1436786220472441
21
-1.8217452362204725
0
LINE
8
BLACK
6
CONTINUOUS
10
-0.1436786220472441
20
-1.8217452362204725
11
-0.143138031496063
21
-1.8215383464566928
0
LINE
8
BLACK
6
CONTINUOUS
10
-0.143138031496063
20
-1.8215383464566928
11
-0.1430321653543307
21
-1.8215307874015747
0
LINE
8
BLACK
6
CONTINUOUS
10
-0.1430321653543307
20
-1.8215307874015747
11
-0.1429341732283465
21
-1.8214902362204723
0
LINE
8
BLACK
6
CONTINUOUS
10
-0.1429341732283465
20
-1.8214902362204723
11
-0.1423581102362205
21
-1.8214335039370078
0
LINE
8
BLACK
6
CONTINUOUS
10
-0.1423581102362205
20
-1.8214335039370078
11
-0.1386085826771654
21
-1.8214335039370078
0
LINE
8
BLACK
6
CONTINUOUS
10
-0.1386085826771654
20
-1.8214335039370078
11
-0.1380325196850394
21
-1.8214902362204723
0
LINE
8
BLACK
6
CONTINUOUS
10
-0.0396073228346457
20
-1.8175532283464566
11
-0.0395093307086614
21
-1.8175938188976377
0
LINE
8
BLACK
6
CONTINUOUS
10
-0.0395093307086614
20
-1.8175938188976377
11
-0.0394035039370079
21
-1.817601338582677
0
LINE
8
BLACK
6
CONTINUOUS
10
-0.0394035039370079
20
-1.817601338582677
11
-0.038862874015748
21
-1.8178082283464567
0
LINE
8
BLACK
6
CONTINUOUS
10
-0.038862874015748
20
-1.8178082283464567
11
-0.0351133464566929
21
-1.8196829921259843
0
LINE
8
BLACK
6
CONTINUOUS
10
-0.0351133464566929
20
-1.8196829921259843
11
-0.0348654724409449
21
-1.8198390157480315
0
LINE
8
BLACK
6
CONTINUOUS
10
-0.0348654724409449
20
-1.8198390157480315
11
-0.0347934251968504
21
-1.8198688582677165
0
LINE
8
BLACK
6
CONTINUOUS
10
-0.0347934251968504
20
-1.8198688582677165
11
-0.0347124015748031
21
-1.8199353543307086
0
LINE
8
BLACK
6
CONTINUOUS
10
-0.0347124015748031
20
-1.8199353543307086
11
-0.0346234645669291
21
-1.8199913385826771
0
LINE
8
BLACK
6
CONTINUOUS
10
-0.0346234645669291
20
-1.8199913385826771
11
-0.0345723228346457
21
-1.82005031496063
0
LINE
8
BLACK
6
CONTINUOUS
10
-0.0345723228346457
20
-1.82005031496063
11
-0.0343459842519685
21
-1.8202360629921259
0
LINE
8
BLACK
6
CONTINUOUS
10
-0.0343459842519685
20
-1.8202360629921259
11
-0.0324711811023622
21
-1.8221108267716535
0
LINE
8
BLACK
6
CONTINUOUS
10
-0.0324711811023622
20
-1.8221108267716535
11
-0.0322854330708661
21
-1.8223371653543308
0
LINE
8
BLACK
6
CONTINUOUS
10
-0.0322854330708661
20
-1.8223371653543308
11
-0.0322263779527559
21
-1.8223883858267715
0
LINE
8
BLACK
6
CONTINUOUS
10
-0.0322263779527559
20
-1.8223883858267715
11
-0.0321703937007874
21
-1.8224773228346456
0
LINE
8
BLACK
6
CONTINUOUS
10
-0.0321703937007874
20
-1.8224773228346456
11
-0.032103937007874
21
-1.822558307086614
0
LINE
8
BLACK
6
CONTINUOUS
10
-0.032103937007874
20
-1.822558307086614
11
-0.0320741338582677
21
-1.8226302362204725
0
LINE
8
BLACK
6
CONTINUOUS
10
-0.0320741338582677
20
-1.8226302362204725
11
-0.031918031496063
21
-1.8228782677165354
0
LINE
8
BLACK
6
CONTINUOUS
10
-0.031918031496063
20
-1.8228782677165354
11
-0.0300432677165354
21
-1.8266277952755905
0
LINE
8
BLACK
6
CONTINUOUS
10
-0.0300432677165354
20
-1.8266277952755905
11
-0.0298363779527559
21
-1.8271683858267715
0
LINE
8
BLACK
6
CONTINUOUS
10
-0.0298363779527559
20
-1.8271683858267715
11
-0.0298288582677165
21
-1.8272742519685039
0
LINE
8
BLACK
6
CONTINUOUS
10
-0.0298288582677165
20
-1.8272742519685039
11
-0.0297882677165354
21
-1.8273722440944882
0
LINE
8
BLACK
6
CONTINUOUS
10
-0.0297882677165354
20
-1.8273722440944882
11
-0.0297315354330709
21
-1.827948307086614
0
LINE
8
BLACK
6
CONTINUOUS
10
-0.0297315354330709
20
-1.827948307086614
11
-0.0297315354330709
21
-1.8373221259842518
0
LINE
8
BLACK
6
CONTINUOUS
10
-0.0297315354330709
20
-1.8373221259842518
11
-0.0297602755905512
21
-1.8376137007874016
0
LINE
8
BLACK
6
CONTINUOUS
10
-0.0297602755905512
20
-1.8376137007874016
11
-0.0297547244094488
21
-1.8376914566929134
0
LINE
8
BLACK
6
CONTINUOUS
10
-0.0297547244094488
20
-1.8376914566929134
11
-0.0297779921259843
21
-1.8377937007874015
0
LINE
8
BLACK
6
CONTINUOUS
10
-0.0297779921259843
20
-1.8377937007874015
11
-0.0297882677165354
21
-1.8378981889763779
0
LINE
8
BLACK
6
CONTINUOUS
10
-0.0297882677165354
20
-1.8378981889763779
11
-0.0298181496062992
21
-1.8379702362204724
0
LINE
8
BLACK
6
CONTINUOUS
10
-0.0298181496062992
20
-1.8379702362204724
11
-0.0298830708661417
21
-1.8382559055118111
0
LINE
8
BLACK
6
CONTINUOUS
10
-0.0298830708661417
20
-1.8382559055118111
11
-0.0317578346456693
21
-1.843880157480315
0
LINE
8
BLACK
6
CONTINUOUS
10
-0.0317578346456693
20
-1.843880157480315
11
-0.0319938188976378
21
-1.8444087401574802
0
LINE
8
BLACK
6
CONTINUOUS
10
-0.0319938188976378
20
-1.8444087401574802
11
-0.0327487007874016
21
-1.8452790944881889
0
LINE
8
BLACK
6
CONTINUOUS
10
-0.0327487007874016
20
-1.8452790944881889
11
-0.0337791338582677
21
-1.8457942913385825
0
LINE
8
BLACK
6
CONTINUOUS
10
-0.0337791338582677
20
-1.8457942913385825
11
-0.0349283464566929
21
-1.8458759842519685
0
LINE
8
BLACK
6
CONTINUOUS
10
-0.0349283464566929
20
-1.8458759842519685
11
-0.0360213779527559
21
-1.8455116535433072
0
LINE
8
BLACK
6
CONTINUOUS
10
-0.0360213779527559
20
-1.8455116535433072
11
-0.0368917322834646
21
-1.8447567716535433
0
LINE
8
BLACK
6
CONTINUOUS
10
-0.0368917322834646
20
-1.8447567716535433
11
-0.0374069291338583
21
-1.8437263385826772
0
LINE
8
BLACK
6
CONTINUOUS
10
-0.0374069291338583
20
-1.8437263385826772
11
-0.0374886220472441
21
-1.8425771259842518
0
LINE
8
BLACK
6
CONTINUOUS
10
-0.0374886220472441
20
-1.8425771259842518
11
-0.0373602755905512
21
-1.8420126771653542
0
LINE
8
BLACK
6
CONTINUOUS
10
-0.0373602755905512
20
-1.8420126771653542
11
-0.0356370472440945
21
-1.8368429921259841
0
LINE
8
BLACK
6
CONTINUOUS
10
-0.0356370472440945
20
-1.8368429921259841
11
-0.0356370472440945
21
-1.8286453543307086
0
LINE
8
BLACK
6
CONTINUOUS
10
-0.0356370472440945
20
-1.8286453543307086
11
-0.0369857874015748
21
-1.825947874015748
0
LINE
8
BLACK
6
CONTINUOUS
10
-0.0369857874015748
20
-1.825947874015748
11
-0.0381829527559055
21
-1.824750748031496
0
LINE
8
BLACK
6
CONTINUOUS
10
-0.0381829527559055
20
-1.824750748031496
11
-0.0408804330708661
21
-1.8234020078740156
0
LINE
8
BLACK
6
CONTINUOUS
10
-0.0408804330708661
20
-1.8234020078740156
11
-0.0432358661417323
21
-1.8234020078740156
0
LINE
8
BLACK
6
CONTINUOUS
10
-0.0432358661417323
20
-1.8234020078740156
11
-0.0459333464566929
21
-1.824750748031496
0
LINE
8
BLACK
6
CONTINUOUS
10
-0.0459333464566929
20
-1.824750748031496
11
-0.0471304724409449
21
-1.825947874015748
0
LINE
8
BLACK
6
CONTINUOUS
10
-0.0471304724409449
20
-1.825947874015748
11
-0.0486459842519685
21
-1.8289788582677164
0
LINE
8
BLACK
6
CONTINUOUS
10
-0.0486459842519685
20
-1.8289788582677164
11
-0.050442125984252
21
-1.8361635039370079
0
LINE
8
BLACK
6
CONTINUOUS
10
-0.050442125984252
20
-1.8361635039370079
11
-0.0504573228346457
21
-1.8362059842519685
0
LINE
8
BLACK
6
CONTINUOUS
10
-0.0504573228346457
20
-1.8362059842519685
11
-0.0504588188976378
21
-1.836227283464567
0
LINE
8
BLACK
6
CONTINUOUS
10
-0.0504588188976378
20
-1.836227283464567
11
-0.0505505905511811
21
-1.8364670078740157
0
LINE
8
BLACK
6
CONTINUOUS
10
-0.0505505905511811
20
-1.8364670078740157
11
-0.0506368897637795
21
-1.8367086220472439
0
LINE
8
BLACK
6
CONTINUOUS
10
-0.0506368897637795
20
-1.8367086220472439
11
-0.0506496062992126
21
-1.836725748031496
0
LINE
8
BLACK
6
CONTINUOUS
10
-0.0506496062992126
20
-1.836725748031496
11
-0.0506657086614173
21
-1.836767874015748
0
LINE
8
BLACK
6
CONTINUOUS
10
-0.0506657086614173
20
-1.836767874015748
11
-0.0525404724409449
21
-1.8405174015748031
0
LINE
8
BLACK
6
CONTINUOUS
10
-0.0525404724409449
20
-1.8405174015748031
11
-0.0526965748031496
21
-1.8407653937007873
0
LINE
8
BLACK
6
CONTINUOUS
10
-0.0526965748031496
20
-1.8407653937007873
11
-0.0527263779527559
21
-1.8408373622047243
0
LINE
8
BLACK
6
CONTINUOUS
10
-0.0527263779527559
20
-1.8408373622047243
11
-0.052792874015748
21
-1.8409183070866142
0
LINE
8
BLACK
6
CONTINUOUS
10
-0.052792874015748
20
-1.8409183070866142
11
-0.0528488188976378
21
-1.841007283464567
0
LINE
8
BLACK
6
CONTINUOUS
10
-0.0528488188976378
20
-1.841007283464567
11
-0.0529078346456693
21
-1.8410584251968503
0
LINE
8
BLACK
6
CONTINUOUS
10
-0.0529078346456693
20
-1.8410584251968503
11
-0.0530935826771654
21
-1.8412848031496063
0
LINE
8
BLACK
6
CONTINUOUS
10
-0.0530935826771654
20
-1.8412848031496063
11
-0.0549683464566929
21
-1.8431595669291339
0
LINE
8
BLACK
6
CONTINUOUS
10
-0.0549683464566929
20
-1.8431595669291339
11
-0.0551947244094488
21
-1.8433453149606298
0
LINE
8
BLACK
6
CONTINUOUS
10
-0.0551947244094488
20
-1.8433453149606298
11
-0.0552458661417323
21
-1.8434043307086614
0
LINE
8
BLACK
6
CONTINUOUS
10
-0.0552458661417323
20
-1.8434043307086614
11
-0.055334842519685
21
-1.8434602755905511
0
LINE
8
BLACK
6
CONTINUOUS
10
-0.055334842519685
20
-1.8434602755905511
11
-0.0554157874015748
21
-1.8435267716535433
0
LINE
8
BLACK
6
CONTINUOUS
10
-0.0554157874015748
20
-1.8435267716535433
11
-0.0554877559055118
21
-1.8435565748031495
0
LINE
8
BLACK
6
CONTINUOUS
10
-0.0554877559055118
20
-1.8435565748031495
11
-0.0557357480314961
21
-1.8437126771653543
0
LINE
8
BLACK
6
CONTINUOUS
10
-0.0557357480314961
20
-1.8437126771653543
11
-0.0594852755905512
21
-1.8455874409448818
0
LINE
8
BLACK
6
CONTINUOUS
10
-0.0594852755905512
20
-1.8455874409448818
11
-0.060025905511811
21
-1.8457943307086613
0
LINE
8
BLACK
6
CONTINUOUS
10
-0.060025905511811
20
-1.8457943307086613
11
-0.0601317322834646
21
-1.8458018110236221
0
LINE
8
BLACK
6
CONTINUOUS
10
-0.0601317322834646
20
-1.8458018110236221
11
-0.0602297244094488
21
-1.8458424409448819
0
LINE
8
BLACK
6
CONTINUOUS
10
-0.0602297244094488
20
-1.8458424409448819
11
-0.0608057874015748
21
-1.8458991732283465
0
LINE
8
BLACK
6
CONTINUOUS
10
-0.0608057874015748
20
-1.8458991732283465
11
-0.0645553149606299
21
-1.8458991732283465
0
LINE
8
BLACK
6
CONTINUOUS
10
-0.0645553149606299
20
-1.8458991732283465
11
-0.0651313779527559
21
-1.8458424409448819
0
LINE
8
BLACK
6
CONTINUOUS
10
-0.0651313779527559
20
-1.8458424409448819
11
-0.0652293700787402
21
-1.8458018503937008
0
LINE
8
BLACK
6
CONTINUOUS
10
-0.0652293700787402
20
-1.8458018503937008
11
-0.0653352362204724
21
-1.8457943307086613
0
LINE
8
BLACK
6
CONTINUOUS
10
-0.0653352362204724
20
-1.8457943307086613
11
-0.0658758267716535
21
-1.8455874409448818
0
LINE
8
BLACK
6
CONTINUOUS
10
-0.0658758267716535
20
-1.8455874409448818
11
-0.0696253543307087
21
-1.8437126771653543
0
LINE
8
BLACK
6
CONTINUOUS
10
-0.0696253543307087
20
-1.8437126771653543
11
-0.0698733858267716
21
-1.8435565748031495
0
LINE
8
BLACK
6
CONTINUOUS
10
-0.0698733858267716
20
-1.8435565748031495
11
-0.0699453149606299
21
-1.8435267716535433
0
LINE
8
BLACK
6
CONTINUOUS
10
-0.0699453149606299
20
-1.8435267716535433
11
-0.0700262992125984
21
-1.8434602755905511
0
LINE
8
BLACK
6
CONTINUOUS
10
-0.0700262992125984
20
-1.8434602755905511
11
-0.0701152362204724
21
-1.8434043307086614
0
LINE
8
BLACK
6
CONTINUOUS
10
-0.0701152362204724
20
-1.8434043307086614
11
-0.0701664173228346
21
-1.8433453149606298
0
LINE
8
BLACK
6
CONTINUOUS
10
-0.0701664173228346
20
-1.8433453149606298
11
-0.0703927559055118
21
-1.8431595669291339
0
LINE
8
BLACK
6
CONTINUOUS
10
-0.0703927559055118
20
-1.8431595669291339
11
-0.0722675196850394
21
-1.8412848031496063
0
LINE
8
BLACK
6
CONTINUOUS
10
-0.0722675196850394
20
-1.8412848031496063
11
-0.0724533070866142
21
-1.8410584251968503
0
LINE
8
BLACK
6
CONTINUOUS
10
-0.0724533070866142
20
-1.8410584251968503
11
-0.0725122834645669
21
-1.841007283464567
0
LINE
8
BLACK
6
CONTINUOUS
10
-0.0725122834645669
20
-1.841007283464567
11
-0.0725682677165354
21
-1.8409183070866142
0
LINE
8
BLACK
6
CONTINUOUS
10
-0.0725682677165354
20
-1.8409183070866142
11
-0.0726347244094488
21
-1.8408373622047243
0
LINE
8
BLACK
6
CONTINUOUS
10
-0.0726347244094488
20
-1.8408373622047243
11
-0.0726645669291339
21
-1.8407653937007873
0
LINE
8
BLACK
6
CONTINUOUS
10
-0.0726645669291339
20
-1.8407653937007873
11
-0.0728206299212598
21
-1.8405174015748031
0
LINE
8
BLACK
6
CONTINUOUS
10
-0.0728206299212598
20
-1.8405174015748031
11
-0.0746953937007874
21
-1.836767874015748
0
LINE
8
BLACK
6
CONTINUOUS
10
-0.0746953937007874
20
-1.836767874015748
11
-0.0749022834645669
21
-1.8362272440944882
0
LINE
8
BLACK
6
CONTINUOUS
10
-0.0749022834645669
20
-1.8362272440944882
11
-0.0749098031496063
21
-1.8361214173228346
0
LINE
8
BLACK
6
CONTINUOUS
10
-0.0749098031496063
20
-1.8361214173228346
11
-0.0749503937007874
21
-1.8360234251968504
0
LINE
8
BLACK
6
CONTINUOUS
10
-0.0749503937007874
20
-1.8360234251968504
11
-0.075007125984252
21
-1.8354473622047243
0
LINE
8
BLACK
6
CONTINUOUS
10
-0.075007125984252
20
-1.8354473622047243
11
-0.075007125984252
21
-1.8260735433070865
0
LINE
8
BLACK
6
CONTINUOUS
10
-0.075007125984252
20
-1.8260735433070865
11
-0.0749784251968504
21
-1.8257819685039369
0
LINE
8
BLACK
6
CONTINUOUS
10
-0.0749784251968504
20
-1.8257819685039369
11
-0.074983937007874
21
-1.8257042519685038
0
LINE
8
BLACK
6
CONTINUOUS
10
-0.074983937007874
20
-1.8257042519685038
11
-0.0749607086614173
21
-1.8256019685039369
0
LINE
8
BLACK
6
CONTINUOUS
10
-0.0749607086614173
20
-1.8256019685039369
11
-0.0749503937007874
21
-1.8254974803149606
0
LINE
8
BLACK
6
CONTINUOUS
10
-0.0749503937007874
20
-1.8254974803149606
11
-0.0749205511811024
21
-1.8254253543307086
0
LINE
8
BLACK
6
CONTINUOUS
10
-0.0749205511811024
20
-1.8254253543307086
11
-0.0748555905511811
21
-1.8251398031496062
0
LINE
8
BLACK
6
CONTINUOUS
10
-0.0748555905511811
20
-1.8251398031496062
11
-0.0729808267716535
21
-1.8195155118110236
0
LINE
8
BLACK
6
CONTINUOUS
10
-0.0729808267716535
20
-1.8195155118110236
11
-0.072744842519685
21
-1.818986968503937
0
LINE
8
BLACK
6
CONTINUOUS
10
-0.072744842519685
20
-1.818986968503937
11
-0.0719899606299213
21
-1.8181166141732283
0
LINE
8
BLACK
6
CONTINUOUS
10
-0.0719899606299213
20
-1.8181166141732283
11
-0.0709595275590551
21
-1.8176013779527558
0
LINE
8
BLACK
6
CONTINUOUS
10
-0.0709595275590551
20
-1.8176013779527558
11
-0.0698103149606299
21
-1.81751968503937
0
LINE
8
BLACK
6
CONTINUOUS
10
-0.0698103149606299
20
-1.81751968503937
11
-0.0687173228346457
21
-1.8178840157480314
0
LINE
8
BLACK
6
CONTINUOUS
10
-0.0687173228346457
20
-1.8178840157480314
11
-0.0678469291338583
21
-1.8186388976377952
0
LINE
8
BLACK
6
CONTINUOUS
10
-0.0678469291338583
20
-1.8186388976377952
11
-0.0673317322834646
21
-1.8196693700787401
0
LINE
8
BLACK
6
CONTINUOUS
10
-0.0673317322834646
20
-1.8196693700787401
11
-0.0672500393700787
21
-1.8208185826771652
0
LINE
8
BLACK
6
CONTINUOUS
10
-0.0672500393700787
20
-1.8208185826771652
11
-0.0673783858267717
21
-1.8213830314960628
0
LINE
8
BLACK
6
CONTINUOUS
10
-0.0673783858267717
20
-1.8213830314960628
11
-0.0691016141732283
21
-1.8265526771653542
0
LINE
8
BLACK
6
CONTINUOUS
10
-0.0691016141732283
20
-1.8265526771653542
11
-0.0691016141732283
21
-1.8347503149606299
0
LINE
8
BLACK
6
CONTINUOUS
10
-0.0691016141732283
20
-1.8347503149606299
11
-0.067752874015748
21
-1.8374477952755905
0
LINE
8
BLACK
6
CONTINUOUS
10
-0.067752874015748
20
-1.8374477952755905
11
-0.0665557480314961
21
-1.8386449212598426
0
LINE
8
BLACK
6
CONTINUOUS
10
-0.0665557480314961
20
-1.8386449212598426
11
-0.0638582677165354
21
-1.8399936614173229
0
LINE
8
BLACK
6
CONTINUOUS
10
-0.0638582677165354
20
-1.8399936614173229
11
-0.0615028346456693
21
-1.8399936614173229
0
LINE
8
BLACK
6
CONTINUOUS
10
-0.0615028346456693
20
-1.8399936614173229
11
-0.0588053543307087
21
-1.8386449212598426
0
LINE
8
BLACK
6
CONTINUOUS
10
-0.0588053543307087
20
-1.8386449212598426
11
-0.0576082283464567
21
-1.8374477952755905
0
LINE
8
BLACK
6
CONTINUOUS
10
-0.0576082283464567
20
-1.8374477952755905
11
-0.0560927559055118
21
-1.8344168110236221
0
LINE
8
BLACK
6
CONTINUOUS
10
-0.0560927559055118
20
-1.8344168110236221
11
-0.0542965748031496
21
-1.8272321653543306
0
LINE
8
BLACK
6
CONTINUOUS
10
-0.0542965748031496
20
-1.8272321653543306
11
-0.0542814173228346
21
-1.8271896456692913
0
LINE
8
BLACK
6
CONTINUOUS
10
-0.0542814173228346
20
-1.8271896456692913
11
-0.0542798818897638
21
-1.8271684251968503
0
LINE
8
BLACK
6
CONTINUOUS
10
-0.0542798818897638
20
-1.8271684251968503
11
-0.0541882677165354
21
-1.8269289763779528
0
LINE
8
BLACK
6
CONTINUOUS
10
-0.0541882677165354
20
-1.8269289763779528
11
-0.054101811023622
21
-1.8266870472440944
0
LINE
8
BLACK
6
CONTINUOUS
10
-0.054101811023622
20
-1.8266870472440944
11
-0.0540891338582677
21
-1.8266698818897638
0
LINE
8
BLACK
6
CONTINUOUS
10
-0.0540891338582677
20
-1.8266698818897638
11
-0.0540729921259843
21
-1.8266277952755905
0
LINE
8
BLACK
6
CONTINUOUS
10
-0.0540729921259843
20
-1.8266277952755905
11
-0.0521982283464567
21
-1.8228782677165354
0
LINE
8
BLACK
6
CONTINUOUS
10
-0.0521982283464567
20
-1.8228782677165354
11
-0.0520421653543307
21
-1.8226302362204725
0
LINE
8
BLACK
6
CONTINUOUS
10
-0.0520421653543307
20
-1.8226302362204725
11
-0.0520123228346457
21
-1.822558307086614
0
LINE
8
BLACK
6
CONTINUOUS
10
-0.0520123228346457
20
-1.822558307086614
11
-0.0519458661417323
21
-1.8224773228346456
0
LINE
8
BLACK
6
CONTINUOUS
10
-0.0519458661417323
20
-1.8224773228346456
11
-0.0518898818897638
21
-1.8223883858267715
0
LINE
8
BLACK
6
CONTINUOUS
10
-0.0518898818897638
20
-1.8223883858267715
11
-0.051830905511811
21
-1.8223372047244093
0
LINE
8
BLACK
6
CONTINUOUS
10
-0.051830905511811
20
-1.8223372047244093
11
-0.0516451181102362
21
-1.8221108661417322
0
LINE
8
BLACK
6
CONTINUOUS
10
-0.0516451181102362
20
-1.8221108661417322
11
-0.0497703543307087
21
-1.8202361023622047
0
LINE
8
BLACK
6
CONTINUOUS
10
-0.0497703543307087
20
-1.8202361023622047
11
-0.0495440157480315
21
-1.82005031496063
0
LINE
8
BLACK
6
CONTINUOUS
10
-0.0495440157480315
20
-1.82005031496063
11
-0.0494928346456693
21
-1.8199913385826771
0
LINE
8
BLACK
6
CONTINUOUS
10
-0.0494928346456693
20
-1.8199913385826771
11
-0.0494038976377953
21
-1.8199353543307086
0
LINE
8
BLACK
6
CONTINUOUS
10
-0.0494038976377953
20
-1.8199353543307086
11
-0.0493229133858268
21
-1.8198688976377952
0
LINE
8
BLACK
6
CONTINUOUS
10
-0.0493229133858268
20
-1.8198688976377952
11
-0.0492509842519685
21
-1.8198390551181103
0
LINE
8
BLACK
6
CONTINUOUS
10
-0.0492509842519685
20
-1.8198390551181103
11
-0.0490029527559055
21
-1.8196829921259843
0
LINE
8
BLACK
6
CONTINUOUS
10
-0.0490029527559055
20
-1.8196829921259843
11
-0.0452534251968504
21
-1.8178082283464567
0
LINE
8
BLACK
6
CONTINUOUS
10
-0.0452534251968504
20
-1.8178082283464567
11
-0.0447128346456693
21
-1.817601338582677
0
LINE
8
BLACK
6
CONTINUOUS
10
-0.0447128346456693
20
-1.817601338582677
11
-0.044606968503937
21
-1.817593779527559
0
LINE
8
BLACK
6
CONTINUOUS
10
-0.044606968503937
20
-1.817593779527559
11
-0.0445089763779528
21
-1.8175532283464566
0
LINE
8
BLACK
6
CONTINUOUS
10
-0.0445089763779528
20
-1.8175532283464566
11
-0.0439329133858268
21
-1.817496496062992
0
LINE
8
BLACK
6
CONTINUOUS
10
-0.0439329133858268
20
-1.817496496062992
11
-0.0401833858267717
21
-1.817496496062992
0
LINE
8
BLACK
6
CONTINUOUS
10
-0.0401833858267717
20
-1.817496496062992
11
-0.0396073228346457
21
-1.8175532283464566
0
LINE
8
BLACK
6
CONTINUOUS
10
-0.250244094488189
20
-1.7860103149606299
11
-0.250201062992126
21
-1.786003937007874
0
LINE
8
BLACK
6
CONTINUOUS
10
-0.250201062992126
20
-1.786003937007874
11
-0.2499855905511811
21
-1.7860357874015749
0
LINE
8
BLACK
6
CONTINUOUS
10
-0.2499855905511811
20
-1.7860357874015749
11
-0.2497685433070866
21
-1.7860571653543307
0
LINE
8
BLACK
6
CONTINUOUS
10
-0.2497685433070866
20
-1.7860571653543307
11
-0.2497283464566929
21
-1.786073779527559
0
LINE
8
BLACK
6
CONTINUOUS
10
-0.2497283464566929
20
-1.786073779527559
11
-0.2496284645669291
21
-1.7860885826771653
0
LINE
8
BLACK
6
CONTINUOUS
10
-0.2496284645669291
20
-1.7860885826771653
11
-0.2421294094488189
21
-1.7879633464566929
0
LINE
8
BLACK
6
CONTINUOUS
10
-0.2421294094488189
20
-1.7879633464566929
11
-0.2420869291338583
21
-1.7879785039370077
0
LINE
8
BLACK
6
CONTINUOUS
10
-0.2420869291338583
20
-1.7879785039370077
11
-0.2420656692913386
21
-1.7879800393700787
0
LINE
8
BLACK
6
CONTINUOUS
10
-0.2420656692913386
20
-1.7879800393700787
11
-0.2418262598425197
21
-1.788071653543307
0
LINE
8
BLACK
6
CONTINUOUS
10
-0.2418262598425197
20
-1.788071653543307
11
-0.2415842913385827
21
-1.7881581102362205
0
LINE
8
BLACK
6
CONTINUOUS
10
-0.2415842913385827
20
-1.7881581102362205
11
-0.2415671653543307
21
-1.7881707874015749
0
LINE
8
BLACK
6
CONTINUOUS
10
-0.2415671653543307
20
-1.7881707874015749
11
-0.2415250393700787
21
-1.7881869291338581
0
LINE
8
BLACK
6
CONTINUOUS
10
-0.2415250393700787
20
-1.7881869291338581
11
-0.2377755118110236
21
-1.7900616929133857
0
LINE
8
BLACK
6
CONTINUOUS
10
-0.2377755118110236
20
-1.7900616929133857
11
-0.2375276377952756
21
-1.7902177165354329
0
LINE
8
BLACK
6
CONTINUOUS
10
-0.2375276377952756
20
-1.7902177165354329
11
-0.2374555905511811
21
-1.7902475590551181
0
LINE
8
BLACK
6
CONTINUOUS
10
-0.2374555905511811
20
-1.7902475590551181
11
-0.2373745669291339
21
-1.7903140551181103
0
LINE
8
BLACK
6
CONTINUOUS
10
-0.2373745669291339
20
-1.7903140551181103
11
-0.2372856299212598
21
-1.7903700393700788
0
LINE
8
BLACK
6
CONTINUOUS
10
-0.2372856299212598
20
-1.7903700393700788
11
-0.2372344881889764
21
-1.7904290157480314
0
LINE
8
BLACK
6
CONTINUOUS
10
-0.2372344881889764
20
-1.7904290157480314
11
-0.2370081102362205
21
-1.7906148031496063
0
LINE
8
BLACK
6
CONTINUOUS
10
-0.2370081102362205
20
-1.7906148031496063
11
-0.2332585433070866
21
-1.7943643307086614
0
LINE
8
BLACK
6
CONTINUOUS
10
-0.2332585433070866
20
-1.7943643307086614
11
-0.2328912992125984
21
-1.7948117716535432
0
LINE
8
BLACK
6
CONTINUOUS
10
-0.2328912992125984
20
-1.7948117716535432
11
-0.2328507086614173
21
-1.7949098031496062
0
LINE
8
BLACK
6
CONTINUOUS
10
-0.2328507086614173
20
-1.7949098031496062
11
-0.2327812204724409
21
-1.7949899212598426
0
LINE
8
BLACK
6
CONTINUOUS
10
-0.2327812204724409
20
-1.7949899212598426
11
-0.2325452362204724
21
-1.7955185039370078
0
LINE
8
BLACK
6
CONTINUOUS
10
-0.2325452362204724
20
-1.7955185039370078
11
-0.2306704724409449
21
-1.8011427559055118
0
LINE
8
BLACK
6
CONTINUOUS
10
-0.2306704724409449
20
-1.8011427559055118
11
-0.2306055511811023
21
-1.8014283858267717
0
LINE
8
BLACK
6
CONTINUOUS
10
-0.2306055511811023
20
-1.8014283858267717
11
-0.2305756692913386
21
-1.8015004724409449
0
LINE
8
BLACK
6
CONTINUOUS
10
-0.2305756692913386
20
-1.8015004724409449
11
-0.2305653937007874
21
-1.8016049212598424
0
LINE
8
BLACK
6
CONTINUOUS
10
-0.2305653937007874
20
-1.8016049212598424
11
-0.230542125984252
21
-1.8017072047244094
0
LINE
8
BLACK
6
CONTINUOUS
10
-0.230542125984252
20
-1.8017072047244094
11
-0.2305476771653543
21
-1.8017849212598425
0
LINE
8
BLACK
6
CONTINUOUS
10
-0.2305476771653543
20
-1.8017849212598425
11
-0.230518937007874
21
-1.8020765354330708
0
LINE
8
BLACK
6
CONTINUOUS
10
-0.230518937007874
20
-1.8020765354330708
11
-0.230518937007874
21
-1.8114503543307086
0
LINE
8
BLACK
6
CONTINUOUS
10
-0.230518937007874
20
-1.8114503543307086
11
-0.2305756692913386
21
-1.8120264173228346
0
LINE
8
BLACK
6
CONTINUOUS
10
-0.2305756692913386
20
-1.8120264173228346
11
-0.2310165748031496
21
-1.8130908267716535
0
LINE
8
BLACK
6
CONTINUOUS
10
-0.2310165748031496
20
-1.8130908267716535
11
-0.231831220472441
21
-1.8139054724409449
0
LINE
8
BLACK
6
CONTINUOUS
10
-0.231831220472441
20
-1.8139054724409449
11
-0.2328956299212598
21
-1.8143463779527558
0
LINE
8
BLACK
6
CONTINUOUS
10
-0.2328956299212598
20
-1.8143463779527558
11
-0.2334716929133858
21
-1.8144031102362204
0
LINE
8
BLACK
6
CONTINUOUS
10
-0.2334716929133858
20
-1.8144031102362204
11
-0.2728417716535433
21
-1.8144031102362204
0
LINE
8
BLACK
6
CONTINUOUS
10
-0.2728417716535433
20
-1.8144031102362204
11
-0.2734178346456693
21
-1.8143463779527558
0
LINE
8
BLACK
6
CONTINUOUS
10
-0.2734178346456693
20
-1.8143463779527558
11
-0.2744822440944882
21
-1.8139054724409449
0
LINE
8
BLACK
6
CONTINUOUS
10
-0.2744822440944882
20
-1.8139054724409449
11
-0.2752968897637795
21
-1.8130908267716535
0
LINE
8
BLACK
6
CONTINUOUS
10
-0.2752968897637795
20
-1.8130908267716535
11
-0.2757377952755906
21
-1.8120264173228346
0
LINE
8
BLACK
6
CONTINUOUS
10
-0.2757377952755906
20
-1.8120264173228346
11
-0.2757945275590551
21
-1.8114503543307086
0
LINE
8
BLACK
6
CONTINUOUS
10
-0.2757945275590551
20
-1.8114503543307086
11
-0.2757945275590551
21
-1.8020765354330708
0
LINE
8
BLACK
6
CONTINUOUS
10
-0.2757945275590551
20
-1.8020765354330708
11
-0.2757658267716535
21
-1.8017849606299212
0
LINE
8
BLACK
6
CONTINUOUS
10
-0.2757658267716535
20
-1.8017849606299212
11
-0.2757713385826772
21
-1.8017072440944881
0
LINE
8
BLACK
6
CONTINUOUS
10
-0.2757713385826772
20
-1.8017072440944881
11
-0.2757481102362205
21
-1.8016049606299211
0
LINE
8
BLACK
6
CONTINUOUS
10
-0.2757481102362205
20
-1.8016049606299211
11
-0.2757377952755906
21
-1.8015004724409449
0
LINE
8
BLACK
6
CONTINUOUS
10
-0.2757377952755906
20
-1.8015004724409449
11
-0.2757079527559055
21
-1.8014283464566929
0
LINE
8
BLACK
6
CONTINUOUS
10
-0.2757079527559055
20
-1.8014283464566929
11
-0.2756429921259843
21
-1.8011427952755905
0
LINE
8
BLACK
6
CONTINUOUS
10
-0.2756429921259843
20
-1.8011427952755905
11
-0.2737682283464567
21
-1.7955185039370078
0
LINE
8
BLACK
6
CONTINUOUS
10
-0.2737682283464567
20
-1.7955185039370078
11
-0.2735322440944882
21
-1.7949899606299211
0
LINE
8
BLACK
6
CONTINUOUS
10
-0.2735322440944882
20
-1.7949899606299211
11
-0.2734627559055118
21
-1.7949098031496062
0
LINE
8
BLACK
6
CONTINUOUS
10
-0.2734627559055118
20
-1.7949098031496062
11
-0.273422125984252
21
-1.7948117716535432
0
LINE
8
BLACK
6
CONTINUOUS
10
-0.273422125984252
20
-1.7948117716535432
11
-0.2730549212598425
21
-1.7943643307086614
0
LINE
8
BLACK
6
CONTINUOUS
10
-0.2730549212598425
20
-1.7943643307086614
11
-0.2693053937007874
21
-1.7906148031496063
0
LINE
8
BLACK
6
CONTINUOUS
10
-0.2693053937007874
20
-1.7906148031496063
11
-0.2690790157480315
21
-1.7904289370078739
0
LINE
8
BLACK
6
CONTINUOUS
10
-0.2690790157480315
20
-1.7904289370078739
11
-0.269027874015748
21
-1.7903700393700788
0
LINE
8
BLACK
6
CONTINUOUS
10
-0.269027874015748
20
-1.7903700393700788
11
-0.2689391338582677
21
-1.7903141338582678
0
LINE
8
BLACK
6
CONTINUOUS
10
-0.2689391338582677
20
-1.7903141338582678
11
-0.2688579527559055
21
-1.7902475590551181
0
LINE
8
BLACK
6
CONTINUOUS
10
-0.2688579527559055
20
-1.7902475590551181
11
-0.2687858267716535
21
-1.7902176771653542
0
LINE
8
BLACK
6
CONTINUOUS
10
-0.2687858267716535
20
-1.7902176771653542
11
-0.2685379921259842
21
-1.7900616929133857
0
LINE
8
BLACK
6
CONTINUOUS
10
-0.2685379921259842
20
-1.7900616929133857
11
-0.2647884645669291
21
-1.7881869291338581
0
LINE
8
BLACK
6
CONTINUOUS
10
-0.2647884645669291
20
-1.7881869291338581
11
-0.2647463779527559
21
-1.7881707874015749
0
LINE
8
BLACK
6
CONTINUOUS
10
-0.2647463779527559
20
-1.7881707874015749
11
-0.2647292125984252
21
-1.7881581102362205
0
LINE
8
BLACK
6
CONTINUOUS
10
-0.2647292125984252
20
-1.7881581102362205
11
-0.2644876377952756
21
-1.7880717716535433
0
LINE
8
BLACK
6
CONTINUOUS
10
-0.2644876377952756
20
-1.7880717716535433
11
-0.264247874015748
21
-1.7879800393700787
0
LINE
8
BLACK
6
CONTINUOUS
10
-0.264247874015748
20
-1.7879800393700787
11
-0.2642266141732283
21
-1.7879785039370077
0
LINE
8
BLACK
6
CONTINUOUS
10
-0.2642266141732283
20
-1.7879785039370077
11
-0.264184094488189
21
-1.7879633464566929
0
LINE
8
BLACK
6
CONTINUOUS
10
-0.264184094488189
20
-1.7879633464566929
11
-0.2566850393700787
21
-1.7860885826771653
0
LINE
8
BLACK
6
CONTINUOUS
10
-0.2566850393700787
20
-1.7860885826771653
11
-0.2565851968503937
21
-1.786073779527559
0
LINE
8
BLACK
6
CONTINUOUS
10
-0.2565851968503937
20
-1.786073779527559
11
-0.2565449606299213
21
-1.7860571653543307
0
LINE
8
BLACK
6
CONTINUOUS
10
-0.2565449606299213
20
-1.7860571653543307
11
-0.2563279527559055
21
-1.7860357874015749
0
LINE
8
BLACK
6
CONTINUOUS
10
-0.2563279527559055
20
-1.7860357874015749
11
-0.2561124409448819
21
-1.786003937007874
0
LINE
8
BLACK
6
CONTINUOUS
10
-0.2561124409448819
20
-1.786003937007874
11
-0.2560694488188976
21
-1.7860103149606299
0
LINE
8
BLACK
6
CONTINUOUS
10
-0.2560694488188976
20
-1.7860103149606299
11
-0.2559688976377953
21
-1.7860004330708661
0
LINE
8
BLACK
6
CONTINUOUS
10
-0.2559688976377953
20
-1.7860004330708661
11
-0.2503446062992126
21
-1.7860004330708661
0
LINE
8
BLACK
6
CONTINUOUS
10
-0.2503446062992126
20
-1.7860004330708661
11
-0.250244094488189
21
-1.7860103149606299
0
LINE
8
BLACK
6
CONTINUOUS
10
-0.2624374015748032
20
-1.7936139370078741
11
-0.2654683858267716
21
-1.7951294488188976
0
LINE
8
BLACK
6
CONTINUOUS
10
-0.2654683858267716
20
-1.7951294488188976
11
-0.2683862204724409
21
-1.7980472440944881
0
LINE
8
BLACK
6
CONTINUOUS
10
-0.2683862204724409
20
-1.7980472440944881
11
-0.2698890157480315
21
-1.8025556692913385
0
LINE
8
BLACK
6
CONTINUOUS
10
-0.2698890157480315
20
-1.8025556692913385
11
-0.2698890157480315
21
-1.8084975984251968
0
LINE
8
BLACK
6
CONTINUOUS
10
-0.2698890157480315
20
-1.8084975984251968
11
-0.2364244488188976
21
-1.8084975984251968
0
LINE
8
BLACK
6
CONTINUOUS
10
-0.2364244488188976
20
-1.8084975984251968
11
-0.2364244488188976
21
-1.8025556692913385
0
LINE
8
BLACK
6
CONTINUOUS
10
-0.2364244488188976
20
-1.8025556692913385
11
-0.2379272440944882
21
-1.7980472834645669
0
LINE
8
BLACK
6
CONTINUOUS
10
-0.2379272440944882
20
-1.7980472834645669
11
-0.2408451181102362
21
-1.7951294488188976
0
LINE
8
BLACK
6
CONTINUOUS
10
-0.2408451181102362
20
-1.7951294488188976
11
-0.2438761023622047
21
-1.7936139370078741
0
LINE
8
BLACK
6
CONTINUOUS
10
-0.2438761023622047
20
-1.7936139370078741
11
-0.2507081496062992
21
-1.7919059448818897
0
LINE
8
BLACK
6
CONTINUOUS
10
-0.2507081496062992
20
-1.7919059448818897
11
-0.2556053543307086
21
-1.7919059448818897
0
LINE
8
BLACK
6
CONTINUOUS
10
-0.2556053543307086
20
-1.7919059448818897
11
-0.2624374015748032
21
-1.7936139370078741
0
LINE
8
BLACK
6
CONTINUOUS
10
-0.3409827559055118
20
-1.778323779527559
11
-0.3409397244094488
21
-1.7783174015748031
0
LINE
8
BLACK
6
CONTINUOUS
10
-0.3409397244094488
20
-1.7783174015748031
11
-0.3407242519685039
21
-1.7783492519685038
0
LINE
8
BLACK
6
CONTINUOUS
10
-0.3407242519685039
20
-1.7783492519685038
11
-0.3405072047244094
21
-1.7783706299212598
0
LINE
8
BLACK
6
CONTINUOUS
10
-0.3405072047244094
20
-1.7783706299212598
11
-0.3404670078740157
21
-1.7783872440944881
0
LINE
8
BLACK
6
CONTINUOUS
10
-0.3404670078740157
20
-1.7783872440944881
11
-0.340367125984252
21
-1.7784020472440945
0
LINE
8
BLACK
6
CONTINUOUS
10
-0.340367125984252
20
-1.7784020472440945
11
-0.3328680708661417
21
-1.780276811023622
0
LINE
8
BLACK
6
CONTINUOUS
10
-0.3328680708661417
20
-1.780276811023622
11
-0.3323229527559055
21
-1.7804715748031497
0
LINE
8
BLACK
6
CONTINUOUS
10
-0.3323229527559055
20
-1.7804715748031497
11
-0.3321466141732283
21
-1.7806022440944882
0
LINE
8
BLACK
6
CONTINUOUS
10
-0.3321466141732283
20
-1.7806022440944882
11
-0.331943779527559
21
-1.7806862598425197
0
LINE
8
BLACK
6
CONTINUOUS
10
-0.331943779527559
20
-1.7806862598425197
11
-0.3314962992125984
21
-1.7810535039370079
0
LINE
8
BLACK
6
CONTINUOUS
10
-0.3314962992125984
20
-1.7810535039370079
11
-0.3277467322834646
21
-1.784803031496063
0
LINE
8
BLACK
6
CONTINUOUS
10
-0.3277467322834646
20
-1.784803031496063
11
-0.327560905511811
21
-1.7850294094488188
0
LINE
8
BLACK
6
CONTINUOUS
10
-0.327560905511811
20
-1.7850294094488188
11
-0.327501968503937
21
-1.7850805511811023
0
LINE
8
BLACK
6
CONTINUOUS
10
-0.327501968503937
20
-1.7850805511811023
11
-0.3274461023622047
21
-1.7851692913385826
0
LINE
8
BLACK
6
CONTINUOUS
10
-0.3274461023622047
20
-1.7851692913385826
11
-0.3273794881889764
21
-1.7852504724409448
0
LINE
8
BLACK
6
CONTINUOUS
10
-0.3273794881889764
20
-1.7852504724409448
11
-0.3273496456692913
21
-1.7853225984251968
0
LINE
8
BLACK
6
CONTINUOUS
10
-0.3273496456692913
20
-1.7853225984251968
11
-0.3271936220472441
21
-1.7855704330708662
0
LINE
8
BLACK
6
CONTINUOUS
10
-0.3271936220472441
20
-1.7855704330708662
11
-0.3253188582677165
21
-1.7893199606299213
0
LINE
8
BLACK
6
CONTINUOUS
10
-0.3253188582677165
20
-1.7893199606299213
11
-0.325111968503937
21
-1.7898605511811023
0
LINE
8
BLACK
6
CONTINUOUS
10
-0.325111968503937
20
-1.7898605511811023
11
-0.3251044488188976
21
-1.7899664173228347
0
LINE
8
BLACK
6
CONTINUOUS
10
-0.3251044488188976
20
-1.7899664173228347
11
-0.3250638582677166
21
-1.7900644094488189
0
LINE
8
BLACK
6
CONTINUOUS
10
-0.3250638582677166
20
-1.7900644094488189
11
-0.325007125984252
21
-1.7906404724409448
0
LINE
8
BLACK
6
CONTINUOUS
10
-0.325007125984252
20
-1.7906404724409448
11
-0.325007125984252
21
-1.798139527559055
0
LINE
8
BLACK
6
CONTINUOUS
10
-0.325007125984252
20
-1.798139527559055
11
-0.3250638582677166
21
-1.7987155905511811
0
LINE
8
BLACK
6
CONTINUOUS
10
-0.3250638582677166
20
-1.7987155905511811
11
-0.3251044488188976
21
-1.7988135433070866
0
LINE
8
BLACK
6
CONTINUOUS
10
-0.3251044488188976
20
-1.7988135433070866
11
-0.325111968503937
21
-1.7989194488188975
0
LINE
8
BLACK
6
CONTINUOUS
10
-0.325111968503937
20
-1.7989194488188975
11
-0.3253188582677165
21
-1.7994600393700786
0
LINE
8
BLACK
6
CONTINUOUS
10
-0.3253188582677165
20
-1.7994600393700786
11
-0.3271936220472441
21
-1.8032095669291339
0
LINE
8
BLACK
6
CONTINUOUS
10
-0.3271936220472441
20
-1.8032095669291339
11
-0.3273496456692913
21
-1.8034573622047243
0
LINE
8
BLACK
6
CONTINUOUS
10
-0.3273496456692913
20
-1.8034573622047243
11
-0.3273794881889764
21
-1.803529527559055
0
LINE
8
BLACK
6
CONTINUOUS
10
-0.3273794881889764
20
-1.803529527559055
11
-0.3274461023622047
21
-1.8036106692913385
0
LINE
8
BLACK
6
CONTINUOUS
10
-0.3274461023622047
20
-1.8036106692913385
11
-0.327501968503937
21
-1.8036994488188975
0
LINE
8
BLACK
6
CONTINUOUS
10
-0.327501968503937
20
-1.8036994488188975
11
-0.327560905511811
21
-1.8037505511811023
0
LINE
8
BLACK
6
CONTINUOUS
10
-0.327560905511811
20
-1.8037505511811023
11
-0.3277467322834646
21
-1.8039769685039371
0
LINE
8
BLACK
6
CONTINUOUS
10
-0.3277467322834646
20
-1.8039769685039371
11
-0.3314962992125984
21
-1.8077264960629922
0
LINE
8
BLACK
6
CONTINUOUS
10
-0.3314962992125984
20
-1.8077264960629922
11
-0.331943779527559
21
-1.8080937401574804
0
LINE
8
BLACK
6
CONTINUOUS
10
-0.331943779527559
20
-1.8080937401574804
11
-0.3321466141732283
21
-1.8081777165354331
0
LINE
8
BLACK
6
CONTINUOUS
10
-0.3321466141732283
20
-1.8081777165354331
11
-0.3323229527559055
21
-1.8083084251968504
0
LINE
8
BLACK
6
CONTINUOUS
10
-0.3323229527559055
20
-1.8083084251968504
11
-0.3328680708661417
21
-1.8085031889763779
0
LINE
8
BLACK
6
CONTINUOUS
10
-0.3328680708661417
20
-1.8085031889763779
11
-0.340367125984252
21
-1.8103779527559054
0
LINE
8
BLACK
6
CONTINUOUS
10
-0.340367125984252
20
-1.8103779527559054
11
-0.3404670078740157
21
-1.810392716535433
0
LINE
8
BLACK
6
CONTINUOUS
10
-0.3404670078740157
20
-1.810392716535433
11
-0.3405072047244094
21
-1.81040937007874
0
LINE
8
BLACK
6
CONTINUOUS
10
-0.3405072047244094
20
-1.81040937007874
11
-0.3407242519685039
21
-1.8104307086614173
0
LINE
8
BLACK
6
CONTINUOUS
10
-0.3407242519685039
20
-1.8104307086614173
11
-0.3409397244094488
21
-1.8104625984251967
0
LINE
8
BLACK
6
CONTINUOUS
10
-0.3409397244094488
20
-1.8104625984251967
11
-0.3409827559055118
21
-1.8104561811023621
0
LINE
8
BLACK
6
CONTINUOUS
10
-0.3409827559055118
20
-1.8104561811023621
11
-0.3410832677165354
21
-1.8104661023622046
0
LINE
8
BLACK
6
CONTINUOUS
10
-0.3410832677165354
20
-1.8104661023622046
11
-0.3542066141732284
21
-1.8104661023622046
0
LINE
8
BLACK
6
CONTINUOUS
10
-0.3542066141732284
20
-1.8104661023622046
11
-0.3543071653543307
21
-1.8104561811023621
0
LINE
8
BLACK
6
CONTINUOUS
10
-0.3543071653543307
20
-1.8104561811023621
11
-0.354350157480315
21
-1.8104625984251967
0
LINE
8
BLACK
6
CONTINUOUS
10
-0.354350157480315
20
-1.8104625984251967
11
-0.3545656692913386
21
-1.8104307086614173
0
LINE
8
BLACK
6
CONTINUOUS
10
-0.3545656692913386
20
-1.8104307086614173
11
-0.3547826771653543
21
-1.81040937007874
0
LINE
8
BLACK
6
CONTINUOUS
10
-0.3547826771653543
20
-1.81040937007874
11
-0.3548229133858268
21
-1.810392716535433
0
LINE
8
BLACK
6
CONTINUOUS
10
-0.3548229133858268
20
-1.810392716535433
11
-0.3549227559055118
21
-1.8103779527559054
0
LINE
8
BLACK
6
CONTINUOUS
10
-0.3549227559055118
20
-1.8103779527559054
11
-0.362421811023622
21
-1.8085031889763779
0
LINE
8
BLACK
6
CONTINUOUS
10
-0.362421811023622
20
-1.8085031889763779
11
-0.3629669291338583
21
-1.8083084251968504
0
LINE
8
BLACK
6
CONTINUOUS
10
-0.3629669291338583
20
-1.8083084251968504
11
-0.3631432677165354
21
-1.8081777559055117
0
LINE
8
BLACK
6
CONTINUOUS
10
-0.3631432677165354
20
-1.8081777559055117
11
-0.3633461417322835
21
-1.8080937401574804
0
LINE
8
BLACK
6
CONTINUOUS
10
-0.3633461417322835
20
-1.8080937401574804
11
-0.3637935826771653
21
-1.8077264960629922
0
LINE
8
BLACK
6
CONTINUOUS
10
-0.3637935826771653
20
-1.8077264960629922
11
-0.3675431102362204
21
-1.8039769685039371
0
LINE
8
BLACK
6
CONTINUOUS
10
-0.3675431102362204
20
-1.8039769685039371
11
-0.3677288976377953
21
-1.803750590551181
0
LINE
8
BLACK
6
CONTINUOUS
10
-0.3677288976377953
20
-1.803750590551181
11
-0.367787874015748
21
-1.8036994488188975
0
LINE
8
BLACK
6
CONTINUOUS
10
-0.367787874015748
20
-1.8036994488188975
11
-0.3678438582677165
21
-1.8036104724409447
0
LINE
8
BLACK
6
CONTINUOUS
10
-0.3678438582677165
20
-1.8036104724409447
11
-0.3679103149606299
21
-1.803529527559055
0
LINE
8
BLACK
6
CONTINUOUS
10
-0.3679103149606299
20
-1.803529527559055
11
-0.3679401574803149
21
-1.8034575590551181
0
LINE
8
BLACK
6
CONTINUOUS
10
-0.3679401574803149
20
-1.8034575590551181
11
-0.3680962204724409
21
-1.8032095669291339
0
LINE
8
BLACK
6
CONTINUOUS
10
-0.3680962204724409
20
-1.8032095669291339
11
-0.3699709842519685
21
-1.7994600393700786
0
LINE
8
BLACK
6
CONTINUOUS
10
-0.3699709842519685
20
-1.7994600393700786
11
-0.370177874015748
21
-1.7989194094488188
0
LINE
8
BLACK
6
CONTINUOUS
10
-0.370177874015748
20
-1.7989194094488188
11
-0.3701853937007874
21
-1.7988135826771654
0
LINE
8
BLACK
6
CONTINUOUS
10
-0.3701853937007874
20
-1.7988135826771654
11
-0.3702259842519685
21
-1.7987155905511811
0
LINE
8
BLACK
6
CONTINUOUS
10
-0.3702259842519685
20
-1.7987155905511811
11
-0.370282716535433
21
-1.798139527559055
0
LINE
8
BLACK
6
CONTINUOUS
10
-0.370282716535433
20
-1.798139527559055
11
-0.370282716535433
21
-1.7906404724409448
0
LINE
8
BLACK
6
CONTINUOUS
10
-0.370282716535433
20
-1.7906404724409448
11
-0.3702259842519685
21
-1.7900644094488189
0
LINE
8
BLACK
6
CONTINUOUS
10
-0.3702259842519685
20
-1.7900644094488189
11
-0.3701853937007874
21
-1.7899663779527559
0
LINE
8
BLACK
6
CONTINUOUS
10
-0.3701853937007874
20
-1.7899663779527559
11
-0.370177874015748
21
-1.7898605905511811
0
LINE
8
BLACK
6
CONTINUOUS
10
-0.370177874015748
20
-1.7898605905511811
11
-0.3699709842519685
21
-1.7893199606299213
0
LINE
8
BLACK
6
CONTINUOUS
10
-0.3699709842519685
20
-1.7893199606299213
11
-0.3680962204724409
21
-1.7855704330708662
0
LINE
8
BLACK
6
CONTINUOUS
10
-0.3680962204724409
20
-1.7855704330708662
11
-0.3679401574803149
21
-1.785322401574803
0
LINE
8
BLACK
6
CONTINUOUS
10
-0.3679401574803149
20
-1.785322401574803
11
-0.3679103149606299
21
-1.7852504724409448
0
LINE
8
BLACK
6
CONTINUOUS
10
-0.3679103149606299
20
-1.7852504724409448
11
-0.3678438582677165
21
-1.7851694881889764
0
LINE
8
BLACK
6
CONTINUOUS
10
-0.3678438582677165
20
-1.7851694881889764
11
-0.367787874015748
21
-1.7850805511811023
0
LINE
8
BLACK
6
CONTINUOUS
10
-0.367787874015748
20
-1.7850805511811023
11
-0.3677288976377953
21
-1.7850293700787401
0
LINE
8
BLACK
6
CONTINUOUS
10
-0.3677288976377953
20
-1.7850293700787401
11
-0.3675431102362204
21
-1.784803031496063
0
LINE
8
BLACK
6
CONTINUOUS
10
-0.3675431102362204
20
-1.784803031496063
11
-0.3637935826771653
21
-1.7810535039370079
0
LINE
8
BLACK
6
CONTINUOUS
10
-0.3637935826771653
20
-1.7810535039370079
11
-0.3633461417322835
21
-1.7806862598425197
0
LINE
8
BLACK
6
CONTINUOUS
10
-0.3633461417322835
20
-1.7806862598425197
11
-0.3631432677165354
21
-1.7806022047244094
0
LINE
8
BLACK
6
CONTINUOUS
10
-0.3631432677165354
20
-1.7806022047244094
11
-0.3629669291338583
21
-1.7804715748031497
0
LINE
8
BLACK
6
CONTINUOUS
10
-0.3629669291338583
20
-1.7804715748031497
11
-0.362421811023622
21
-1.780276811023622
0
LINE
8
BLACK
6
CONTINUOUS
10
-0.362421811023622
20
-1.780276811023622
11
-0.3549227559055118
21
-1.7784020472440945
0
LINE
8
BLACK
6
CONTINUOUS
10
-0.3549227559055118
20
-1.7784020472440945
11
-0.3548229133858268
21
-1.7783872440944881
0
LINE
8
BLACK
6
CONTINUOUS
10
-0.3548229133858268
20
-1.7783872440944881
11
-0.3547826771653543
21
-1.7783706299212598
0
LINE
8
BLACK
6
CONTINUOUS
10
-0.3547826771653543
20
-1.7783706299212598
11
-0.3545656692913386
21
-1.7783492519685038
0
LINE
8
BLACK
6
CONTINUOUS
10
-0.3545656692913386
20
-1.7783492519685038
11
-0.354350157480315
21
-1.7783174015748031
0
LINE
8
BLACK
6
CONTINUOUS
10
-0.354350157480315
20
-1.7783174015748031
11
-0.3543071653543307
21
-1.778323779527559
0
LINE
8
BLACK
6
CONTINUOUS
10
-0.3543071653543307
20
-1.778323779527559
11
-0.3542066141732284
21
-1.7783138976377952
0
LINE
8
BLACK
6
CONTINUOUS
10
-0.3542066141732284
20
-1.7783138976377952
11
-0.3410832677165354
21
-1.7783138976377952
0
LINE
8
BLACK
6
CONTINUOUS
10
-0.3410832677165354
20
-1.7783138976377952
11
-0.3409827559055118
21
-1.778323779527559
0
LINE
8
BLACK
6
CONTINUOUS
10
-0.3601961023622047
20
-1.7858076377952756
11
-0.3630284645669291
21
-1.7886400393700788
0
LINE
8
BLACK
6
CONTINUOUS
10
-0.3630284645669291
20
-1.7886400393700788
11
-0.3643772047244094
21
-1.7913375196850394
0
LINE
8
BLACK
6
CONTINUOUS
10
-0.3643772047244094
20
-1.7913375196850394
11
-0.3643772047244094
21
-1.7974424803149607
0
LINE
8
BLACK
6
CONTINUOUS
10
-0.3643772047244094
20
-1.7974424803149607
11
-0.3630284645669291
21
-1.8001399606299213
0
LINE
8
BLACK
6
CONTINUOUS
10
-0.3630284645669291
20
-1.8001399606299213
11
-0.3601961023622047
21
-1.8029723228346457
0
LINE
8
BLACK
6
CONTINUOUS
10
-0.3601961023622047
20
-1.8029723228346457
11
-0.3538430708661418
21
-1.804560590551181
0
LINE
8
BLACK
6
CONTINUOUS
10
-0.3538430708661418
20
-1.804560590551181
11
-0.3414468110236221
21
-1.804560590551181
0
LINE
8
BLACK
6
CONTINUOUS
10
-0.3414468110236221
20
-1.804560590551181
11
-0.3350938188976378
21
-1.8029723228346457
0
LINE
8
BLACK
6
CONTINUOUS
10
-0.3350938188976378
20
-1.8029723228346457
11
-0.3322613779527559
21
-1.8001399212598426
0
LINE
8
BLACK
6
CONTINUOUS
10
-0.3322613779527559
20
-1.8001399212598426
11
-0.3309126377952756
21
-1.7974424803149607
0
LINE
8
BLACK
6
CONTINUOUS
10
-0.3309126377952756
20
-1.7974424803149607
11
-0.3309126377952756
21
-1.7913375196850394
0
LINE
8
BLACK
6
CONTINUOUS
10
-0.3309126377952756
20
-1.7913375196850394
11
-0.3322613779527559
21
-1.7886400393700788
0
LINE
8
BLACK
6
CONTINUOUS
10
-0.3322613779527559
20
-1.7886400393700788
11
-0.3350938188976378
21
-1.7858076377952756
0
LINE
8
BLACK
6
CONTINUOUS
10
-0.3350938188976378
20
-1.7858076377952756
11
-0.3414468110236221
21
-1.7842194094488188
0
LINE
8
BLACK
6
CONTINUOUS
10
-0.3414468110236221
20
-1.7842194094488188
11
-0.3538430708661418
21
-1.7842194094488188
0
LINE
8
BLACK
6
CONTINUOUS
10
-0.3538430708661418
20
-1.7842194094488188
11
-0.3601961023622047
21
-1.7858076377952756
0
LINE
8
BLACK
6
CONTINUOUS
10
-0.1478818897637795
20
-1.7820733070866142
11
-0.1478388582677165
21
-1.7820669291338582
0
LINE
8
BLACK
6
CONTINUOUS
10
-0.1478388582677165
20
-1.7820669291338582
11
-0.1476233858267716
21
-1.7820987795275589
0
LINE
8
BLACK
6
CONTINUOUS
10
-0.1476233858267716
20
-1.7820987795275589
11
-0.1474063385826772
21
-1.7821201574803149
0
LINE
8
BLACK
6
CONTINUOUS
10
-0.1474063385826772
20
-1.7821201574803149
11
-0.1473661417322835
21
-1.7821367716535432
0
LINE
8
BLACK
6
CONTINUOUS
10
-0.1473661417322835
20
-1.7821367716535432
11
-0.1472662598425197
21
-1.7821515748031496
0
LINE
8
BLACK
6
CONTINUOUS
10
-0.1472662598425197
20
-1.7821515748031496
11
-0.1397672047244095
21
-1.7840263385826771
0
LINE
8
BLACK
6
CONTINUOUS
10
-0.1397672047244095
20
-1.7840263385826771
11
-0.1397247244094488
21
-1.784041496062992
0
LINE
8
BLACK
6
CONTINUOUS
10
-0.1397247244094488
20
-1.784041496062992
11
-0.1397034645669291
21
-1.7840430314960629
0
LINE
8
BLACK
6
CONTINUOUS
10
-0.1397034645669291
20
-1.7840430314960629
11
-0.1394640551181102
21
-1.7841346456692913
0
LINE
8
BLACK
6
CONTINUOUS
10
-0.1394640551181102
20
-1.7841346456692913
11
-0.1392220866141732
21
-1.7842211023622048
0
LINE
8
BLACK
6
CONTINUOUS
10
-0.1392220866141732
20
-1.7842211023622048
11
-0.1392049606299213
21
-1.7842337795275589
0
LINE
8
BLACK
6
CONTINUOUS
10
-0.1392049606299213
20
-1.7842337795275589
11
-0.1391628346456693
21
-1.7842499212598424
0
LINE
8
BLACK
6
CONTINUOUS
10
-0.1391628346456693
20
-1.7842499212598424
11
-0.1354133070866142
21
-1.7861246850393699
0
LINE
8
BLACK
6
CONTINUOUS
10
-0.1354133070866142
20
-1.7861246850393699
11
-0.1351654330708661
21
-1.7862807086614172
0
LINE
8
BLACK
6
CONTINUOUS
10
-0.1351654330708661
20
-1.7862807086614172
11
-0.1350933858267717
21
-1.7863105511811024
0
LINE
8
BLACK
6
CONTINUOUS
10
-0.1350933858267717
20
-1.7863105511811024
11
-0.1350123622047244
21
-1.7863770472440945
0
LINE
8
BLACK
6
CONTINUOUS
10
-0.1350123622047244
20
-1.7863770472440945
11
-0.1349234251968504
21
-1.786433031496063
0
LINE
8
BLACK
6
CONTINUOUS
10
-0.1349234251968504
20
-1.786433031496063
11
-0.1348722834645669
21
-1.7864920078740156
0
LINE
8
BLACK
6
CONTINUOUS
10
-0.1348722834645669
20
-1.7864920078740156
11
-0.134645905511811
21
-1.7866777952755906
0
LINE
8
BLACK
6
CONTINUOUS
10
-0.134645905511811
20
-1.7866777952755906
11
-0.1308963385826772
21
-1.7904273228346457
0
LINE
8
BLACK
6
CONTINUOUS
10
-0.1308963385826772
20
-1.7904273228346457
11
-0.130529094488189
21
-1.7908747637795275
0
LINE
8
BLACK
6
CONTINUOUS
10
-0.130529094488189
20
-1.7908747637795275
11
-0.1304885039370079
21
-1.7909727952755905
0
LINE
8
BLACK
6
CONTINUOUS
10
-0.1304885039370079
20
-1.7909727952755905
11
-0.1304190157480315
21
-1.7910529133858268
0
LINE
8
BLACK
6
CONTINUOUS
10
-0.1304190157480315
20
-1.7910529133858268
11
-0.130183031496063
21
-1.7915814960629921
0
LINE
8
BLACK
6
CONTINUOUS
10
-0.130183031496063
20
-1.7915814960629921
11
-0.1283082677165354
21
-1.797205748031496
0
LINE
8
BLACK
6
CONTINUOUS
10
-0.1283082677165354
20
-1.797205748031496
11
-0.1282433464566929
21
-1.7974913779527559
0
LINE
8
BLACK
6
CONTINUOUS
10
-0.1282433464566929
20
-1.7974913779527559
11
-0.1282134645669291
21
-1.7975634645669292
0
LINE
8
BLACK
6
CONTINUOUS
10
-0.1282134645669291
20
-1.7975634645669292
11
-0.1282031889763779
21
-1.7976679133858267
0
LINE
8
BLACK
6
CONTINUOUS
10
-0.1282031889763779
20
-1.7976679133858267
11
-0.1281799212598425
21
-1.7977701968503936
0
LINE
8
BLACK
6
CONTINUOUS
10
-0.1281799212598425
20
-1.7977701968503936
11
-0.1281854724409449
21
-1.7978479133858267
0
LINE
8
BLACK
6
CONTINUOUS
10
-0.1281854724409449
20
-1.7978479133858267
11
-0.1281567322834646
21
-1.798139527559055
0
LINE
8
BLACK
6
CONTINUOUS
10
-0.1281567322834646
20
-1.798139527559055
11
-0.1281567322834646
21
-1.8075133464566928
0
LINE
8
BLACK
6
CONTINUOUS
10
-0.1281567322834646
20
-1.8075133464566928
11
-0.1282134645669291
21
-1.8080894094488189
0
LINE
8
BLACK
6
CONTINUOUS
10
-0.1282134645669291
20
-1.8080894094488189
11
-0.1286543700787401
21
-1.8091538188976377
0
LINE
8
BLACK
6
CONTINUOUS
10
-0.1286543700787401
20
-1.8091538188976377
11
-0.1294690157480315
21
-1.8099684645669292
0
LINE
8
BLACK
6
CONTINUOUS
10
-0.1294690157480315
20
-1.8099684645669292
11
-0.1305334251968504
21
-1.81040937007874
0
LINE
8
BLACK
6
CONTINUOUS
10
-0.1305334251968504
20
-1.81040937007874
11
-0.1311094881889764
21
-1.8104661023622046
0
LINE
8
BLACK
6
CONTINUOUS
10
-0.1311094881889764
20
-1.8104661023622046
11
-0.1704795669291339
21
-1.8104661023622046
0
LINE
8
BLACK
6
CONTINUOUS
10
-0.1704795669291339
20
-1.8104661023622046
11
-0.1710556299212598
21
-1.81040937007874
0
LINE
8
BLACK
6
CONTINUOUS
10
-0.1710556299212598
20
-1.81040937007874
11
-0.1721200393700787
21
-1.8099684645669292
0
LINE
8
BLACK
6
CONTINUOUS
10
-0.1721200393700787
20
-1.8099684645669292
11
-0.1729346850393701
21
-1.8091538188976377
0
LINE
8
BLACK
6
CONTINUOUS
10
-0.1729346850393701
20
-1.8091538188976377
11
-0.1733755905511811
21
-1.8080894094488189
0
LINE
8
BLACK
6
CONTINUOUS
10
-0.1733755905511811
20
-1.8080894094488189
11
-0.1734323228346457
21
-1.8075133464566928
0
LINE
8
BLACK
6
CONTINUOUS
10
-0.1734323228346457
20
-1.8075133464566928
11
-0.1734323228346457
21
-1.798139527559055
0
LINE
8
BLACK
6
CONTINUOUS
10
-0.1734323228346457
20
-1.798139527559055
11
-0.1734036220472441
21
-1.7978479527559055
0
LINE
8
BLACK
6
CONTINUOUS
10
-0.1734036220472441
20
-1.7978479527559055
11
-0.1734091338582677
21
-1.7977702362204724
0
LINE
8
BLACK
6
CONTINUOUS
10
-0.1734091338582677
20
-1.7977702362204724
11
-0.173385905511811
21
-1.7976679527559054
0
LINE
8
BLACK
6
CONTINUOUS
10
-0.173385905511811
20
-1.7976679527559054
11
-0.1733755905511811
21
-1.7975634645669292
0
LINE
8
BLACK
6
CONTINUOUS
10
-0.1733755905511811
20
-1.7975634645669292
11
-0.173345748031496
21
-1.7974913385826772
0
LINE
8
BLACK
6
CONTINUOUS
10
-0.173345748031496
20
-1.7974913385826772
11
-0.1732807874015748
21
-1.7972057874015748
0
LINE
8
BLACK
6
CONTINUOUS
10
-0.1732807874015748
20
-1.7972057874015748
11
-0.1714060236220472
21
-1.7915814960629921
0
LINE
8
BLACK
6
CONTINUOUS
10
-0.1714060236220472
20
-1.7915814960629921
11
-0.1711700393700787
21
-1.7910529527559054
0
LINE
8
BLACK
6
CONTINUOUS
10
-0.1711700393700787
20
-1.7910529527559054
11
-0.1711005511811023
21
-1.7909727952755905
0
LINE
8
BLACK
6
CONTINUOUS
10
-0.1711005511811023
20
-1.7909727952755905
11
-0.1710599212598425
21
-1.7908747637795275
0
LINE
8
BLACK
6
CONTINUOUS
10
-0.1710599212598425
20
-1.7908747637795275
11
-0.1706927165354331
21
-1.7904273228346457
0
LINE
8
BLACK
6
CONTINUOUS
10
-0.1706927165354331
20
-1.7904273228346457
11
-0.1669431889763779
21
-1.7866777952755906
0
LINE
8
BLACK
6
CONTINUOUS
10
-0.1669431889763779
20
-1.7866777952755906
11
-0.166716811023622
21
-1.7864919291338581
0
LINE
8
BLACK
6
CONTINUOUS
10
-0.166716811023622
20
-1.7864919291338581
11
-0.1666656692913386
21
-1.786433031496063
0
LINE
8
BLACK
6
CONTINUOUS
10
-0.1666656692913386
20
-1.786433031496063
11
-0.1665769291338583
21
-1.786377125984252
0
LINE
8
BLACK
6
CONTINUOUS
10
-0.1665769291338583
20
-1.786377125984252
11
-0.1664957480314961
21
-1.7863105511811024
0
LINE
8
BLACK
6
CONTINUOUS
10
-0.1664957480314961
20
-1.7863105511811024
11
-0.1664236220472441
21
-1.7862806692913384
0
LINE
8
BLACK
6
CONTINUOUS
10
-0.1664236220472441
20
-1.7862806692913384
11
-0.1661757874015748
21
-1.7861246850393699
0
LINE
8
BLACK
6
CONTINUOUS
10
-0.1661757874015748
20
-1.7861246850393699
11
-0.1624262598425197
21
-1.7842499212598424
0
LINE
8
BLACK
6
CONTINUOUS
10
-0.1624262598425197
20
-1.7842499212598424
11
-0.1623841732283464
21
-1.7842337795275589
0
LINE
8
BLACK
6
CONTINUOUS
10
-0.1623841732283464
20
-1.7842337795275589
11
-0.1623670078740158
21
-1.7842211023622048
0
LINE
8
BLACK
6
CONTINUOUS
10
-0.1623670078740158
20
-1.7842211023622048
11
-0.1621254330708661
21
-1.7841347637795275
0
LINE
8
BLACK
6
CONTINUOUS
10
-0.1621254330708661
20
-1.7841347637795275
11
-0.1618856692913386
21
-1.7840430314960629
0
LINE
8
BLACK
6
CONTINUOUS
10
-0.1618856692913386
20
-1.7840430314960629
11
-0.1618644094488189
21
-1.784041496062992
0
LINE
8
BLACK
6
CONTINUOUS
10
-0.1618644094488189
20
-1.784041496062992
11
-0.1618218897637795
21
-1.7840263385826771
0
LINE
8
BLACK
6
CONTINUOUS
10
-0.1618218897637795
20
-1.7840263385826771
11
-0.1543228346456693
21
-1.7821515748031496
0
LINE
8
BLACK
6
CONTINUOUS
10
-0.1543228346456693
20
-1.7821515748031496
11
-0.1542229921259843
21
-1.7821367716535432
0
LINE
8
BLACK
6
CONTINUOUS
10
-0.1542229921259843
20
-1.7821367716535432
11
-0.1541827559055118
21
-1.7821201574803149
0
LINE
8
BLACK
6
CONTINUOUS
10
-0.1541827559055118
20
-1.7821201574803149
11
-0.1539657480314961
21
-1.7820987795275589
0
LINE
8
BLACK
6
CONTINUOUS
10
-0.1539657480314961
20
-1.7820987795275589
11
-0.1537502362204724
21
-1.7820669291338582
0
LINE
8
BLACK
6
CONTINUOUS
10
-0.1537502362204724
20
-1.7820669291338582
11
-0.1537072440944882
21
-1.7820733070866142
0
LINE
8
BLACK
6
CONTINUOUS
10
-0.1537072440944882
20
-1.7820733070866142
11
-0.1536066929133858
21
-1.7820634251968503
0
LINE
8
BLACK
6
CONTINUOUS
10
-0.1536066929133858
20
-1.7820634251968503
11
-0.1479824015748031
21
-1.7820634251968503
0
LINE
8
BLACK
6
CONTINUOUS
10
-0.1479824015748031
20
-1.7820634251968503
11
-0.1478818897637795
21
-1.7820733070866142
0
LINE
8
BLACK
6
CONTINUOUS
10
-0.1600751968503937
20
-1.7896769291338581
11
-0.1631061811023622
21
-1.7911924409448818
0
LINE
8
BLACK
6
CONTINUOUS
10
-0.1631061811023622
20
-1.7911924409448818
11
-0.1660240157480315
21
-1.7941102362204724
0
LINE
8
BLACK
6
CONTINUOUS
10
-0.1660240157480315
20
-1.7941102362204724
11
-0.167526811023622
21
-1.7986186614173227
0
LINE
8
BLACK
6
CONTINUOUS
10
-0.167526811023622
20
-1.7986186614173227
11
-0.167526811023622
21
-1.804560590551181
0
LINE
8
BLACK
6
CONTINUOUS
10
-0.167526811023622
20
-1.804560590551181
11
-0.1340622440944882
21
-1.804560590551181
0
LINE
8
BLACK
6
CONTINUOUS
10
-0.1340622440944882
20
-1.804560590551181
11
-0.1340622440944882
21
-1.7986186614173227
0
LINE
8
BLACK
6
CONTINUOUS
10
-0.1340622440944882
20
-1.7986186614173227
11
-0.1355650393700787
21
-1.7941102755905511
0
LINE
8
BLACK
6
CONTINUOUS
10
-0.1355650393700787
20
-1.7941102755905511
11
-0.1384829133858268
21
-1.7911924409448818
0
LINE
8
BLACK
6
CONTINUOUS
10
-0.1384829133858268
20
-1.7911924409448818
11
-0.1415138976377953
21
-1.7896769291338581
0
LINE
8
BLACK
6
CONTINUOUS
10
-0.1415138976377953
20
-1.7896769291338581
11
-0.1483459448818898
21
-1.787968937007874
0
LINE
8
BLACK
6
CONTINUOUS
10
-0.1483459448818898
20
-1.787968937007874
11
-0.1532431496062992
21
-1.787968937007874
0
LINE
8
BLACK
6
CONTINUOUS
10
-0.1532431496062992
20
-1.787968937007874
11
-0.1600751968503937
21
-1.7896769291338581
0
LINE
8
BLACK
6
CONTINUOUS
10
-0.0666644094488189
20
-1.7786240551181103
11
-0.0658497244094488
21
-1.7794387401574803
0
LINE
8
BLACK
6
CONTINUOUS
10
-0.0658497244094488
20
-1.7794387401574803
11
-0.0654088188976378
21
-1.7805031496062991
0
LINE
8
BLACK
6
CONTINUOUS
10
-0.0654088188976378
20
-1.7805031496062991
11
-0.0654088188976378
21
-1.7816552362204725
0
LINE
8
BLACK
6
CONTINUOUS
10
-0.0654088188976378
20
-1.7816552362204725
11
-0.0658497244094488
21
-1.7827196456692913
0
LINE
8
BLACK
6
CONTINUOUS
10
-0.0658497244094488
20
-1.7827196456692913
11
-0.0662169291338583
21
-1.7831670866141731
0
LINE
8
BLACK
6
CONTINUOUS
10
-0.0662169291338583
20
-1.7831670866141731
11
-0.0675988188976378
21
-1.784548937007874
0
LINE
8
BLACK
6
CONTINUOUS
10
-0.0675988188976378
20
-1.784548937007874
11
-0.0691016141732283
21
-1.7890573622047243
0
LINE
8
BLACK
6
CONTINUOUS
10
-0.0691016141732283
20
-1.7890573622047243
11
-0.0691016141732283
21
-1.7918485826771653
0
LINE
8
BLACK
6
CONTINUOUS
10
-0.0691016141732283
20
-1.7918485826771653
11
-0.0675988188976378
21
-1.7963570078740156
0
LINE
8
BLACK
6
CONTINUOUS
10
-0.0675988188976378
20
-1.7963570078740156
11
-0.0646809842519685
21
-1.7992748425196849
0
LINE
8
BLACK
6
CONTINUOUS
10
-0.0646809842519685
20
-1.7992748425196849
11
-0.06165
21
-1.8007903149606299
0
LINE
8
BLACK
6
CONTINUOUS
10
-0.06165
20
-1.8007903149606299
11
-0.0548179527559055
21
-1.8024983464566928
0
LINE
8
BLACK
6
CONTINUOUS
10
-0.0548179527559055
20
-1.8024983464566928
11
-0.0499207480314961
21
-1.8024983464566928
0
LINE
8
BLACK
6
CONTINUOUS
10
-0.0499207480314961
20
-1.8024983464566928
11
-0.0430887007874016
21
-1.8007903149606299
0
LINE
8
BLACK
6
CONTINUOUS
10
-0.0430887007874016
20
-1.8007903149606299
11
-0.0400577165354331
21
-1.7992748031496062
0
LINE
8
BLACK
6
CONTINUOUS
10
-0.0400577165354331
20
-1.7992748031496062
11
-0.037139842519685
21
-1.7963569685039369
0
LINE
8
BLACK
6
CONTINUOUS
10
-0.037139842519685
20
-1.7963569685039369
11
-0.0356370472440945
21
-1.791848622047244
0
LINE
8
BLACK
6
CONTINUOUS
10
-0.0356370472440945
20
-1.791848622047244
11
-0.0356370472440945
21
-1.7890573622047243
0
LINE
8
BLACK
6
CONTINUOUS
10
-0.0356370472440945
20
-1.7890573622047243
11
-0.037139842519685
21
-1.7845489763779527
0
LINE
8
BLACK
6
CONTINUOUS
10
-0.037139842519685
20
-1.7845489763779527
11
-0.0385217322834646
21
-1.7831671259842519
0
LINE
8
BLACK
6
CONTINUOUS
10
-0.0385217322834646
20
-1.7831671259842519
11
-0.0388889763779528
21
-1.7827196456692913
0
LINE
8
BLACK
6
CONTINUOUS
10
-0.0388889763779528
20
-1.7827196456692913
11
-0.0393298818897638
21
-1.7816552362204725
0
LINE
8
BLACK
6
CONTINUOUS
10
-0.0393298818897638
20
-1.7816552362204725
11
-0.0393298818897638
21
-1.7805031496062991
0
LINE
8
BLACK
6
CONTINUOUS
10
-0.0393298818897638
20
-1.7805031496062991
11
-0.0388890157480315
21
-1.7794387401574803
0
LINE
8
BLACK
6
CONTINUOUS
10
-0.0388890157480315
20
-1.7794387401574803
11
-0.0380743307086614
21
-1.7786240551181103
0
LINE
8
BLACK
6
CONTINUOUS
10
-0.0380743307086614
20
-1.7786240551181103
11
-0.0370099212598425
21
-1.7781831496062992
0
LINE
8
BLACK
6
CONTINUOUS
10
-0.0370099212598425
20
-1.7781831496062992
11
-0.0358578346456693
21
-1.7781831496062992
0
LINE
8
BLACK
6
CONTINUOUS
10
-0.0358578346456693
20
-1.7781831496062992
11
-0.0347934251968504
21
-1.7786240157480315
0
LINE
8
BLACK
6
CONTINUOUS
10
-0.0347934251968504
20
-1.7786240157480315
11
-0.0343459842519685
21
-1.778991220472441
0
LINE
8
BLACK
6
CONTINUOUS
10
-0.0343459842519685
20
-1.778991220472441
11
-0.0324711811023622
21
-1.7808659842519685
0
LINE
8
BLACK
6
CONTINUOUS
10
-0.0324711811023622
20
-1.7808659842519685
11
-0.032103937007874
21
-1.7813134645669291
0
LINE
8
BLACK
6
CONTINUOUS
10
-0.032103937007874
20
-1.7813134645669291
11
-0.0320633858267717
21
-1.7814114173228346
0
LINE
8
BLACK
6
CONTINUOUS
10
-0.0320633858267717
20
-1.7814114173228346
11
-0.0319938188976378
21
-1.7814916141732282
0
LINE
8
BLACK
6
CONTINUOUS
10
-0.0319938188976378
20
-1.7814916141732282
11
-0.0317578346456693
21
-1.7820201968503937
0
LINE
8
BLACK
6
CONTINUOUS
10
-0.0317578346456693
20
-1.7820201968503937
11
-0.0298830708661417
21
-1.7876444488188976
0
LINE
8
BLACK
6
CONTINUOUS
10
-0.0298830708661417
20
-1.7876444488188976
11
-0.0298181496062992
21
-1.7879300787401575
0
LINE
8
BLACK
6
CONTINUOUS
10
-0.0298181496062992
20
-1.7879300787401575
11
-0.0297882677165354
21
-1.7880021653543308
0
LINE
8
BLACK
6
CONTINUOUS
10
-0.0297882677165354
20
-1.7880021653543308
11
-0.0297779921259843
21
-1.7881066141732282
0
LINE
8
BLACK
6
CONTINUOUS
10
-0.0297779921259843
20
-1.7881066141732282
11
-0.0297547244094488
21
-1.7882088976377952
0
LINE
8
BLACK
6
CONTINUOUS
10
-0.0297547244094488
20
-1.7882088976377952
11
-0.0297602755905512
21
-1.7882866141732283
0
LINE
8
BLACK
6
CONTINUOUS
10
-0.0297602755905512
20
-1.7882866141732283
11
-0.0297315354330709
21
-1.7885782283464566
0
LINE
8
BLACK
6
CONTINUOUS
10
-0.0297315354330709
20
-1.7885782283464566
11
-0.0297315354330709
21
-1.7923277559055117
0
LINE
8
BLACK
6
CONTINUOUS
10
-0.0297315354330709
20
-1.7923277559055117
11
-0.0297602755905512
21
-1.7926193307086613
0
LINE
8
BLACK
6
CONTINUOUS
10
-0.0297602755905512
20
-1.7926193307086613
11
-0.0297547244094488
21
-1.7926970866141732
0
LINE
8
BLACK
6
CONTINUOUS
10
-0.0297547244094488
20
-1.7926970866141732
11
-0.0297779921259843
21
-1.7927993307086614
0
LINE
8
BLACK
6
CONTINUOUS
10
-0.0297779921259843
20
-1.7927993307086614
11
-0.0297882677165354
21
-1.7929038188976378
0
LINE
8
BLACK
6
CONTINUOUS
10
-0.0297882677165354
20
-1.7929038188976378
11
-0.0298181496062992
21
-1.7929758661417323
0
LINE
8
BLACK
6
CONTINUOUS
10
-0.0298181496062992
20
-1.7929758661417323
11
-0.0298830708661417
21
-1.7932615354330708
0
LINE
8
BLACK
6
CONTINUOUS
10
-0.0298830708661417
20
-1.7932615354330708
11
-0.0317578346456693
21
-1.7988857874015747
0
LINE
8
BLACK
6
CONTINUOUS
10
-0.0317578346456693
20
-1.7988857874015747
11
-0.0319938188976378
21
-1.7994143700787402
0
LINE
8
BLACK
6
CONTINUOUS
10
-0.0319938188976378
20
-1.7994143700787402
11
-0.0320633070866142
21
-1.7994944488188975
0
LINE
8
BLACK
6
CONTINUOUS
10
-0.0320633070866142
20
-1.7994944488188975
11
-0.0321038976377953
21
-1.7995925196850393
0
LINE
8
BLACK
6
CONTINUOUS
10
-0.0321038976377953
20
-1.7995925196850393
11
-0.0324711417322835
21
-1.8000399606299211
0
LINE
8
BLACK
6
CONTINUOUS
10
-0.0324711417322835
20
-1.8000399606299211
11
-0.0362207086614173
21
-1.8037894881889764
0
LINE
8
BLACK
6
CONTINUOUS
10
-0.0362207086614173
20
-1.8037894881889764
11
-0.0364470866141732
21
-1.8039752362204724
0
LINE
8
BLACK
6
CONTINUOUS
10
-0.0364470866141732
20
-1.8039752362204724
11
-0.0364982283464567
21
-1.804034251968504
0
LINE
8
BLACK
6
CONTINUOUS
10
-0.0364982283464567
20
-1.804034251968504
11
-0.0365871653543307
21
-1.8040901968503937
0
LINE
8
BLACK
6
CONTINUOUS
10
-0.0365871653543307
20
-1.8040901968503937
11
-0.036668188976378
21
-1.8041567322834646
0
LINE
8
BLACK
6
CONTINUOUS
10
-0.036668188976378
20
-1.8041567322834646
11
-0.0367402362204724
21
-1.8041865354330708
0
LINE
8
BLACK
6
CONTINUOUS
10
-0.0367402362204724
20
-1.8041865354330708
11
-0.0369881102362205
21
-1.8043425984251968
0
LINE
8
BLACK
6
CONTINUOUS
10
-0.0369881102362205
20
-1.8043425984251968
11
-0.0407376377952756
21
-1.8062173622047244
0
LINE
8
BLACK
6
CONTINUOUS
10
-0.0407376377952756
20
-1.8062173622047244
11
-0.0407797637795276
21
-1.8062334645669291
0
LINE
8
BLACK
6
CONTINUOUS
10
-0.0407797637795276
20
-1.8062334645669291
11
-0.0407968897637795
21
-1.8062461811023622
0
LINE
8
BLACK
6
CONTINUOUS
10
-0.0407968897637795
20
-1.8062461811023622
11
-0.0410388582677165
21
-1.8063325984251968
0
LINE
8
BLACK
6
CONTINUOUS
10
-0.0410388582677165
20
-1.8063325984251968
11
-0.0412782677165354
21
-1.8064242519685039
0
LINE
8
BLACK
6
CONTINUOUS
10
-0.0412782677165354
20
-1.8064242519685039
11
-0.0412995275590551
21
-1.806425748031496
0
LINE
8
BLACK
6
CONTINUOUS
10
-0.0412995275590551
20
-1.806425748031496
11
-0.0413420078740157
21
-1.8064409448818897
0
LINE
8
BLACK
6
CONTINUOUS
10
-0.0413420078740157
20
-1.8064409448818897
11
-0.048841062992126
21
-1.8083157086614172
0
LINE
8
BLACK
6
CONTINUOUS
10
-0.048841062992126
20
-1.8083157086614172
11
-0.0489409448818898
21
-1.8083304724409448
0
LINE
8
BLACK
6
CONTINUOUS
10
-0.0489409448818898
20
-1.8083304724409448
11
-0.0489811417322835
21
-1.8083471259842518
0
LINE
8
BLACK
6
CONTINUOUS
10
-0.0489811417322835
20
-1.8083471259842518
11
-0.049198188976378
21
-1.8083684645669291
0
LINE
8
BLACK
6
CONTINUOUS
10
-0.049198188976378
20
-1.8083684645669291
11
-0.0494136614173228
21
-1.8084003543307086
0
LINE
8
BLACK
6
CONTINUOUS
10
-0.0494136614173228
20
-1.8084003543307086
11
-0.0494566929133858
21
-1.8083939370078739
0
LINE
8
BLACK
6
CONTINUOUS
10
-0.0494566929133858
20
-1.8083939370078739
11
-0.0495572047244094
21
-1.8084038582677164
0
LINE
8
BLACK
6
CONTINUOUS
10
-0.0495572047244094
20
-1.8084038582677164
11
-0.0551814960629921
21
-1.8084038582677164
0
LINE
8
BLACK
6
CONTINUOUS
10
-0.0551814960629921
20
-1.8084038582677164
11
-0.0552820472440945
21
-1.8083939370078739
0
LINE
8
BLACK
6
CONTINUOUS
10
-0.0552820472440945
20
-1.8083939370078739
11
-0.0553250393700787
21
-1.8084003543307086
0
LINE
8
BLACK
6
CONTINUOUS
10
-0.0553250393700787
20
-1.8084003543307086
11
-0.0555405511811024
21
-1.8083684645669291
0
LINE
8
BLACK
6
CONTINUOUS
10
-0.0555405511811024
20
-1.8083684645669291
11
-0.0557575590551181
21
-1.8083471259842518
0
LINE
8
BLACK
6
CONTINUOUS
10
-0.0557575590551181
20
-1.8083471259842518
11
-0.0557977952755905
21
-1.8083304724409448
0
LINE
8
BLACK
6
CONTINUOUS
10
-0.0557977952755905
20
-1.8083304724409448
11
-0.0558976377952756
21
-1.8083157086614172
0
LINE
8
BLACK
6
CONTINUOUS
10
-0.0558976377952756
20
-1.8083157086614172
11
-0.0633966929133858
21
-1.8064409448818897
0
LINE
8
BLACK
6
CONTINUOUS
10
-0.0633966929133858
20
-1.8064409448818897
11
-0.0634392125984252
21
-1.806425748031496
0
LINE
8
BLACK
6
CONTINUOUS
10
-0.0634392125984252
20
-1.806425748031496
11
-0.0634604724409449
21
-1.8064242519685039
0
LINE
8
BLACK
6
CONTINUOUS
10
-0.0634604724409449
20
-1.8064242519685039
11
-0.0637002362204724
21
-1.8063324803149605
0
LINE
8
BLACK
6
CONTINUOUS
10
-0.0637002362204724
20
-1.8063324803149605
11
-0.063941811023622
21
-1.8062461811023622
0
LINE
8
BLACK
6
CONTINUOUS
10
-0.063941811023622
20
-1.8062461811023622
11
-0.0639589763779528
21
-1.8062334645669291
0
LINE
8
BLACK
6
CONTINUOUS
10
-0.0639589763779528
20
-1.8062334645669291
11
-0.064001062992126
21
-1.8062173622047244
0
LINE
8
BLACK
6
CONTINUOUS
10
-0.064001062992126
20
-1.8062173622047244
11
-0.0677505905511811
21
-1.8043425984251968
0
LINE
8
BLACK
6
CONTINUOUS
10
-0.0677505905511811
20
-1.8043425984251968
11
-0.0679984251968504
21
-1.8041865748031496
0
LINE
8
BLACK
6
CONTINUOUS
10
-0.0679984251968504
20
-1.8041865748031496
11
-0.0680705511811024
21
-1.8041567322834646
0
LINE
8
BLACK
6
CONTINUOUS
10
-0.0680705511811024
20
-1.8041567322834646
11
-0.0681517322834646
21
-1.8040901181102362
0
LINE
8
BLACK
6
CONTINUOUS
10
-0.0681517322834646
20
-1.8040901181102362
11
-0.0682404724409449
21
-1.804034251968504
0
LINE
8
BLACK
6
CONTINUOUS
10
-0.0682404724409449
20
-1.804034251968504
11
-0.0682916141732283
21
-1.8039753149606299
0
LINE
8
BLACK
6
CONTINUOUS
10
-0.0682916141732283
20
-1.8039753149606299
11
-0.0685179921259843
21
-1.8037894881889764
0
LINE
8
BLACK
6
CONTINUOUS
10
-0.0685179921259843
20
-1.8037894881889764
11
-0.0722675196850394
21
-1.8000399606299211
0
LINE
8
BLACK
6
CONTINUOUS
10
-0.0722675196850394
20
-1.8000399606299211
11
-0.0726347244094488
21
-1.7995925196850393
0
LINE
8
BLACK
6
CONTINUOUS
10
-0.0726347244094488
20
-1.7995925196850393
11
-0.0726753543307087
21
-1.7994944488188975
0
LINE
8
BLACK
6
CONTINUOUS
10
-0.0726753543307087
20
-1.7994944488188975
11
-0.072744842519685
21
-1.7994143307086614
0
LINE
8
BLACK
6
CONTINUOUS
10
-0.072744842519685
20
-1.7994143307086614
11
-0.0729808267716535
21
-1.7988857874015747
0
LINE
8
BLACK
6
CONTINUOUS
10
-0.0729808267716535
20
-1.7988857874015747
11
-0.0748555905511811
21
-1.793261496062992
0
LINE
8
BLACK
6
CONTINUOUS
10
-0.0748555905511811
20
-1.793261496062992
11
-0.0749205511811024
21
-1.7929759055118111
0
LINE
8
BLACK
6
CONTINUOUS
10
-0.0749205511811024
20
-1.7929759055118111
11
-0.0749503937007874
21
-1.7929038188976378
0
LINE
8
BLACK
6
CONTINUOUS
10
-0.0749503937007874
20
-1.7929038188976378
11
-0.0749607086614173
21
-1.7927992913385826
0
LINE
8
BLACK
6
CONTINUOUS
10
-0.0749607086614173
20
-1.7927992913385826
11
-0.074983937007874
21
-1.7926970472440944
0
LINE
8
BLACK
6
CONTINUOUS
10
-0.074983937007874
20
-1.7926970472440944
11
-0.0749784251968504
21
-1.7926192913385826
0
LINE
8
BLACK
6
CONTINUOUS
10
-0.0749784251968504
20
-1.7926192913385826
11
-0.075007125984252
21
-1.7923277559055117
0
LINE
8
BLACK
6
CONTINUOUS
10
-0.075007125984252
20
-1.7923277559055117
11
-0.075007125984252
21
-1.7885782283464566
0
LINE
8
BLACK
6
CONTINUOUS
10
-0.075007125984252
20
-1.7885782283464566
11
-0.0749784251968504
21
-1.7882866535433071
0
LINE
8
BLACK
6
CONTINUOUS
10
-0.0749784251968504
20
-1.7882866535433071
11
-0.074983937007874
21
-1.788208937007874
0
LINE
8
BLACK
6
CONTINUOUS
10
-0.074983937007874
20
-1.788208937007874
11
-0.0749607086614173
21
-1.788106653543307
0
LINE
8
BLACK
6
CONTINUOUS
10
-0.0749607086614173
20
-1.788106653543307
11
-0.0749503937007874
21
-1.7880021653543308
0
LINE
8
BLACK
6
CONTINUOUS
10
-0.0749503937007874
20
-1.7880021653543308
11
-0.0749205511811024
21
-1.7879300393700788
0
LINE
8
BLACK
6
CONTINUOUS
10
-0.0749205511811024
20
-1.7879300393700788
11
-0.0748555905511811
21
-1.7876444881889764
0
LINE
8
BLACK
6
CONTINUOUS
10
-0.0748555905511811
20
-1.7876444881889764
11
-0.0729808267716535
21
-1.7820201968503937
0
LINE
8
BLACK
6
CONTINUOUS
10
-0.0729808267716535
20
-1.7820201968503937
11
-0.072744842519685
21
-1.781491653543307
0
LINE
8
BLACK
6
CONTINUOUS
10
-0.072744842519685
20
-1.781491653543307
11
-0.0726753543307087
21
-1.7814114960629921
0
LINE
8
BLACK
6
CONTINUOUS
10
-0.0726753543307087
20
-1.7814114960629921
11
-0.0726347244094488
21
-1.7813134645669291
0
LINE
8
BLACK
6
CONTINUOUS
10
-0.0726347244094488
20
-1.7813134645669291
11
-0.0722675196850394
21
-1.7808660236220473
0
LINE
8
BLACK
6
CONTINUOUS
10
-0.0722675196850394
20
-1.7808660236220473
11
-0.0703927559055118
21
-1.7789912598425197
0
LINE
8
BLACK
6
CONTINUOUS
10
-0.0703927559055118
20
-1.7789912598425197
11
-0.0699453149606299
21
-1.7786240551181103
0
LINE
8
BLACK
6
CONTINUOUS
10
-0.0699453149606299
20
-1.7786240551181103
11
-0.068880905511811
21
-1.7781831496062992
0
LINE
8
BLACK
6
CONTINUOUS
10
-0.068880905511811
20
-1.7781831496062992
11
-0.0677288188976378
21
-1.7781831496062992
0
LINE
8
BLACK
6
CONTINUOUS
10
-0.0677288188976378
20
-1.7781831496062992
11
-0.0666644094488189
21
-1.7786240551181103
0
LINE
8
BLACK
6
CONTINUOUS
10
-0.2328956299212598
20
-1.7691842519685039
11
-0.231831220472441
21
-1.769625157480315
0
LINE
8
BLACK
6
CONTINUOUS
10
-0.231831220472441
20
-1.769625157480315
11
-0.2310165748031496
21
-1.7704398031496063
0
LINE
8
BLACK
6
CONTINUOUS
10
-0.2310165748031496
20
-1.7704398031496063
11
-0.2305756692913386
21
-1.7715042125984251
0
LINE
8
BLACK
6
CONTINUOUS
10
-0.2305756692913386
20
-1.7715042125984251
11
-0.2305756692913386
21
-1.772656338582677
0
LINE
8
BLACK
6
CONTINUOUS
10
-0.2305756692913386
20
-1.772656338582677
11
-0.2310165748031496
21
-1.773720748031496
0
LINE
8
BLACK
6
CONTINUOUS
10
-0.2310165748031496
20
-1.773720748031496
11
-0.231831220472441
21
-1.7745353937007873
0
LINE
8
BLACK
6
CONTINUOUS
10
-0.231831220472441
20
-1.7745353937007873
11
-0.2328956299212598
21
-1.7749762992125984
0
LINE
8
BLACK
6
CONTINUOUS
10
-0.2328956299212598
20
-1.7749762992125984
11
-0.2334716929133858
21
-1.775033031496063
0
LINE
8
BLACK
6
CONTINUOUS
10
-0.2334716929133858
20
-1.775033031496063
11
-0.2728417716535433
21
-1.775033031496063
0
LINE
8
BLACK
6
CONTINUOUS
10
-0.2728417716535433
20
-1.775033031496063
11
-0.2734178346456693
21
-1.7749762992125984
0
LINE
8
BLACK
6
CONTINUOUS
10
-0.2734178346456693
20
-1.7749762992125984
11
-0.2744822440944882
21
-1.7745353937007873
0
LINE
8
BLACK
6
CONTINUOUS
10
-0.2744822440944882
20
-1.7745353937007873
11
-0.2752968897637795
21
-1.773720748031496
0
LINE
8
BLACK
6
CONTINUOUS
10
-0.2752968897637795
20
-1.773720748031496
11
-0.2757377952755906
21
-1.772656338582677
0
LINE
8
BLACK
6
CONTINUOUS
10
-0.2757377952755906
20
-1.772656338582677
11
-0.2757377952755906
21
-1.7715042125984251
0
LINE
8
BLACK
6
CONTINUOUS
10
-0.2757377952755906
20
-1.7715042125984251
11
-0.2752968897637795
21
-1.7704398031496063
0
LINE
8
BLACK
6
CONTINUOUS
10
-0.2752968897637795
20
-1.7704398031496063
11
-0.2744822440944882
21
-1.769625157480315
0
LINE
8
BLACK
6
CONTINUOUS
10
-0.2744822440944882
20
-1.769625157480315
11
-0.2734178346456693
21
-1.7691842519685039
0
LINE
8
BLACK
6
CONTINUOUS
10
-0.2734178346456693
20
-1.7691842519685039
11
-0.2728417716535433
21
-1.7691275196850393
0
LINE
8
BLACK
6
CONTINUOUS
10
-0.2728417716535433
20
-1.7691275196850393
11
-0.2334716929133858
21
-1.7691275196850393
0
LINE
8
BLACK
6
CONTINUOUS
10
-0.2334716929133858
20
-1.7691275196850393
11
-0.2328956299212598
21
-1.7691842519685039
0
LINE
8
BLACK
6
CONTINUOUS
10
-0.1441323622047244
20
-1.7408284645669292
11
-0.1440893307086614
21
-1.7408220866141733
0
LINE
8
BLACK
6
CONTINUOUS
10
-0.1440893307086614
20
-1.7408220866141733
11
-0.1438738582677165
21
-1.7408539370078739
0
LINE
8
BLACK
6
CONTINUOUS
10
-0.1438738582677165
20
-1.7408539370078739
11
-0.143656811023622
21
-1.74087531496063
0
LINE
8
BLACK
6
CONTINUOUS
10
-0.143656811023622
20
-1.74087531496063
11
-0.1436166141732284
21
-1.7408919291338583
0
LINE
8
BLACK
6
CONTINUOUS
10
-0.1436166141732284
20
-1.7408919291338583
11
-0.1435167322834646
21
-1.7409067322834646
0
LINE
8
BLACK
6
CONTINUOUS
10
-0.1435167322834646
20
-1.7409067322834646
11
-0.1360176771653543
21
-1.7427814960629922
0
LINE
8
BLACK
6
CONTINUOUS
10
-0.1360176771653543
20
-1.7427814960629922
11
-0.1354725590551181
21
-1.7429762598425196
0
LINE
8
BLACK
6
CONTINUOUS
10
-0.1354725590551181
20
-1.7429762598425196
11
-0.1352962204724409
21
-1.7431069291338581
0
LINE
8
BLACK
6
CONTINUOUS
10
-0.1352962204724409
20
-1.7431069291338581
11
-0.1350933858267717
21
-1.7431909448818896
0
LINE
8
BLACK
6
CONTINUOUS
10
-0.1350933858267717
20
-1.7431909448818896
11
-0.134645905511811
21
-1.7435581889763778
0
LINE
8
BLACK
6
CONTINUOUS
10
-0.134645905511811
20
-1.7435581889763778
11
-0.1308963385826772
21
-1.7473077165354329
0
LINE
8
BLACK
6
CONTINUOUS
10
-0.1308963385826772
20
-1.7473077165354329
11
-0.1307105118110236
21
-1.747534094488189
0
LINE
8
BLACK
6
CONTINUOUS
10
-0.1307105118110236
20
-1.747534094488189
11
-0.1306515748031496
21
-1.7475852362204725
0
LINE
8
BLACK
6
CONTINUOUS
10
-0.1306515748031496
20
-1.7475852362204725
11
-0.1305957086614173
21
-1.7476739763779527
0
LINE
8
BLACK
6
CONTINUOUS
10
-0.1305957086614173
20
-1.7476739763779527
11
-0.130529094488189
21
-1.747755157480315
0
LINE
8
BLACK
6
CONTINUOUS
10
-0.130529094488189
20
-1.747755157480315
11
-0.1304992519685039
21
-1.7478272834645669
0
LINE
8
BLACK
6
CONTINUOUS
10
-0.1304992519685039
20
-1.7478272834645669
11
-0.1303432283464567
21
-1.7480751181102361
0
LINE
8
BLACK
6
CONTINUOUS
10
-0.1303432283464567
20
-1.7480751181102361
11
-0.1284684645669291
21
-1.7518246456692912
0
LINE
8
BLACK
6
CONTINUOUS
10
-0.1284684645669291
20
-1.7518246456692912
11
-0.1282615748031496
21
-1.7523652362204725
0
LINE
8
BLACK
6
CONTINUOUS
10
-0.1282615748031496
20
-1.7523652362204725
11
-0.1282540551181102
21
-1.7524711023622046
0
LINE
8
BLACK
6
CONTINUOUS
10
-0.1282540551181102
20
-1.7524711023622046
11
-0.1282134645669291
21
-1.7525690944881889
0
LINE
8
BLACK
6
CONTINUOUS
10
-0.1282134645669291
20
-1.7525690944881889
11
-0.1281567322834646
21
-1.753145157480315
0
LINE
8
BLACK
6
CONTINUOUS
10
-0.1281567322834646
20
-1.753145157480315
11
-0.1281567322834646
21
-1.7606442125984252
0
LINE
8
BLACK
6
CONTINUOUS
10
-0.1281567322834646
20
-1.7606442125984252
11
-0.1282134645669291
21
-1.7612202755905511
0
LINE
8
BLACK
6
CONTINUOUS
10
-0.1282134645669291
20
-1.7612202755905511
11
-0.1282540551181102
21
-1.7613182283464566
0
LINE
8
BLACK
6
CONTINUOUS
10
-0.1282540551181102
20
-1.7613182283464566
11
-0.1282615748031496
21
-1.7614241338582677
0
LINE
8
BLACK
6
CONTINUOUS
10
-0.1282615748031496
20
-1.7614241338582677
11
-0.1284684645669291
21
-1.7619647244094487
0
LINE
8
BLACK
6
CONTINUOUS
10
-0.1284684645669291
20
-1.7619647244094487
11
-0.1303432283464567
21
-1.7657142519685038
0
LINE
8
BLACK
6
CONTINUOUS
10
-0.1303432283464567
20
-1.7657142519685038
11
-0.1304992519685039
21
-1.7659620472440944
0
LINE
8
BLACK
6
CONTINUOUS
10
-0.1304992519685039
20
-1.7659620472440944
11
-0.130529094488189
21
-1.7660342125984252
0
LINE
8
BLACK
6
CONTINUOUS
10
-0.130529094488189
20
-1.7660342125984252
11
-0.1305957086614173
21
-1.7661153543307087
0
LINE
8
BLACK
6
CONTINUOUS
10
-0.1305957086614173
20
-1.7661153543307087
11
-0.1306515748031496
21
-1.7662041338582677
0
LINE
8
BLACK
6
CONTINUOUS
10
-0.1306515748031496
20
-1.7662041338582677
11
-0.1307105118110236
21
-1.7662552362204724
0
LINE
8
BLACK
6
CONTINUOUS
10
-0.1307105118110236
20
-1.7662552362204724
11
-0.1308963385826772
21
-1.766481653543307
0
LINE
8
BLACK
6
CONTINUOUS
10
-0.1308963385826772
20
-1.766481653543307
11
-0.134645905511811
21
-1.7702311811023621
0
LINE
8
BLACK
6
CONTINUOUS
10
-0.134645905511811
20
-1.7702311811023621
11
-0.1350933858267717
21
-1.7705984251968503
0
LINE
8
BLACK
6
CONTINUOUS
10
-0.1350933858267717
20
-1.7705984251968503
11
-0.1352962204724409
21
-1.7706824015748031
0
LINE
8
BLACK
6
CONTINUOUS
10
-0.1352962204724409
20
-1.7706824015748031
11
-0.1354725590551181
21
-1.7708131102362203
0
LINE
8
BLACK
6
CONTINUOUS
10
-0.1354725590551181
20
-1.7708131102362203
11
-0.1360176771653543
21
-1.771007874015748
0
LINE
8
BLACK
6
CONTINUOUS
10
-0.1360176771653543
20
-1.771007874015748
11
-0.1435167322834646
21
-1.7728826377952756
0
LINE
8
BLACK
6
CONTINUOUS
10
-0.1435167322834646
20
-1.7728826377952756
11
-0.1436166141732284
21
-1.7728974015748031
0
LINE
8
BLACK
6
CONTINUOUS
10
-0.1436166141732284
20
-1.7728974015748031
11
-0.143656811023622
21
-1.7729140551181102
0
LINE
8
BLACK
6
CONTINUOUS
10
-0.143656811023622
20
-1.7729140551181102
11
-0.1438738582677165
21
-1.7729353937007875
0
LINE
8
BLACK
6
CONTINUOUS
10
-0.1438738582677165
20
-1.7729353937007875
11
-0.1440893307086614
21
-1.7729672834645669
0
LINE
8
BLACK
6
CONTINUOUS
10
-0.1440893307086614
20
-1.7729672834645669
11
-0.1441323622047244
21
-1.7729608661417322
0
LINE
8
BLACK
6
CONTINUOUS
10
-0.1441323622047244
20
-1.7729608661417322
11
-0.144232874015748
21
-1.7729707874015748
0
LINE
8
BLACK
6
CONTINUOUS
10
-0.144232874015748
20
-1.7729707874015748
11
-0.1573562204724409
21
-1.7729707874015748
0
LINE
8
BLACK
6
CONTINUOUS
10
-0.1573562204724409
20
-1.7729707874015748
11
-0.1574567716535433
21
-1.7729608661417322
0
LINE
8
BLACK
6
CONTINUOUS
10
-0.1574567716535433
20
-1.7729608661417322
11
-0.1574997637795276
21
-1.7729672834645669
0
LINE
8
BLACK
6
CONTINUOUS
10
-0.1574997637795276
20
-1.7729672834645669
11
-0.1577152755905512
21
-1.7729353937007875
0
LINE
8
BLACK
6
CONTINUOUS
10
-0.1577152755905512
20
-1.7729353937007875
11
-0.1579322834645669
21
-1.7729140551181102
0
LINE
8
BLACK
6
CONTINUOUS
10
-0.1579322834645669
20
-1.7729140551181102
11
-0.1579725196850394
21
-1.7728974015748031
0
LINE
8
BLACK
6
CONTINUOUS
10
-0.1579725196850394
20
-1.7728974015748031
11
-0.1580723622047244
21
-1.7728826377952756
0
LINE
8
BLACK
6
CONTINUOUS
10
-0.1580723622047244
20
-1.7728826377952756
11
-0.1655714173228346
21
-1.771007874015748
0
LINE
8
BLACK
6
CONTINUOUS
10
-0.1655714173228346
20
-1.771007874015748
11
-0.1661165354330709
21
-1.7708131102362203
0
LINE
8
BLACK
6
CONTINUOUS
10
-0.1661165354330709
20
-1.7708131102362203
11
-0.166292874015748
21
-1.7706824409448818
0
LINE
8
BLACK
6
CONTINUOUS
10
-0.166292874015748
20
-1.7706824409448818
11
-0.1664957480314961
21
-1.7705984251968503
0
LINE
8
BLACK
6
CONTINUOUS
10
-0.1664957480314961
20
-1.7705984251968503
11
-0.1669431889763779
21
-1.7702311811023621
0
LINE
8
BLACK
6
CONTINUOUS
10
-0.1669431889763779
20
-1.7702311811023621
11
-0.1706927165354331
21
-1.766481653543307
0
LINE
8
BLACK
6
CONTINUOUS
10
-0.1706927165354331
20
-1.766481653543307
11
-0.1708785039370079
21
-1.7662552755905512
0
LINE
8
BLACK
6
CONTINUOUS
10
-0.1708785039370079
20
-1.7662552755905512
11
-0.1709374803149606
21
-1.7662041338582677
0
LINE
8
BLACK
6
CONTINUOUS
10
-0.1709374803149606
20
-1.7662041338582677
11
-0.1709934645669291
21
-1.7661151574803149
0
LINE
8
BLACK
6
CONTINUOUS
10
-0.1709934645669291
20
-1.7661151574803149
11
-0.1710599212598425
21
-1.7660342125984252
0
LINE
8
BLACK
6
CONTINUOUS
10
-0.1710599212598425
20
-1.7660342125984252
11
-0.1710897637795276
21
-1.7659622440944882
0
LINE
8
BLACK
6
CONTINUOUS
10
-0.1710897637795276
20
-1.7659622440944882
11
-0.1712458267716535
21
-1.7657142519685038
0
LINE
8
BLACK
6
CONTINUOUS
10
-0.1712458267716535
20
-1.7657142519685038
11
-0.1731205905511811
21
-1.7619647244094487
0
LINE
8
BLACK
6
CONTINUOUS
10
-0.1731205905511811
20
-1.7619647244094487
11
-0.1733274803149606
21
-1.7614240944881889
0
LINE
8
BLACK
6
CONTINUOUS
10
-0.1733274803149606
20
-1.7614240944881889
11
-0.173335
21
-1.7613182677165353
0
LINE
8
BLACK
6
CONTINUOUS
10
-0.173335
20
-1.7613182677165353
11
-0.1733755905511811
21
-1.7612202755905511
0
LINE
8
BLACK
6
CONTINUOUS
10
-0.1733755905511811
20
-1.7612202755905511
11
-0.1734323228346457
21
-1.7606442125984252
0
LINE
8
BLACK
6
CONTINUOUS
10
-0.1734323228346457
20
-1.7606442125984252
11
-0.1734323228346457
21
-1.753145157480315
0
LINE
8
BLACK
6
CONTINUOUS
10
-0.1734323228346457
20
-1.753145157480315
11
-0.1733755905511811
21
-1.7525690944881889
0
LINE
8
BLACK
6
CONTINUOUS
10
-0.1733755905511811
20
-1.7525690944881889
11
-0.173335
21
-1.7524710629921258
0
LINE
8
BLACK
6
CONTINUOUS
10
-0.173335
20
-1.7524710629921258
11
-0.1733274803149606
21
-1.7523652755905512
0
LINE
8
BLACK
6
CONTINUOUS
10
-0.1733274803149606
20
-1.7523652755905512
11
-0.1731205905511811
21
-1.7518246456692912
0
LINE
8
BLACK
6
CONTINUOUS
10
-0.1731205905511811
20
-1.7518246456692912
11
-0.1712458267716535
21
-1.7480751181102361
0
LINE
8
BLACK
6
CONTINUOUS
10
-0.1712458267716535
20
-1.7480751181102361
11
-0.1710897637795276
21
-1.7478270866141732
0
LINE
8
BLACK
6
CONTINUOUS
10
-0.1710897637795276
20
-1.7478270866141732
11
-0.1710599212598425
21
-1.747755157480315
0
LINE
8
BLACK
6
CONTINUOUS
10
-0.1710599212598425
20
-1.747755157480315
11
-0.1709934645669291
21
-1.7476741732283465
0
LINE
8
BLACK
6
CONTINUOUS
10
-0.1709934645669291
20
-1.7476741732283465
11
-0.1709374803149606
21
-1.7475852362204725
0
LINE
8
BLACK
6
CONTINUOUS
10
-0.1709374803149606
20
-1.7475852362204725
11
-0.1708785039370079
21
-1.7475340551181102
0
LINE
8
BLACK
6
CONTINUOUS
10
-0.1708785039370079
20
-1.7475340551181102
11
-0.1706927165354331
21
-1.7473077165354329
0
LINE
8
BLACK
6
CONTINUOUS
10
-0.1706927165354331
20
-1.7473077165354329
11
-0.1669431889763779
21
-1.7435581889763778
0
LINE
8
BLACK
6
CONTINUOUS
10
-0.1669431889763779
20
-1.7435581889763778
11
-0.1664957480314961
21
-1.7431909448818896
0
LINE
8
BLACK
6
CONTINUOUS
10
-0.1664957480314961
20
-1.7431909448818896
11
-0.166292874015748
21
-1.7431068897637796
0
LINE
8
BLACK
6
CONTINUOUS
10
-0.166292874015748
20
-1.7431068897637796
11
-0.1661165354330709
21
-1.7429762598425196
0
LINE
8
BLACK
6
CONTINUOUS
10
-0.1661165354330709
20
-1.7429762598425196
11
-0.1655714173228346
21
-1.7427814960629922
0
LINE
8
BLACK
6
CONTINUOUS
10
-0.1655714173228346
20
-1.7427814960629922
11
-0.1580723622047244
21
-1.7409067322834646
0
LINE
8
BLACK
6
CONTINUOUS
10
-0.1580723622047244
20
-1.7409067322834646
11
-0.1579725196850394
21
-1.7408919291338583
0
LINE
8
BLACK
6
CONTINUOUS
10
-0.1579725196850394
20
-1.7408919291338583
11
-0.1579322834645669
21
-1.74087531496063
0
LINE
8
BLACK
6
CONTINUOUS
10
-0.1579322834645669
20
-1.74087531496063
11
-0.1577152755905512
21
-1.7408539370078739
0
LINE
8
BLACK
6
CONTINUOUS
10
-0.1577152755905512
20
-1.7408539370078739
11
-0.1574997637795276
21
-1.7408220866141733
0
LINE
8
BLACK
6
CONTINUOUS
10
-0.1574997637795276
20
-1.7408220866141733
11
-0.1574567716535433
21
-1.7408284645669292
0
LINE
8
BLACK
6
CONTINUOUS
10
-0.1574567716535433
20
-1.7408284645669292
11
-0.1573562204724409
21
-1.7408185826771654
0
LINE
8
BLACK
6
CONTINUOUS
10
-0.1573562204724409
20
-1.7408185826771654
11
-0.144232874015748
21
-1.7408185826771654
0
LINE
8
BLACK
6
CONTINUOUS
10
-0.144232874015748
20
-1.7408185826771654
11
-0.1441323622047244
21
-1.7408284645669292
0
LINE
8
BLACK
6
CONTINUOUS
10
-0.1633457086614173
20
-1.7483123228346455
11
-0.1661780708661417
21
-1.7511447244094487
0
LINE
8
BLACK
6
CONTINUOUS
10
-0.1661780708661417
20
-1.7511447244094487
11
-0.167526811023622
21
-1.7538422047244093
0
LINE
8
BLACK
6
CONTINUOUS
10
-0.167526811023622
20
-1.7538422047244093
11
-0.167526811023622
21
-1.7599471653543306
0
LINE
8
BLACK
6
CONTINUOUS
10
-0.167526811023622
20
-1.7599471653543306
11
-0.1661780708661417
21
-1.7626446456692912
0
LINE
8
BLACK
6
CONTINUOUS
10
-0.1661780708661417
20
-1.7626446456692912
11
-0.1633457086614173
21
-1.7654770078740156
0
LINE
8
BLACK
6
CONTINUOUS
10
-0.1633457086614173
20
-1.7654770078740156
11
-0.1569926771653543
21
-1.7670652755905512
0
LINE
8
BLACK
6
CONTINUOUS
10
-0.1569926771653543
20
-1.7670652755905512
11
-0.1445964173228347
21
-1.7670652755905512
0
LINE
8
BLACK
6
CONTINUOUS
10
-0.1445964173228347
20
-1.7670652755905512
11
-0.1382434251968504
21
-1.7654770078740156
0
LINE
8
BLACK
6
CONTINUOUS
10
-0.1382434251968504
20
-1.7654770078740156
11
-0.1354109842519685
21
-1.7626446062992125
0
LINE
8
BLACK
6
CONTINUOUS
10
-0.1354109842519685
20
-1.7626446062992125
11
-0.1340622440944882
21
-1.7599471653543306
0
LINE
8
BLACK
6
CONTINUOUS
10
-0.1340622440944882
20
-1.7599471653543306
11
-0.1340622440944882
21
-1.7538422047244093
0
LINE
8
BLACK
6
CONTINUOUS
10
-0.1340622440944882
20
-1.7538422047244093
11
-0.1354109842519685
21
-1.7511447244094487
0
LINE
8
BLACK
6
CONTINUOUS
10
-0.1354109842519685
20
-1.7511447244094487
11
-0.1382434251968504
21
-1.7483123228346455
0
LINE
8
BLACK
6
CONTINUOUS
10
-0.1382434251968504
20
-1.7483123228346455
11
-0.1445964173228347
21
-1.746724094488189
0
LINE
8
BLACK
6
CONTINUOUS
10
-0.1445964173228347
20
-1.746724094488189
11
-0.1569926771653543
21
-1.746724094488189
0
LINE
8
BLACK
6
CONTINUOUS
10
-0.1569926771653543
20
-1.746724094488189
11
-0.1633457086614173
21
-1.7483123228346455
0
LINE
8
BLACK
6
CONTINUOUS
10
-0.3278117322834646
20
-1.7389583858267716
11
-0.3277536220472441
21
-1.7389510236220471
0
LINE
8
BLACK
6
CONTINUOUS
10
-0.3277536220472441
20
-1.7389510236220471
11
-0.3276784251968504
21
-1.7389715354330708
0
LINE
8
BLACK
6
CONTINUOUS
10
-0.3276784251968504
20
-1.7389715354330708
11
-0.3273838188976378
21
-1.7390005511811024
0
LINE
8
BLACK
6
CONTINUOUS
10
-0.3273838188976378
20
-1.7390005511811024
11
-0.3270210236220472
21
-1.7391508267716536
0
LINE
8
BLACK
6
CONTINUOUS
10
-0.3270210236220472
20
-1.7391508267716536
11
-0.326642125984252
21
-1.7392541732283464
0
LINE
8
BLACK
6
CONTINUOUS
10
-0.326642125984252
20
-1.7392541732283464
11
-0.3264933070866142
21
-1.7393694094488188
0
LINE
8
BLACK
6
CONTINUOUS
10
-0.3264933070866142
20
-1.7393694094488188
11
-0.3263194094488189
21
-1.7394414566929133
0
LINE
8
BLACK
6
CONTINUOUS
10
-0.3263194094488189
20
-1.7394414566929133
11
-0.3260418503937008
21
-1.7397190157480316
0
LINE
8
BLACK
6
CONTINUOUS
10
-0.3260418503937008
20
-1.7397190157480316
11
-0.325731220472441
21
-1.7399595669291339
0
LINE
8
BLACK
6
CONTINUOUS
10
-0.325731220472441
20
-1.7399595669291339
11
-0.3256377952755906
21
-1.7401230708661417
0
LINE
8
BLACK
6
CONTINUOUS
10
-0.3256377952755906
20
-1.7401230708661417
11
-0.3255047637795275
21
-1.7402561023622047
0
LINE
8
BLACK
6
CONTINUOUS
10
-0.3255047637795275
20
-1.7402561023622047
11
-0.3253545275590551
21
-1.7406187795275589
0
LINE
8
BLACK
6
CONTINUOUS
10
-0.3253545275590551
20
-1.7406187795275589
11
-0.3251596062992126
21
-1.7409599212598426
0
LINE
8
BLACK
6
CONTINUOUS
10
-0.3251596062992126
20
-1.7409599212598426
11
-0.325135905511811
21
-1.7411466535433071
0
LINE
8
BLACK
6
CONTINUOUS
10
-0.325135905511811
20
-1.7411466535433071
11
-0.3250638582677166
21
-1.7413205118110235
0
LINE
8
BLACK
6
CONTINUOUS
10
-0.3250638582677166
20
-1.7413205118110235
11
-0.3250638582677166
21
-1.7417131889763779
0
LINE
8
BLACK
6
CONTINUOUS
10
-0.3250638582677166
20
-1.7417131889763779
11
-0.3250143307086614
21
-1.7421028346456693
0
LINE
8
BLACK
6
CONTINUOUS
10
-0.3250143307086614
20
-1.7421028346456693
11
-0.3250638582677166
21
-1.7422844094488188
0
LINE
8
BLACK
6
CONTINUOUS
10
-0.3250638582677166
20
-1.7422844094488188
11
-0.3250638582677166
21
-1.7424726377952755
0
LINE
8
BLACK
6
CONTINUOUS
10
-0.3250638582677166
20
-1.7424726377952755
11
-0.3252141732283464
21
-1.7428354724409449
0
LINE
8
BLACK
6
CONTINUOUS
10
-0.3252141732283464
20
-1.7428354724409449
11
-0.3253174803149606
21
-1.7432142913385826
0
LINE
8
BLACK
6
CONTINUOUS
10
-0.3253174803149606
20
-1.7432142913385826
11
-0.325432716535433
21
-1.7433630708661416
0
LINE
8
BLACK
6
CONTINUOUS
10
-0.325432716535433
20
-1.7433630708661416
11
-0.3255047637795275
21
-1.7435370472440945
0
LINE
8
BLACK
6
CONTINUOUS
10
-0.3255047637795275
20
-1.7435370472440945
11
-0.3257824015748031
21
-1.7438146456692913
0
LINE
8
BLACK
6
CONTINUOUS
10
-0.3257824015748031
20
-1.7438146456692913
11
-0.326022874015748
21
-1.7441252362204724
0
LINE
8
BLACK
6
CONTINUOUS
10
-0.326022874015748
20
-1.7441252362204724
11
-0.3262644094488189
21
-1.7442966535433071
0
LINE
8
BLACK
6
CONTINUOUS
10
-0.3262644094488189
20
-1.7442966535433071
11
-0.3263194094488189
21
-1.7443516929133858
0
LINE
8
BLACK
6
CONTINUOUS
10
-0.3263194094488189
20
-1.7443516929133858
11
-0.3263734645669291
21
-1.7443740551181102
0
LINE
8
BLACK
6
CONTINUOUS
10
-0.3263734645669291
20
-1.7443740551181102
11
-0.3264948818897638
21
-1.7444602755905512
0
LINE
8
BLACK
6
CONTINUOUS
10
-0.3264948818897638
20
-1.7444602755905512
11
-0.3562111811023622
21
-1.7614409842519685
0
LINE
8
BLACK
6
CONTINUOUS
10
-0.3562111811023622
20
-1.7614409842519685
11
-0.3279598818897638
21
-1.7614409842519685
0
LINE
8
BLACK
6
CONTINUOUS
10
-0.3279598818897638
20
-1.7614409842519685
11
-0.3273838188976378
21
-1.7614977165354331
0
LINE
8
BLACK
6
CONTINUOUS
10
-0.3273838188976378
20
-1.7614977165354331
11
-0.3263194094488189
21
-1.7619386220472442
0
LINE
8
BLACK
6
CONTINUOUS
10
-0.3263194094488189
20
-1.7619386220472442
11
-0.3255047637795275
21
-1.7627532677165354
0
LINE
8
BLACK
6
CONTINUOUS
10
-0.3255047637795275
20
-1.7627532677165354
11
-0.3250638582677166
21
-1.7638176771653542
0
LINE
8
BLACK
6
CONTINUOUS
10
-0.3250638582677166
20
-1.7638176771653542
11
-0.3250638582677166
21
-1.7649698031496062
0
LINE
8
BLACK
6
CONTINUOUS
10
-0.3250638582677166
20
-1.7649698031496062
11
-0.3255047637795275
21
-1.7660342125984252
0
LINE
8
BLACK
6
CONTINUOUS
10
-0.3255047637795275
20
-1.7660342125984252
11
-0.3263194094488189
21
-1.7668488582677164
0
LINE
8
BLACK
6
CONTINUOUS
10
-0.3263194094488189
20
-1.7668488582677164
11
-0.3273838188976378
21
-1.7672897637795275
0
LINE
8
BLACK
6
CONTINUOUS
10
-0.3273838188976378
20
-1.7672897637795275
11
-0.3279598818897638
21
-1.7673464960629921
0
LINE
8
BLACK
6
CONTINUOUS
10
-0.3279598818897638
20
-1.7673464960629921
11
-0.3673299606299212
21
-1.7673464960629921
0
LINE
8
BLACK
6
CONTINUOUS
10
-0.3673299606299212
20
-1.7673464960629921
11
-0.3674781496062992
21
-1.7673318897637795
0
LINE
8
BLACK
6
CONTINUOUS
10
-0.3674781496062992
20
-1.7673318897637795
11
-0.3675362204724409
21
-1.7673392913385826
0
LINE
8
BLACK
6
CONTINUOUS
10
-0.3675362204724409
20
-1.7673392913385826
11
-0.3676114566929134
21
-1.7673187401574804
0
LINE
8
BLACK
6
CONTINUOUS
10
-0.3676114566929134
20
-1.7673187401574804
11
-0.3679060236220472
21
-1.7672897637795275
0
LINE
8
BLACK
6
CONTINUOUS
10
-0.3679060236220472
20
-1.7672897637795275
11
-0.3682688582677165
21
-1.7671394488188976
0
LINE
8
BLACK
6
CONTINUOUS
10
-0.3682688582677165
20
-1.7671394488188976
11
-0.368647716535433
21
-1.7670361417322835
0
LINE
8
BLACK
6
CONTINUOUS
10
-0.368647716535433
20
-1.7670361417322835
11
-0.3687965748031496
21
-1.7669208661417322
0
LINE
8
BLACK
6
CONTINUOUS
10
-0.3687965748031496
20
-1.7669208661417322
11
-0.3689704330708661
21
-1.7668488582677164
0
LINE
8
BLACK
6
CONTINUOUS
10
-0.3689704330708661
20
-1.7668488582677164
11
-0.369248031496063
21
-1.7665712598425196
0
LINE
8
BLACK
6
CONTINUOUS
10
-0.369248031496063
20
-1.7665712598425196
11
-0.3695586220472441
21
-1.766330748031496
0
LINE
8
BLACK
6
CONTINUOUS
10
-0.3695586220472441
20
-1.766330748031496
11
-0.3696520866141732
21
-1.7661672047244095
0
LINE
8
BLACK
6
CONTINUOUS
10
-0.3696520866141732
20
-1.7661672047244095
11
-0.3697850787401575
21
-1.7660342125984252
0
LINE
8
BLACK
6
CONTINUOUS
10
-0.3697850787401575
20
-1.7660342125984252
11
-0.3699353543307087
21
-1.765671496062992
0
LINE
8
BLACK
6
CONTINUOUS
10
-0.3699353543307087
20
-1.765671496062992
11
-0.3701302362204724
21
-1.7653303937007874
0
LINE
8
BLACK
6
CONTINUOUS
10
-0.3701302362204724
20
-1.7653303937007874
11
-0.3701539763779527
21
-1.7651436220472441
0
LINE
8
BLACK
6
CONTINUOUS
10
-0.3701539763779527
20
-1.7651436220472441
11
-0.3702259842519685
21
-1.7649698031496062
0
LINE
8
BLACK
6
CONTINUOUS
10
-0.3702259842519685
20
-1.7649698031496062
11
-0.3702259842519685
21
-1.7645770866141732
0
LINE
8
BLACK
6
CONTINUOUS
10
-0.3702259842519685
20
-1.7645770866141732
11
-0.3702755118110236
21
-1.7641874803149606
0
LINE
8
BLACK
6
CONTINUOUS
10
-0.3702755118110236
20
-1.7641874803149606
11
-0.3702259842519685
21
-1.7640058661417322
0
LINE
8
BLACK
6
CONTINUOUS
10
-0.3702259842519685
20
-1.7640058661417322
11
-0.3702259842519685
21
-1.7638176771653542
0
LINE
8
BLACK
6
CONTINUOUS
10
-0.3702259842519685
20
-1.7638176771653542
11
-0.3700757086614173
21
-1.763454842519685
0
LINE
8
BLACK
6
CONTINUOUS
10
-0.3700757086614173
20
-1.763454842519685
11
-0.3699723622047244
21
-1.7630759842519685
0
LINE
8
BLACK
6
CONTINUOUS
10
-0.3699723622047244
20
-1.7630759842519685
11
-0.369857125984252
21
-1.7629271259842518
0
LINE
8
BLACK
6
CONTINUOUS
10
-0.369857125984252
20
-1.7629271259842518
11
-0.3697850787401575
21
-1.7627532677165354
0
LINE
8
BLACK
6
CONTINUOUS
10
-0.3697850787401575
20
-1.7627532677165354
11
-0.3695075196850394
21
-1.7624756692913386
0
LINE
8
BLACK
6
CONTINUOUS
10
-0.3695075196850394
20
-1.7624756692913386
11
-0.369266968503937
21
-1.7621650787401575
0
LINE
8
BLACK
6
CONTINUOUS
10
-0.369266968503937
20
-1.7621650787401575
11
-0.3690255511811024
21
-1.7619937007874016
0
LINE
8
BLACK
6
CONTINUOUS
10
-0.3690255511811024
20
-1.7619937007874016
11
-0.3689704330708661
21
-1.7619386220472442
0
LINE
8
BLACK
6
CONTINUOUS
10
-0.3689704330708661
20
-1.7619386220472442
11
-0.3689163385826771
21
-1.7619161811023623
0
LINE
8
BLACK
6
CONTINUOUS
10
-0.3689163385826771
20
-1.7619161811023623
11
-0.3687949212598425
21
-1.7618300393700788
0
LINE
8
BLACK
6
CONTINUOUS
10
-0.3687949212598425
20
-1.7618300393700788
11
-0.3390786614173228
21
-1.7448493307086614
0
LINE
8
BLACK
6
CONTINUOUS
10
-0.3390786614173228
20
-1.7448493307086614
11
-0.3673299606299212
21
-1.7448493307086614
0
LINE
8
BLACK
6
CONTINUOUS
10
-0.3673299606299212
20
-1.7448493307086614
11
-0.3679060236220472
21
-1.7447925984251969
0
LINE
8
BLACK
6
CONTINUOUS
10
-0.3679060236220472
20
-1.7447925984251969
11
-0.3689704330708661
21
-1.7443516929133858
0
LINE
8
BLACK
6
CONTINUOUS
10
-0.3689704330708661
20
-1.7443516929133858
11
-0.3697850787401575
21
-1.7435370472440945
0
LINE
8
BLACK
6
CONTINUOUS
10
-0.3697850787401575
20
-1.7435370472440945
11
-0.3702259842519685
21
-1.7424726377952755
0
LINE
8
BLACK
6
CONTINUOUS
10
-0.3702259842519685
20
-1.7424726377952755
11
-0.3702259842519685
21
-1.7413205118110235
0
LINE
8
BLACK
6
CONTINUOUS
10
-0.3702259842519685
20
-1.7413205118110235
11
-0.3697850787401575
21
-1.7402561023622047
0
LINE
8
BLACK
6
CONTINUOUS
10
-0.3697850787401575
20
-1.7402561023622047
11
-0.3689704330708661
21
-1.7394414566929133
0
LINE
8
BLACK
6
CONTINUOUS
10
-0.3689704330708661
20
-1.7394414566929133
11
-0.3679060236220472
21
-1.7390005511811024
0
LINE
8
BLACK
6
CONTINUOUS
10
-0.3679060236220472
20
-1.7390005511811024
11
-0.3673299606299212
21
-1.7389438188976378
0
LINE
8
BLACK
6
CONTINUOUS
10
-0.3673299606299212
20
-1.7389438188976378
11
-0.3279598818897638
21
-1.7389438188976378
0
LINE
8
BLACK
6
CONTINUOUS
10
-0.3279598818897638
20
-1.7389438188976378
11
-0.3278117322834646
21
-1.7389583858267716
0
LINE
8
BLACK
6
CONTINUOUS
10
-0.0317044881889764
20
-1.7389236614173227
11
-0.0307131102362205
21
-1.7395106299212597
0
LINE
8
BLACK
6
CONTINUOUS
10
-0.0307131102362205
20
-1.7395106299212597
11
-0.030021811023622
21
-1.7404323228346457
0
LINE
8
BLACK
6
CONTINUOUS
10
-0.030021811023622
20
-1.7404323228346457
11
-0.029735905511811
21
-1.7415483858267715
0
LINE
8
BLACK
6
CONTINUOUS
10
-0.029735905511811
20
-1.7415483858267715
11
-0.0298988188976378
21
-1.7426888976377952
0
LINE
8
BLACK
6
CONTINUOUS
10
-0.0298988188976378
20
-1.7426888976377952
11
-0.0304858267716535
21
-1.7436802755905512
0
LINE
8
BLACK
6
CONTINUOUS
10
-0.0304858267716535
20
-1.7436802755905512
11
-0.0309126377952756
21
-1.7440712992125984
0
LINE
8
BLACK
6
CONTINUOUS
10
-0.0309126377952756
20
-1.7440712992125984
11
-0.0506862204724409
21
-1.7589014173228346
0
LINE
8
BLACK
6
CONTINUOUS
10
-0.0506862204724409
20
-1.7589014173228346
11
-0.0483341338582677
21
-1.7612535039370079
0
LINE
8
BLACK
6
CONTINUOUS
10
-0.0483341338582677
20
-1.7612535039370079
11
-0.0326842913385827
21
-1.7612535039370079
0
LINE
8
BLACK
6
CONTINUOUS
10
-0.0326842913385827
20
-1.7612535039370079
11
-0.0321082283464567
21
-1.7613102362204724
0
LINE
8
BLACK
6
CONTINUOUS
10
-0.0321082283464567
20
-1.7613102362204724
11
-0.0310438188976378
21
-1.7617511417322835
0
LINE
8
BLACK
6
CONTINUOUS
10
-0.0310438188976378
20
-1.7617511417322835
11
-0.0302291732283465
21
-1.7625657874015748
0
LINE
8
BLACK
6
CONTINUOUS
10
-0.0302291732283465
20
-1.7625657874015748
11
-0.0297882677165354
21
-1.7636301968503936
0
LINE
8
BLACK
6
CONTINUOUS
10
-0.0297882677165354
20
-1.7636301968503936
11
-0.0297882677165354
21
-1.7647823228346455
0
LINE
8
BLACK
6
CONTINUOUS
10
-0.0297882677165354
20
-1.7647823228346455
11
-0.0302291732283465
21
-1.7658467322834646
0
LINE
8
BLACK
6
CONTINUOUS
10
-0.0302291732283465
20
-1.7658467322834646
11
-0.0310438188976378
21
-1.7666613779527558
0
LINE
8
BLACK
6
CONTINUOUS
10
-0.0310438188976378
20
-1.7666613779527558
11
-0.0321082283464567
21
-1.7671022834645669
0
LINE
8
BLACK
6
CONTINUOUS
10
-0.0321082283464567
20
-1.7671022834645669
11
-0.0326842913385827
21
-1.7671590157480315
0
LINE
8
BLACK
6
CONTINUOUS
10
-0.0326842913385827
20
-1.7671590157480315
11
-0.0720543700787402
21
-1.7671590157480315
0
LINE
8
BLACK
6
CONTINUOUS
10
-0.0720543700787402
20
-1.7671590157480315
11
-0.0726304330708661
21
-1.7671022834645669
0
LINE
8
BLACK
6
CONTINUOUS
10
-0.0726304330708661
20
-1.7671022834645669
11
-0.073694842519685
21
-1.7666613779527558
0
LINE
8
BLACK
6
CONTINUOUS
10
-0.073694842519685
20
-1.7666613779527558
11
-0.0745094881889764
21
-1.7658467322834646
0
LINE
8
BLACK
6
CONTINUOUS
10
-0.0745094881889764
20
-1.7658467322834646
11
-0.0749503937007874
21
-1.7647823228346455
0
LINE
8
BLACK
6
CONTINUOUS
10
-0.0749503937007874
20
-1.7647823228346455
11
-0.0749503937007874
21
-1.7636301968503936
0
LINE
8
BLACK
6
CONTINUOUS
10
-0.0749503937007874
20
-1.7636301968503936
11
-0.0745094881889764
21
-1.7625657874015748
0
LINE
8
BLACK
6
CONTINUOUS
10
-0.0745094881889764
20
-1.7625657874015748
11
-0.073694842519685
21
-1.7617511417322835
0
LINE
8
BLACK
6
CONTINUOUS
10
-0.073694842519685
20
-1.7617511417322835
11
-0.0726304330708661
21
-1.7613102362204724
0
LINE
8
BLACK
6
CONTINUOUS
10
-0.0726304330708661
20
-1.7613102362204724
11
-0.0720543700787402
21
-1.7612535039370079
0
LINE
8
BLACK
6
CONTINUOUS
10
-0.0720543700787402
20
-1.7612535039370079
11
-0.0566857874015748
21
-1.7612535039370079
0
LINE
8
BLACK
6
CONTINUOUS
10
-0.0566857874015748
20
-1.7612535039370079
11
-0.0741422834645669
21
-1.7437970078740157
0
LINE
8
BLACK
6
CONTINUOUS
10
-0.0741422834645669
20
-1.7437970078740157
11
-0.0745094881889764
21
-1.7433495669291339
0
LINE
8
BLACK
6
CONTINUOUS
10
-0.0745094881889764
20
-1.7433495669291339
11
-0.0749503937007874
21
-1.7422851181102361
0
LINE
8
BLACK
6
CONTINUOUS
10
-0.0749503937007874
20
-1.7422851181102361
11
-0.0749503937007874
21
-1.7411330708661417
0
LINE
8
BLACK
6
CONTINUOUS
10
-0.0749503937007874
20
-1.7411330708661417
11
-0.0745094881889764
21
-1.7400686220472441
0
LINE
8
BLACK
6
CONTINUOUS
10
-0.0745094881889764
20
-1.7400686220472441
11
-0.073694842519685
21
-1.7392539763779526
0
LINE
8
BLACK
6
CONTINUOUS
10
-0.073694842519685
20
-1.7392539763779526
11
-0.0726303937007874
21
-1.7388130708661418
0
LINE
8
BLACK
6
CONTINUOUS
10
-0.0726303937007874
20
-1.7388130708661418
11
-0.0714783464566929
21
-1.7388130708661418
0
LINE
8
BLACK
6
CONTINUOUS
10
-0.0714783464566929
20
-1.7388130708661418
11
-0.0704138976377953
21
-1.7392539763779526
0
LINE
8
BLACK
6
CONTINUOUS
10
-0.0704138976377953
20
-1.7392539763779526
11
-0.0699664566929134
21
-1.7396211811023621
0
LINE
8
BLACK
6
CONTINUOUS
10
-0.0699664566929134
20
-1.7396211811023621
11
-0.0549044488188976
21
-1.7546831889763779
0
LINE
8
BLACK
6
CONTINUOUS
10
-0.0549044488188976
20
-1.7546831889763779
11
-0.0344559448818898
21
-1.7393468897637794
0
LINE
8
BLACK
6
CONTINUOUS
10
-0.0344559448818898
20
-1.7393468897637794
11
-0.033961062992126
21
-1.7390466141732284
0
LINE
8
BLACK
6
CONTINUOUS
10
-0.033961062992126
20
-1.7390466141732284
11
-0.0328449606299213
21
-1.7387607086614172
0
LINE
8
BLACK
6
CONTINUOUS
10
-0.0328449606299213
20
-1.7387607086614172
11
-0.0317044881889764
21
-1.7389236614173227
0
LINE
8
BLACK
6
CONTINUOUS
10
-0.3663962204724409
20
-1.6997252755905512
11
-0.3270261417322834
21
-1.7128486220472441
0
LINE
8
BLACK
6
CONTINUOUS
10
-0.3270261417322834
20
-1.7128486220472441
11
-0.3264975984251968
21
-1.7130846062992127
0
LINE
8
BLACK
6
CONTINUOUS
10
-0.3264975984251968
20
-1.7130846062992127
11
-0.3263382677165354
21
-1.7132227952755905
0
LINE
8
BLACK
6
CONTINUOUS
10
-0.3263382677165354
20
-1.7132227952755905
11
-0.3261495275590551
21
-1.7133171653543307
0
LINE
8
BLACK
6
CONTINUOUS
10
-0.3261495275590551
20
-1.7133171653543307
11
-0.3259068503937008
21
-1.7135969685039369
0
LINE
8
BLACK
6
CONTINUOUS
10
-0.3259068503937008
20
-1.7135969685039369
11
-0.3256272440944882
21
-1.7138394881889762
0
LINE
8
BLACK
6
CONTINUOUS
10
-0.3256272440944882
20
-1.7138394881889762
11
-0.3255329527559055
21
-1.7140281102362205
0
LINE
8
BLACK
6
CONTINUOUS
10
-0.3255329527559055
20
-1.7140281102362205
11
-0.3253946456692913
21
-1.7141875590551181
0
LINE
8
BLACK
6
CONTINUOUS
10
-0.3253946456692913
20
-1.7141875590551181
11
-0.3252775590551181
21
-1.7145388188976378
0
LINE
8
BLACK
6
CONTINUOUS
10
-0.3252775590551181
20
-1.7145388188976378
11
-0.3251120078740157
21
-1.7148699212598424
0
LINE
8
BLACK
6
CONTINUOUS
10
-0.3251120078740157
20
-1.7148699212598424
11
-0.3250970866141732
21
-1.71508031496063
0
LINE
8
BLACK
6
CONTINUOUS
10
-0.3250970866141732
20
-1.71508031496063
11
-0.3250303149606299
21
-1.7152805511811022
0
LINE
8
BLACK
6
CONTINUOUS
10
-0.3250303149606299
20
-1.7152805511811022
11
-0.3250565748031496
21
-1.7156498425196851
0
LINE
8
BLACK
6
CONTINUOUS
10
-0.3250565748031496
20
-1.7156498425196851
11
-0.3250303149606299
21
-1.7160191338582678
0
LINE
8
BLACK
6
CONTINUOUS
10
-0.3250303149606299
20
-1.7160191338582678
11
-0.3250970866141732
21
-1.7162193307086613
0
LINE
8
BLACK
6
CONTINUOUS
10
-0.3250970866141732
20
-1.7162193307086613
11
-0.3251120078740157
21
-1.7164297637795276
0
LINE
8
BLACK
6
CONTINUOUS
10
-0.3251120078740157
20
-1.7164297637795276
11
-0.3252775590551181
21
-1.7167608267716534
0
LINE
8
BLACK
6
CONTINUOUS
10
-0.3252775590551181
20
-1.7167608267716534
11
-0.3253946456692913
21
-1.7171121259842519
0
LINE
8
BLACK
6
CONTINUOUS
10
-0.3253946456692913
20
-1.7171121259842519
11
-0.3255329527559055
21
-1.7172715354330708
0
LINE
8
BLACK
6
CONTINUOUS
10
-0.3255329527559055
20
-1.7172715354330708
11
-0.3256272440944882
21
-1.7174601968503937
0
LINE
8
BLACK
6
CONTINUOUS
10
-0.3256272440944882
20
-1.7174601968503937
11
-0.3259068503937008
21
-1.7177026771653543
0
LINE
8
BLACK
6
CONTINUOUS
10
-0.3259068503937008
20
-1.7177026771653543
11
-0.3261495275590551
21
-1.7179825196850393
0
LINE
8
BLACK
6
CONTINUOUS
10
-0.3261495275590551
20
-1.7179825196850393
11
-0.3263382677165354
21
-1.7180768503937007
0
LINE
8
BLACK
6
CONTINUOUS
10
-0.3263382677165354
20
-1.7180768503937007
11
-0.3264975984251968
21
-1.7182150787401573
0
LINE
8
BLACK
6
CONTINUOUS
10
-0.3264975984251968
20
-1.7182150787401573
11
-0.3270261417322834
21
-1.7184510629921259
0
LINE
8
BLACK
6
CONTINUOUS
10
-0.3270261417322834
20
-1.7184510629921259
11
-0.3663962204724409
21
-1.7315744094488188
0
LINE
8
BLACK
6
CONTINUOUS
10
-0.3663962204724409
20
-1.7315744094488188
11
-0.3669606692913386
21
-1.7317027559055118
0
LINE
8
BLACK
6
CONTINUOUS
10
-0.3669606692913386
20
-1.7317027559055118
11
-0.3681098818897638
21
-1.731621062992126
0
LINE
8
BLACK
6
CONTINUOUS
10
-0.3681098818897638
20
-1.731621062992126
11
-0.3691403149606299
21
-1.7311058661417322
0
LINE
8
BLACK
6
CONTINUOUS
10
-0.3691403149606299
20
-1.7311058661417322
11
-0.3698951968503937
21
-1.7302355118110235
0
LINE
8
BLACK
6
CONTINUOUS
10
-0.3698951968503937
20
-1.7302355118110235
11
-0.3702595275590551
21
-1.7291424803149607
0
LINE
8
BLACK
6
CONTINUOUS
10
-0.3702595275590551
20
-1.7291424803149607
11
-0.3701778346456693
21
-1.7279932677165355
0
LINE
8
BLACK
6
CONTINUOUS
10
-0.3701778346456693
20
-1.7279932677165355
11
-0.3696626377952756
21
-1.7269628346456694
0
LINE
8
BLACK
6
CONTINUOUS
10
-0.3696626377952756
20
-1.7269628346456694
11
-0.3687922834645669
21
-1.7262079527559056
0
LINE
8
BLACK
6
CONTINUOUS
10
-0.3687922834645669
20
-1.7262079527559056
11
-0.3682637007874016
21
-1.725971968503937
0
LINE
8
BLACK
6
CONTINUOUS
10
-0.3682637007874016
20
-1.725971968503937
11
-0.3372973228346456
21
-1.7156498425196851
0
LINE
8
BLACK
6
CONTINUOUS
10
-0.3372973228346456
20
-1.7156498425196851
11
-0.3682637007874016
21
-1.705327716535433
0
LINE
8
BLACK
6
CONTINUOUS
10
-0.3682637007874016
20
-1.705327716535433
11
-0.3687922834645669
21
-1.7050917322834644
0
LINE
8
BLACK
6
CONTINUOUS
10
-0.3687922834645669
20
-1.7050917322834644
11
-0.3696626377952756
21
-1.7043368503937006
0
LINE
8
BLACK
6
CONTINUOUS
10
-0.3696626377952756
20
-1.7043368503937006
11
-0.3701778346456693
21
-1.7033064173228345
0
LINE
8
BLACK
6
CONTINUOUS
10
-0.3701778346456693
20
-1.7033064173228345
11
-0.3702595275590551
21
-1.7021572047244093
0
LINE
8
BLACK
6
CONTINUOUS
10
-0.3702595275590551
20
-1.7021572047244093
11
-0.3698951968503937
21
-1.7010641732283465
0
LINE
8
BLACK
6
CONTINUOUS
10
-0.3698951968503937
20
-1.7010641732283465
11
-0.3691403149606299
21
-1.7001938188976378
0
LINE
8
BLACK
6
CONTINUOUS
10
-0.3691403149606299
20
-1.7001938188976378
11
-0.3681098818897638
21
-1.699678622047244
0
LINE
8
BLACK
6
CONTINUOUS
10
-0.3681098818897638
20
-1.699678622047244
11
-0.3669606692913386
21
-1.6995969291338582
0
LINE
8
BLACK
6
CONTINUOUS
10
-0.3669606692913386
20
-1.6995969291338582
11
-0.3663962204724409
21
-1.6997252755905512
0
CIRCLE
8
BLACK
10
0.45
20
-1.918503937007874
40
0.0068897637795276
0
CIRCLE
8
BLACK
10
0.45
20
-2.0185039370078739
40
0.0068897637795276
0
CIRCLE
8
BLACK
10
0.35
20
-1.918503937007874
40
0.0068897637795276
0
CIRCLE
8
BLACK
10
0.35
20
-2.0185039370078739
40
0.0068897637795276
0
CIRCLE
8
BLACK
10
0.25
20
-1.918503937007874
40
0.0068897637795276
0
CIRCLE
8
BLACK
10
0.25
20
-2.0185039370078739
40
0.0068897637795276
0
CIRCLE
8
BLACK
10
0.15
20
-1.918503937007874
40
0.0068897637795276
0
CIRCLE
8
BLACK
10
0.15
20
-2.0185039370078739
40
0.0068897637795276
0
CIRCLE
8
BLACK
10
0.05
20
-1.918503937007874
40
0.0068897637795276
0
CIRCLE
8
BLACK
10
0.05
20
-2.0185039370078739
40
0.0068897637795276
0
CIRCLE
8
BLACK
10
-0.05
20
-1.918503937007874
40
0.0068897637795276
0
CIRCLE
8
BLACK
10
-0.05
20
-2.0185039370078739
40
0.0068897637795276
0
CIRCLE
8
BLACK
10
-0.15
20
-1.918503937007874
40
0.0068897637795276
0
CIRCLE
8
BLACK
10
-0.15
20
-2.0185039370078739
40
0.0068897637795276
0
CIRCLE
8
BLACK
10
-0.25
20
-1.918503937007874
40
0.0068897637795276
0
CIRCLE
8
BLACK
10
-0.25
20
-2.0185039370078739
40
0.0068897637795276
0
CIRCLE
8
BLACK
10
-0.35
20
-1.918503937007874
40
0.0068897637795276
0
CIRCLE
8
BLACK
10
-0.35
20
-2.0185039370078739
40
0.0068897637795276
0
CIRCLE
8
BLACK
10
-0.45
20
-1.918503937007874
40
0.0068897637795276
0
CIRCLE
8
BLACK
10
-0.45
20
-2.0185039370078739
40
0.0068897637795276
0
CIRCLE
8
BLACK
10
0.7858267716535433
20
-1.9196850393700786
40
0.0068897637795276
0
CIRCLE
8
BLACK
10
0.8858267716535433
20
-1.9196850393700786
40
0.0068897637795276
0
CIRCLE
8
BLACK
10
0.7858267716535433
20
-2.0196850393700787
40
0.0068897637795276
0
CIRCLE
8
BLACK
10
0.8858267716535433
20
-2.0196850393700787
40
0.0068897637795276
0
CIRCLE
8
BLACK
10
0.7858267716535433
20
-2.1196850393700788
40
0.0068897637795276
0
CIRCLE
8
BLACK
10
0.8858267716535433
20
-2.1196850393700788
40
0.0068897637795276
0
CIRCLE
8
BLACK
10
0.
20
1.8503937007874016
40
0.0068897637795276
0
CIRCLE
8
BLACK
10
-0.1
20
1.9503937007874015
40
0.0068897637795276
0
CIRCLE
8
BLACK
10
-0.1
20
1.7503937007874015
40
0.0068897637795276
0
CIRCLE
8
BLACK
10
0.1
20
1.9503937007874015
40
0.0068897637795276
0
CIRCLE
8
BLACK
10
0.1
20
1.7503937007874015
40
0.0068897637795276
0
CIRCLE
8
WHITE
10
0.45
20
-1.918503937007874
40
0.0068897637795276
0
CIRCLE
8
WHITE
10
0.45
20
-2.0185039370078739
40
0.0068897637795276
0
CIRCLE
8
WHITE
10
0.35
20
-1.918503937007874
40
0.0068897637795276
0
CIRCLE
8
WHITE
10
0.35
20
-2.0185039370078739
40
0.0068897637795276
0
CIRCLE
8
WHITE
10
0.25
20
-1.918503937007874
40
0.0068897637795276
0
CIRCLE
8
WHITE
10
0.25
20
-2.0185039370078739
40
0.0068897637795276
0
CIRCLE
8
WHITE
10
0.15
20
-1.918503937007874
40
0.0068897637795276
0
CIRCLE
8
WHITE
10
0.15
20
-2.0185039370078739
40
0.0068897637795276
0
CIRCLE
8
WHITE
10
0.05
20
-1.918503937007874
40
0.0068897637795276
0
CIRCLE
8
WHITE
10
0.05
20
-2.0185039370078739
40
0.0068897637795276
0
CIRCLE
8
WHITE
10
-0.05
20
-1.918503937007874
40
0.0068897637795276
0
CIRCLE
8
WHITE
10
-0.05
20
-2.0185039370078739
40
0.0068897637795276
0
CIRCLE
8
WHITE
10
-0.15
20
-1.918503937007874
40
0.0068897637795276
0
CIRCLE
8
WHITE
10
-0.15
20
-2.0185039370078739
40
0.0068897637795276
0
CIRCLE
8
WHITE
10
-0.25
20
-1.918503937007874
40
0.0068897637795276
0
CIRCLE
8
WHITE
10
-0.25
20
-2.0185039370078739
40
0.0068897637795276
0
CIRCLE
8
WHITE
10
-0.35
20
-1.918503937007874
40
0.0068897637795276
0
CIRCLE
8
WHITE
10
-0.35
20
-2.0185039370078739
40
0.0068897637795276
0
CIRCLE
8
WHITE
10
-0.45
20
-1.918503937007874
40
0.0068897637795276
0
CIRCLE
8
WHITE
10
-0.45
20
-2.0185039370078739
40
0.0068897637795276
0
CIRCLE
8
BLACK
10
0.7858267716535433
20
-1.9196850393700786
40
0.0068897637795276
0
CIRCLE
8
BLACK
10
0.8858267716535433
20
-1.9196850393700786
40
0.0068897637795276
0
CIRCLE
8
BLACK
10
0.7858267716535433
20
-2.0196850393700787
40
0.0068897637795276
0
CIRCLE
8
BLACK
10
0.8858267716535433
20
-2.0196850393700787
40
0.0068897637795276
0
CIRCLE
8
BLACK
10
0.7858267716535433
20
-2.1196850393700788
40
0.0068897637795276
0
CIRCLE
8
BLACK
10
0.8858267716535433
20
-2.1196850393700788
40
0.0068897637795276
0
CIRCLE
8
BLACK
10
0.
20
1.8503937007874016
40
0.0068897637795276
0
CIRCLE
8
BLACK
10
-0.1
20
1.9503937007874015
40
0.0068897637795276
0
CIRCLE
8
BLACK
10
-0.1
20
1.7503937007874015
40
0.0068897637795276
0
CIRCLE
8
BLACK
10
0.1
20
1.9503937007874015
40
0.0068897637795276
0
CIRCLE
8
BLACK
10
0.1
20
1.7503937007874015
40
0.0068897637795276
  0
ENDSEC
  0
EOF
