  0
SECTION
  2
HEADER
  9
$ANGBASE
  50
0.0
  9
$ANGDIR
  70
1
  9
$MEASUREMENT
  70
0
  0
ENDSEC
  0
SECTION
  2
TABLES
  0
TABLE
  2
LTYPE
  70
4
  0
LTYPE
  5
40F
  2
CONTINUOUS
  70
0
  3
Solid line
  72
65
  73
0
  40
0.0
  0
LTYPE
  5
410
  2
DASHDOT
 70
0
  3
Dash Dot ____ _ ____ _
 72
65
 73
4
 40
2.0
 49
1.25
 49
-0.25
 49
0.25
 49
-0.25
  0
LTYPE
  5
411
  2
DASHED
 70
0
  3
Dashed __ __ __ __ __
 72
65
 73
2
 40
0.75
 49
0.5
 49
-0.25
  0
LTYPE
  5
43B
  2
DOTTED
 70
0
  3
Dotted .  .  .  .
 72
65
 73
2
 40
0.2
 49
0.0
 49
-0.2
  0
ENDTAB
  0
TABLE
  2
STYLE
  70
4
  0
STYLE
  2
KICAD
  70
0
  40
0
  41
1
  42
1
  50
0
  71
0
  3
isocp.shx
  0
STYLE
  2
KICADB
  70
0
  40
0
  41
1
  42
1
  50
0
  71
0
  3
isocp.shx
  0
STYLE
  2
KICADI
  70
0
  40
0
  41
1
  42
1
  50
15
  71
0
  3
isocp.shx
  0
STYLE
  2
KICADBI
  70
0
  40
0
  41
1
  42
1
  50
15
  71
0
  3
isocp.shx
  0
ENDTAB
  0
TABLE
  2
LAYER
  70
1
  0
LAYER
  2
BLACK
  70
0
  62
7
  6
CONTINUOUS
  0
ENDTAB
  0
ENDSEC
  0
SECTION
  2
ENTITIES
0
LINE
8
BLACK
6
CONTINUOUS
10
0.0853925984251969
20
-2.3378291732283465
11
0.0893535039370079
21
-2.3417900787401575
0
LINE
8
BLACK
6
CONTINUOUS
10
0.0893535039370079
20
-2.3417900787401575
11
0.0914471653543307
21
-2.3459774409448819
0
LINE
8
BLACK
6
CONTINUOUS
10
0.0914471653543307
20
-2.3459774409448819
11
0.0939257480314961
21
-2.3558916535433072
0
LINE
8
BLACK
6
CONTINUOUS
10
0.0939257480314961
20
-2.3558916535433072
11
0.0939257480314961
21
-2.3628742913385827
0
LINE
8
BLACK
6
CONTINUOUS
10
0.0939257480314961
20
-2.3628742913385827
11
0.0914471653543307
21
-2.372788503937008
0
LINE
8
BLACK
6
CONTINUOUS
10
0.0914471653543307
20
-2.372788503937008
11
0.0893535039370079
21
-2.3769759055118111
0
LINE
8
BLACK
6
CONTINUOUS
10
0.0893535039370079
20
-2.3769759055118111
11
0.0853926377952756
21
-2.3809367716535434
0
LINE
8
BLACK
6
CONTINUOUS
10
0.0853926377952756
20
-2.3809367716535434
11
0.0791878346456693
21
-2.3830050393700786
0
LINE
8
BLACK
6
CONTINUOUS
10
0.0791878346456693
20
-2.3830050393700786
11
0.0719909842519685
21
-2.3830050393700786
0
LINE
8
BLACK
6
CONTINUOUS
10
0.0719909842519685
20
-2.3830050393700786
11
0.0719909842519685
21
-2.3357609448818897
0
LINE
8
BLACK
6
CONTINUOUS
10
0.0719909842519685
20
-2.3357609448818897
11
0.0791879527559055
21
-2.3357609448818897
0
LINE
8
BLACK
6
CONTINUOUS
10
0.0791879527559055
20
-2.3357609448818897
11
0.0853925984251969
21
-2.3378291732283465
0
LINE
8
BLACK
6
CONTINUOUS
10
0.2031947637795276
20
-2.3375210629921259
11
0.2046516141732283
21
-2.3389779133858268
0
LINE
8
BLACK
6
CONTINUOUS
10
0.2046516141732283
20
-2.3389779133858268
11
0.2067452362204724
21
-2.3431652362204725
0
LINE
8
BLACK
6
CONTINUOUS
10
0.2067452362204724
20
-2.3431652362204725
11
0.2092238582677165
21
-2.353079566929134
0
LINE
8
BLACK
6
CONTINUOUS
10
0.2092238582677165
20
-2.353079566929134
11
0.2092238582677165
21
-2.3656864173228347
0
LINE
8
BLACK
6
CONTINUOUS
10
0.2092238582677165
20
-2.3656864173228347
11
0.2067452362204724
21
-2.3756007480314958
0
LINE
8
BLACK
6
CONTINUOUS
10
0.2067452362204724
20
-2.3756007480314958
11
0.2046515748031496
21
-2.3797880708661419
0
LINE
8
BLACK
6
CONTINUOUS
10
0.2046515748031496
20
-2.3797880708661419
11
0.2031946850393701
21
-2.3812449606299211
0
LINE
8
BLACK
6
CONTINUOUS
10
0.2031946850393701
20
-2.3812449606299211
11
0.1996745275590551
21
-2.3830050393700786
0
LINE
8
BLACK
6
CONTINUOUS
10
0.1996745275590551
20
-2.3830050393700786
11
0.1968384251968504
21
-2.3830050393700786
0
LINE
8
BLACK
6
CONTINUOUS
10
0.1968384251968504
20
-2.3830050393700786
11
0.193318188976378
21
-2.3812449212598423
0
LINE
8
BLACK
6
CONTINUOUS
10
0.193318188976378
20
-2.3812449212598423
11
0.1918613385826771
21
-2.3797880708661419
0
LINE
8
BLACK
6
CONTINUOUS
10
0.1918613385826771
20
-2.3797880708661419
11
0.1897675984251969
21
-2.3756006692913387
0
LINE
8
BLACK
6
CONTINUOUS
10
0.1897675984251969
20
-2.3756006692913387
11
0.187289094488189
21
-2.3656864566929134
0
LINE
8
BLACK
6
CONTINUOUS
10
0.187289094488189
20
-2.3656864566929134
11
0.187289094488189
21
-2.3530795275590553
0
LINE
8
BLACK
6
CONTINUOUS
10
0.187289094488189
20
-2.3530795275590553
11
0.1897675984251969
21
-2.3431652755905512
0
LINE
8
BLACK
6
CONTINUOUS
10
0.1897675984251969
20
-2.3431652755905512
11
0.1918613385826771
21
-2.3389778740157481
0
LINE
8
BLACK
6
CONTINUOUS
10
0.1918613385826771
20
-2.3389778740157481
11
0.193318188976378
21
-2.3375210629921259
0
LINE
8
BLACK
6
CONTINUOUS
10
0.193318188976378
20
-2.3375210629921259
11
0.1968384251968504
21
-2.3357609448818897
0
LINE
8
BLACK
6
CONTINUOUS
10
0.1968384251968504
20
-2.3357609448818897
11
0.1996745275590551
21
-2.3357609448818897
0
LINE
8
BLACK
6
CONTINUOUS
10
0.1996745275590551
20
-2.3357609448818897
11
0.2031947637795276
21
-2.3375210629921259
0
LINE
8
BLACK
6
CONTINUOUS
10
0.0325827559055118
20
-2.3661321653543306
11
0.0208481496062992
21
-2.3661321653543306
0
LINE
8
BLACK
6
CONTINUOUS
10
0.0208481496062992
20
-2.3661321653543306
11
0.0267154330708661
21
-2.3485302755905511
0
LINE
8
BLACK
6
CONTINUOUS
10
0.0267154330708661
20
-2.3485302755905511
11
0.0325827559055118
21
-2.3661321653543306
0
LINE
8
BLACK
6
CONTINUOUS
10
0.3137975590551181
20
-2.3661321653543306
11
0.3020629527559055
21
-2.3661321653543306
0
LINE
8
BLACK
6
CONTINUOUS
10
0.3020629527559055
20
-2.3661321653543306
11
0.3079302362204724
21
-2.3485302755905511
0
LINE
8
BLACK
6
CONTINUOUS
10
0.3079302362204724
20
-2.3485302755905511
11
0.3137975590551181
21
-2.3661321653543306
0
LINE
8
BLACK
6
CONTINUOUS
10
0.8158267716535433
20
-2.0496850393700785
11
0.7558267716535433
21
-2.0496850393700785
0
LINE
8
BLACK
6
CONTINUOUS
10
0.7558267716535433
20
-2.0496850393700785
11
0.7558267716535433
21
-1.9896850393700787
0
LINE
8
BLACK
6
CONTINUOUS
10
0.7558267716535433
20
-1.9896850393700787
11
0.8158267716535433
21
-1.9896850393700787
0
LINE
8
BLACK
6
CONTINUOUS
10
0.8158267716535433
20
-1.9896850393700787
11
0.8158267716535433
21
-2.0496850393700785
0
LINE
8
BLACK
6
CONTINUOUS
10
0.9158267716535433
20
-2.0496850393700785
11
0.8558267716535433
21
-2.0496850393700785
0
LINE
8
BLACK
6
CONTINUOUS
10
0.8558267716535433
20
-2.0496850393700785
11
0.8558267716535433
21
-1.9896850393700787
0
LINE
8
BLACK
6
CONTINUOUS
10
0.8558267716535433
20
-1.9896850393700787
11
0.9158267716535433
21
-1.9896850393700787
0
LINE
8
BLACK
6
CONTINUOUS
10
0.9158267716535433
20
-1.9896850393700787
11
0.9158267716535433
21
-2.0496850393700785
0
LINE
8
BLACK
6
CONTINUOUS
10
-0.32
20
-2.0485039370078741
11
-0.38
21
-2.0485039370078741
0
LINE
8
BLACK
6
CONTINUOUS
10
-0.38
20
-2.0485039370078741
11
-0.38
21
-1.9885039370078739
0
LINE
8
BLACK
6
CONTINUOUS
10
-0.38
20
-1.9885039370078739
11
-0.32
21
-1.9885039370078739
0
LINE
8
BLACK
6
CONTINUOUS
10
-0.32
20
-1.9885039370078739
11
-0.32
21
-2.0485039370078741
0
LINE
8
BLACK
6
CONTINUOUS
10
-0.22
20
-2.0485039370078741
11
-0.28
21
-2.0485039370078741
0
LINE
8
BLACK
6
CONTINUOUS
10
-0.28
20
-2.0485039370078741
11
-0.28
21
-1.9885039370078739
0
LINE
8
BLACK
6
CONTINUOUS
10
-0.28
20
-1.9885039370078739
11
-0.22
21
-1.9885039370078739
0
LINE
8
BLACK
6
CONTINUOUS
10
-0.22
20
-1.9885039370078739
11
-0.22
21
-2.0485039370078741
0
LINE
8
BLACK
6
CONTINUOUS
10
-0.12
20
-2.0485039370078741
11
-0.18
21
-2.0485039370078741
0
LINE
8
BLACK
6
CONTINUOUS
10
-0.18
20
-2.0485039370078741
11
-0.18
21
-1.9885039370078739
0
LINE
8
BLACK
6
CONTINUOUS
10
-0.18
20
-1.9885039370078739
11
-0.12
21
-1.9885039370078739
0
LINE
8
BLACK
6
CONTINUOUS
10
-0.12
20
-1.9885039370078739
11
-0.12
21
-2.0485039370078741
0
LINE
8
BLACK
6
CONTINUOUS
10
-0.02
20
-2.0485039370078741
11
-0.08
21
-2.0485039370078741
0
LINE
8
BLACK
6
CONTINUOUS
10
-0.08
20
-2.0485039370078741
11
-0.08
21
-1.9885039370078739
0
LINE
8
BLACK
6
CONTINUOUS
10
-0.08
20
-1.9885039370078739
11
-0.02
21
-1.9885039370078739
0
LINE
8
BLACK
6
CONTINUOUS
10
-0.02
20
-1.9885039370078739
11
-0.02
21
-2.0485039370078741
0
LINE
8
BLACK
6
CONTINUOUS
10
0.08
20
-2.0485039370078741
11
0.02
21
-2.0485039370078741
0
LINE
8
BLACK
6
CONTINUOUS
10
0.02
20
-2.0485039370078741
11
0.02
21
-1.9885039370078739
0
LINE
8
BLACK
6
CONTINUOUS
10
0.02
20
-1.9885039370078739
11
0.08
21
-1.9885039370078739
0
LINE
8
BLACK
6
CONTINUOUS
10
0.08
20
-1.9885039370078739
11
0.08
21
-2.0485039370078741
0
LINE
8
BLACK
6
CONTINUOUS
10
0.18
20
-2.0485039370078741
11
0.12
21
-2.0485039370078741
0
LINE
8
BLACK
6
CONTINUOUS
10
0.12
20
-2.0485039370078741
11
0.12
21
-1.9885039370078739
0
LINE
8
BLACK
6
CONTINUOUS
10
0.12
20
-1.9885039370078739
11
0.18
21
-1.9885039370078739
0
LINE
8
BLACK
6
CONTINUOUS
10
0.18
20
-1.9885039370078739
11
0.18
21
-2.0485039370078741
0
LINE
8
BLACK
6
CONTINUOUS
10
0.28
20
-2.0485039370078741
11
0.22
21
-2.0485039370078741
0
LINE
8
BLACK
6
CONTINUOUS
10
0.22
20
-2.0485039370078741
11
0.22
21
-1.9885039370078739
0
LINE
8
BLACK
6
CONTINUOUS
10
0.22
20
-1.9885039370078739
11
0.28
21
-1.9885039370078739
0
LINE
8
BLACK
6
CONTINUOUS
10
0.28
20
-1.9885039370078739
11
0.28
21
-2.0485039370078741
0
LINE
8
BLACK
6
CONTINUOUS
10
0.38
20
-2.0485039370078741
11
0.32
21
-2.0485039370078741
0
LINE
8
BLACK
6
CONTINUOUS
10
0.32
20
-2.0485039370078741
11
0.32
21
-1.9885039370078739
0
LINE
8
BLACK
6
CONTINUOUS
10
0.32
20
-1.9885039370078739
11
0.38
21
-1.9885039370078739
0
LINE
8
BLACK
6
CONTINUOUS
10
0.38
20
-1.9885039370078739
11
0.38
21
-2.0485039370078741
0
LINE
8
BLACK
6
CONTINUOUS
10
0.48
20
-2.0485039370078741
11
0.42
21
-2.0485039370078741
0
LINE
8
BLACK
6
CONTINUOUS
10
0.42
20
-2.0485039370078741
11
0.42
21
-1.9885039370078739
0
LINE
8
BLACK
6
CONTINUOUS
10
0.42
20
-1.9885039370078739
11
0.48
21
-1.9885039370078739
0
LINE
8
BLACK
6
CONTINUOUS
10
0.48
20
-1.9885039370078739
11
0.48
21
-2.0485039370078741
0
LINE
8
BLACK
6
CONTINUOUS
10
-0.32
20
-1.9485039370078741
11
-0.38
21
-1.9485039370078741
0
LINE
8
BLACK
6
CONTINUOUS
10
-0.38
20
-1.9485039370078741
11
-0.38
21
-1.888503937007874
0
LINE
8
BLACK
6
CONTINUOUS
10
-0.38
20
-1.888503937007874
11
-0.32
21
-1.888503937007874
0
LINE
8
BLACK
6
CONTINUOUS
10
-0.32
20
-1.888503937007874
11
-0.32
21
-1.9485039370078741
0
LINE
8
BLACK
6
CONTINUOUS
10
-0.12
20
-1.9485039370078741
11
-0.18
21
-1.9485039370078741
0
LINE
8
BLACK
6
CONTINUOUS
10
-0.18
20
-1.9485039370078741
11
-0.18
21
-1.888503937007874
0
LINE
8
BLACK
6
CONTINUOUS
10
-0.18
20
-1.888503937007874
11
-0.12
21
-1.888503937007874
0
LINE
8
BLACK
6
CONTINUOUS
10
-0.12
20
-1.888503937007874
11
-0.12
21
-1.9485039370078741
0
LINE
8
BLACK
6
CONTINUOUS
10
-0.02
20
-1.9485039370078741
11
-0.08
21
-1.9485039370078741
0
LINE
8
BLACK
6
CONTINUOUS
10
-0.08
20
-1.9485039370078741
11
-0.08
21
-1.888503937007874
0
LINE
8
BLACK
6
CONTINUOUS
10
-0.08
20
-1.888503937007874
11
-0.02
21
-1.888503937007874
0
LINE
8
BLACK
6
CONTINUOUS
10
-0.02
20
-1.888503937007874
11
-0.02
21
-1.9485039370078741
0
LINE
8
BLACK
6
CONTINUOUS
10
0.08
20
-1.9485039370078741
11
0.02
21
-1.9485039370078741
0
LINE
8
BLACK
6
CONTINUOUS
10
0.02
20
-1.9485039370078741
11
0.02
21
-1.888503937007874
0
LINE
8
BLACK
6
CONTINUOUS
10
0.02
20
-1.888503937007874
11
0.08
21
-1.888503937007874
0
LINE
8
BLACK
6
CONTINUOUS
10
0.08
20
-1.888503937007874
11
0.08
21
-1.9485039370078741
0
LINE
8
BLACK
6
CONTINUOUS
10
0.18
20
-1.9485039370078741
11
0.12
21
-1.9485039370078741
0
LINE
8
BLACK
6
CONTINUOUS
10
0.12
20
-1.9485039370078741
11
0.12
21
-1.888503937007874
0
LINE
8
BLACK
6
CONTINUOUS
10
0.12
20
-1.888503937007874
11
0.18
21
-1.888503937007874
0
LINE
8
BLACK
6
CONTINUOUS
10
0.18
20
-1.888503937007874
11
0.18
21
-1.9485039370078741
0
LINE
8
BLACK
6
CONTINUOUS
10
0.28
20
-1.9485039370078741
11
0.22
21
-1.9485039370078741
0
LINE
8
BLACK
6
CONTINUOUS
10
0.22
20
-1.9485039370078741
11
0.22
21
-1.888503937007874
0
LINE
8
BLACK
6
CONTINUOUS
10
0.22
20
-1.888503937007874
11
0.28
21
-1.888503937007874
0
LINE
8
BLACK
6
CONTINUOUS
10
0.28
20
-1.888503937007874
11
0.28
21
-1.9485039370078741
0
LINE
8
BLACK
6
CONTINUOUS
10
0.38
20
-1.9485039370078741
11
0.32
21
-1.9485039370078741
0
LINE
8
BLACK
6
CONTINUOUS
10
0.32
20
-1.9485039370078741
11
0.32
21
-1.888503937007874
0
LINE
8
BLACK
6
CONTINUOUS
10
0.32
20
-1.888503937007874
11
0.38
21
-1.888503937007874
0
LINE
8
BLACK
6
CONTINUOUS
10
0.38
20
-1.888503937007874
11
0.38
21
-1.9485039370078741
0
LINE
8
BLACK
6
CONTINUOUS
10
0.48
20
-1.9485039370078741
11
0.42
21
-1.9485039370078741
0
LINE
8
BLACK
6
CONTINUOUS
10
0.42
20
-1.9485039370078741
11
0.42
21
-1.888503937007874
0
LINE
8
BLACK
6
CONTINUOUS
10
0.42
20
-1.888503937007874
11
0.48
21
-1.888503937007874
0
LINE
8
BLACK
6
CONTINUOUS
10
0.48
20
-1.888503937007874
11
0.48
21
-1.9485039370078741
0
LINE
8
BLACK
6
CONTINUOUS
10
-0.9546034251968504
20
0.8491949606299213
11
-0.9510431102362205
21
0.8471394094488188
0
LINE
8
BLACK
6
CONTINUOUS
10
-0.9510431102362205
20
0.8471394094488188
11
-0.9481361811023622
21
0.8442324803149606
0
LINE
8
BLACK
6
CONTINUOUS
10
-0.9481361811023622
20
0.8442324803149606
11
-0.9460806299212599
21
0.8406721653543306
0
LINE
8
BLACK
6
CONTINUOUS
10
-0.9460806299212599
20
0.8406721653543306
11
-0.9450166141732284
21
0.8367011811023621
0
LINE
8
BLACK
6
CONTINUOUS
10
-0.9450166141732284
20
0.8367011811023621
11
-0.9450166141732284
21
0.832590157480315
0
LINE
8
BLACK
6
CONTINUOUS
10
-0.9450166141732284
20
0.832590157480315
11
-0.9460806299212599
21
0.8286191732283464
0
LINE
8
BLACK
6
CONTINUOUS
10
-0.9460806299212599
20
0.8286191732283464
11
-0.9481361811023622
21
0.8250588582677165
0
LINE
8
BLACK
6
CONTINUOUS
10
-0.9481361811023622
20
0.8250588582677165
11
-0.9510431102362205
21
0.8221519291338583
0
LINE
8
BLACK
6
CONTINUOUS
10
-0.9510431102362205
20
0.8221519291338583
11
-0.9546034251968504
21
0.8200963779527559
0
LINE
8
BLACK
6
CONTINUOUS
10
-0.9546034251968504
20
0.8200963779527559
11
-0.9585744094488189
21
0.8190323622047244
0
LINE
8
BLACK
6
CONTINUOUS
10
-0.9585744094488189
20
0.8190323622047244
11
-0.9626854330708661
21
0.8190323622047244
0
LINE
8
BLACK
6
CONTINUOUS
10
-0.9626854330708661
20
0.8190323622047244
11
-0.9634980314960629
21
0.8192501181102362
0
LINE
8
BLACK
6
CONTINUOUS
10
-0.9634980314960629
20
0.8192501181102362
11
-0.9911417322834646
21
0.7916063779527559
0
LINE
8
BLACK
6
CONTINUOUS
10
-0.9911417322834646
20
0.7916063779527559
11
-0.9911417322834646
21
-0.8545985039370079
0
LINE
8
BLACK
6
CONTINUOUS
10
-0.9911417322834646
20
-0.8545985039370079
11
-0.2758583464566929
21
-1.5698818897637794
0
LINE
8
BLACK
6
CONTINUOUS
10
-0.2758583464566929
20
-1.5698818897637794
11
-0.1643700787401575
21
-1.5698818897637794
0
LINE
8
BLACK
6
CONTINUOUS
10
-0.1643700787401575
20
-1.5698818897637794
11
-0.1626419291338583
21
-1.5700520866141732
0
LINE
8
BLACK
6
CONTINUOUS
10
-0.1626419291338583
20
-1.5700520866141732
11
-0.1626418897637795
21
-1.5700520866141732
0
LINE
8
BLACK
6
CONTINUOUS
10
-0.1626418897637795
20
-1.5700520866141732
11
-0.1594486614173228
21
-1.5713747637795275
0
LINE
8
BLACK
6
CONTINUOUS
10
-0.1594486614173228
20
-1.5713747637795275
11
-0.1581063385826772
21
-1.5724764173228347
0
LINE
8
BLACK
6
CONTINUOUS
10
-0.1581063385826772
20
-1.5724764173228347
11
-0.0461751968503937
21
-1.684407559055118
0
LINE
8
BLACK
6
CONTINUOUS
10
-0.0461751968503937
20
-1.684407559055118
11
-0.0453625984251968
21
-1.6841898425196851
0
LINE
8
BLACK
6
CONTINUOUS
10
-0.0453625984251968
20
-1.6841898425196851
11
-0.0412515748031496
21
-1.6841898425196851
0
LINE
8
BLACK
6
CONTINUOUS
10
-0.0412515748031496
20
-1.6841898425196851
11
-0.0372805905511811
21
-1.6852538582677166
0
LINE
8
BLACK
6
CONTINUOUS
10
-0.0372805905511811
20
-1.6852538582677166
11
-0.0337202755905512
21
-1.6873094094488188
0
LINE
8
BLACK
6
CONTINUOUS
10
-0.0337202755905512
20
-1.6873094094488188
11
-0.0308133464566929
21
-1.6902163385826772
0
LINE
8
BLACK
6
CONTINUOUS
10
-0.0308133464566929
20
-1.6902163385826772
11
-0.0287577952755905
21
-1.693776653543307
0
LINE
8
BLACK
6
CONTINUOUS
10
-0.0287577952755905
20
-1.693776653543307
11
-0.0276937795275591
21
-1.6977476377952756
0
LINE
8
BLACK
6
CONTINUOUS
10
-0.0276937795275591
20
-1.6977476377952756
11
-0.0276937795275591
21
-1.7018586614173228
0
LINE
8
BLACK
6
CONTINUOUS
10
-0.0276937795275591
20
-1.7018586614173228
11
-0.0287577952755905
21
-1.7058296456692914
0
LINE
8
BLACK
6
CONTINUOUS
10
-0.0287577952755905
20
-1.7058296456692914
11
-0.0308133464566929
21
-1.7093899606299212
0
LINE
8
BLACK
6
CONTINUOUS
10
-0.0308133464566929
20
-1.7093899606299212
11
-0.0337202755905512
21
-1.7122968897637796
0
LINE
8
BLACK
6
CONTINUOUS
10
-0.0337202755905512
20
-1.7122968897637796
11
-0.0372805905511811
21
-1.7143524409448818
0
LINE
8
BLACK
6
CONTINUOUS
10
-0.0372805905511811
20
-1.7143524409448818
11
-0.0412515748031496
21
-1.7154164566929133
0
LINE
8
BLACK
6
CONTINUOUS
10
-0.0412515748031496
20
-1.7154164566929133
11
-0.0453625984251968
21
-1.7154164566929133
0
LINE
8
BLACK
6
CONTINUOUS
10
-0.0453625984251968
20
-1.7154164566929133
11
-0.0493335826771654
21
-1.7143524409448818
0
LINE
8
BLACK
6
CONTINUOUS
10
-0.0493335826771654
20
-1.7143524409448818
11
-0.0528938976377953
21
-1.7122968897637796
0
LINE
8
BLACK
6
CONTINUOUS
10
-0.0528938976377953
20
-1.7122968897637796
11
-0.0558008267716535
21
-1.7093899606299212
0
LINE
8
BLACK
6
CONTINUOUS
10
-0.0558008267716535
20
-1.7093899606299212
11
-0.0578563779527559
21
-1.7058296456692914
0
LINE
8
BLACK
6
CONTINUOUS
10
-0.0578563779527559
20
-1.7058296456692914
11
-0.0589203937007874
21
-1.7018586614173228
0
LINE
8
BLACK
6
CONTINUOUS
10
-0.0589203937007874
20
-1.7018586614173228
11
-0.0589203937007874
21
-1.6977476377952756
0
LINE
8
BLACK
6
CONTINUOUS
10
-0.0589203937007874
20
-1.6977476377952756
11
-0.0587026771653543
21
-1.6969350393700786
0
LINE
8
BLACK
6
CONTINUOUS
10
-0.0587026771653543
20
-1.6969350393700786
11
-0.1680392913385827
21
-1.5875984251968505
0
LINE
8
BLACK
6
CONTINUOUS
10
-0.1680392913385827
20
-1.5875984251968505
11
-0.2795275590551181
21
-1.5875984251968505
0
LINE
8
BLACK
6
CONTINUOUS
10
-0.2795275590551181
20
-1.5875984251968505
11
-0.2812557086614173
21
-1.5874282283464567
0
LINE
8
BLACK
6
CONTINUOUS
10
-0.2812557086614173
20
-1.5874282283464567
11
-0.2812557480314961
21
-1.5874282283464567
0
LINE
8
BLACK
6
CONTINUOUS
10
-0.2812557480314961
20
-1.5874282283464567
11
-0.2844489763779527
21
-1.5861055511811024
0
LINE
8
BLACK
6
CONTINUOUS
10
-0.2844489763779527
20
-1.5861055511811024
11
-0.2857912992125984
21
-1.5850038976377951
0
LINE
8
BLACK
6
CONTINUOUS
10
-0.2857912992125984
20
-1.5850038976377951
11
-1.0062637401574803
21
-0.8645314566929133
0
LINE
8
BLACK
6
CONTINUOUS
10
-1.0062637401574803
20
-0.8645314566929133
11
-1.0073653937007874
21
-0.8631891338582677
0
LINE
8
BLACK
6
CONTINUOUS
10
-1.0073653937007874
20
-0.8631891338582677
11
-1.0086880708661417
21
-0.859995905511811
0
LINE
8
BLACK
6
CONTINUOUS
10
-1.0086880708661417
20
-0.859995905511811
11
-1.0086880708661417
21
-0.8599958661417323
0
LINE
8
BLACK
6
CONTINUOUS
10
-1.0086880708661417
20
-0.8599958661417323
11
-1.0088582677165354
21
-0.8582677165354331
0
LINE
8
BLACK
6
CONTINUOUS
10
-1.0088582677165354
20
-0.8582677165354331
11
-1.0088582677165354
21
0.7952755905511811
0
LINE
8
BLACK
6
CONTINUOUS
10
-1.0088582677165354
20
0.7952755905511811
11
-1.0086880708661417
21
0.7970037401574803
0
LINE
8
BLACK
6
CONTINUOUS
10
-1.0086880708661417
20
0.7970037401574803
11
-1.0084903543307087
21
0.7974810236220472
0
LINE
8
BLACK
6
CONTINUOUS
10
-1.0084903543307087
20
0.7974810236220472
11
-1.0073653937007874
21
0.8001970078740157
0
LINE
8
BLACK
6
CONTINUOUS
10
-1.0073653937007874
20
0.8001970078740157
11
-1.0062637401574803
21
0.8015393307086613
0
LINE
8
BLACK
6
CONTINUOUS
10
-1.0062637401574803
20
0.8015393307086613
11
-0.9760255118110236
21
0.8317775984251968
0
LINE
8
BLACK
6
CONTINUOUS
10
-0.9760255118110236
20
0.8317775984251968
11
-0.9762432283464567
21
0.832590157480315
0
LINE
8
BLACK
6
CONTINUOUS
10
-0.9762432283464567
20
0.832590157480315
11
-0.9762432283464567
21
0.8367011811023621
0
LINE
8
BLACK
6
CONTINUOUS
10
-0.9762432283464567
20
0.8367011811023621
11
-0.9751792125984252
21
0.8406721653543306
0
LINE
8
BLACK
6
CONTINUOUS
10
-0.9751792125984252
20
0.8406721653543306
11
-0.9731236614173228
21
0.8442324803149606
0
LINE
8
BLACK
6
CONTINUOUS
10
-0.9731236614173228
20
0.8442324803149606
11
-0.9702167322834645
21
0.8471394094488188
0
LINE
8
BLACK
6
CONTINUOUS
10
-0.9702167322834645
20
0.8471394094488188
11
-0.9666564173228346
21
0.8491949606299213
0
LINE
8
BLACK
6
CONTINUOUS
10
-0.9666564173228346
20
0.8491949606299213
11
-0.9626854330708661
21
0.8502589763779528
0
LINE
8
BLACK
6
CONTINUOUS
10
-0.9626854330708661
20
0.8502589763779528
11
-0.9585744094488189
21
0.8502589763779528
0
LINE
8
BLACK
6
CONTINUOUS
10
-0.9585744094488189
20
0.8502589763779528
11
-0.9546034251968504
21
0.8491949606299213
0
LINE
8
BLACK
6
CONTINUOUS
10
-0.9099827952755906
20
0.8478814173228346
11
-0.9064224803149606
21
0.8458258661417323
0
LINE
8
BLACK
6
CONTINUOUS
10
-0.9064224803149606
20
0.8458258661417323
11
-0.9035155511811024
21
0.842918937007874
0
LINE
8
BLACK
6
CONTINUOUS
10
-0.9035155511811024
20
0.842918937007874
11
-0.9014599999999999
21
0.8393586220472441
0
LINE
8
BLACK
6
CONTINUOUS
10
-0.9014599999999999
20
0.8393586220472441
11
-0.9003959842519684
21
0.8353876377952756
0
LINE
8
BLACK
6
CONTINUOUS
10
-0.9003959842519684
20
0.8353876377952756
11
-0.9003959842519684
21
0.8312766141732283
0
LINE
8
BLACK
6
CONTINUOUS
10
-0.9003959842519684
20
0.8312766141732283
11
-0.9014599999999999
21
0.8273056299212598
0
LINE
8
BLACK
6
CONTINUOUS
10
-0.9014599999999999
20
0.8273056299212598
11
-0.9035155511811024
21
0.8237453149606299
0
LINE
8
BLACK
6
CONTINUOUS
10
-0.9035155511811024
20
0.8237453149606299
11
-0.9064224803149606
21
0.8208383858267716
0
LINE
8
BLACK
6
CONTINUOUS
10
-0.9064224803149606
20
0.8208383858267716
11
-0.9071510236220472
21
0.8204177952755906
0
LINE
8
BLACK
6
CONTINUOUS
10
-0.9071510236220472
20
0.8204177952755906
11
-0.9071510236220472
21
-0.7338648031496063
0
LINE
8
BLACK
6
CONTINUOUS
10
-0.9071510236220472
20
-0.7338648031496063
11
-0.2758583464566929
21
-1.3651574803149606
0
LINE
8
BLACK
6
CONTINUOUS
10
-0.2758583464566929
20
-1.3651574803149606
11
-0.1625206692913386
21
-1.3651574803149606
0
LINE
8
BLACK
6
CONTINUOUS
10
-0.1625206692913386
20
-1.3651574803149606
11
-0.1621000393700787
21
-1.3644289370078739
0
LINE
8
BLACK
6
CONTINUOUS
10
-0.1621000393700787
20
-1.3644289370078739
11
-0.1591931102362205
21
-1.3615220078740158
0
LINE
8
BLACK
6
CONTINUOUS
10
-0.1591931102362205
20
-1.3615220078740158
11
-0.1556327952755905
21
-1.3594664566929133
0
LINE
8
BLACK
6
CONTINUOUS
10
-0.1556327952755905
20
-1.3594664566929133
11
-0.1516618110236221
21
-1.3584024409448818
0
LINE
8
BLACK
6
CONTINUOUS
10
-0.1516618110236221
20
-1.3584024409448818
11
-0.1475507874015748
21
-1.3584024409448818
0
LINE
8
BLACK
6
CONTINUOUS
10
-0.1475507874015748
20
-1.3584024409448818
11
-0.1435798031496063
21
-1.3594664566929133
0
LINE
8
BLACK
6
CONTINUOUS
10
-0.1435798031496063
20
-1.3594664566929133
11
-0.1400194881889764
21
-1.3615220078740158
0
LINE
8
BLACK
6
CONTINUOUS
10
-0.1400194881889764
20
-1.3615220078740158
11
-0.1371125590551181
21
-1.3644289370078739
0
LINE
8
BLACK
6
CONTINUOUS
10
-0.1371125590551181
20
-1.3644289370078739
11
-0.1350570078740158
21
-1.367989251968504
0
LINE
8
BLACK
6
CONTINUOUS
10
-0.1350570078740158
20
-1.367989251968504
11
-0.1339929921259843
21
-1.3719602362204724
0
LINE
8
BLACK
6
CONTINUOUS
10
-0.1339929921259843
20
-1.3719602362204724
11
-0.1339929921259843
21
-1.3760712598425195
0
LINE
8
BLACK
6
CONTINUOUS
10
-0.1339929921259843
20
-1.3760712598425195
11
-0.1350570078740158
21
-1.3800422440944882
0
LINE
8
BLACK
6
CONTINUOUS
10
-0.1350570078740158
20
-1.3800422440944882
11
-0.1371125590551181
21
-1.383602559055118
0
LINE
8
BLACK
6
CONTINUOUS
10
-0.1371125590551181
20
-1.383602559055118
11
-0.1400194881889764
21
-1.3865094881889763
0
LINE
8
BLACK
6
CONTINUOUS
10
-0.1400194881889764
20
-1.3865094881889763
11
-0.1435798031496063
21
-1.3885650393700788
0
LINE
8
BLACK
6
CONTINUOUS
10
-0.1435798031496063
20
-1.3885650393700788
11
-0.1475507874015748
21
-1.3896290551181103
0
LINE
8
BLACK
6
CONTINUOUS
10
-0.1475507874015748
20
-1.3896290551181103
11
-0.1516618110236221
21
-1.3896290551181103
0
LINE
8
BLACK
6
CONTINUOUS
10
-0.1516618110236221
20
-1.3896290551181103
11
-0.1556327952755905
21
-1.3885650393700788
0
LINE
8
BLACK
6
CONTINUOUS
10
-0.1556327952755905
20
-1.3885650393700788
11
-0.1591931102362205
21
-1.3865094881889763
0
LINE
8
BLACK
6
CONTINUOUS
10
-0.1591931102362205
20
-1.3865094881889763
11
-0.1621000393700787
21
-1.383602559055118
0
LINE
8
BLACK
6
CONTINUOUS
10
-0.1621000393700787
20
-1.383602559055118
11
-0.1625206692913386
21
-1.3828740157480315
0
LINE
8
BLACK
6
CONTINUOUS
10
-0.1625206692913386
20
-1.3828740157480315
11
-0.2795275590551181
21
-1.3828740157480315
0
LINE
8
BLACK
6
CONTINUOUS
10
-0.2795275590551181
20
-1.3828740157480315
11
-0.2812557086614173
21
-1.3827038188976377
0
LINE
8
BLACK
6
CONTINUOUS
10
-0.2812557086614173
20
-1.3827038188976377
11
-0.2812557480314961
21
-1.3827038188976377
0
LINE
8
BLACK
6
CONTINUOUS
10
-0.2812557480314961
20
-1.3827038188976377
11
-0.2844489763779527
21
-1.3813811417322834
0
LINE
8
BLACK
6
CONTINUOUS
10
-0.2844489763779527
20
-1.3813811417322834
11
-0.2857912992125984
21
-1.3802794881889764
0
LINE
8
BLACK
6
CONTINUOUS
10
-0.2857912992125984
20
-1.3802794881889764
11
-0.922273031496063
21
-0.7437977559055118
0
LINE
8
BLACK
6
CONTINUOUS
10
-0.922273031496063
20
-0.7437977559055118
11
-0.92337468503937
21
-0.7424554330708661
0
LINE
8
BLACK
6
CONTINUOUS
10
-0.92337468503937
20
-0.7424554330708661
11
-0.9246973622047244
21
-0.7392622047244094
0
LINE
8
BLACK
6
CONTINUOUS
10
-0.9246973622047244
20
-0.7392622047244094
11
-0.9246973622047244
21
-0.7392621653543306
0
LINE
8
BLACK
6
CONTINUOUS
10
-0.9246973622047244
20
-0.7392621653543306
11
-0.9248675590551181
21
-0.7375340157480315
0
LINE
8
BLACK
6
CONTINUOUS
10
-0.9248675590551181
20
-0.7375340157480315
11
-0.9248675590551181
21
0.8204177952755906
0
LINE
8
BLACK
6
CONTINUOUS
10
-0.9248675590551181
20
0.8204177952755906
11
-0.9255961023622047
21
0.8208383858267716
0
LINE
8
BLACK
6
CONTINUOUS
10
-0.9255961023622047
20
0.8208383858267716
11
-0.9285030314960629
21
0.8237453149606299
0
LINE
8
BLACK
6
CONTINUOUS
10
-0.9285030314960629
20
0.8237453149606299
11
-0.9305585826771653
21
0.8273056299212598
0
LINE
8
BLACK
6
CONTINUOUS
10
-0.9305585826771653
20
0.8273056299212598
11
-0.9316225984251968
21
0.8312766141732283
0
LINE
8
BLACK
6
CONTINUOUS
10
-0.9316225984251968
20
0.8312766141732283
11
-0.9316225984251968
21
0.8353876377952756
0
LINE
8
BLACK
6
CONTINUOUS
10
-0.9316225984251968
20
0.8353876377952756
11
-0.9305585826771653
21
0.8393586220472441
0
LINE
8
BLACK
6
CONTINUOUS
10
-0.9305585826771653
20
0.8393586220472441
11
-0.9285030314960629
21
0.842918937007874
0
LINE
8
BLACK
6
CONTINUOUS
10
-0.9285030314960629
20
0.842918937007874
11
-0.9255961023622047
21
0.8458258661417323
0
LINE
8
BLACK
6
CONTINUOUS
10
-0.9255961023622047
20
0.8458258661417323
11
-0.9220357874015748
21
0.8478814173228346
0
LINE
8
BLACK
6
CONTINUOUS
10
-0.9220357874015748
20
0.8478814173228346
11
-0.9180648031496063
21
0.8489454330708661
0
LINE
8
BLACK
6
CONTINUOUS
10
-0.9180648031496063
20
0.8489454330708661
11
-0.9139537795275591
21
0.8489454330708661
0
LINE
8
BLACK
6
CONTINUOUS
10
-0.9139537795275591
20
0.8489454330708661
11
-0.9099827952755906
21
0.8478814173228346
0
LINE
8
BLACK
6
CONTINUOUS
10
-0.8640522440944882
20
0.8491949606299213
11
-0.8604919291338583
21
0.8471394094488188
0
LINE
8
BLACK
6
CONTINUOUS
10
-0.8604919291338583
20
0.8471394094488188
11
-0.8575849999999999
21
0.8442324803149606
0
LINE
8
BLACK
6
CONTINUOUS
10
-0.8575849999999999
20
0.8442324803149606
11
-0.8555294488188976
21
0.8406721653543306
0
LINE
8
BLACK
6
CONTINUOUS
10
-0.8555294488188976
20
0.8406721653543306
11
-0.8544654330708661
21
0.8367011811023621
0
LINE
8
BLACK
6
CONTINUOUS
10
-0.8544654330708661
20
0.8367011811023621
11
-0.8544654330708661
21
0.832590157480315
0
LINE
8
BLACK
6
CONTINUOUS
10
-0.8544654330708661
20
0.832590157480315
11
-0.8555294488188976
21
0.8286191732283464
0
LINE
8
BLACK
6
CONTINUOUS
10
-0.8555294488188976
20
0.8286191732283464
11
-0.8575849999999999
21
0.8250588582677165
0
LINE
8
BLACK
6
CONTINUOUS
10
-0.8575849999999999
20
0.8250588582677165
11
-0.8604919291338583
21
0.8221519291338583
0
LINE
8
BLACK
6
CONTINUOUS
10
-0.8604919291338583
20
0.8221519291338583
11
-0.8612204724409449
21
0.8217313385826771
0
LINE
8
BLACK
6
CONTINUOUS
10
-0.8612204724409449
20
0.8217313385826771
11
-0.8612204724409449
21
0.6099684251968504
0
LINE
8
BLACK
6
CONTINUOUS
10
-0.8612204724409449
20
0.6099684251968504
11
-0.769326811023622
21
0.5180747637795275
0
LINE
8
BLACK
6
CONTINUOUS
10
-0.769326811023622
20
0.5180747637795275
11
-0.7682251574803149
21
0.5167324015748032
0
LINE
8
BLACK
6
CONTINUOUS
10
-0.7682251574803149
20
0.5167324015748032
11
-0.7669024803149607
21
0.5135391732283464
0
LINE
8
BLACK
6
CONTINUOUS
10
-0.7669024803149607
20
0.5135391732283464
11
-0.7667322834645669
21
0.5118110236220472
0
LINE
8
BLACK
6
CONTINUOUS
10
-0.7667322834645669
20
0.5118110236220472
11
-0.7667322834645669
21
-0.618378031496063
0
LINE
8
BLACK
6
CONTINUOUS
10
-0.7667322834645669
20
-0.618378031496063
11
-0.2378307480314961
21
-1.1472795669291338
0
LINE
8
BLACK
6
CONTINUOUS
10
-0.2378307480314961
20
-1.1472795669291338
11
-0.236729094488189
21
-1.1486218897637794
0
LINE
8
BLACK
6
CONTINUOUS
10
-0.236729094488189
20
-1.1486218897637794
11
-0.2356040551181102
21
-1.1513379527559056
0
LINE
8
BLACK
6
CONTINUOUS
10
-0.2356040551181102
20
-1.1513379527559056
11
-0.2354064173228346
21
-1.151815157480315
0
LINE
8
BLACK
6
CONTINUOUS
10
-0.2354064173228346
20
-1.151815157480315
11
-0.2352362204724409
21
-1.1535433070866141
0
LINE
8
BLACK
6
CONTINUOUS
10
-0.2352362204724409
20
-1.1535433070866141
11
-0.2352362204724409
21
-1.2075580708661418
0
LINE
8
BLACK
6
CONTINUOUS
10
-0.2352362204724409
20
-1.2075580708661418
11
-0.2345076771653543
21
-1.2079787007874014
0
LINE
8
BLACK
6
CONTINUOUS
10
-0.2345076771653543
20
-1.2079787007874014
11
-0.2316007480314961
21
-1.2108856299212598
0
LINE
8
BLACK
6
CONTINUOUS
10
-0.2316007480314961
20
-1.2108856299212598
11
-0.2295451968503937
21
-1.2144459448818898
0
LINE
8
BLACK
6
CONTINUOUS
10
-0.2295451968503937
20
-1.2144459448818898
11
-0.2284811811023622
21
-1.2184169291338582
0
LINE
8
BLACK
6
CONTINUOUS
10
-0.2284811811023622
20
-1.2184169291338582
11
-0.2284811811023622
21
-1.2225279527559054
0
LINE
8
BLACK
6
CONTINUOUS
10
-0.2284811811023622
20
-1.2225279527559054
11
-0.2295451968503937
21
-1.226498937007874
0
LINE
8
BLACK
6
CONTINUOUS
10
-0.2295451968503937
20
-1.226498937007874
11
-0.2316007480314961
21
-1.2300592519685039
0
LINE
8
BLACK
6
CONTINUOUS
10
-0.2316007480314961
20
-1.2300592519685039
11
-0.2345076771653543
21
-1.2329661811023622
0
LINE
8
BLACK
6
CONTINUOUS
10
-0.2345076771653543
20
-1.2329661811023622
11
-0.2380679921259843
21
-1.2350217322834645
0
LINE
8
BLACK
6
CONTINUOUS
10
-0.2380679921259843
20
-1.2350217322834645
11
-0.2420389763779527
21
-1.236085748031496
0
LINE
8
BLACK
6
CONTINUOUS
10
-0.2420389763779527
20
-1.236085748031496
11
-0.24615
21
-1.236085748031496
0
LINE
8
BLACK
6
CONTINUOUS
10
-0.24615
20
-1.236085748031496
11
-0.2501209842519685
21
-1.2350217322834645
0
LINE
8
BLACK
6
CONTINUOUS
10
-0.2501209842519685
20
-1.2350217322834645
11
-0.2536812992125984
21
-1.2329661811023622
0
LINE
8
BLACK
6
CONTINUOUS
10
-0.2536812992125984
20
-1.2329661811023622
11
-0.2565882283464567
21
-1.2300592519685039
0
LINE
8
BLACK
6
CONTINUOUS
10
-0.2565882283464567
20
-1.2300592519685039
11
-0.2586437795275591
21
-1.226498937007874
0
LINE
8
BLACK
6
CONTINUOUS
10
-0.2586437795275591
20
-1.226498937007874
11
-0.2597077952755906
21
-1.2225279527559054
0
LINE
8
BLACK
6
CONTINUOUS
10
-0.2597077952755906
20
-1.2225279527559054
11
-0.2597077952755906
21
-1.2184169291338582
0
LINE
8
BLACK
6
CONTINUOUS
10
-0.2597077952755906
20
-1.2184169291338582
11
-0.2586437795275591
21
-1.2144459448818898
0
LINE
8
BLACK
6
CONTINUOUS
10
-0.2586437795275591
20
-1.2144459448818898
11
-0.2565882283464567
21
-1.2108856299212598
0
LINE
8
BLACK
6
CONTINUOUS
10
-0.2565882283464567
20
-1.2108856299212598
11
-0.2536812992125984
21
-1.2079787007874014
0
LINE
8
BLACK
6
CONTINUOUS
10
-0.2536812992125984
20
-1.2079787007874014
11
-0.2529527559055118
21
-1.2075580708661418
0
LINE
8
BLACK
6
CONTINUOUS
10
-0.2529527559055118
20
-1.2075580708661418
11
-0.2529527559055118
21
-1.1572125196850394
0
LINE
8
BLACK
6
CONTINUOUS
10
-0.2529527559055118
20
-1.1572125196850394
11
-0.7818542913385826
21
-0.6283109842519685
0
LINE
8
BLACK
6
CONTINUOUS
10
-0.7818542913385826
20
-0.6283109842519685
11
-0.7829559448818898
21
-0.6269686614173228
0
LINE
8
BLACK
6
CONTINUOUS
10
-0.7829559448818898
20
-0.6269686614173228
11
-0.7842786220472441
21
-0.6237754330708661
0
LINE
8
BLACK
6
CONTINUOUS
10
-0.7842786220472441
20
-0.6237754330708661
11
-0.7842786220472441
21
-0.6237753937007874
0
LINE
8
BLACK
6
CONTINUOUS
10
-0.7842786220472441
20
-0.6237753937007874
11
-0.7844488188976377
21
-0.6220472440944882
0
LINE
8
BLACK
6
CONTINUOUS
10
-0.7844488188976377
20
-0.6220472440944882
11
-0.7844488188976377
21
0.508141811023622
0
LINE
8
BLACK
6
CONTINUOUS
10
-0.7844488188976377
20
0.508141811023622
11
-0.8763424803149606
21
0.6000354724409449
0
LINE
8
BLACK
6
CONTINUOUS
10
-0.8763424803149606
20
0.6000354724409449
11
-0.8774441338582677
21
0.6013777952755905
0
LINE
8
BLACK
6
CONTINUOUS
10
-0.8774441338582677
20
0.6013777952755905
11
-0.878766811023622
21
0.6045710236220472
0
LINE
8
BLACK
6
CONTINUOUS
10
-0.878766811023622
20
0.6045710236220472
11
-0.878766811023622
21
0.6045710629921259
0
LINE
8
BLACK
6
CONTINUOUS
10
-0.878766811023622
20
0.6045710629921259
11
-0.8789370078740157
21
0.6062992125984252
0
LINE
8
BLACK
6
CONTINUOUS
10
-0.8789370078740157
20
0.6062992125984252
11
-0.8789370078740157
21
0.8217313385826771
0
LINE
8
BLACK
6
CONTINUOUS
10
-0.8789370078740157
20
0.8217313385826771
11
-0.8796655511811023
21
0.8221519291338583
0
LINE
8
BLACK
6
CONTINUOUS
10
-0.8796655511811023
20
0.8221519291338583
11
-0.8825724803149606
21
0.8250588582677165
0
LINE
8
BLACK
6
CONTINUOUS
10
-0.8825724803149606
20
0.8250588582677165
11
-0.8846280314960629
21
0.8286191732283464
0
LINE
8
BLACK
6
CONTINUOUS
10
-0.8846280314960629
20
0.8286191732283464
11
-0.8856920472440944
21
0.832590157480315
0
LINE
8
BLACK
6
CONTINUOUS
10
-0.8856920472440944
20
0.832590157480315
11
-0.8856920472440944
21
0.8367011811023621
0
LINE
8
BLACK
6
CONTINUOUS
10
-0.8856920472440944
20
0.8367011811023621
11
-0.8846280314960629
21
0.8406721653543306
0
LINE
8
BLACK
6
CONTINUOUS
10
-0.8846280314960629
20
0.8406721653543306
11
-0.8825724803149606
21
0.8442324803149606
0
LINE
8
BLACK
6
CONTINUOUS
10
-0.8825724803149606
20
0.8442324803149606
11
-0.8796655511811023
21
0.8471394094488188
0
LINE
8
BLACK
6
CONTINUOUS
10
-0.8796655511811023
20
0.8471394094488188
11
-0.8761052362204724
21
0.8491949606299213
0
LINE
8
BLACK
6
CONTINUOUS
10
-0.8761052362204724
20
0.8491949606299213
11
-0.8721342519685039
21
0.8502589763779528
0
LINE
8
BLACK
6
CONTINUOUS
10
-0.8721342519685039
20
0.8502589763779528
11
-0.8680232283464566
21
0.8502589763779528
0
LINE
8
BLACK
6
CONTINUOUS
10
-0.8680232283464566
20
0.8502589763779528
11
-0.8640522440944882
21
0.8491949606299213
0
LINE
8
BLACK
6
CONTINUOUS
10
-1.1868868897637794
20
0.9594311811023621
11
-1.1833265748031496
21
0.9573756299212598
0
LINE
8
BLACK
6
CONTINUOUS
10
-1.1833265748031496
20
0.9573756299212598
11
-1.1804196456692913
21
0.9544687007874015
0
LINE
8
BLACK
6
CONTINUOUS
10
-1.1804196456692913
20
0.9544687007874015
11
-1.178364094488189
21
0.9509083858267716
0
LINE
8
BLACK
6
CONTINUOUS
10
-1.178364094488189
20
0.9509083858267716
11
-1.1783316929133858
21
0.9507874015748031
0
LINE
8
BLACK
6
CONTINUOUS
10
-1.1783316929133858
20
0.9507874015748031
11
-1.1405659448818897
21
0.9507874015748031
0
LINE
8
BLACK
6
CONTINUOUS
10
-1.1405659448818897
20
0.9507874015748031
11
-1.1405335433070867
21
0.9509083858267716
0
LINE
8
BLACK
6
CONTINUOUS
10
-1.1405335433070867
20
0.9509083858267716
11
-1.1384779921259842
21
0.9544687007874015
0
LINE
8
BLACK
6
CONTINUOUS
10
-1.1384779921259842
20
0.9544687007874015
11
-1.1355710629921261
21
0.9573756299212598
0
LINE
8
BLACK
6
CONTINUOUS
10
-1.1355710629921261
20
0.9573756299212598
11
-1.132010748031496
21
0.9594311811023621
0
LINE
8
BLACK
6
CONTINUOUS
10
-1.132010748031496
20
0.9594311811023621
11
-1.1280397637795276
21
0.9604951968503936
0
LINE
8
BLACK
6
CONTINUOUS
10
-1.1280397637795276
20
0.9604951968503936
11
-1.1239287401574802
21
0.9604951968503936
0
LINE
8
BLACK
6
CONTINUOUS
10
-1.1239287401574802
20
0.9604951968503936
11
-1.1199577559055118
21
0.9594311811023621
0
LINE
8
BLACK
6
CONTINUOUS
10
-1.1199577559055118
20
0.9594311811023621
11
-1.1163974409448818
21
0.9573756299212598
0
LINE
8
BLACK
6
CONTINUOUS
10
-1.1163974409448818
20
0.9573756299212598
11
-1.1134905118110237
21
0.9544687007874015
0
LINE
8
BLACK
6
CONTINUOUS
10
-1.1134905118110237
20
0.9544687007874015
11
-1.1114349606299212
21
0.9509083858267716
0
LINE
8
BLACK
6
CONTINUOUS
10
-1.1114349606299212
20
0.9509083858267716
11
-1.1103709448818897
21
0.9469374015748031
0
LINE
8
BLACK
6
CONTINUOUS
10
-1.1103709448818897
20
0.9469374015748031
11
-1.1103709448818897
21
0.9428263779527559
0
LINE
8
BLACK
6
CONTINUOUS
10
-1.1103709448818897
20
0.9428263779527559
11
-1.1114349606299212
21
0.9388553937007874
0
LINE
8
BLACK
6
CONTINUOUS
10
-1.1114349606299212
20
0.9388553937007874
11
-1.1134905118110237
21
0.9352950787401575
0
LINE
8
BLACK
6
CONTINUOUS
10
-1.1134905118110237
20
0.9352950787401575
11
-1.1163974409448818
21
0.9323881496062992
0
LINE
8
BLACK
6
CONTINUOUS
10
-1.1163974409448818
20
0.9323881496062992
11
-1.1199577559055118
21
0.9303325984251968
0
LINE
8
BLACK
6
CONTINUOUS
10
-1.1199577559055118
20
0.9303325984251968
11
-1.1239287401574802
21
0.9292685826771653
0
LINE
8
BLACK
6
CONTINUOUS
10
-1.1239287401574802
20
0.9292685826771653
11
-1.1280397637795276
21
0.9292685826771653
0
LINE
8
BLACK
6
CONTINUOUS
10
-1.1280397637795276
20
0.9292685826771653
11
-1.132010748031496
21
0.9303325984251968
0
LINE
8
BLACK
6
CONTINUOUS
10
-1.132010748031496
20
0.9303325984251968
11
-1.1355710629921261
21
0.9323881496062992
0
LINE
8
BLACK
6
CONTINUOUS
10
-1.1355710629921261
20
0.9323881496062992
11
-1.1384779921259842
21
0.9352950787401575
0
LINE
8
BLACK
6
CONTINUOUS
10
-1.1384779921259842
20
0.9352950787401575
11
-1.1405335433070867
21
0.9388553937007874
0
LINE
8
BLACK
6
CONTINUOUS
10
-1.1405335433070867
20
0.9388553937007874
11
-1.1405659448818897
21
0.9389763779527559
0
LINE
8
BLACK
6
CONTINUOUS
10
-1.1405659448818897
20
0.9389763779527559
11
-1.1783316929133858
21
0.9389763779527559
0
LINE
8
BLACK
6
CONTINUOUS
10
-1.1783316929133858
20
0.9389763779527559
11
-1.178364094488189
21
0.9388553937007874
0
LINE
8
BLACK
6
CONTINUOUS
10
-1.178364094488189
20
0.9388553937007874
11
-1.1804196456692913
21
0.9352950787401575
0
LINE
8
BLACK
6
CONTINUOUS
10
-1.1804196456692913
20
0.9352950787401575
11
-1.1833265748031496
21
0.9323881496062992
0
LINE
8
BLACK
6
CONTINUOUS
10
-1.1833265748031496
20
0.9323881496062992
11
-1.1868868897637794
21
0.9303325984251968
0
LINE
8
BLACK
6
CONTINUOUS
10
-1.1868868897637794
20
0.9303325984251968
11
-1.1908578740157481
21
0.9292685826771653
0
LINE
8
BLACK
6
CONTINUOUS
10
-1.1908578740157481
20
0.9292685826771653
11
-1.1949688976377952
21
0.9292685826771653
0
LINE
8
BLACK
6
CONTINUOUS
10
-1.1949688976377952
20
0.9292685826771653
11
-1.1989398818897639
21
0.9303325984251968
0
LINE
8
BLACK
6
CONTINUOUS
10
-1.1989398818897639
20
0.9303325984251968
11
-1.2025001968503937
21
0.9323881496062992
0
LINE
8
BLACK
6
CONTINUOUS
10
-1.2025001968503937
20
0.9323881496062992
11
-1.205407125984252
21
0.9352950787401575
0
LINE
8
BLACK
6
CONTINUOUS
10
-1.205407125984252
20
0.9352950787401575
11
-1.2074626771653543
21
0.9388553937007874
0
LINE
8
BLACK
6
CONTINUOUS
10
-1.2074626771653543
20
0.9388553937007874
11
-1.2085266929133858
21
0.9428263779527559
0
LINE
8
BLACK
6
CONTINUOUS
10
-1.2085266929133858
20
0.9428263779527559
11
-1.2085266929133858
21
0.9469374015748031
0
LINE
8
BLACK
6
CONTINUOUS
10
-1.2085266929133858
20
0.9469374015748031
11
-1.2074626771653543
21
0.9509083858267716
0
LINE
8
BLACK
6
CONTINUOUS
10
-1.2074626771653543
20
0.9509083858267716
11
-1.205407125984252
21
0.9544687007874015
0
LINE
8
BLACK
6
CONTINUOUS
10
-1.205407125984252
20
0.9544687007874015
11
-1.2025001968503937
21
0.9573756299212598
0
LINE
8
BLACK
6
CONTINUOUS
10
-1.2025001968503937
20
0.9573756299212598
11
-1.1989398818897639
21
0.9594311811023621
0
LINE
8
BLACK
6
CONTINUOUS
10
-1.1989398818897639
20
0.9594311811023621
11
-1.1949688976377952
21
0.9604951968503936
0
LINE
8
BLACK
6
CONTINUOUS
10
-1.1949688976377952
20
0.9604951968503936
11
-1.1908578740157481
21
0.9604951968503936
0
LINE
8
BLACK
6
CONTINUOUS
10
-1.1908578740157481
20
0.9604951968503936
11
-1.1868868897637794
21
0.9594311811023621
0
LINE
8
BLACK
6
CONTINUOUS
10
-0.6081467322834646
20
1.4279351181102362
11
-0.6045864173228346
21
1.4258795669291338
0
LINE
8
BLACK
6
CONTINUOUS
10
-0.6045864173228346
20
1.4258795669291338
11
-0.6016794881889763
21
1.4229726377952756
0
LINE
8
BLACK
6
CONTINUOUS
10
-0.6016794881889763
20
1.4229726377952756
11
-0.599623937007874
21
1.4194123228346456
0
LINE
8
BLACK
6
CONTINUOUS
10
-0.599623937007874
20
1.4194123228346456
11
-0.5985599212598425
21
1.4154413385826772
0
LINE
8
BLACK
6
CONTINUOUS
10
-0.5985599212598425
20
1.4154413385826772
11
-0.5985599212598425
21
1.41133031496063
0
LINE
8
BLACK
6
CONTINUOUS
10
-0.5985599212598425
20
1.41133031496063
11
-0.599623937007874
21
1.4073593307086614
0
LINE
8
BLACK
6
CONTINUOUS
10
-0.599623937007874
20
1.4073593307086614
11
-0.6016794881889763
21
1.4037990157480316
0
LINE
8
BLACK
6
CONTINUOUS
10
-0.6016794881889763
20
1.4037990157480316
11
-0.6045864173228346
21
1.4008920866141732
0
LINE
8
BLACK
6
CONTINUOUS
10
-0.6045864173228346
20
1.4008920866141732
11
-0.6081467322834646
21
1.3988365354330707
0
LINE
8
BLACK
6
CONTINUOUS
10
-0.6081467322834646
20
1.3988365354330707
11
-0.612117716535433
21
1.3977725196850392
0
LINE
8
BLACK
6
CONTINUOUS
10
-0.612117716535433
20
1.3977725196850392
11
-0.6162287401574803
21
1.3977725196850392
0
LINE
8
BLACK
6
CONTINUOUS
10
-0.6162287401574803
20
1.3977725196850392
11
-0.6201997244094488
21
1.3988365354330707
0
LINE
8
BLACK
6
CONTINUOUS
10
-0.6201997244094488
20
1.3988365354330707
11
-0.6203082283464567
21
1.3988992125984252
0
LINE
8
BLACK
6
CONTINUOUS
10
-0.6203082283464567
20
1.3988992125984252
11
-0.6414934645669291
21
1.3777139370078739
0
LINE
8
BLACK
6
CONTINUOUS
10
-0.6414934645669291
20
1.3777139370078739
11
-0.6423883858267716
21
1.3769794881889763
0
LINE
8
BLACK
6
CONTINUOUS
10
-0.6423883858267716
20
1.3769794881889763
11
-0.6436353937007874
21
1.3764629921259843
0
LINE
8
BLACK
6
CONTINUOUS
10
-0.6436353937007874
20
1.3764629921259843
11
-0.6445171653543307
21
1.3760977165354331
0
LINE
8
BLACK
6
CONTINUOUS
10
-0.6445171653543307
20
1.3760977165354331
11
-0.6456692913385826
21
1.3759842519685039
0
LINE
8
BLACK
6
CONTINUOUS
10
-0.6456692913385826
20
1.3759842519685039
11
-0.8169291338582677
21
1.3759842519685039
0
LINE
8
BLACK
6
CONTINUOUS
10
-0.8169291338582677
20
1.3759842519685039
11
-0.8169291338582677
21
0.9938162598425196
0
LINE
8
BLACK
6
CONTINUOUS
10
-0.8169291338582677
20
0.9938162598425196
11
-0.8139565354330709
21
0.9921
0
LINE
8
BLACK
6
CONTINUOUS
10
-0.8139565354330709
20
0.9921
11
-0.8110496062992126
21
0.9891930708661417
0
LINE
8
BLACK
6
CONTINUOUS
10
-0.8110496062992126
20
0.9891930708661417
11
-0.8089940551181102
21
0.9856327559055118
0
LINE
8
BLACK
6
CONTINUOUS
10
-0.8089940551181102
20
0.9856327559055118
11
-0.8079300393700787
21
0.9816617716535433
0
LINE
8
BLACK
6
CONTINUOUS
10
-0.8079300393700787
20
0.9816617716535433
11
-0.8079300393700787
21
0.977550748031496
0
LINE
8
BLACK
6
CONTINUOUS
10
-0.8079300393700787
20
0.977550748031496
11
-0.8089940551181102
21
0.9735797637795275
0
LINE
8
BLACK
6
CONTINUOUS
10
-0.8089940551181102
20
0.9735797637795275
11
-0.8110496062992126
21
0.9700194488188976
0
LINE
8
BLACK
6
CONTINUOUS
10
-0.8110496062992126
20
0.9700194488188976
11
-0.8139565354330709
21
0.9671125196850393
0
LINE
8
BLACK
6
CONTINUOUS
10
-0.8139565354330709
20
0.9671125196850393
11
-0.8175168503937008
21
0.965056968503937
0
LINE
8
BLACK
6
CONTINUOUS
10
-0.8175168503937008
20
0.965056968503937
11
-0.8214878346456693
21
0.9639929527559055
0
LINE
8
BLACK
6
CONTINUOUS
10
-0.8214878346456693
20
0.9639929527559055
11
-0.8255988582677165
21
0.9639929527559055
0
LINE
8
BLACK
6
CONTINUOUS
10
-0.8255988582677165
20
0.9639929527559055
11
-0.829569842519685
21
0.965056968503937
0
LINE
8
BLACK
6
CONTINUOUS
10
-0.829569842519685
20
0.965056968503937
11
-0.8331301574803149
21
0.9671125196850393
0
LINE
8
BLACK
6
CONTINUOUS
10
-0.8331301574803149
20
0.9671125196850393
11
-0.8360370866141732
21
0.9700194488188976
0
LINE
8
BLACK
6
CONTINUOUS
10
-0.8360370866141732
20
0.9700194488188976
11
-0.8380926377952755
21
0.9735797637795275
0
LINE
8
BLACK
6
CONTINUOUS
10
-0.8380926377952755
20
0.9735797637795275
11
-0.839156653543307
21
0.977550748031496
0
LINE
8
BLACK
6
CONTINUOUS
10
-0.839156653543307
20
0.977550748031496
11
-0.839156653543307
21
0.9816617716535433
0
LINE
8
BLACK
6
CONTINUOUS
10
-0.839156653543307
20
0.9816617716535433
11
-0.8380926377952755
21
0.9856327559055118
0
LINE
8
BLACK
6
CONTINUOUS
10
-0.8380926377952755
20
0.9856327559055118
11
-0.8360370866141732
21
0.9891930708661417
0
LINE
8
BLACK
6
CONTINUOUS
10
-0.8360370866141732
20
0.9891930708661417
11
-0.8331301574803149
21
0.9921
0
LINE
8
BLACK
6
CONTINUOUS
10
-0.8331301574803149
20
0.9921
11
-0.829569842519685
21
0.9941555511811023
0
LINE
8
BLACK
6
CONTINUOUS
10
-0.829569842519685
20
0.9941555511811023
11
-0.8287401574803149
21
0.994377874015748
0
LINE
8
BLACK
6
CONTINUOUS
10
-0.8287401574803149
20
0.994377874015748
11
-0.8287401574803149
21
1.3759842519685039
0
LINE
8
BLACK
6
CONTINUOUS
10
-0.8287401574803149
20
1.3759842519685039
11
-1.1192765748031497
21
1.3759842519685039
0
LINE
8
BLACK
6
CONTINUOUS
10
-1.1192765748031497
20
1.3759842519685039
11
-1.1193089763779527
21
1.3758632677165354
0
LINE
8
BLACK
6
CONTINUOUS
10
-1.1193089763779527
20
1.3758632677165354
11
-1.1213645275590551
21
1.3723029527559054
0
LINE
8
BLACK
6
CONTINUOUS
10
-1.1213645275590551
20
1.3723029527559054
11
-1.1242714566929133
21
1.3693960236220473
0
LINE
8
BLACK
6
CONTINUOUS
10
-1.1242714566929133
20
1.3693960236220473
11
-1.1278317716535433
21
1.3673404724409448
0
LINE
8
BLACK
6
CONTINUOUS
10
-1.1278317716535433
20
1.3673404724409448
11
-1.1318027559055117
21
1.3662764566929133
0
LINE
8
BLACK
6
CONTINUOUS
10
-1.1318027559055117
20
1.3662764566929133
11
-1.1359137795275591
21
1.3662764566929133
0
LINE
8
BLACK
6
CONTINUOUS
10
-1.1359137795275591
20
1.3662764566929133
11
-1.1398847637795275
21
1.3673404724409448
0
LINE
8
BLACK
6
CONTINUOUS
10
-1.1398847637795275
20
1.3673404724409448
11
-1.1434450787401576
21
1.3693960236220473
0
LINE
8
BLACK
6
CONTINUOUS
10
-1.1434450787401576
20
1.3693960236220473
11
-1.1463520078740157
21
1.3723029527559054
0
LINE
8
BLACK
6
CONTINUOUS
10
-1.1463520078740157
20
1.3723029527559054
11
-1.1484075590551182
21
1.3758632677165354
0
LINE
8
BLACK
6
CONTINUOUS
10
-1.1484075590551182
20
1.3758632677165354
11
-1.1494715748031497
21
1.3798342519685038
0
LINE
8
BLACK
6
CONTINUOUS
10
-1.1494715748031497
20
1.3798342519685038
11
-1.1494715748031497
21
1.3839452755905512
0
LINE
8
BLACK
6
CONTINUOUS
10
-1.1494715748031497
20
1.3839452755905512
11
-1.1484075590551182
21
1.3879162598425197
0
LINE
8
BLACK
6
CONTINUOUS
10
-1.1484075590551182
20
1.3879162598425197
11
-1.1463520078740157
21
1.3914765748031497
0
LINE
8
BLACK
6
CONTINUOUS
10
-1.1463520078740157
20
1.3914765748031497
11
-1.1434450787401576
21
1.3943835039370078
0
LINE
8
BLACK
6
CONTINUOUS
10
-1.1434450787401576
20
1.3943835039370078
11
-1.1398847637795275
21
1.3964390551181103
0
LINE
8
BLACK
6
CONTINUOUS
10
-1.1398847637795275
20
1.3964390551181103
11
-1.1359137795275591
21
1.3975030708661418
0
LINE
8
BLACK
6
CONTINUOUS
10
-1.1359137795275591
20
1.3975030708661418
11
-1.1318027559055117
21
1.3975030708661418
0
LINE
8
BLACK
6
CONTINUOUS
10
-1.1318027559055117
20
1.3975030708661418
11
-1.1278317716535433
21
1.3964390551181103
0
LINE
8
BLACK
6
CONTINUOUS
10
-1.1278317716535433
20
1.3964390551181103
11
-1.1242714566929133
21
1.3943835039370078
0
LINE
8
BLACK
6
CONTINUOUS
10
-1.1242714566929133
20
1.3943835039370078
11
-1.1213645275590551
21
1.3914765748031497
0
LINE
8
BLACK
6
CONTINUOUS
10
-1.1213645275590551
20
1.3914765748031497
11
-1.1193089763779527
21
1.3879162598425197
0
LINE
8
BLACK
6
CONTINUOUS
10
-1.1193089763779527
20
1.3879162598425197
11
-1.1192765748031497
21
1.3877952755905512
0
LINE
8
BLACK
6
CONTINUOUS
10
-1.1192765748031497
20
1.3877952755905512
11
-0.8228346456692913
21
1.3877952755905512
0
LINE
8
BLACK
6
CONTINUOUS
10
-0.8228346456692913
20
1.3877952755905512
11
-0.6481154330708662
21
1.3877952755905512
0
LINE
8
BLACK
6
CONTINUOUS
10
-0.6481154330708662
20
1.3877952755905512
11
-0.6286598818897637
21
1.4072508661417322
0
LINE
8
BLACK
6
CONTINUOUS
10
-0.6286598818897637
20
1.4072508661417322
11
-0.6287225196850393
21
1.4073593307086614
0
LINE
8
BLACK
6
CONTINUOUS
10
-0.6287225196850393
20
1.4073593307086614
11
-0.6297865354330708
21
1.41133031496063
0
LINE
8
BLACK
6
CONTINUOUS
10
-0.6297865354330708
20
1.41133031496063
11
-0.6297865354330708
21
1.4154413385826772
0
LINE
8
BLACK
6
CONTINUOUS
10
-0.6297865354330708
20
1.4154413385826772
11
-0.6287225196850393
21
1.4194123228346456
0
LINE
8
BLACK
6
CONTINUOUS
10
-0.6287225196850393
20
1.4194123228346456
11
-0.626666968503937
21
1.4229726377952756
0
LINE
8
BLACK
6
CONTINUOUS
10
-0.626666968503937
20
1.4229726377952756
11
-0.6237600393700787
21
1.4258795669291338
0
LINE
8
BLACK
6
CONTINUOUS
10
-0.6237600393700787
20
1.4258795669291338
11
-0.6201997244094488
21
1.4279351181102362
0
LINE
8
BLACK
6
CONTINUOUS
10
-0.6201997244094488
20
1.4279351181102362
11
-0.6162287401574803
21
1.4289991338582677
0
LINE
8
BLACK
6
CONTINUOUS
10
-0.6162287401574803
20
1.4289991338582677
11
-0.612117716535433
21
1.4289991338582677
0
LINE
8
BLACK
6
CONTINUOUS
10
-0.612117716535433
20
1.4289991338582677
11
-0.6081467322834646
21
1.4279351181102362
0
LINE
8
BLACK
6
CONTINUOUS
10
-1.0254695669291338
20
1.1799036220472441
11
-1.021909251968504
21
1.1778480708661416
0
LINE
8
BLACK
6
CONTINUOUS
10
-1.021909251968504
20
1.1778480708661416
11
-1.0190023228346456
21
1.1749411417322835
0
LINE
8
BLACK
6
CONTINUOUS
10
-1.0190023228346456
20
1.1749411417322835
11
-1.0169467716535432
21
1.1713808267716534
0
LINE
8
BLACK
6
CONTINUOUS
10
-1.0169467716535432
20
1.1713808267716534
11
-1.0158827559055117
21
1.167409842519685
0
LINE
8
BLACK
6
CONTINUOUS
10
-1.0158827559055117
20
1.167409842519685
11
-1.0158827559055117
21
1.1632988188976379
0
LINE
8
BLACK
6
CONTINUOUS
10
-1.0158827559055117
20
1.1632988188976379
11
-1.0169467716535432
21
1.1593278346456692
0
LINE
8
BLACK
6
CONTINUOUS
10
-1.0169467716535432
20
1.1593278346456692
11
-1.0190023228346456
21
1.1557675196850394
0
LINE
8
BLACK
6
CONTINUOUS
10
-1.0190023228346456
20
1.1557675196850394
11
-1.021909251968504
21
1.1528605905511811
0
LINE
8
BLACK
6
CONTINUOUS
10
-1.021909251968504
20
1.1528605905511811
11
-1.0254695669291338
21
1.1508050393700786
0
LINE
8
BLACK
6
CONTINUOUS
10
-1.0254695669291338
20
1.1508050393700786
11
-1.0255905511811023
21
1.1507726377952756
0
LINE
8
BLACK
6
CONTINUOUS
10
-1.0255905511811023
20
1.1507726377952756
11
-1.0255905511811023
21
1.1090699212598425
0
LINE
8
BLACK
6
CONTINUOUS
10
-1.0255905511811023
20
1.1090699212598425
11
-1.0254695669291338
21
1.1090374803149605
0
LINE
8
BLACK
6
CONTINUOUS
10
-1.0254695669291338
20
1.1090374803149605
11
-1.021909251968504
21
1.1069819291338583
0
LINE
8
BLACK
6
CONTINUOUS
10
-1.021909251968504
20
1.1069819291338583
11
-1.0190023228346456
21
1.1040749999999999
0
LINE
8
BLACK
6
CONTINUOUS
10
-1.0190023228346456
20
1.1040749999999999
11
-1.0169467716535432
21
1.1005146850393701
0
LINE
8
BLACK
6
CONTINUOUS
10
-1.0169467716535432
20
1.1005146850393701
11
-1.0158827559055117
21
1.0965437007874015
0
LINE
8
BLACK
6
CONTINUOUS
10
-1.0158827559055117
20
1.0965437007874015
11
-1.0158827559055117
21
1.0924326771653543
0
LINE
8
BLACK
6
CONTINUOUS
10
-1.0158827559055117
20
1.0924326771653543
11
-1.0169467716535432
21
1.0884616929133859
0
LINE
8
BLACK
6
CONTINUOUS
10
-1.0169467716535432
20
1.0884616929133859
11
-1.0190023228346456
21
1.0849013779527559
0
LINE
8
BLACK
6
CONTINUOUS
10
-1.0190023228346456
20
1.0849013779527559
11
-1.021909251968504
21
1.0819944488188975
0
LINE
8
BLACK
6
CONTINUOUS
10
-1.021909251968504
20
1.0819944488188975
11
-1.0254695669291338
21
1.0799388976377953
0
LINE
8
BLACK
6
CONTINUOUS
10
-1.0254695669291338
20
1.0799388976377953
11
-1.0294405511811024
21
1.0788748818897638
0
LINE
8
BLACK
6
CONTINUOUS
10
-1.0294405511811024
20
1.0788748818897638
11
-1.0335515748031496
21
1.0788748818897638
0
LINE
8
BLACK
6
CONTINUOUS
10
-1.0335515748031496
20
1.0788748818897638
11
-1.037522559055118
21
1.0799388976377953
0
LINE
8
BLACK
6
CONTINUOUS
10
-1.037522559055118
20
1.0799388976377953
11
-1.0410828740157481
21
1.0819944488188975
0
LINE
8
BLACK
6
CONTINUOUS
10
-1.0410828740157481
20
1.0819944488188975
11
-1.0439898031496062
21
1.0849013779527559
0
LINE
8
BLACK
6
CONTINUOUS
10
-1.0439898031496062
20
1.0849013779527559
11
-1.0460453543307087
21
1.0884616929133859
0
LINE
8
BLACK
6
CONTINUOUS
10
-1.0460453543307087
20
1.0884616929133859
11
-1.0471093700787402
21
1.0924326771653543
0
LINE
8
BLACK
6
CONTINUOUS
10
-1.0471093700787402
20
1.0924326771653543
11
-1.0471093700787402
21
1.0965437007874015
0
LINE
8
BLACK
6
CONTINUOUS
10
-1.0471093700787402
20
1.0965437007874015
11
-1.0460453543307087
21
1.1005146850393701
0
LINE
8
BLACK
6
CONTINUOUS
10
-1.0460453543307087
20
1.1005146850393701
11
-1.0439898031496062
21
1.1040749999999999
0
LINE
8
BLACK
6
CONTINUOUS
10
-1.0439898031496062
20
1.1040749999999999
11
-1.0410828740157481
21
1.1069819291338583
0
LINE
8
BLACK
6
CONTINUOUS
10
-1.0410828740157481
20
1.1069819291338583
11
-1.037522559055118
21
1.1090374803149605
0
LINE
8
BLACK
6
CONTINUOUS
10
-1.037522559055118
20
1.1090374803149605
11
-1.0374015748031495
21
1.1090699212598425
0
LINE
8
BLACK
6
CONTINUOUS
10
-1.0374015748031495
20
1.1090699212598425
11
-1.0374015748031495
21
1.1507726377952756
0
LINE
8
BLACK
6
CONTINUOUS
10
-1.0374015748031495
20
1.1507726377952756
11
-1.037522559055118
21
1.1508050393700786
0
LINE
8
BLACK
6
CONTINUOUS
10
-1.037522559055118
20
1.1508050393700786
11
-1.0410828740157481
21
1.1528605905511811
0
LINE
8
BLACK
6
CONTINUOUS
10
-1.0410828740157481
20
1.1528605905511811
11
-1.0439898031496062
21
1.1557675196850394
0
LINE
8
BLACK
6
CONTINUOUS
10
-1.0439898031496062
20
1.1557675196850394
11
-1.0460453543307087
21
1.1593278346456692
0
LINE
8
BLACK
6
CONTINUOUS
10
-1.0460453543307087
20
1.1593278346456692
11
-1.0471093700787402
21
1.1632988188976379
0
LINE
8
BLACK
6
CONTINUOUS
10
-1.0471093700787402
20
1.1632988188976379
11
-1.0471093700787402
21
1.167409842519685
0
LINE
8
BLACK
6
CONTINUOUS
10
-1.0471093700787402
20
1.167409842519685
11
-1.0460453543307087
21
1.1713808267716534
0
LINE
8
BLACK
6
CONTINUOUS
10
-1.0460453543307087
20
1.1713808267716534
11
-1.0439898031496062
21
1.1749411417322835
0
LINE
8
BLACK
6
CONTINUOUS
10
-1.0439898031496062
20
1.1749411417322835
11
-1.0410828740157481
21
1.1778480708661416
0
LINE
8
BLACK
6
CONTINUOUS
10
-1.0410828740157481
20
1.1778480708661416
11
-1.037522559055118
21
1.1799036220472441
0
LINE
8
BLACK
6
CONTINUOUS
10
-1.037522559055118
20
1.1799036220472441
11
-1.0335515748031496
21
1.1809676377952756
0
LINE
8
BLACK
6
CONTINUOUS
10
-1.0335515748031496
20
1.1809676377952756
11
-1.0294405511811024
21
1.1809676377952756
0
LINE
8
BLACK
6
CONTINUOUS
10
-1.0294405511811024
20
1.1809676377952756
11
-1.0254695669291338
21
1.1799036220472441
0
LINE
8
BLACK
6
CONTINUOUS
10
-0.8246821653543307
20
1.8925020472440945
11
-0.8211218503937008
21
1.8904464960629921
0
LINE
8
BLACK
6
CONTINUOUS
10
-0.8211218503937008
20
1.8904464960629921
11
-0.8182149212598425
21
1.8875395669291337
0
LINE
8
BLACK
6
CONTINUOUS
10
-0.8182149212598425
20
1.8875395669291337
11
-0.8161593700787402
21
1.8839792519685039
0
LINE
8
BLACK
6
CONTINUOUS
10
-0.8161593700787402
20
1.8839792519685039
11
-0.8150953543307087
21
1.8800082677165353
0
LINE
8
BLACK
6
CONTINUOUS
10
-0.8150953543307087
20
1.8800082677165353
11
-0.8150953543307087
21
1.8758972440944881
0
LINE
8
BLACK
6
CONTINUOUS
10
-0.8150953543307087
20
1.8758972440944881
11
-0.8161593700787402
21
1.8719262598425197
0
LINE
8
BLACK
6
CONTINUOUS
10
-0.8161593700787402
20
1.8719262598425197
11
-0.8182149212598425
21
1.8683659448818897
0
LINE
8
BLACK
6
CONTINUOUS
10
-0.8182149212598425
20
1.8683659448818897
11
-0.8211218503937008
21
1.8654590157480315
0
LINE
8
BLACK
6
CONTINUOUS
10
-0.8211218503937008
20
1.8654590157480315
11
-0.8246821653543307
21
1.8634034645669291
0
LINE
8
BLACK
6
CONTINUOUS
10
-0.8246821653543307
20
1.8634034645669291
11
-0.8248031496062992
21
1.8633710629921258
0
LINE
8
BLACK
6
CONTINUOUS
10
-0.8248031496062992
20
1.8633710629921258
11
-0.8248031496062992
21
1.8295423622047244
0
LINE
8
BLACK
6
CONTINUOUS
10
-0.8248031496062992
20
1.8295423622047244
11
-0.8246821653543307
21
1.8295099212598425
0
LINE
8
BLACK
6
CONTINUOUS
10
-0.8246821653543307
20
1.8295099212598425
11
-0.8211218503937008
21
1.82745437007874
0
LINE
8
BLACK
6
CONTINUOUS
10
-0.8211218503937008
20
1.82745437007874
11
-0.8182149212598425
21
1.8245474409448819
0
LINE
8
BLACK
6
CONTINUOUS
10
-0.8182149212598425
20
1.8245474409448819
11
-0.8161593700787402
21
1.8209871259842518
0
LINE
8
BLACK
6
CONTINUOUS
10
-0.8161593700787402
20
1.8209871259842518
11
-0.8150953543307087
21
1.8170161417322834
0
LINE
8
BLACK
6
CONTINUOUS
10
-0.8150953543307087
20
1.8170161417322834
11
-0.8150953543307087
21
1.8129051181102362
0
LINE
8
BLACK
6
CONTINUOUS
10
-0.8150953543307087
20
1.8129051181102362
11
-0.8161593700787402
21
1.8089341338582676
0
LINE
8
BLACK
6
CONTINUOUS
10
-0.8161593700787402
20
1.8089341338582676
11
-0.8182149212598425
21
1.8053738188976378
0
LINE
8
BLACK
6
CONTINUOUS
10
-0.8182149212598425
20
1.8053738188976378
11
-0.8211218503937008
21
1.8024668897637794
0
LINE
8
BLACK
6
CONTINUOUS
10
-0.8211218503937008
20
1.8024668897637794
11
-0.8246821653543307
21
1.8004113385826772
0
LINE
8
BLACK
6
CONTINUOUS
10
-0.8246821653543307
20
1.8004113385826772
11
-0.8286531496062992
21
1.7993473228346457
0
LINE
8
BLACK
6
CONTINUOUS
10
-0.8286531496062992
20
1.7993473228346457
11
-0.8327641732283464
21
1.7993473228346457
0
LINE
8
BLACK
6
CONTINUOUS
10
-0.8327641732283464
20
1.7993473228346457
11
-0.8367351574803149
21
1.8004113385826772
0
LINE
8
BLACK
6
CONTINUOUS
10
-0.8367351574803149
20
1.8004113385826772
11
-0.8402954724409448
21
1.8024668897637794
0
LINE
8
BLACK
6
CONTINUOUS
10
-0.8402954724409448
20
1.8024668897637794
11
-0.8432024015748031
21
1.8053738188976378
0
LINE
8
BLACK
6
CONTINUOUS
10
-0.8432024015748031
20
1.8053738188976378
11
-0.8452579527559055
21
1.8089341338582676
0
LINE
8
BLACK
6
CONTINUOUS
10
-0.8452579527559055
20
1.8089341338582676
11
-0.846321968503937
21
1.8129051181102362
0
LINE
8
BLACK
6
CONTINUOUS
10
-0.846321968503937
20
1.8129051181102362
11
-0.846321968503937
21
1.8170161417322834
0
LINE
8
BLACK
6
CONTINUOUS
10
-0.846321968503937
20
1.8170161417322834
11
-0.8452579527559055
21
1.8209871259842518
0
LINE
8
BLACK
6
CONTINUOUS
10
-0.8452579527559055
20
1.8209871259842518
11
-0.8432024015748031
21
1.8245474409448819
0
LINE
8
BLACK
6
CONTINUOUS
10
-0.8432024015748031
20
1.8245474409448819
11
-0.8402954724409448
21
1.82745437007874
0
LINE
8
BLACK
6
CONTINUOUS
10
-0.8402954724409448
20
1.82745437007874
11
-0.8367351574803149
21
1.8295099212598425
0
LINE
8
BLACK
6
CONTINUOUS
10
-0.8367351574803149
20
1.8295099212598425
11
-0.8366141732283464
21
1.8295423622047244
0
LINE
8
BLACK
6
CONTINUOUS
10
-0.8366141732283464
20
1.8295423622047244
11
-0.8366141732283464
21
1.8633710629921258
0
LINE
8
BLACK
6
CONTINUOUS
10
-0.8366141732283464
20
1.8633710629921258
11
-0.8367351574803149
21
1.8634034645669291
0
LINE
8
BLACK
6
CONTINUOUS
10
-0.8367351574803149
20
1.8634034645669291
11
-0.8402954724409448
21
1.8654590157480315
0
LINE
8
BLACK
6
CONTINUOUS
10
-0.8402954724409448
20
1.8654590157480315
11
-0.8432024015748031
21
1.8683659448818897
0
LINE
8
BLACK
6
CONTINUOUS
10
-0.8432024015748031
20
1.8683659448818897
11
-0.8452579527559055
21
1.8719262598425197
0
LINE
8
BLACK
6
CONTINUOUS
10
-0.8452579527559055
20
1.8719262598425197
11
-0.846321968503937
21
1.8758972440944881
0
LINE
8
BLACK
6
CONTINUOUS
10
-0.846321968503937
20
1.8758972440944881
11
-0.846321968503937
21
1.8800082677165353
0
LINE
8
BLACK
6
CONTINUOUS
10
-0.846321968503937
20
1.8800082677165353
11
-0.8452579527559055
21
1.8839792519685039
0
LINE
8
BLACK
6
CONTINUOUS
10
-0.8452579527559055
20
1.8839792519685039
11
-0.8432024015748031
21
1.8875395669291337
0
LINE
8
BLACK
6
CONTINUOUS
10
-0.8432024015748031
20
1.8875395669291337
11
-0.8402954724409448
21
1.8904464960629921
0
LINE
8
BLACK
6
CONTINUOUS
10
-0.8402954724409448
20
1.8904464960629921
11
-0.8367351574803149
21
1.8925020472440945
0
LINE
8
BLACK
6
CONTINUOUS
10
-0.8367351574803149
20
1.8925020472440945
11
-0.8327641732283464
21
1.893566062992126
0
LINE
8
BLACK
6
CONTINUOUS
10
-0.8327641732283464
20
1.893566062992126
11
-0.8286531496062992
21
1.893566062992126
0
LINE
8
BLACK
6
CONTINUOUS
10
-0.8286531496062992
20
1.893566062992126
11
-0.8246821653543307
21
1.8925020472440945
0
LINE
8
BLACK
6
CONTINUOUS
10
0.0117142519685039
20
1.8890103937007874
11
0.0190229133858268
21
1.8859830314960631
0
LINE
8
BLACK
6
CONTINUOUS
10
0.0190229133858268
20
1.8859830314960631
11
0.0256005118110236
21
1.8815880314960629
0
LINE
8
BLACK
6
CONTINUOUS
10
0.0256005118110236
20
1.8815880314960629
11
0.0311943307086614
21
1.8759942125984252
0
LINE
8
BLACK
6
CONTINUOUS
10
0.0311943307086614
20
1.8759942125984252
11
0.0355893307086614
21
1.8694166141732282
0
LINE
8
BLACK
6
CONTINUOUS
10
0.0355893307086614
20
1.8694166141732282
11
0.0386166929133858
21
1.8621079527559055
0
LINE
8
BLACK
6
CONTINUOUS
10
0.0386166929133858
20
1.8621079527559055
11
0.04016
21
1.8543491338582676
0
LINE
8
BLACK
6
CONTINUOUS
10
0.04016
20
1.8543491338582676
11
0.04016
21
1.8464382677165354
0
LINE
8
BLACK
6
CONTINUOUS
10
0.04016
20
1.8464382677165354
11
0.0386166929133858
21
1.8386794488188976
0
LINE
8
BLACK
6
CONTINUOUS
10
0.0386166929133858
20
1.8386794488188976
11
0.0355893307086614
21
1.8313707874015748
0
LINE
8
BLACK
6
CONTINUOUS
10
0.0355893307086614
20
1.8313707874015748
11
0.0311943307086614
21
1.824793188976378
0
LINE
8
BLACK
6
CONTINUOUS
10
0.0311943307086614
20
1.824793188976378
11
0.0256005118110236
21
1.8191993700787401
0
LINE
8
BLACK
6
CONTINUOUS
10
0.0256005118110236
20
1.8191993700787401
11
0.0190229133858268
21
1.8148043700787402
0
LINE
8
BLACK
6
CONTINUOUS
10
0.0190229133858268
20
1.8148043700787402
11
0.0117142519685039
21
1.8117770078740156
0
LINE
8
BLACK
6
CONTINUOUS
10
0.0117142519685039
20
1.8117770078740156
11
0.0039554330708661
21
1.8102337007874014
0
LINE
8
BLACK
6
CONTINUOUS
10
0.0039554330708661
20
1.8102337007874014
11
-0.0039554330708661
21
1.8102337007874014
0
LINE
8
BLACK
6
CONTINUOUS
10
-0.0039554330708661
20
1.8102337007874014
11
-0.0117142519685039
21
1.8117770078740156
0
LINE
8
BLACK
6
CONTINUOUS
10
-0.0117142519685039
20
1.8117770078740156
11
-0.0190229133858268
21
1.8148043700787402
0
LINE
8
BLACK
6
CONTINUOUS
10
-0.0190229133858268
20
1.8148043700787402
11
-0.0256005118110236
21
1.8191993700787401
0
LINE
8
BLACK
6
CONTINUOUS
10
-0.0256005118110236
20
1.8191993700787401
11
-0.0311943307086614
21
1.824793188976378
0
LINE
8
BLACK
6
CONTINUOUS
10
-0.0311943307086614
20
1.824793188976378
11
-0.0355893307086614
21
1.8313707874015748
0
LINE
8
BLACK
6
CONTINUOUS
10
-0.0355893307086614
20
1.8313707874015748
11
-0.0386166929133858
21
1.8386794488188976
0
LINE
8
BLACK
6
CONTINUOUS
10
-0.0386166929133858
20
1.8386794488188976
11
-0.04016
21
1.8464382677165354
0
LINE
8
BLACK
6
CONTINUOUS
10
-0.04016
20
1.8464382677165354
11
-0.04016
21
1.8543491338582676
0
LINE
8
BLACK
6
CONTINUOUS
10
-0.04016
20
1.8543491338582676
11
-0.0386166929133858
21
1.8621079527559055
0
LINE
8
BLACK
6
CONTINUOUS
10
-0.0386166929133858
20
1.8621079527559055
11
-0.0355893307086614
21
1.8694166141732282
0
LINE
8
BLACK
6
CONTINUOUS
10
-0.0355893307086614
20
1.8694166141732282
11
-0.0311943307086614
21
1.8759942125984252
0
LINE
8
BLACK
6
CONTINUOUS
10
-0.0311943307086614
20
1.8759942125984252
11
-0.0256005118110236
21
1.8815880314960629
0
LINE
8
BLACK
6
CONTINUOUS
10
-0.0256005118110236
20
1.8815880314960629
11
-0.0190229133858268
21
1.8859830314960631
0
LINE
8
BLACK
6
CONTINUOUS
10
-0.0190229133858268
20
1.8859830314960631
11
-0.0117142519685039
21
1.8890103937007874
0
LINE
8
BLACK
6
CONTINUOUS
10
-0.0117142519685039
20
1.8890103937007874
11
-0.0039554330708661
21
1.8905537007874016
0
LINE
8
BLACK
6
CONTINUOUS
10
-0.0039554330708661
20
1.8905537007874016
11
0.0039554330708661
21
1.8905537007874016
0
LINE
8
BLACK
6
CONTINUOUS
10
0.0039554330708661
20
1.8905537007874016
11
0.0117142519685039
21
1.8890103937007874
0
LINE
8
BLACK
6
CONTINUOUS
10
0.0262747244094488
20
2.5588426771653543
11
0.0263139763779528
21
2.5588424409448818
0
LINE
8
BLACK
6
CONTINUOUS
10
0.0263139763779528
20
2.5588424409448818
11
0.0331038188976378
21
2.5588003149606298
0
LINE
8
BLACK
6
CONTINUOUS
10
0.0331038188976378
20
2.5588003149606298
11
0.0331833464566929
21
2.5587990944881889
0
LINE
8
BLACK
6
CONTINUOUS
10
0.0331833464566929
20
2.5587990944881889
11
0.0886022834645669
21
2.5574385826771655
0
LINE
8
BLACK
6
CONTINUOUS
10
0.0886022834645669
20
2.5574385826771655
11
0.088617874015748
21
2.5574381496062992
0
LINE
8
BLACK
6
CONTINUOUS
10
0.088617874015748
20
2.5574381496062992
11
0.0961594488188976
21
2.5572039370078739
0
LINE
8
BLACK
6
CONTINUOUS
10
0.0961594488188976
20
2.5572039370078739
11
0.0962394881889764
21
2.5572007480314962
0
LINE
8
BLACK
6
CONTINUOUS
10
0.0962394881889764
20
2.5572007480314962
11
0.1509585039370079
21
2.5545125984251968
0
LINE
8
BLACK
6
CONTINUOUS
10
0.1509585039370079
20
2.5545125984251968
11
0.1509756299212598
21
2.5545116535433072
0
LINE
8
BLACK
6
CONTINUOUS
10
0.1509756299212598
20
2.5545116535433072
11
0.1591547244094488
21
2.5540541732283466
0
LINE
8
BLACK
6
CONTINUOUS
10
0.1591547244094488
20
2.5540541732283466
11
0.159238031496063
21
2.5540487795275588
0
LINE
8
BLACK
6
CONTINUOUS
10
0.159238031496063
20
2.5540487795275588
11
0.2132937401574803
21
2.5500614173228344
0
LINE
8
BLACK
6
CONTINUOUS
10
0.2132937401574803
20
2.5500614173228344
11
0.2133001574803149
21
2.5500609055118111
0
LINE
8
BLACK
6
CONTINUOUS
10
0.2133001574803149
20
2.5500609055118111
11
0.2220509448818898
21
2.5493530708661418
0
LINE
8
BLACK
6
CONTINUOUS
10
0.2220509448818898
20
2.5493530708661418
11
0.2221350787401575
21
2.5493455118110235
0
LINE
8
BLACK
6
CONTINUOUS
10
0.2221350787401575
20
2.5493455118110235
11
0.2755545275590551
21
2.5440841338582678
0
LINE
8
BLACK
6
CONTINUOUS
10
0.2755545275590551
20
2.5440841338582678
11
0.2848112992125984
21
2.5431034645669293
0
LINE
8
BLACK
6
CONTINUOUS
10
0.2848112992125984
20
2.5431034645669293
11
0.2848907874015748
21
2.5430943307086613
0
LINE
8
BLACK
6
CONTINUOUS
10
0.2848907874015748
20
2.5430943307086613
11
0.3376731102362205
21
2.5365842519685038
0
LINE
8
BLACK
6
CONTINUOUS
10
0.3376731102362205
20
2.5365842519685038
11
0.3377019291338583
21
2.5365806299212599
0
LINE
8
BLACK
6
CONTINUOUS
10
0.3377019291338583
20
2.5365806299212599
11
0.3473966929133858
21
2.5353093700787399
0
LINE
8
BLACK
6
CONTINUOUS
10
0.3473966929133858
20
2.5353093700787399
11
0.347468031496063
21
2.535299409448819
0
LINE
8
BLACK
6
CONTINUOUS
10
0.347468031496063
20
2.535299409448819
11
0.3996542913385827
21
2.5275583070866143
0
LINE
8
BLACK
6
CONTINUOUS
10
0.3996542913385827
20
2.5275583070866143
11
0.3996899212598425
21
2.5275528740157478
0
LINE
8
BLACK
6
CONTINUOUS
10
0.3996899212598425
20
2.5275528740157478
11
0.4097602362204724
21
2.5259770866141733
0
LINE
8
BLACK
6
CONTINUOUS
10
0.4097602362204724
20
2.5259770866141733
11
0.4098347637795275
21
2.525964803149606
0
LINE
8
BLACK
6
CONTINUOUS
10
0.4098347637795275
20
2.525964803149606
11
0.4614437401574803
21
2.5170097637795275
0
LINE
8
BLACK
6
CONTINUOUS
10
0.4614437401574803
20
2.5170097637795275
11
0.4614604330708661
21
2.5170068110236219
0
LINE
8
BLACK
6
CONTINUOUS
10
0.4614604330708661
20
2.5170068110236219
11
0.4718736220472441
21
2.5151113779527559
0
LINE
8
BLACK
6
CONTINUOUS
10
0.4718736220472441
20
2.5151113779527559
11
0.4719425984251968
21
2.5150982283464565
0
LINE
8
BLACK
6
CONTINUOUS
10
0.4719425984251968
20
2.5150982283464565
11
0.5229817716535433
21
2.5049459055118111
0
LINE
8
BLACK
6
CONTINUOUS
10
0.5229817716535433
20
2.5049459055118111
11
0.5229914173228346
21
2.5049439370078739
0
LINE
8
BLACK
6
CONTINUOUS
10
0.5229914173228346
20
2.5049439370078739
11
0.5336957086614174
21
2.5027195669291338
0
LINE
8
BLACK
6
CONTINUOUS
10
0.5336957086614174
20
2.5027195669291338
11
0.5337612992125984
21
2.5027053937007873
0
LINE
8
BLACK
6
CONTINUOUS
10
0.5337612992125984
20
2.5027053937007873
11
0.5842214173228346
21
2.4913742125984251
0
LINE
8
BLACK
6
CONTINUOUS
10
0.5842214173228346
20
2.4913742125984251
11
0.5842569291338583
21
2.4913660629921259
0
LINE
8
BLACK
6
CONTINUOUS
10
0.5842569291338583
20
2.4913660629921259
11
0.5951888976377953
21
2.4888096456692912
0
LINE
8
BLACK
6
CONTINUOUS
10
0.5951888976377953
20
2.4888096456692912
11
0.5952525196850393
21
2.488794212598425
0
LINE
8
BLACK
6
CONTINUOUS
10
0.5952525196850393
20
2.488794212598425
11
0.6451514566929134
21
2.4762951968503937
0
LINE
8
BLACK
6
CONTINUOUS
10
0.6451514566929134
20
2.4762951968503937
11
0.6451840551181102
21
2.4762868503937008
0
LINE
8
BLACK
6
CONTINUOUS
10
0.6451840551181102
20
2.4762868503937008
11
0.6563179527559055
21
2.4733898031496064
0
LINE
8
BLACK
6
CONTINUOUS
10
0.6563179527559055
20
2.4733898031496064
11
0.6563787401574803
21
2.4733735039370077
0
LINE
8
BLACK
6
CONTINUOUS
10
0.6563787401574803
20
2.4733735039370077
11
0.705715590551181
21
2.4597201574803149
0
LINE
8
BLACK
6
CONTINUOUS
10
0.705715590551181
20
2.4597201574803149
11
0.7057358661417322
21
2.4597144488188976
0
LINE
8
BLACK
6
CONTINUOUS
10
0.7057358661417322
20
2.4597144488188976
11
0.7170406692913386
21
2.4564711811023621
0
LINE
8
BLACK
6
CONTINUOUS
10
0.7170406692913386
20
2.4564711811023621
11
0.7171046456692913
21
2.456452283464567
0
LINE
8
BLACK
6
CONTINUOUS
10
0.7171046456692913
20
2.456452283464567
11
0.7658738582677165
21
2.4416583070866142
0
LINE
8
BLACK
6
CONTINUOUS
10
0.7658738582677165
20
2.4416583070866142
11
0.7659067716535433
21
2.4416481496062992
0
LINE
8
BLACK
6
CONTINUOUS
10
0.7659067716535433
20
2.4416481496062992
11
0.7773233070866141
21
2.4380636614173228
0
LINE
8
BLACK
6
CONTINUOUS
10
0.7773233070866141
20
2.4380636614173228
11
0.7773869291338582
21
2.4380431496062993
0
LINE
8
BLACK
6
CONTINUOUS
10
0.7773869291338582
20
2.4380431496062993
11
0.825591968503937
21
2.4221183464566929
0
LINE
8
BLACK
6
CONTINUOUS
10
0.825591968503937
20
2.4221183464566929
11
0.8256276771653543
21
2.4221063385826773
0
LINE
8
BLACK
6
CONTINUOUS
10
0.8256276771653543
20
2.4221063385826773
11
0.837131811023622
21
2.4181779921259841
0
LINE
8
BLACK
6
CONTINUOUS
10
0.837131811023622
20
2.4181779921259841
11
0.8371863385826771
21
2.4181588976377952
0
LINE
8
BLACK
6
CONTINUOUS
10
0.8371863385826771
20
2.4181588976377952
11
0.8848231496062992
21
2.4011141732283465
0
LINE
8
BLACK
6
CONTINUOUS
10
0.8848231496062992
20
2.4011141732283465
11
0.88487031496063
21
2.4010970472440945
0
LINE
8
BLACK
6
CONTINUOUS
10
0.88487031496063
20
2.4010970472440945
11
0.8863153543307086
21
2.4005631889763781
0
LINE
8
BLACK
6
CONTINUOUS
10
0.8863153543307086
20
2.4005631889763781
11
0.8964230314960629
21
2.3968289370078741
0
LINE
8
BLACK
6
CONTINUOUS
10
0.8964230314960629
20
2.3968289370078741
11
0.8964773622047244
21
2.3968084251968502
0
LINE
8
BLACK
6
CONTINUOUS
10
0.8964773622047244
20
2.3968084251968502
11
0.9435496456692913
21
2.37865062992126
0
LINE
8
BLACK
6
CONTINUOUS
10
0.9435496456692913
20
2.37865062992126
11
0.9435921653543307
21
2.3786339763779525
0
LINE
8
BLACK
6
CONTINUOUS
10
0.9435921653543307
20
2.3786339763779525
11
0.9551642913385826
21
2.3740289763779527
0
LINE
8
BLACK
6
CONTINUOUS
10
0.9551642913385826
20
2.3740289763779527
11
0.955221653543307
21
2.3740056692913387
0
LINE
8
BLACK
6
CONTINUOUS
10
0.955221653543307
20
2.3740056692913387
11
1.0017190157480316
21
2.3547458267716537
0
LINE
8
BLACK
6
CONTINUOUS
10
1.0017190157480316
20
2.3547458267716537
11
1.0017597637795275
21
2.3547287007874016
0
LINE
8
BLACK
6
CONTINUOUS
10
1.0017597637795275
20
2.3547287007874016
11
1.0133235039370079
21
2.3497909842519684
0
LINE
8
BLACK
6
CONTINUOUS
10
1.0133235039370079
20
2.3497909842519684
11
1.0133735826771653
21
2.3497692125984253
0
LINE
8
BLACK
6
CONTINUOUS
10
1.0133735826771653
20
2.3497692125984253
11
1.0592976377952756
21
2.329412440944882
0
LINE
8
BLACK
6
CONTINUOUS
10
1.0592976377952756
20
2.329412440944882
11
1.0593431102362205
21
2.3293919685039368
0
LINE
8
BLACK
6
CONTINUOUS
10
1.0593431102362205
20
2.3293919685039368
11
1.0708537401574802
21
2.3241352362204726
0
LINE
8
BLACK
6
CONTINUOUS
10
1.0708537401574802
20
2.3241352362204726
11
1.0709049606299212
21
2.3241114566929135
0
LINE
8
BLACK
6
CONTINUOUS
10
1.0709049606299212
20
2.3241114566929135
11
1.1162462204724408
21
2.3026666535433069
0
LINE
8
BLACK
6
CONTINUOUS
10
1.1162462204724408
20
2.3026666535433069
11
1.1162944881889763
21
2.3026434251968504
0
LINE
8
BLACK
6
CONTINUOUS
10
1.1162944881889763
20
2.3026434251968504
11
1.1277307086614172
21
2.2970734251968503
0
LINE
8
BLACK
6
CONTINUOUS
10
1.1277307086614172
20
2.2970734251968503
11
1.1277856692913386
21
2.2970462598425194
0
LINE
8
BLACK
6
CONTINUOUS
10
1.1277856692913386
20
2.2970462598425194
11
1.1725314566929133
21
2.2745231496062992
0
LINE
8
BLACK
6
CONTINUOUS
10
1.1725314566929133
20
2.2745231496062992
11
1.1725748818897637
21
2.2745009448818898
0
LINE
8
BLACK
6
CONTINUOUS
10
1.1725748818897637
20
2.2745009448818898
11
1.1839273622047244
21
2.2686185826771652
0
LINE
8
BLACK
6
CONTINUOUS
10
1.1839273622047244
20
2.2686185826771652
11
1.1839718897637794
21
2.2685951181102362
0
LINE
8
BLACK
6
CONTINUOUS
10
1.1839718897637794
20
2.2685951181102362
11
1.2281207086614172
21
2.2449970866141733
0
LINE
8
BLACK
6
CONTINUOUS
10
1.2281207086614172
20
2.2449970866141733
11
1.2281633464566928
21
2.2449739763779526
0
LINE
8
BLACK
6
CONTINUOUS
10
1.2281633464566928
20
2.2449739763779526
11
1.2382957086614172
21
2.2394003937007874
0
LINE
8
BLACK
6
CONTINUOUS
10
1.2382957086614172
20
2.2394003937007874
11
1.2393823228346457
21
2.2388026377952754
0
LINE
8
BLACK
6
CONTINUOUS
10
1.2393823228346457
20
2.2388026377952754
11
1.2394356299212599
21
2.2387728740157478
0
LINE
8
BLACK
6
CONTINUOUS
10
1.2394356299212599
20
2.2387728740157478
11
1.2829766141732284
21
2.214107244094488
0
LINE
8
BLACK
6
CONTINUOUS
10
1.2829766141732284
20
2.214107244094488
11
1.2830158267716536
21
2.2140847244094486
0
LINE
8
BLACK
6
CONTINUOUS
10
1.2830158267716536
20
2.2140847244094486
11
1.2940922440944882
21
2.2076284645669291
0
LINE
8
BLACK
6
CONTINUOUS
10
1.2940922440944882
20
2.2076284645669291
11
1.2941356692913386
21
2.2076027952755903
0
LINE
8
BLACK
6
CONTINUOUS
10
1.2941356692913386
20
2.2076027952755903
11
1.3370615748031496
21
2.1818739763779527
0
LINE
8
BLACK
6
CONTINUOUS
10
1.3370615748031496
20
2.1818739763779527
11
1.3371045275590552
21
2.1818478740157481
0
LINE
8
BLACK
6
CONTINUOUS
10
1.3371045275590552
20
2.1818478740157481
11
1.3428694488188977
21
2.1782929133858269
0
LINE
8
BLACK
6
CONTINUOUS
10
1.3428694488188977
20
2.1782929133858269
11
1.3479982283464567
21
2.1751302362204723
0
LINE
8
BLACK
6
CONTINUOUS
10
1.3479982283464567
20
2.1751302362204723
11
1.3480476377952755
21
2.17509937007874
0
LINE
8
BLACK
6
CONTINUOUS
10
1.3480476377952755
20
2.17509937007874
11
1.3903425196850394
21
2.1483164566929132
0
LINE
8
BLACK
6
CONTINUOUS
10
1.3903425196850394
20
2.1483164566929132
11
1.3903955118110236
21
2.1482824015748032
0
LINE
8
BLACK
6
CONTINUOUS
10
1.3903955118110236
20
2.1482824015748032
11
1.401086062992126
21
2.1413178346456694
0
LINE
8
BLACK
6
CONTINUOUS
10
1.401086062992126
20
2.1413178346456694
11
1.4011335039370079
21
2.1412865354330708
0
LINE
8
BLACK
6
CONTINUOUS
10
1.4011335039370079
20
2.1412865354330708
11
1.442794251968504
21
2.1134496850393703
0
LINE
8
BLACK
6
CONTINUOUS
10
1.442794251968504
20
2.1134496850393703
11
1.4428446456692914
21
2.1134155905511811
0
LINE
8
BLACK
6
CONTINUOUS
10
1.4428446456692914
20
2.1134155905511811
11
1.453320157480315
21
2.1062143307086614
0
LINE
8
BLACK
6
CONTINUOUS
10
1.453320157480315
20
2.1062143307086614
11
1.4533545275590551
21
2.1061904330708661
0
LINE
8
BLACK
6
CONTINUOUS
10
1.4533545275590551
20
2.1061904330708661
11
1.4943758661417323
21
2.0772999606299214
0
LINE
8
BLACK
6
CONTINUOUS
10
1.4943758661417323
20
2.0772999606299214
11
1.494428346456693
21
2.0772624803149604
0
LINE
8
BLACK
6
CONTINUOUS
10
1.494428346456693
20
2.0772624803149604
11
1.4989951574803149
21
2.0739531496062993
0
LINE
8
BLACK
6
CONTINUOUS
10
1.4989951574803149
20
2.0739531496062993
11
1.504654527559055
21
2.0698521259842519
0
LINE
8
BLACK
6
CONTINUOUS
10
1.504654527559055
20
2.0698521259842519
11
1.5046980708661417
21
2.0698201968503938
0
LINE
8
BLACK
6
CONTINUOUS
10
1.5046980708661417
20
2.0698201968503938
11
1.5450620078740158
21
2.0398842125984253
0
LINE
8
BLACK
6
CONTINUOUS
10
1.5450620078740158
20
2.0398842125984253
11
1.5451157480314961
21
2.0398437795275588
0
LINE
8
BLACK
6
CONTINUOUS
10
1.5451157480314961
20
2.0398437795275588
11
1.5550725984251967
21
2.0322444881889763
0
LINE
8
BLACK
6
CONTINUOUS
10
1.5550725984251967
20
2.0322444881889763
11
1.5551142125984252
21
2.0322123622047243
0
LINE
8
BLACK
6
CONTINUOUS
10
1.5551142125984252
20
2.0322123622047243
11
1.5948182677165355
21
2.001226968503937
0
LINE
8
BLACK
6
CONTINUOUS
10
1.5948182677165355
20
2.001226968503937
11
1.5948720866141732
21
2.0011843307086612
0
LINE
8
BLACK
6
CONTINUOUS
10
1.5948720866141732
20
2.0011843307086612
11
1.6045370472440945
21
1.9934205511811023
0
LINE
8
BLACK
6
CONTINUOUS
10
1.6045370472440945
20
1.9934205511811023
11
1.6045761417322835
21
1.9933888188976379
0
LINE
8
BLACK
6
CONTINUOUS
10
1.6045761417322835
20
1.9933888188976379
11
1.6400049606299212
21
1.9643131496062991
0
LINE
8
BLACK
6
CONTINUOUS
10
1.6400049606299212
20
1.9643131496062991
11
1.6436092125984252
21
1.9613552362204725
0
LINE
8
BLACK
6
CONTINUOUS
10
1.6436092125984252
20
1.9613552362204725
11
1.6436625590551182
21
1.9613108267716535
0
LINE
8
BLACK
6
CONTINUOUS
10
1.6436625590551182
20
1.9613108267716535
11
1.6530279921259843
21
1.9533970866141732
0
LINE
8
BLACK
6
CONTINUOUS
10
1.6530279921259843
20
1.9533970866141732
11
1.6530590157480314
21
1.9533705905511811
0
LINE
8
BLACK
6
CONTINUOUS
10
1.6530590157480314
20
1.9533705905511811
11
1.6908894881889764
21
1.9207377952755904
0
LINE
8
BLACK
6
CONTINUOUS
10
1.6908894881889764
20
1.9207377952755904
11
1.6914115748031495
21
1.9202874409448818
0
LINE
8
BLACK
6
CONTINUOUS
10
1.6914115748031495
20
1.9202874409448818
11
1.6914641732283464
21
1.9202413779527558
0
LINE
8
BLACK
6
CONTINUOUS
10
1.6914641732283464
20
1.9202413779527558
11
1.6984642913385826
21
1.9140219291338583
0
LINE
8
BLACK
6
CONTINUOUS
10
1.6984642913385826
20
1.9140219291338583
11
1.7004967322834645
21
1.9122161023622046
0
LINE
8
BLACK
6
CONTINUOUS
10
1.7004967322834645
20
1.9122161023622046
11
1.7005326771653544
21
1.9121838582677164
0
LINE
8
BLACK
6
CONTINUOUS
10
1.7005326771653544
20
1.9121838582677164
11
1.7381903937007874
21
1.8780529133858268
0
LINE
8
BLACK
6
CONTINUOUS
10
1.7381903937007874
20
1.8780529133858268
11
1.7382415748031497
21
1.8780058661417323
0
LINE
8
BLACK
6
CONTINUOUS
10
1.7382415748031497
20
1.8780058661417323
11
1.7469373228346456
21
1.8698846062992125
0
LINE
8
BLACK
6
CONTINUOUS
10
1.7469373228346456
20
1.8698846062992125
11
1.7469644488188976
21
1.8698590157480315
0
LINE
8
BLACK
6
CONTINUOUS
10
1.7469644488188976
20
1.8698590157480315
11
1.7839229921259843
21
1.8346715354330709
0
LINE
8
BLACK
6
CONTINUOUS
10
1.7839229921259843
20
1.8346715354330709
11
1.7839710629921259
21
1.8346250787401575
0
LINE
8
BLACK
6
CONTINUOUS
10
1.7839710629921259
20
1.8346250787401575
11
1.7892161811023621
21
1.8294767716535432
0
LINE
8
BLACK
6
CONTINUOUS
10
1.7892161811023621
20
1.8294767716535432
11
1.7922995669291337
21
1.8264502755905512
0
LINE
8
BLACK
6
CONTINUOUS
10
1.7922995669291337
20
1.8264502755905512
11
1.7923318503937007
21
1.8264182677165355
0
LINE
8
BLACK
6
CONTINUOUS
10
1.7923318503937007
20
1.8264182677165355
11
1.8285712204724409
21
1.7901788976377953
0
LINE
8
BLACK
6
CONTINUOUS
10
1.8285712204724409
20
1.7901788976377953
11
1.8286244094488189
21
1.7901249212598425
0
LINE
8
BLACK
6
CONTINUOUS
10
1.8286244094488189
20
1.7901249212598425
11
1.8346350787401575
21
1.78392468503937
0
LINE
8
BLACK
6
CONTINUOUS
10
1.8346350787401575
20
1.78392468503937
11
1.8365671653543307
21
1.7819316929133857
0
LINE
8
BLACK
6
CONTINUOUS
10
1.8365671653543307
20
1.7819316929133857
11
1.8365976771653543
21
1.7818999212598425
0
LINE
8
BLACK
6
CONTINUOUS
10
1.8365976771653543
20
1.7818999212598425
11
1.8721194488188977
21
1.7445901968503936
0
LINE
8
BLACK
6
CONTINUOUS
10
1.8721194488188977
20
1.7445901968503936
11
1.8721722047244094
21
1.7445338582677166
0
LINE
8
BLACK
6
CONTINUOUS
10
1.8721722047244094
20
1.7445338582677166
11
1.8797114960629921
21
1.7363601181102362
0
LINE
8
BLACK
6
CONTINUOUS
10
1.8797114960629921
20
1.7363601181102362
11
1.8797402755905512
21
1.7363286614173228
0
LINE
8
BLACK
6
CONTINUOUS
10
1.8797402755905512
20
1.7363286614173228
11
1.9145311811023622
21
1.6979427952755906
0
LINE
8
BLACK
6
CONTINUOUS
10
1.9145311811023622
20
1.6979427952755906
11
1.9145835039370078
21
1.6978841338582678
0
LINE
8
BLACK
6
CONTINUOUS
10
1.9145835039370078
20
1.6978841338582678
11
1.921709251968504
21
1.689763031496063
0
LINE
8
BLACK
6
CONTINUOUS
10
1.921709251968504
20
1.689763031496063
11
1.9217360236220471
21
1.6897322440944882
0
LINE
8
BLACK
6
CONTINUOUS
10
1.9217360236220471
20
1.6897322440944882
11
1.9557866141732283
21
1.6502581496062991
0
LINE
8
BLACK
6
CONTINUOUS
10
1.9557866141732283
20
1.6502581496062991
11
1.955832874015748
21
1.6502036614173228
0
LINE
8
BLACK
6
CONTINUOUS
10
1.955832874015748
20
1.6502036614173228
11
1.9616492913385826
21
1.6432329921259843
0
LINE
8
BLACK
6
CONTINUOUS
10
1.9616492913385826
20
1.6432329921259843
11
1.9625299606299211
21
1.6421775196850392
0
LINE
8
BLACK
6
CONTINUOUS
10
1.9625299606299211
20
1.6421775196850392
11
1.9625552755905511
21
1.6421468897637794
0
LINE
8
BLACK
6
CONTINUOUS
10
1.9625552755905511
20
1.6421468897637794
11
1.9958551968503937
21
1.6015708661417323
0
LINE
8
BLACK
6
CONTINUOUS
10
1.9958551968503937
20
1.6015708661417323
11
1.9959063779527559
21
1.601507440944882
0
LINE
8
BLACK
6
CONTINUOUS
10
1.9959063779527559
20
1.601507440944882
11
2.002149409448819
21
1.5936359842519685
0
LINE
8
BLACK
6
CONTINUOUS
10
2.002149409448819
20
1.5936359842519685
11
2.0021731102362206
21
1.5936058661417323
0
LINE
8
BLACK
6
CONTINUOUS
10
2.0021731102362206
20
1.5936058661417323
11
2.0347151181102361
21
1.5519072047244094
0
LINE
8
BLACK
6
CONTINUOUS
10
2.0347151181102361
20
1.5519072047244094
11
2.0347655511811022
21
1.5518414173228345
0
LINE
8
BLACK
6
CONTINUOUS
10
2.0347655511811022
20
1.5518414173228345
11
2.0405476377952754
21
1.5441672047244095
0
LINE
8
BLACK
6
CONTINUOUS
10
2.0405476377952754
20
1.5441672047244095
11
2.0405697637795277
21
1.5441376377952756
0
LINE
8
BLACK
6
CONTINUOUS
10
2.0405697637795277
20
1.5441376377952756
11
2.0723422047244093
21
1.5012975196850393
0
LINE
8
BLACK
6
CONTINUOUS
10
2.0723422047244093
20
1.5012975196850393
11
2.0723918110236221
21
1.50122937007874
0
LINE
8
BLACK
6
CONTINUOUS
10
2.0723918110236221
20
1.50122937007874
11
2.0777011811023622
21
1.4938059842519684
0
LINE
8
BLACK
6
CONTINUOUS
10
2.0777011811023622
20
1.4938059842519684
11
2.0777160629921259
21
1.4937849999999999
0
LINE
8
BLACK
6
CONTINUOUS
10
2.0777160629921259
20
1.4937849999999999
11
2.0885959448818898
21
1.4783367322834646
0
LINE
8
BLACK
6
CONTINUOUS
10
2.0885959448818898
20
1.4783367322834646
11
2.108713661417323
21
1.4497717322834645
0
LINE
8
BLACK
6
CONTINUOUS
10
2.108713661417323
20
1.4497717322834645
11
2.1087623622047245
21
1.4497012598425196
0
LINE
8
BLACK
6
CONTINUOUS
10
2.1087623622047245
20
1.4497012598425196
11
2.1135801968503936
21
1.442598779527559
0
LINE
8
BLACK
6
CONTINUOUS
10
2.1135801968503936
20
1.442598779527559
11
2.1135948031496063
21
1.4425770866141732
0
LINE
8
BLACK
6
CONTINUOUS
10
2.1135948031496063
20
1.4425770866141732
11
2.1427991338582677
21
1.3988697244094488
0
LINE
8
BLACK
6
CONTINUOUS
10
2.1427991338582677
20
1.3988697244094488
11
2.1438045275590549
21
1.3973650787401575
0
LINE
8
BLACK
6
CONTINUOUS
10
2.1438045275590549
20
1.3973650787401575
11
2.143850157480315
21
1.397295433070866
0
LINE
8
BLACK
6
CONTINUOUS
10
2.143850157480315
20
1.397295433070866
11
2.1481687007874015
21
1.3905757086614172
0
LINE
8
BLACK
6
CONTINUOUS
10
2.1481687007874015
20
1.3905757086614172
11
2.1481820472440942
21
1.3905547637795275
0
LINE
8
BLACK
6
CONTINUOUS
10
2.1481820472440942
20
1.3905547637795275
11
2.1594476377952754
21
1.3727644488188977
0
LINE
8
BLACK
6
CONTINUOUS
10
2.1594476377952754
20
1.3727644488188977
11
2.1686400393700787
21
1.358248031496063
0
LINE
8
BLACK
6
CONTINUOUS
10
2.1686400393700787
20
1.358248031496063
11
2.177596062992126
21
1.3441049606299211
0
LINE
8
BLACK
6
CONTINUOUS
10
2.177596062992126
20
1.3441049606299211
11
2.1776427559055116
21
1.34402968503937
0
LINE
8
BLACK
6
CONTINUOUS
10
2.1776427559055116
20
1.34402968503937
11
2.1814409842519686
21
1.3377837007874016
0
LINE
8
BLACK
6
CONTINUOUS
10
2.1814409842519686
20
1.3377837007874016
11
2.1814571259842519
21
1.337756968503937
0
LINE
8
BLACK
6
CONTINUOUS
10
2.1814571259842519
20
1.337756968503937
11
2.210065748031496
21
1.2900264173228346
0
LINE
8
BLACK
6
CONTINUOUS
10
2.210065748031496
20
1.2900264173228346
11
2.2101112992125982
21
1.2899488188976378
0
LINE
8
BLACK
6
CONTINUOUS
10
2.2101112992125982
20
1.2899488188976378
11
2.2133816141732283
21
1.2842572834645669
0
LINE
8
BLACK
6
CONTINUOUS
10
2.2133816141732283
20
1.2842572834645669
11
2.2133964173228344
21
1.2842313385826771
0
LINE
8
BLACK
6
CONTINUOUS
10
2.2133964173228344
20
1.2842313385826771
11
2.2411958661417324
21
1.2351584251968504
0
LINE
8
BLACK
6
CONTINUOUS
10
2.2411958661417324
20
1.2351584251968504
11
2.2412401574803149
21
1.2350785039370078
0
LINE
8
BLACK
6
CONTINUOUS
10
2.2412401574803149
20
1.2350785039370078
11
2.2439681889763778
21
1.2300453937007874
0
LINE
8
BLACK
6
CONTINUOUS
10
2.2439681889763778
20
1.2300453937007874
11
2.2439816535433073
21
1.2300203543307087
0
LINE
8
BLACK
6
CONTINUOUS
10
2.2439816535433073
20
1.2300203543307087
11
2.2709635433070865
21
1.1795407874015749
0
LINE
8
BLACK
6
CONTINUOUS
10
2.2709635433070865
20
1.1795407874015749
11
2.2710064960629919
21
1.1794585826771653
0
LINE
8
BLACK
6
CONTINUOUS
10
2.2710064960629919
20
1.1794585826771653
11
2.2718124803149604
21
1.1778792125984252
0
LINE
8
BLACK
6
CONTINUOUS
10
2.2718124803149604
20
1.1778792125984252
11
2.2731931102362206
21
1.1751737401574802
0
LINE
8
BLACK
6
CONTINUOUS
10
2.2731931102362206
20
1.1751737401574802
11
2.2993538976377952
21
1.1232011811023621
0
LINE
8
BLACK
6
CONTINUOUS
10
2.2993538976377952
20
1.1232011811023621
11
2.2993954724409447
21
1.1231165748031495
0
LINE
8
BLACK
6
CONTINUOUS
10
2.2993954724409447
20
1.1231165748031495
11
2.3010117322834645
21
1.1197450393700787
0
LINE
8
BLACK
6
CONTINUOUS
10
2.3010117322834645
20
1.1197450393700787
11
2.3010227165354329
21
1.119721968503937
0
LINE
8
BLACK
6
CONTINUOUS
10
2.3010227165354329
20
1.119721968503937
11
2.326348503937008
21
1.0661750393700786
0
LINE
8
BLACK
6
CONTINUOUS
10
2.326348503937008
20
1.0661750393700786
11
2.3263885433070866
21
1.066088188976378
0
LINE
8
BLACK
6
CONTINUOUS
10
2.3263885433070866
20
1.066088188976378
11
2.3274305118110235
21
1.063768622047244
0
LINE
8
BLACK
6
CONTINUOUS
10
2.3274305118110235
20
1.063768622047244
11
2.3274403543307085
21
1.0637465354330709
0
LINE
8
BLACK
6
CONTINUOUS
10
2.3274403543307085
20
1.0637465354330709
11
2.3519282677165352
21
1.008502716535433
0
LINE
8
BLACK
6
CONTINUOUS
10
2.3519282677165352
20
1.008502716535433
11
2.3519667716535433
21
1.0084134645669292
0
LINE
8
BLACK
6
CONTINUOUS
10
2.3519667716535433
20
1.0084134645669292
11
2.3524312598425197
21
1.0073066141732283
0
LINE
8
BLACK
6
CONTINUOUS
10
2.3524312598425197
20
1.0073066141732283
11
2.3524399606299213
21
1.0072857480314961
0
LINE
8
BLACK
6
CONTINUOUS
10
2.3524399606299213
20
1.0072857480314961
11
2.376057086614173
21
0.9502690551181102
0
LINE
8
BLACK
6
CONTINUOUS
10
2.376057086614173
20
0.9502690551181102
11
2.3761015748031498
21
0.9501577952755905
0
LINE
8
BLACK
6
CONTINUOUS
10
2.3761015748031498
20
0.9501577952755905
11
2.3986624409448818
21
0.8916709842519684
0
LINE
8
BLACK
6
CONTINUOUS
10
2.3986624409448818
20
0.8916709842519684
11
2.3987039763779525
21
0.8915592125984252
0
LINE
8
BLACK
6
CONTINUOUS
10
2.3987039763779525
20
0.8915592125984252
11
2.411185275590551
21
0.8566762598425197
0
LINE
8
BLACK
6
CONTINUOUS
10
2.411185275590551
20
0.8566762598425197
11
2.4198223228346456
21
0.8325373228346457
0
LINE
8
BLACK
6
CONTINUOUS
10
2.4198223228346456
20
0.8325373228346457
11
2.4198612992125983
21
0.8324240551181102
0
LINE
8
BLACK
6
CONTINUOUS
10
2.4198612992125983
20
0.8324240551181102
11
2.4395248031496064
21
0.772901811023622
0
LINE
8
BLACK
6
CONTINUOUS
10
2.4395248031496064
20
0.772901811023622
11
2.4395610236220473
21
0.7727875590551181
0
LINE
8
BLACK
6
CONTINUOUS
10
2.4395610236220473
20
0.7727875590551181
11
2.457758622047244
21
0.7127981496062992
0
LINE
8
BLACK
6
CONTINUOUS
10
2.457758622047244
20
0.7127981496062992
11
2.4577919685039369
21
0.7126830708661417
0
LINE
8
BLACK
6
CONTINUOUS
10
2.4577919685039369
20
0.7126830708661417
11
2.4745108267716533
21
0.6522688582677165
0
LINE
8
BLACK
6
CONTINUOUS
10
2.4745108267716533
20
0.6522688582677165
11
2.4745413779527556
21
0.652153031496063
0
LINE
8
BLACK
6
CONTINUOUS
10
2.4745413779527556
20
0.652153031496063
11
2.4897733070866139
21
0.5913437401574803
0
LINE
8
BLACK
6
CONTINUOUS
10
2.4897733070866139
20
0.5913437401574803
11
2.4898009842519686
21
0.5912271653543307
0
LINE
8
BLACK
6
CONTINUOUS
10
2.4898009842519686
20
0.5912271653543307
11
2.5035358267716536
21
0.5300631496062992
0
LINE
8
BLACK
6
CONTINUOUS
10
2.5035358267716536
20
0.5300631496062992
11
2.5035606299212598
21
0.529945905511811
0
LINE
8
BLACK
6
CONTINUOUS
10
2.5035606299212598
20
0.529945905511811
11
2.5157900787401575
21
0.4684642125984252
0
LINE
8
BLACK
6
CONTINUOUS
10
2.5157900787401575
20
0.4684642125984252
11
2.5158120078740156
21
0.4683464173228347
0
LINE
8
BLACK
6
CONTINUOUS
10
2.5158120078740156
20
0.4683464173228347
11
2.5265288976377951
21
0.4065836614173228
0
LINE
8
BLACK
6
CONTINUOUS
10
2.5265288976377951
20
0.4065836614173228
11
2.5265479527559056
21
0.4064653937007874
0
LINE
8
BLACK
6
CONTINUOUS
10
2.5265479527559056
20
0.4064653937007874
11
2.5357462992125983
21
0.3444551181102362
0
LINE
8
BLACK
6
CONTINUOUS
10
2.5357462992125983
20
0.3444551181102362
11
2.5357624015748033
21
0.3443363779527559
0
LINE
8
BLACK
6
CONTINUOUS
10
2.5357624015748033
20
0.3443363779527559
11
2.5434357086614172
21
0.2821228346456693
0
LINE
8
BLACK
6
CONTINUOUS
10
2.5434357086614172
20
0.2821228346456693
11
2.5434489370078741
21
0.2820037401574803
0
LINE
8
BLACK
6
CONTINUOUS
10
2.5434489370078741
20
0.2820037401574803
11
2.5495934251968504
21
0.2196178346456693
0
LINE
8
BLACK
6
CONTINUOUS
10
2.5495934251968504
20
0.2196178346456693
11
2.5496037007874017
21
0.2194984645669291
0
LINE
8
BLACK
6
CONTINUOUS
10
2.5496037007874017
20
0.2194984645669291
11
2.5542151181102364
21
0.1569822834645669
0
LINE
8
BLACK
6
CONTINUOUS
10
2.5542151181102364
20
0.1569822834645669
11
2.5542224803149605
21
0.1568626771653543
0
LINE
8
BLACK
6
CONTINUOUS
10
2.5542224803149605
20
0.1568626771653543
11
2.5572984251968505
21
0.0942508267716535
0
LINE
8
BLACK
6
CONTINUOUS
10
2.5572984251968505
20
0.0942508267716535
11
2.5573028346456694
21
0.0941311023622047
0
LINE
8
BLACK
6
CONTINUOUS
10
2.5573028346456694
20
0.0941311023622047
11
2.5588412992125984
21
0.0314626771653543
0
LINE
8
BLACK
6
CONTINUOUS
10
2.5588412992125984
20
0.0314626771653543
11
2.5588427559055118
21
0.031342874015748
0
LINE
8
BLACK
6
CONTINUOUS
10
2.5588427559055118
20
0.031342874015748
11
2.5588427559055118
21
-0.0313428346456693
0
LINE
8
BLACK
6
CONTINUOUS
10
2.5588427559055118
20
-0.0313428346456693
11
2.5588412992125984
21
-0.0314626377952756
0
LINE
8
BLACK
6
CONTINUOUS
10
2.5588412992125984
20
-0.0314626377952756
11
2.5573028346456694
21
-0.094131062992126
0
LINE
8
BLACK
6
CONTINUOUS
10
2.5573028346456694
20
-0.094131062992126
11
2.5572984251968505
21
-0.0942507874015748
0
LINE
8
BLACK
6
CONTINUOUS
10
2.5572984251968505
20
-0.0942507874015748
11
2.5542224803149605
21
-0.1568626377952756
0
LINE
8
BLACK
6
CONTINUOUS
10
2.5542224803149605
20
-0.1568626377952756
11
2.5542151181102364
21
-0.1569822440944882
0
LINE
8
BLACK
6
CONTINUOUS
10
2.5542151181102364
20
-0.1569822440944882
11
2.5496037007874017
21
-0.2194984251968504
0
LINE
8
BLACK
6
CONTINUOUS
10
2.5496037007874017
20
-0.2194984251968504
11
2.5495934251968504
21
-0.2196177952755906
0
LINE
8
BLACK
6
CONTINUOUS
10
2.5495934251968504
20
-0.2196177952755906
11
2.5434489370078741
21
-0.2820037007874016
0
LINE
8
BLACK
6
CONTINUOUS
10
2.5434489370078741
20
-0.2820037007874016
11
2.5434357086614172
21
-0.2821227952755905
0
LINE
8
BLACK
6
CONTINUOUS
10
2.5434357086614172
20
-0.2821227952755905
11
2.5357624015748033
21
-0.3443363385826771
0
LINE
8
BLACK
6
CONTINUOUS
10
2.5357624015748033
20
-0.3443363385826771
11
2.5357462992125983
21
-0.3444550787401575
0
LINE
8
BLACK
6
CONTINUOUS
10
2.5357462992125983
20
-0.3444550787401575
11
2.5265479527559056
21
-0.4064653543307086
0
LINE
8
BLACK
6
CONTINUOUS
10
2.5265479527559056
20
-0.4064653543307086
11
2.5265288976377951
21
-0.4065836220472441
0
LINE
8
BLACK
6
CONTINUOUS
10
2.5265288976377951
20
-0.4065836220472441
11
2.5158120078740156
21
-0.4683463779527559
0
LINE
8
BLACK
6
CONTINUOUS
10
2.5158120078740156
20
-0.4683463779527559
11
2.5157900787401575
21
-0.4684641732283464
0
LINE
8
BLACK
6
CONTINUOUS
10
2.5157900787401575
20
-0.4684641732283464
11
2.5035606299212598
21
-0.5299458661417322
0
LINE
8
BLACK
6
CONTINUOUS
10
2.5035606299212598
20
-0.5299458661417322
11
2.5035358267716536
21
-0.5300631102362204
0
LINE
8
BLACK
6
CONTINUOUS
10
2.5035358267716536
20
-0.5300631102362204
11
2.4898009842519686
21
-0.591227125984252
0
LINE
8
BLACK
6
CONTINUOUS
10
2.4898009842519686
20
-0.591227125984252
11
2.4897733070866139
21
-0.5913437007874016
0
LINE
8
BLACK
6
CONTINUOUS
10
2.4897733070866139
20
-0.5913437007874016
11
2.4745413779527556
21
-0.6521529921259842
0
LINE
8
BLACK
6
CONTINUOUS
10
2.4745413779527556
20
-0.6521529921259842
11
2.4745108267716533
21
-0.6522688188976378
0
LINE
8
BLACK
6
CONTINUOUS
10
2.4745108267716533
20
-0.6522688188976378
11
2.4577919685039369
21
-0.7126830314960629
0
LINE
8
BLACK
6
CONTINUOUS
10
2.4577919685039369
20
-0.7126830314960629
11
2.457758622047244
21
-0.7127981102362204
0
LINE
8
BLACK
6
CONTINUOUS
10
2.457758622047244
20
-0.7127981102362204
11
2.4395610236220473
21
-0.7727875196850393
0
LINE
8
BLACK
6
CONTINUOUS
10
2.4395610236220473
20
-0.7727875196850393
11
2.4395248031496064
21
-0.7729017716535432
0
LINE
8
BLACK
6
CONTINUOUS
10
2.4395248031496064
20
-0.7729017716535432
11
2.4198612992125983
21
-0.8324240157480315
0
LINE
8
BLACK
6
CONTINUOUS
10
2.4198612992125983
20
-0.8324240157480315
11
2.4198223228346456
21
-0.8325372834645669
0
LINE
8
BLACK
6
CONTINUOUS
10
2.4198223228346456
20
-0.8325372834645669
11
2.3987041732283463
21
-0.8915586220472441
0
LINE
8
BLACK
6
CONTINUOUS
10
2.3987041732283463
20
-0.8915586220472441
11
2.3986624409448818
21
-0.8916709448818897
0
LINE
8
BLACK
6
CONTINUOUS
10
2.3986624409448818
20
-0.8916709448818897
11
2.3761015748031498
21
-0.9501577559055118
0
LINE
8
BLACK
6
CONTINUOUS
10
2.3761015748031498
20
-0.9501577559055118
11
2.376057086614173
21
-0.9502690157480315
0
LINE
8
BLACK
6
CONTINUOUS
10
2.376057086614173
20
-0.9502690157480315
11
2.3524399606299213
21
-1.0072856692913386
0
LINE
8
BLACK
6
CONTINUOUS
10
2.3524399606299213
20
-1.0072856692913386
11
2.3524312598425197
21
-1.0073065354330708
0
LINE
8
BLACK
6
CONTINUOUS
10
2.3524312598425197
20
-1.0073065354330708
11
2.3519667716535433
21
-1.0084133858267716
0
LINE
8
BLACK
6
CONTINUOUS
10
2.3519667716535433
20
-1.0084133858267716
11
2.3519282677165352
21
-1.0085026377952755
0
LINE
8
BLACK
6
CONTINUOUS
10
2.3519282677165352
20
-1.0085026377952755
11
2.3274403543307085
21
-1.0637464566929133
0
LINE
8
BLACK
6
CONTINUOUS
10
2.3274403543307085
20
-1.0637464566929133
11
2.3274305118110235
21
-1.0637685433070867
0
LINE
8
BLACK
6
CONTINUOUS
10
2.3274305118110235
20
-1.0637685433070867
11
2.3263885433070866
21
-1.0660881102362205
0
LINE
8
BLACK
6
CONTINUOUS
10
2.3263885433070866
20
-1.0660881102362205
11
2.326348503937008
21
-1.0661749606299213
0
LINE
8
BLACK
6
CONTINUOUS
10
2.326348503937008
20
-1.0661749606299213
11
2.3010227165354329
21
-1.1197218897637795
0
LINE
8
BLACK
6
CONTINUOUS
10
2.3010227165354329
20
-1.1197218897637795
11
2.3010117322834645
21
-1.1197449606299212
0
LINE
8
BLACK
6
CONTINUOUS
10
2.3010117322834645
20
-1.1197449606299212
11
2.2993954724409447
21
-1.123116496062992
0
LINE
8
BLACK
6
CONTINUOUS
10
2.2993954724409447
20
-1.123116496062992
11
2.2993538976377952
21
-1.1232011023622046
0
LINE
8
BLACK
6
CONTINUOUS
10
2.2993538976377952
20
-1.1232011023622046
11
2.2731969291338583
21
-1.1751661417322834
0
LINE
8
BLACK
6
CONTINUOUS
10
2.2731969291338583
20
-1.1751661417322834
11
2.2731846850393702
21
-1.1751902755905512
0
LINE
8
BLACK
6
CONTINUOUS
10
2.2731846850393702
20
-1.1751902755905512
11
2.2710064960629919
21
-1.1794585039370078
0
LINE
8
BLACK
6
CONTINUOUS
10
2.2710064960629919
20
-1.1794585039370078
11
2.2709635433070865
21
-1.1795407086614174
0
LINE
8
BLACK
6
CONTINUOUS
10
2.2709635433070865
20
-1.1795407086614174
11
2.2439816535433073
21
-1.2300202755905512
0
LINE
8
BLACK
6
CONTINUOUS
10
2.2439816535433073
20
-1.2300202755905512
11
2.2439681889763778
21
-1.2300453149606299
0
LINE
8
BLACK
6
CONTINUOUS
10
2.2439681889763778
20
-1.2300453149606299
11
2.2412401574803149
21
-1.2350784251968503
0
LINE
8
BLACK
6
CONTINUOUS
10
2.2412401574803149
20
-1.2350784251968503
11
2.2411958661417324
21
-1.2351583464566929
0
LINE
8
BLACK
6
CONTINUOUS
10
2.2411958661417324
20
-1.2351583464566929
11
2.2133964173228344
21
-1.2842312598425196
0
LINE
8
BLACK
6
CONTINUOUS
10
2.2133964173228344
20
-1.2842312598425196
11
2.2133816141732283
21
-1.2842572047244094
0
LINE
8
BLACK
6
CONTINUOUS
10
2.2133816141732283
20
-1.2842572047244094
11
2.2101112992125982
21
-1.2899487401574803
0
LINE
8
BLACK
6
CONTINUOUS
10
2.2101112992125982
20
-1.2899487401574803
11
2.210065748031496
21
-1.2900263385826771
0
LINE
8
BLACK
6
CONTINUOUS
10
2.210065748031496
20
-1.2900263385826771
11
2.1814571259842519
21
-1.3377568897637795
0
LINE
8
BLACK
6
CONTINUOUS
10
2.1814571259842519
20
-1.3377568897637795
11
2.1814409842519686
21
-1.3377836220472441
0
LINE
8
BLACK
6
CONTINUOUS
10
2.1814409842519686
20
-1.3377836220472441
11
2.1776427559055116
21
-1.3440296062992125
0
LINE
8
BLACK
6
CONTINUOUS
10
2.1776427559055116
20
-1.3440296062992125
11
2.177596062992126
21
-1.3441048818897638
0
LINE
8
BLACK
6
CONTINUOUS
10
2.177596062992126
20
-1.3441048818897638
11
2.1481820472440942
21
-1.39055468503937
0
LINE
8
BLACK
6
CONTINUOUS
10
2.1481820472440942
20
-1.39055468503937
11
2.1481644881889763
21
-1.3905822047244094
0
LINE
8
BLACK
6
CONTINUOUS
10
2.1481644881889763
20
-1.3905822047244094
11
2.1438523228346456
21
-1.3972920866141731
0
LINE
8
BLACK
6
CONTINUOUS
10
2.1438523228346456
20
-1.3972920866141731
11
2.1438045275590549
21
-1.397365
0
LINE
8
BLACK
6
CONTINUOUS
10
2.1438045275590549
20
-1.397365
11
2.1135952755905509
21
-1.4425762992125983
0
LINE
8
BLACK
6
CONTINUOUS
10
2.1135952755905509
20
-1.4425762992125983
11
2.1135762204724409
21
-1.4426046062992126
0
LINE
8
BLACK
6
CONTINUOUS
10
2.1135762204724409
20
-1.4426046062992126
11
2.1087623622047245
21
-1.4497011811023621
0
LINE
8
BLACK
6
CONTINUOUS
10
2.1087623622047245
20
-1.4497011811023621
11
2.108713661417323
21
-1.4497716535433069
0
LINE
8
BLACK
6
CONTINUOUS
10
2.108713661417323
20
-1.4497716535433069
11
2.0777185433070864
21
-1.4937814566929133
0
LINE
8
BLACK
6
CONTINUOUS
10
2.0777185433070864
20
-1.4937814566929133
11
2.0776979527559054
21
-1.4938104330708661
0
LINE
8
BLACK
6
CONTINUOUS
10
2.0776979527559054
20
-1.4938104330708661
11
2.0723918110236221
21
-1.5012292913385827
0
LINE
8
BLACK
6
CONTINUOUS
10
2.0723918110236221
20
-1.5012292913385827
11
2.0723422047244093
21
-1.5012974409448818
0
LINE
8
BLACK
6
CONTINUOUS
10
2.0723422047244093
20
-1.5012974409448818
11
2.0405697637795277
21
-1.5441375590551181
0
LINE
8
BLACK
6
CONTINUOUS
10
2.0405697637795277
20
-1.5441375590551181
11
2.0405476377952754
21
-1.544167125984252
0
LINE
8
BLACK
6
CONTINUOUS
10
2.0405476377952754
20
-1.544167125984252
11
2.0347655511811022
21
-1.551841338582677
0
LINE
8
BLACK
6
CONTINUOUS
10
2.0347655511811022
20
-1.551841338582677
11
2.0347151181102361
21
-1.5519071259842518
0
LINE
8
BLACK
6
CONTINUOUS
10
2.0347151181102361
20
-1.5519071259842518
11
2.0021731102362206
21
-1.5936057874015748
0
LINE
8
BLACK
6
CONTINUOUS
10
2.0021731102362206
20
-1.5936057874015748
11
2.002149409448819
21
-1.593635905511811
0
LINE
8
BLACK
6
CONTINUOUS
10
2.002149409448819
20
-1.593635905511811
11
1.9959063779527559
21
-1.6015073622047244
0
LINE
8
BLACK
6
CONTINUOUS
10
1.9959063779527559
20
-1.6015073622047244
11
1.9958551968503937
21
-1.6015707874015748
0
LINE
8
BLACK
6
CONTINUOUS
10
1.9958551968503937
20
-1.6015707874015748
11
1.9625552755905511
21
-1.6421468110236219
0
LINE
8
BLACK
6
CONTINUOUS
10
1.9625552755905511
20
-1.6421468110236219
11
1.9625299606299211
21
-1.6421774409448819
0
LINE
8
BLACK
6
CONTINUOUS
10
1.9625299606299211
20
-1.6421774409448819
11
1.9558367322834644
21
-1.6501990551181103
0
LINE
8
BLACK
6
CONTINUOUS
10
1.9558367322834644
20
-1.6501990551181103
11
1.9557849212598424
21
-1.6502600787401573
0
LINE
8
BLACK
6
CONTINUOUS
10
1.9557849212598424
20
-1.6502600787401573
11
1.9217362992125984
21
-1.6897318503937007
0
LINE
8
BLACK
6
CONTINUOUS
10
1.9217362992125984
20
-1.6897318503937007
11
1.921709251968504
21
-1.6897629527559055
0
LINE
8
BLACK
6
CONTINUOUS
10
1.921709251968504
20
-1.6897629527559055
11
1.9145835039370078
21
-1.6978840551181102
0
LINE
8
BLACK
6
CONTINUOUS
10
1.9145835039370078
20
-1.6978840551181102
11
1.9145311811023622
21
-1.697942716535433
0
LINE
8
BLACK
6
CONTINUOUS
10
1.9145311811023622
20
-1.697942716535433
11
1.8797402755905512
21
-1.7363285826771653
0
LINE
8
BLACK
6
CONTINUOUS
10
1.8797402755905512
20
-1.7363285826771653
11
1.8797114960629921
21
-1.7363600393700787
0
LINE
8
BLACK
6
CONTINUOUS
10
1.8797114960629921
20
-1.7363600393700787
11
1.8721722047244094
21
-1.7445337795275591
0
LINE
8
BLACK
6
CONTINUOUS
10
1.8721722047244094
20
-1.7445337795275591
11
1.8721194488188977
21
-1.7445901181102361
0
LINE
8
BLACK
6
CONTINUOUS
10
1.8721194488188977
20
-1.7445901181102361
11
1.8365976771653543
21
-1.781899842519685
0
LINE
8
BLACK
6
CONTINUOUS
10
1.8365976771653543
20
-1.781899842519685
11
1.8365671653543307
21
-1.7819316141732282
0
LINE
8
BLACK
6
CONTINUOUS
10
1.8365671653543307
20
-1.7819316141732282
11
1.8286244094488189
21
-1.790124842519685
0
LINE
8
BLACK
6
CONTINUOUS
10
1.8286244094488189
20
-1.790124842519685
11
1.8285712204724409
21
-1.7901788188976377
0
LINE
8
BLACK
6
CONTINUOUS
10
1.8285712204724409
20
-1.7901788188976377
11
1.7923318503937007
21
-1.826418188976378
0
LINE
8
BLACK
6
CONTINUOUS
10
1.7923318503937007
20
-1.826418188976378
11
1.7922995669291337
21
-1.8264501968503937
0
LINE
8
BLACK
6
CONTINUOUS
10
1.7922995669291337
20
-1.8264501968503937
11
1.7839737401574802
21
-1.8346224015748032
0
LINE
8
BLACK
6
CONTINUOUS
10
1.7839737401574802
20
-1.8346224015748032
11
1.7839202755905512
21
-1.834674094488189
0
LINE
8
BLACK
6
CONTINUOUS
10
1.7839202755905512
20
-1.834674094488189
11
1.7469661023622047
21
-1.8698573622047243
0
LINE
8
BLACK
6
CONTINUOUS
10
1.7469661023622047
20
-1.8698573622047243
11
1.7469320078740158
21
-1.869889527559055
0
LINE
8
BLACK
6
CONTINUOUS
10
1.7469320078740158
20
-1.869889527559055
11
1.738244094488189
21
-1.878003464566929
0
LINE
8
BLACK
6
CONTINUOUS
10
1.738244094488189
20
-1.878003464566929
11
1.7381903937007874
21
-1.8780528346456693
0
LINE
8
BLACK
6
CONTINUOUS
10
1.7381903937007874
20
-1.8780528346456693
11
1.7005326771653544
21
-1.9121837795275589
0
LINE
8
BLACK
6
CONTINUOUS
10
1.7005326771653544
20
-1.9121837795275589
11
1.7004967322834645
21
-1.9122160236220471
0
LINE
8
BLACK
6
CONTINUOUS
10
1.7004967322834645
20
-1.9122160236220471
11
1.6914653937007873
21
-1.9202402362204725
0
LINE
8
BLACK
6
CONTINUOUS
10
1.6914653937007873
20
-1.9202402362204725
11
1.6914115748031495
21
-1.9202873622047243
0
LINE
8
BLACK
6
CONTINUOUS
10
1.6914115748031495
20
-1.9202873622047243
11
1.6530625984251968
21
-1.9533674409448818
0
LINE
8
BLACK
6
CONTINUOUS
10
1.6530625984251968
20
-1.9533674409448818
11
1.6530248031496062
21
-1.9533997244094488
0
LINE
8
BLACK
6
CONTINUOUS
10
1.6530248031496062
20
-1.9533997244094488
11
1.6436630708661417
21
-1.9613103149606299
0
LINE
8
BLACK
6
CONTINUOUS
10
1.6436630708661417
20
-1.9613103149606299
11
1.6436092125984252
21
-1.961355157480315
0
LINE
8
BLACK
6
CONTINUOUS
10
1.6436092125984252
20
-1.961355157480315
11
1.6045767716535433
21
-1.9933882283464566
0
LINE
8
BLACK
6
CONTINUOUS
10
1.6045767716535433
20
-1.9933882283464566
11
1.6045370472440945
21
-1.9934204724409448
0
LINE
8
BLACK
6
CONTINUOUS
10
1.6045370472440945
20
-1.9934204724409448
11
1.5948720866141732
21
-2.0011842519685037
0
LINE
8
BLACK
6
CONTINUOUS
10
1.5948720866141732
20
-2.0011842519685037
11
1.5948182677165355
21
-2.0012268897637795
0
LINE
8
BLACK
6
CONTINUOUS
10
1.5948182677165355
20
-2.0012268897637795
11
1.5551142125984252
21
-2.0322122834645668
0
LINE
8
BLACK
6
CONTINUOUS
10
1.5551142125984252
20
-2.0322122834645668
11
1.5550725984251967
21
-2.0322444094488188
0
LINE
8
BLACK
6
CONTINUOUS
10
1.5550725984251967
20
-2.0322444094488188
11
1.5451157480314961
21
-2.0398437007874017
0
LINE
8
BLACK
6
CONTINUOUS
10
1.5451157480314961
20
-2.0398437007874017
11
1.5450620078740158
21
-2.0398841338582678
0
LINE
8
BLACK
6
CONTINUOUS
10
1.5450620078740158
20
-2.0398841338582678
11
1.5046980708661417
21
-2.0698201181102363
0
LINE
8
BLACK
6
CONTINUOUS
10
1.5046980708661417
20
-2.0698201181102363
11
1.504654527559055
21
-2.0698520472440944
0
LINE
8
BLACK
6
CONTINUOUS
10
1.504654527559055
20
-2.0698520472440944
11
1.4944294488188976
21
-2.0772616141732283
0
LINE
8
BLACK
6
CONTINUOUS
10
1.4944294488188976
20
-2.0772616141732283
11
1.4943758661417323
21
-2.0772998818897639
0
LINE
8
BLACK
6
CONTINUOUS
10
1.4943758661417323
20
-2.0772998818897639
11
1.4533578346456693
21
-2.106188031496063
0
LINE
8
BLACK
6
CONTINUOUS
10
1.4533578346456693
20
-2.106188031496063
11
1.4533123622047244
21
-2.10621968503937
0
LINE
8
BLACK
6
CONTINUOUS
10
1.4533123622047244
20
-2.10621968503937
11
1.442847559055118
21
-2.1134135039370077
0
LINE
8
BLACK
6
CONTINUOUS
10
1.442847559055118
20
-2.1134135039370077
11
1.442794251968504
21
-2.1134496062992127
0
LINE
8
BLACK
6
CONTINUOUS
10
1.442794251968504
20
-2.1134496062992127
11
1.4011335039370079
21
-2.1412864566929133
0
LINE
8
BLACK
6
CONTINUOUS
10
1.4011335039370079
20
-2.1412864566929133
11
1.401086062992126
21
-2.1413177559055119
0
LINE
8
BLACK
6
CONTINUOUS
10
1.401086062992126
20
-2.1413177559055119
11
1.3903955118110236
21
-2.1482823228346457
0
LINE
8
BLACK
6
CONTINUOUS
10
1.3903955118110236
20
-2.1482823228346457
11
1.3903425196850394
21
-2.1483163779527557
0
LINE
8
BLACK
6
CONTINUOUS
10
1.3903425196850394
20
-2.1483163779527557
11
1.3480476377952755
21
-2.1750992913385825
0
LINE
8
BLACK
6
CONTINUOUS
10
1.3480476377952755
20
-2.1750992913385825
11
1.3479982283464567
21
-2.1751301574803148
0
LINE
8
BLACK
6
CONTINUOUS
10
1.3479982283464567
20
-2.1751301574803148
11
1.3371090944881889
21
-2.181845
0
LINE
8
BLACK
6
CONTINUOUS
10
1.3371090944881889
20
-2.181845
11
1.337056496062992
21
-2.181876968503937
0
LINE
8
BLACK
6
CONTINUOUS
10
1.337056496062992
20
-2.181876968503937
11
1.2941374803149606
21
-2.2076016141732282
0
LINE
8
BLACK
6
CONTINUOUS
10
1.2941374803149606
20
-2.2076016141732282
11
1.2940861023622048
21
-2.2076320078740155
0
LINE
8
BLACK
6
CONTINUOUS
10
1.2940861023622048
20
-2.2076320078740155
11
1.2830242913385828
21
-2.2140797637795275
0
LINE
8
BLACK
6
CONTINUOUS
10
1.2830242913385828
20
-2.2140797637795275
11
1.2829721259842519
21
-2.214109724409449
0
LINE
8
BLACK
6
CONTINUOUS
10
1.2829721259842519
20
-2.214109724409449
11
1.2394356299212599
21
-2.2387727952755907
0
LINE
8
BLACK
6
CONTINUOUS
10
1.2394356299212599
20
-2.2387727952755907
11
1.2393823228346457
21
-2.2388025590551179
0
LINE
8
BLACK
6
CONTINUOUS
10
1.2393823228346457
20
-2.2388025590551179
11
1.2281674409448819
21
-2.2449716535433071
0
LINE
8
BLACK
6
CONTINUOUS
10
1.2281674409448819
20
-2.2449716535433071
11
1.2281157874015747
21
-2.2449996456692913
0
LINE
8
BLACK
6
CONTINUOUS
10
1.2281157874015747
20
-2.2449996456692913
11
1.1839776377952755
21
-2.2685920078740156
0
LINE
8
BLACK
6
CONTINUOUS
10
1.1839776377952755
20
-2.2685920078740156
11
1.1839223228346456
21
-2.2686211417322832
0
LINE
8
BLACK
6
CONTINUOUS
10
1.1839223228346456
20
-2.2686211417322832
11
1.1725786614173228
21
-2.2744989370078739
0
LINE
8
BLACK
6
CONTINUOUS
10
1.1725786614173228
20
-2.2744989370078739
11
1.1725276377952756
21
-2.2745250000000001
0
LINE
8
BLACK
6
CONTINUOUS
10
1.1725276377952756
20
-2.2745250000000001
11
1.1277880314960629
21
-2.2970449999999998
0
LINE
8
BLACK
6
CONTINUOUS
10
1.1277880314960629
20
-2.2970449999999998
11
1.1277307086614172
21
-2.2970733464566928
0
LINE
8
BLACK
6
CONTINUOUS
10
1.1277307086614172
20
-2.2970733464566928
11
1.1162944881889763
21
-2.3026433464566929
0
LINE
8
BLACK
6
CONTINUOUS
10
1.1162944881889763
20
-2.3026433464566929
11
1.1162441338582676
21
-2.3026675590551182
0
LINE
8
BLACK
6
CONTINUOUS
10
1.1162441338582676
20
-2.3026675590551182
11
1.0709087401574804
21
-2.3241096062992126
0
LINE
8
BLACK
6
CONTINUOUS
10
1.0709087401574804
20
-2.3241096062992126
11
1.0708494488188975
21
-2.3241371259842518
0
LINE
8
BLACK
6
CONTINUOUS
10
1.0708494488188975
20
-2.3241371259842518
11
1.0593452362204725
21
-2.3293909055118109
0
LINE
8
BLACK
6
CONTINUOUS
10
1.0593452362204725
20
-2.3293909055118109
11
1.0592955905511812
21
-2.3294132677165353
0
LINE
8
BLACK
6
CONTINUOUS
10
1.0592955905511812
20
-2.3294132677165353
11
1.0133792125984251
21
-2.3497666535433068
0
LINE
8
BLACK
6
CONTINUOUS
10
1.0133792125984251
20
-2.3497666535433068
11
1.0133179527559055
21
-2.3497933070866139
0
LINE
8
BLACK
6
CONTINUOUS
10
1.0133179527559055
20
-2.3497933070866139
11
1.0017637795275591
21
-2.3547269291338582
0
LINE
8
BLACK
6
CONTINUOUS
10
1.0017637795275591
20
-2.3547269291338582
11
1.0017149212598424
21
-2.3547474803149604
0
LINE
8
BLACK
6
CONTINUOUS
10
1.0017149212598424
20
-2.3547474803149604
11
0.9552246456692913
21
-2.3740043700787403
0
LINE
8
BLACK
6
CONTINUOUS
10
0.9552246456692913
20
-2.3740043700787403
11
0.9551614566929134
21
-2.3740300393700786
0
LINE
8
BLACK
6
CONTINUOUS
10
0.9551614566929134
20
-2.3740300393700786
11
0.9435948031496063
21
-2.3786328740157479
0
LINE
8
BLACK
6
CONTINUOUS
10
0.9435948031496063
20
-2.3786328740157479
11
0.9435467322834645
21
-2.3786516929133859
0
LINE
8
BLACK
6
CONTINUOUS
10
0.9435467322834645
20
-2.3786516929133859
11
0.8964837795275591
21
-2.3968059055118109
0
LINE
8
BLACK
6
CONTINUOUS
10
0.8964837795275591
20
-2.3968059055118109
11
0.8964186220472441
21
-2.3968305118110234
0
LINE
8
BLACK
6
CONTINUOUS
10
0.8964186220472441
20
-2.3968305118110234
11
0.88487031496063
21
-2.4010969685039369
0
LINE
8
BLACK
6
CONTINUOUS
10
0.88487031496063
20
-2.4010969685039369
11
0.8848231496062992
21
-2.401114094488189
0
LINE
8
BLACK
6
CONTINUOUS
10
0.8848231496062992
20
-2.401114094488189
11
0.8371930314960629
21
-2.4181564566929135
0
LINE
8
BLACK
6
CONTINUOUS
10
0.8371930314960629
20
-2.4181564566929135
11
0.8371259842519685
21
-2.4181799212598425
0
LINE
8
BLACK
6
CONTINUOUS
10
0.8371259842519685
20
-2.4181799212598425
11
0.8256325984251969
21
-2.4221046062992126
0
LINE
8
BLACK
6
CONTINUOUS
10
0.8256325984251969
20
-2.4221046062992126
11
0.8255863779527559
21
-2.4221201181102363
0
LINE
8
BLACK
6
CONTINUOUS
10
0.8255863779527559
20
-2.4221201181102363
11
0.7773896850393701
21
-2.4380421653543305
0
LINE
8
BLACK
6
CONTINUOUS
10
0.7773896850393701
20
-2.4380421653543305
11
0.7773207086614173
21
-2.4380644094488186
0
LINE
8
BLACK
6
CONTINUOUS
10
0.7773207086614173
20
-2.4380644094488186
11
0.7659125590551181
21
-2.4416462598425195
0
LINE
8
BLACK
6
CONTINUOUS
10
0.7659125590551181
20
-2.4416462598425195
11
0.7658672834645669
21
-2.4416602362204722
0
LINE
8
BLACK
6
CONTINUOUS
10
0.7658672834645669
20
-2.4416602362204722
11
0.7171081102362205
21
-2.4564511811023619
0
LINE
8
BLACK
6
CONTINUOUS
10
0.7171081102362205
20
-2.4564511811023619
11
0.717037283464567
21
-2.4564720866141734
0
LINE
8
BLACK
6
CONTINUOUS
10
0.717037283464567
20
-2.4564720866141734
11
0.7057463779527559
21
-2.4597114173228345
0
LINE
8
BLACK
6
CONTINUOUS
10
0.7057463779527559
20
-2.4597114173228345
11
0.705702125984252
21
-2.4597238582677163
0
LINE
8
BLACK
6
CONTINUOUS
10
0.705702125984252
20
-2.4597238582677163
11
0.6563847637795276
21
-2.473371771653543
0
LINE
8
BLACK
6
CONTINUOUS
10
0.6563847637795276
20
-2.473371771653543
11
0.6563120472440944
21
-2.4733912992125981
0
LINE
8
BLACK
6
CONTINUOUS
10
0.6563120472440944
20
-2.4733912992125981
11
0.6451895669291339
21
-2.4762853543307086
0
LINE
8
BLACK
6
CONTINUOUS
10
0.6451895669291339
20
-2.4762853543307086
11
0.6451464566929134
21
-2.4762963779527558
0
LINE
8
BLACK
6
CONTINUOUS
10
0.6451464566929134
20
-2.4762963779527558
11
0.5952581889763779
21
-2.4887927559055116
0
LINE
8
BLACK
6
CONTINUOUS
10
0.5952581889763779
20
-2.4887927559055116
11
0.5951835826771653
21
-2.4888108267716533
0
LINE
8
BLACK
6
CONTINUOUS
10
0.5951835826771653
20
-2.4888108267716533
11
0.5842598031496062
21
-2.4913653149606301
0
LINE
8
BLACK
6
CONTINUOUS
10
0.5842598031496062
20
-2.4913653149606301
11
0.5842178346456692
21
-2.4913749212598426
0
LINE
8
BLACK
6
CONTINUOUS
10
0.5842178346456692
20
-2.4913749212598426
11
0.5337665748031496
21
-2.5027041732283464
0
LINE
8
BLACK
6
CONTINUOUS
10
0.5337665748031496
20
-2.5027041732283464
11
0.5336901968503936
21
-2.5027206692913384
0
LINE
8
BLACK
6
CONTINUOUS
10
0.5336901968503936
20
-2.5027206692913384
11
0.5230062992125984
21
-2.5049408267716533
0
LINE
8
BLACK
6
CONTINUOUS
10
0.5230062992125984
20
-2.5049408267716533
11
0.5229654330708662
21
-2.5049491338582675
0
LINE
8
BLACK
6
CONTINUOUS
10
0.5229654330708662
20
-2.5049491338582675
11
0.4719472440944882
21
-2.5150972440944881
0
LINE
8
BLACK
6
CONTINUOUS
10
0.4719472440944882
20
-2.5150972440944881
11
0.471869094488189
21
-2.5151121259842517
0
LINE
8
BLACK
6
CONTINUOUS
10
0.471869094488189
20
-2.5151121259842517
11
0.4614704724409449
21
-2.5170049212598427
0
LINE
8
BLACK
6
CONTINUOUS
10
0.4614704724409449
20
-2.5170049212598427
11
0.4614308267716535
21
-2.5170119685039372
0
LINE
8
BLACK
6
CONTINUOUS
10
0.4614308267716535
20
-2.5170119685039372
11
0.4098377952755906
21
-2.5259642125984252
0
LINE
8
BLACK
6
CONTINUOUS
10
0.4098377952755906
20
-2.5259642125984252
11
0.409757874015748
21
-2.5259774015748029
0
LINE
8
BLACK
6
CONTINUOUS
10
0.409757874015748
20
-2.5259774015748029
11
0.3996905118110236
21
-2.5275526771653545
0
LINE
8
BLACK
6
CONTINUOUS
10
0.3996905118110236
20
-2.5275526771653545
11
0.3996521653543307
21
-2.5275585433070864
0
LINE
8
BLACK
6
CONTINUOUS
10
0.3996521653543307
20
-2.5275585433070864
11
0.3474732283464567
21
-2.5352985826771652
0
LINE
8
BLACK
6
CONTINUOUS
10
0.3474732283464567
20
-2.5352985826771652
11
0.3473915748031496
21
-2.53531
0
LINE
8
BLACK
6
CONTINUOUS
10
0.3473915748031496
20
-2.53531
11
0.3377045275590551
21
-2.5365801968503936
0
LINE
8
BLACK
6
CONTINUOUS
10
0.3377045275590551
20
-2.5365801968503936
11
0.3376674409448819
21
-2.5365848818897638
0
LINE
8
BLACK
6
CONTINUOUS
10
0.3376674409448819
20
-2.5365848818897638
11
0.2848927165354331
21
-2.5430940157480313
0
LINE
8
BLACK
6
CONTINUOUS
10
0.2848927165354331
20
-2.5430940157480313
11
0.2848094488188976
21
-2.5431035826771651
0
LINE
8
BLACK
6
CONTINUOUS
10
0.2848094488188976
20
-2.5431035826771651
11
0.2755709842519685
21
-2.5440823622047244
0
LINE
8
BLACK
6
CONTINUOUS
10
0.2755709842519685
20
-2.5440823622047244
11
0.2755351574803149
21
-2.5440860236220471
0
LINE
8
BLACK
6
CONTINUOUS
10
0.2755351574803149
20
-2.5440860236220471
11
0.2221354330708661
21
-2.5493453937007873
0
LINE
8
BLACK
6
CONTINUOUS
10
0.2221354330708661
20
-2.5493453937007873
11
0.2220505511811024
21
-2.5493529921259843
0
LINE
8
BLACK
6
CONTINUOUS
10
0.2220505511811024
20
-2.5493529921259843
11
0.2133118897637795
21
-2.5500598818897635
0
LINE
8
BLACK
6
CONTINUOUS
10
0.2133118897637795
20
-2.5500598818897635
11
0.2132774015748032
21
-2.5500625590551182
0
LINE
8
BLACK
6
CONTINUOUS
10
0.2132774015748032
20
-2.5500625590551182
11
0.1592395669291339
21
-2.5540485826771655
0
LINE
8
BLACK
6
CONTINUOUS
10
0.1592395669291339
20
-2.5540485826771655
11
0.1591530708661417
21
-2.5540541732283466
0
LINE
8
BLACK
6
CONTINUOUS
10
0.1591530708661417
20
-2.5540541732283466
11
0.1509859448818898
21
-2.5545110236220472
0
LINE
8
BLACK
6
CONTINUOUS
10
0.1509859448818898
20
-2.5545110236220472
11
0.1509528346456693
21
-2.5545127952755906
0
LINE
8
BLACK
6
CONTINUOUS
10
0.1509528346456693
20
-2.5545127952755906
11
0.0962432677165354
21
-2.5572005118110237
0
LINE
8
BLACK
6
CONTINUOUS
10
0.0962432677165354
20
-2.5572005118110237
11
0.0961552755905512
21
-2.5572040157480314
0
LINE
8
BLACK
6
CONTINUOUS
10
0.0961552755905512
20
-2.5572040157480314
11
0.0886265354330709
21
-2.5574377952755905
0
LINE
8
BLACK
6
CONTINUOUS
10
0.0886265354330709
20
-2.5574377952755905
11
0.0885948031496063
21
-2.5574387007874013
0
LINE
8
BLACK
6
CONTINUOUS
10
0.0885948031496063
20
-2.5574387007874013
11
0.0331884645669291
21
-2.5587988976377951
0
LINE
8
BLACK
6
CONTINUOUS
10
0.0331884645669291
20
-2.5587988976377951
11
0.0330989763779528
21
-2.558800275590551
0
LINE
8
BLACK
6
CONTINUOUS
10
0.0330989763779528
20
-2.558800275590551
11
0.0262747637795276
21
-2.5588426771653543
0
LINE
8
BLACK
6
CONTINUOUS
10
0.0262747637795276
20
-2.5588426771653543
11
0.0262444488188976
21
-2.5588427559055118
0
LINE
8
BLACK
6
CONTINUOUS
10
0.0262444488188976
20
-2.5588427559055118
11
-0.0298925590551181
21
-2.5588427559055118
0
LINE
8
BLACK
6
CONTINUOUS
10
-0.0298925590551181
20
-2.5588427559055118
11
-0.0299835039370079
21
-2.5588418897637797
0
LINE
8
BLACK
6
CONTINUOUS
10
-0.0299835039370079
20
-2.5588418897637797
11
-0.0359967716535433
21
-2.5587298425196852
0
LINE
8
BLACK
6
CONTINUOUS
10
-0.0359967716535433
20
-2.5587298425196852
11
-0.0360256299212598
21
-2.5587292519685039
0
LINE
8
BLACK
6
CONTINUOUS
10
-0.0360256299212598
20
-2.5587292519685039
11
-0.0929593700787402
21
-2.5573315748031495
0
LINE
8
BLACK
6
CONTINUOUS
10
-0.0929593700787402
20
-2.5573315748031495
11
-0.0930516929133858
21
-2.5573284251968502
0
LINE
8
BLACK
6
CONTINUOUS
10
-0.0930516929133858
20
-2.5573284251968502
11
-0.0981587795275591
21
-2.5571062992125984
0
LINE
8
BLACK
6
CONTINUOUS
10
-0.0981587795275591
20
-2.5571062992125984
11
-0.0981861811023622
21
-2.5571050393700787
0
LINE
8
BLACK
6
CONTINUOUS
10
-0.0981861811023622
20
-2.5571050393700787
11
-0.1559722834645669
21
-2.5542662204724409
0
LINE
8
BLACK
6
CONTINUOUS
10
-0.1559722834645669
20
-2.5542662204724409
11
-0.1560659448818898
21
-2.5542607086614173
0
LINE
8
BLACK
6
CONTINUOUS
10
-0.1560659448818898
20
-2.5542607086614173
11
-0.1601573622047244
21
-2.5539808267716535
0
LINE
8
BLACK
6
CONTINUOUS
10
-0.1601573622047244
20
-2.5539808267716535
11
-0.1601833070866142
21
-2.5539789763779526
0
LINE
8
BLACK
6
CONTINUOUS
10
-0.1601833070866142
20
-2.5539789763779526
11
-0.2188892125984252
21
-2.5496486220472439
0
LINE
8
BLACK
6
CONTINUOUS
10
-0.2188892125984252
20
-2.5496486220472439
11
-0.2189840551181102
21
-2.5496407086614172
0
LINE
8
BLACK
6
CONTINUOUS
10
-0.2189840551181102
20
-2.5496407086614172
11
-0.2219428346456693
21
-2.5493643700787403
0
LINE
8
BLACK
6
CONTINUOUS
10
-0.2219428346456693
20
-2.5493643700787403
11
-0.2219673622047244
21
-2.5493620078740156
0
LINE
8
BLACK
6
CONTINUOUS
10
-0.2219673622047244
20
-2.5493620078740156
11
-0.2816827165354331
21
-2.5434805118110235
0
LINE
8
BLACK
6
CONTINUOUS
10
-0.2816827165354331
20
-2.5434805118110235
11
-0.281778779527559
21
-2.5434700787401576
0
LINE
8
BLACK
6
CONTINUOUS
10
-0.281778779527559
20
-2.5434700787401576
11
-0.2834327559055118
21
-2.5432740551181103
0
LINE
8
BLACK
6
CONTINUOUS
10
-0.2834327559055118
20
-2.5432740551181103
11
-0.2834557874015748
21
-2.5432712598425198
0
LINE
8
BLACK
6
CONTINUOUS
10
-0.2834557874015748
20
-2.5432712598425198
11
-0.3443015748031496
21
-2.5357666535433072
0
LINE
8
BLACK
6
CONTINUOUS
10
-0.3443015748031496
20
-2.5357666535433072
11
-0.3443979921259843
21
-2.5357538188976378
0
LINE
8
BLACK
6
CONTINUOUS
10
-0.3443979921259843
20
-2.5357538188976378
11
-0.3445890551181102
21
-2.5357263779527557
0
LINE
8
BLACK
6
CONTINUOUS
10
-0.3445890551181102
20
-2.5357263779527557
11
-0.3446113779527559
21
-2.5357231102362205
0
LINE
8
BLACK
6
CONTINUOUS
10
-0.3446113779527559
20
-2.5357231102362205
11
-0.4064653937007874
21
-2.5265479527559056
0
LINE
8
BLACK
6
CONTINUOUS
10
-0.4064653937007874
20
-2.5265479527559056
11
-0.4065836614173228
21
-2.5265288976377951
0
LINE
8
BLACK
6
CONTINUOUS
10
-0.4065836614173228
20
-2.5265288976377951
11
-0.4683464173228347
21
-2.5158120078740156
0
LINE
8
BLACK
6
CONTINUOUS
10
-0.4683464173228347
20
-2.5158120078740156
11
-0.4684642125984252
21
-2.5157900787401575
0
LINE
8
BLACK
6
CONTINUOUS
10
-0.4684642125984252
20
-2.5157900787401575
11
-0.529945905511811
21
-2.5035606299212598
0
LINE
8
BLACK
6
CONTINUOUS
10
-0.529945905511811
20
-2.5035606299212598
11
-0.5300631496062992
21
-2.5035358267716536
0
LINE
8
BLACK
6
CONTINUOUS
10
-0.5300631496062992
20
-2.5035358267716536
11
-0.5912271653543307
21
-2.4898009842519686
0
LINE
8
BLACK
6
CONTINUOUS
10
-0.5912271653543307
20
-2.4898009842519686
11
-0.5913437401574803
21
-2.4897733070866139
0
LINE
8
BLACK
6
CONTINUOUS
10
-0.5913437401574803
20
-2.4897733070866139
11
-0.6186807086614173
21
-2.4829257480314961
0
LINE
8
BLACK
6
CONTINUOUS
10
-0.6186807086614173
20
-2.4829257480314961
11
-0.652153188976378
21
-2.4745413385826773
0
LINE
8
BLACK
6
CONTINUOUS
10
-0.652153188976378
20
-2.4745413385826773
11
-0.6522688582677165
21
-2.4745108267716533
0
LINE
8
BLACK
6
CONTINUOUS
10
-0.6522688582677165
20
-2.4745108267716533
11
-0.6563143307086614
21
-2.4733912992125981
0
LINE
8
BLACK
6
CONTINUOUS
10
-0.6563143307086614
20
-2.4733912992125981
11
-0.6577240944881889
21
-2.4730011417322832
0
LINE
8
BLACK
6
CONTINUOUS
10
-0.6577240944881889
20
-2.4730011417322832
11
-0.7126830708661417
21
-2.4577919685039369
0
LINE
8
BLACK
6
CONTINUOUS
10
-0.7126830708661417
20
-2.4577919685039369
11
-0.7127981496062992
21
-2.457758622047244
0
LINE
8
BLACK
6
CONTINUOUS
10
-0.7127981496062992
20
-2.457758622047244
11
-0.7727875590551181
21
-2.4395610236220473
0
LINE
8
BLACK
6
CONTINUOUS
10
-0.7727875590551181
20
-2.4395610236220473
11
-0.772901811023622
21
-2.4395248031496064
0
LINE
8
BLACK
6
CONTINUOUS
10
-0.772901811023622
20
-2.4395248031496064
11
-0.8324240551181102
21
-2.4198612992125983
0
LINE
8
BLACK
6
CONTINUOUS
10
-0.8324240551181102
20
-2.4198612992125983
11
-0.8325373228346457
21
-2.4198223228346456
0
LINE
8
BLACK
6
CONTINUOUS
10
-0.8325373228346457
20
-2.4198223228346456
11
-0.8441293700787401
21
-2.4156746062992127
0
LINE
8
BLACK
6
CONTINUOUS
10
-0.8441293700787401
20
-2.4156746062992127
11
-0.8915592125984252
21
-2.3987039763779525
0
LINE
8
BLACK
6
CONTINUOUS
10
-0.8915592125984252
20
-2.3987039763779525
11
-0.8916704724409449
21
-2.3986626377952756
0
LINE
8
BLACK
6
CONTINUOUS
10
-0.8916704724409449
20
-2.3986626377952756
11
-0.9009559448818898
21
-2.3950808267716535
0
LINE
8
BLACK
6
CONTINUOUS
10
-0.9009559448818898
20
-2.3950808267716535
11
-0.9149590551181103
21
-2.3896792125984252
0
LINE
8
BLACK
6
CONTINUOUS
10
-0.9149590551181103
20
-2.3896792125984252
11
-0.9501577952755905
21
-2.3761015748031498
0
LINE
8
BLACK
6
CONTINUOUS
10
-0.9501577952755905
20
-2.3761015748031498
11
-0.9502690551181102
21
-2.376057086614173
0
LINE
8
BLACK
6
CONTINUOUS
10
-0.9502690551181102
20
-2.376057086614173
11
-1.0081842913385826
21
-2.3520677952755906
0
LINE
8
BLACK
6
CONTINUOUS
10
-1.0081842913385826
20
-2.3520677952755906
11
-1.0082944094488189
21
-2.3520205905511808
0
LINE
8
BLACK
6
CONTINUOUS
10
-1.0082944094488189
20
-2.3520205905511808
11
-1.0656027165354331
21
-2.3266175590551179
0
LINE
8
BLACK
6
CONTINUOUS
10
-1.0656027165354331
20
-2.3266175590551179
11
-1.0657116535433071
21
-2.3265676771653543
0
LINE
8
BLACK
6
CONTINUOUS
10
-1.0657116535433071
20
-2.3265676771653543
11
-1.0668438976377952
21
-2.3260321653543308
0
LINE
8
BLACK
6
CONTINUOUS
10
-1.0668438976377952
20
-2.3260321653543308
11
-1.1223805118110235
21
-2.2997653149606299
0
LINE
8
BLACK
6
CONTINUOUS
10
-1.1223805118110235
20
-2.2997653149606299
11
-1.122488188976378
21
-2.2997127559055119
0
LINE
8
BLACK
6
CONTINUOUS
10
-1.122488188976378
20
-2.2997127559055119
11
-1.1784821653543307
21
-2.2715277559055118
0
LINE
8
BLACK
6
CONTINUOUS
10
-1.1784821653543307
20
-2.2715277559055118
11
-1.1785885039370079
21
-2.2714725590551179
0
LINE
8
BLACK
6
CONTINUOUS
10
-1.1785885039370079
20
-2.2714725590551179
11
-1.2197849212598424
21
-2.2494526377952755
0
LINE
8
BLACK
6
CONTINUOUS
10
-1.2197849212598424
20
-2.2494526377952755
11
-1.2338729921259841
21
-2.2419224015748029
0
LINE
8
BLACK
6
CONTINUOUS
10
-1.2338729921259841
20
-2.2419224015748029
11
-1.2339762204724409
21
-2.2418655905511811
0
LINE
8
BLACK
6
CONTINUOUS
10
-1.2339762204724409
20
-2.2418655905511811
11
-1.2540590944881889
21
-2.2304887795275592
0
LINE
8
BLACK
6
CONTINUOUS
10
-1.2540590944881889
20
-2.2304887795275592
11
-1.2885206692913385
21
-2.2109665354330708
0
LINE
8
BLACK
6
CONTINUOUS
10
-1.2885206692913385
20
-2.2109665354330708
11
-1.2886242125984251
21
-2.210906181102362
0
LINE
8
BLACK
6
CONTINUOUS
10
-1.2886242125984251
20
-2.210906181102362
11
-1.3423916141732284
21
-2.1786792519685041
0
LINE
8
BLACK
6
CONTINUOUS
10
-1.3423916141732284
20
-2.1786792519685041
11
-1.3424936220472441
21
-2.1786164173228344
0
LINE
8
BLACK
6
CONTINUOUS
10
-1.3424936220472441
20
-2.1786164173228344
11
-1.3659742125984251
21
-2.1637475196850393
0
LINE
8
BLACK
6
CONTINUOUS
10
-1.3659742125984251
20
-2.1637475196850393
11
-1.3954564173228345
21
-2.1450781102362204
0
LINE
8
BLACK
6
CONTINUOUS
10
-1.3954564173228345
20
-2.1450781102362204
11
-1.3955562598425197
21
-2.145013149606299
0
LINE
8
BLACK
6
CONTINUOUS
10
-1.3955562598425197
20
-2.145013149606299
11
-1.4010868110236221
21
-2.1413177559055119
0
LINE
8
BLACK
6
CONTINUOUS
10
-1.4010868110236221
20
-2.1413177559055119
11
-1.4476777559055118
21
-2.1101866535433071
0
LINE
8
BLACK
6
CONTINUOUS
10
-1.4476777559055118
20
-2.1101866535433071
11
-1.4477763385826772
21
-2.1101190157480314
0
LINE
8
BLACK
6
CONTINUOUS
10
-1.4477763385826772
20
-2.1101190157480314
11
-1.4540770866141732
21
-2.1056815354330709
0
LINE
8
BLACK
6
CONTINUOUS
10
-1.4540770866141732
20
-2.1056815354330709
11
-1.4794649606299213
21
-2.087801377952756
0
LINE
8
BLACK
6
CONTINUOUS
10
-1.4794649606299213
20
-2.087801377952756
11
-1.4990285039370079
21
-2.0740231889763781
0
LINE
8
BLACK
6
CONTINUOUS
10
-1.4990285039370079
20
-2.0740231889763781
11
-1.4991254724409449
21
-2.0739531102362205
0
LINE
8
BLACK
6
CONTINUOUS
10
-1.4991254724409449
20
-2.0739531102362205
11
-1.5494766535433071
21
-2.0366100787401575
0
LINE
8
BLACK
6
CONTINUOUS
10
-1.5494766535433071
20
-2.0366100787401575
11
-1.5495716929133858
21
-2.0365377952755903
0
LINE
8
BLACK
6
CONTINUOUS
10
-1.5495716929133858
20
-2.0365377952755903
11
-1.5680503543307087
21
-2.0221168897637796
0
LINE
8
BLACK
6
CONTINUOUS
10
-1.5680503543307087
20
-2.0221168897637796
11
-1.5989907086614172
21
-1.9979707480314961
0
LINE
8
BLACK
6
CONTINUOUS
10
-1.5989907086614172
20
-1.9979707480314961
11
-1.599084251968504
21
-1.9978958661417323
0
LINE
8
BLACK
6
CONTINUOUS
10
-1.599084251968504
20
-1.9978958661417323
11
-1.6475415748031497
21
-1.9581279921259842
0
LINE
8
BLACK
6
CONTINUOUS
10
-1.6475415748031497
20
-1.9581279921259842
11
-1.6476332283464568
21
-1.9580508661417322
0
LINE
8
BLACK
6
CONTINUOUS
10
-1.6476332283464568
20
-1.9580508661417322
11
-1.6801277165354331
21
-1.9300209448818897
0
LINE
8
BLACK
6
CONTINUOUS
10
-1.6801277165354331
20
-1.9300209448818897
11
-1.691411653543307
21
-1.9202873622047243
0
LINE
8
BLACK
6
CONTINUOUS
10
-1.691411653543307
20
-1.9202873622047243
11
-1.6951008267716534
21
-1.9171050787401573
0
LINE
8
BLACK
6
CONTINUOUS
10
-1.6951008267716534
20
-1.9171050787401573
11
-1.6951898031496062
21
-1.9170263779527559
0
LINE
8
BLACK
6
CONTINUOUS
10
-1.6951898031496062
20
-1.9170263779527559
11
-1.6961015748031496
21
-1.9161999999999999
0
LINE
8
BLACK
6
CONTINUOUS
10
-1.6961015748031496
20
-1.9161999999999999
11
-1.7287377559055117
21
-1.8866202755905512
0
LINE
8
BLACK
6
CONTINUOUS
10
-1.7287377559055117
20
-1.8866202755905512
11
-1.7408720472440944
21
-1.8756224015748031
0
LINE
8
BLACK
6
CONTINUOUS
10
-1.7408720472440944
20
-1.8756224015748031
11
-1.7416372047244093
21
-1.8749288976377951
0
LINE
8
BLACK
6
CONTINUOUS
10
-1.7416372047244093
20
-1.8749288976377951
11
-1.741725
21
-1.8748473622047244
0
LINE
8
BLACK
6
CONTINUOUS
10
-1.741725
20
-1.8748473622047244
11
-1.7871268503937008
21
-1.8316212204724409
0
LINE
8
BLACK
6
CONTINUOUS
10
-1.7871268503937008
20
-1.8316212204724409
11
-1.7872125984251968
21
-1.8315375196850394
0
LINE
8
BLACK
6
CONTINUOUS
10
-1.7872125984251968
20
-1.8315375196850394
11
-1.8315375590551182
21
-1.787212559055118
0
LINE
8
BLACK
6
CONTINUOUS
10
-1.8315375590551182
20
-1.787212559055118
11
-1.8316212598425197
21
-1.787126811023622
0
LINE
8
BLACK
6
CONTINUOUS
10
-1.8316212598425197
20
-1.787126811023622
11
-1.8748474015748031
21
-1.7417249606299212
0
LINE
8
BLACK
6
CONTINUOUS
10
-1.8748474015748031
20
-1.7417249606299212
11
-1.8749289370078739
21
-1.7416371653543308
0
LINE
8
BLACK
6
CONTINUOUS
10
-1.8749289370078739
20
-1.7416371653543308
11
-1.8835962992125983
21
-1.7320742125984252
0
LINE
8
BLACK
6
CONTINUOUS
10
-1.8835962992125983
20
-1.7320742125984252
11
-1.917027283464567
21
-1.6951887795275591
0
LINE
8
BLACK
6
CONTINUOUS
10
-1.917027283464567
20
-1.6951887795275591
11
-1.9171049212598426
21
-1.6951009842519684
0
LINE
8
BLACK
6
CONTINUOUS
10
-1.9171049212598426
20
-1.6951009842519684
11
-1.9353140157480315
21
-1.6739915748031495
0
LINE
8
BLACK
6
CONTINUOUS
10
-1.9353140157480315
20
-1.6739915748031495
11
-1.9580509055118109
21
-1.647633188976378
0
LINE
8
BLACK
6
CONTINUOUS
10
-1.9580509055118109
20
-1.647633188976378
11
-1.958128031496063
21
-1.6475415354330709
0
LINE
8
BLACK
6
CONTINUOUS
10
-1.958128031496063
20
-1.6475415354330709
11
-1.9978959055118111
21
-1.5990842125984253
0
LINE
8
BLACK
6
CONTINUOUS
10
-1.9978959055118111
20
-1.5990842125984253
11
-1.9979707874015749
21
-1.5989906692913385
0
LINE
8
BLACK
6
CONTINUOUS
10
-1.9979707874015749
20
-1.5989906692913385
11
-2.0361857874015747
21
-1.550022716535433
0
LINE
8
BLACK
6
CONTINUOUS
10
-2.0361857874015747
20
-1.550022716535433
11
-2.0361994094488187
21
-1.5500051574803149
0
LINE
8
BLACK
6
CONTINUOUS
10
-2.0361994094488187
20
-1.5500051574803149
11
-2.0366292125984251
21
-1.5494492125984252
0
LINE
8
BLACK
6
CONTINUOUS
10
-2.0366292125984251
20
-1.5494492125984252
11
-2.0366881496062992
21
-1.5493714173228346
0
LINE
8
BLACK
6
CONTINUOUS
10
-2.0366881496062992
20
-1.5493714173228346
11
-2.0723422834645668
21
-1.5012974409448818
0
LINE
8
BLACK
6
CONTINUOUS
10
-2.0723422834645668
20
-1.5012974409448818
11
-2.0729482283464566
21
-1.5004803937007873
0
LINE
8
BLACK
6
CONTINUOUS
10
-2.0729482283464566
20
-1.5004803937007873
11
-2.0742102755905512
21
-1.4987613385826772
0
LINE
8
BLACK
6
CONTINUOUS
10
-2.0742102755905512
20
-1.4987613385826772
11
-2.0742630314960628
21
-1.4986879527559054
0
LINE
8
BLACK
6
CONTINUOUS
10
-2.0742630314960628
20
-1.4986879527559054
11
-2.108597440944882
21
-1.4499368110236219
0
LINE
8
BLACK
6
CONTINUOUS
10
-2.108597440944882
20
-1.4499368110236219
11
-2.110525
21
-1.4471697637795276
0
LINE
8
BLACK
6
CONTINUOUS
10
-2.110525
20
-1.4471697637795276
11
-2.1105772440944883
21
-1.4470931889763778
0
LINE
8
BLACK
6
CONTINUOUS
10
-2.1105772440944883
20
-1.4470931889763778
11
-2.1135764173228346
21
-1.4426046062992126
0
LINE
8
BLACK
6
CONTINUOUS
10
-2.1135764173228346
20
-1.4426046062992126
11
-2.1430859842519685
21
-1.3984404724409449
0
LINE
8
BLACK
6
CONTINUOUS
10
-2.1430859842519685
20
-1.3984404724409449
11
-2.1430970472440944
21
-1.3984237795275589
0
LINE
8
BLACK
6
CONTINUOUS
10
-2.1430970472440944
20
-1.3984237795275589
11
-2.1455564173228345
21
-1.3946993700787402
0
LINE
8
BLACK
6
CONTINUOUS
10
-2.1455564173228345
20
-1.3946993700787402
11
-2.1456070866141732
21
-1.3946210629921258
0
LINE
8
BLACK
6
CONTINUOUS
10
-2.1456070866141732
20
-1.3946210629921258
11
-2.1606262204724409
21
-1.3709032677165354
0
LINE
8
BLACK
6
CONTINUOUS
10
-2.1606262204724409
20
-1.3709032677165354
11
-2.1763983464566929
21
-1.3459963385826772
0
LINE
8
BLACK
6
CONTINUOUS
10
-2.1763983464566929
20
-1.3459963385826772
11
-2.1792850000000001
21
-1.341379527559055
0
LINE
8
BLACK
6
CONTINUOUS
10
-2.1792850000000001
20
-1.341379527559055
11
-2.179327716535433
21
-1.3413097244094487
0
LINE
8
BLACK
6
CONTINUOUS
10
-2.179327716535433
20
-1.3413097244094487
11
-2.2084622440944881
21
-1.2927016929133859
0
LINE
8
BLACK
6
CONTINUOUS
10
-2.2084622440944881
20
-1.2927016929133859
11
-2.2084757480314958
21
-1.2926790551181102
0
LINE
8
BLACK
6
CONTINUOUS
10
-2.2084757480314958
20
-1.2926790551181102
11
-2.2116844488188976
21
-1.2872519291338582
0
LINE
8
BLACK
6
CONTINUOUS
10
-2.2116844488188976
20
-1.2872519291338582
11
-2.2117256692913387
21
-1.2871806692913386
0
LINE
8
BLACK
6
CONTINUOUS
10
-2.2117256692913387
20
-1.2871806692913386
11
-2.2392793307086616
21
-1.2385416535433071
0
LINE
8
BLACK
6
CONTINUOUS
10
-2.2392793307086616
20
-1.2385416535433071
11
-2.2392869291338582
21
-1.2385281102362204
0
LINE
8
BLACK
6
CONTINUOUS
10
-2.2392869291338582
20
-1.2385281102362204
11
-2.2427381102362203
21
-1.2323453543307086
0
LINE
8
BLACK
6
CONTINUOUS
10
-2.2427381102362203
20
-1.2323453543307086
11
-2.242777716535433
21
-1.2322728346456693
0
LINE
8
BLACK
6
CONTINUOUS
10
-2.242777716535433
20
-1.2322728346456693
11
-2.2687952755905512
21
-1.183597440944882
0
LINE
8
BLACK
6
CONTINUOUS
10
-2.2687952755905512
20
-1.183597440944882
11
-2.2688099212598423
21
-1.183569842519685
0
LINE
8
BLACK
6
CONTINUOUS
10
-2.2688099212598423
20
-1.183569842519685
11
-2.2724265354330706
21
-1.1766948818897638
0
LINE
8
BLACK
6
CONTINUOUS
10
-2.2724265354330706
20
-1.1766948818897638
11
-2.2724666141732284
21
-1.1766170078740157
0
LINE
8
BLACK
6
CONTINUOUS
10
-2.2724666141732284
20
-1.1766170078740157
11
-2.280092716535433
21
-1.1614666141732284
0
LINE
8
BLACK
6
CONTINUOUS
10
-2.280092716535433
20
-1.1614666141732284
11
-2.2970067716535434
21
-1.127864094488189
0
LINE
8
BLACK
6
CONTINUOUS
10
-2.2970067716535434
20
-1.127864094488189
11
-2.2970114960629919
21
-1.1278546062992125
0
LINE
8
BLACK
6
CONTINUOUS
10
-2.2970114960629919
20
-1.1278546062992125
11
-2.3007340944881891
21
-1.1203305118110236
0
LINE
8
BLACK
6
CONTINUOUS
10
-2.3007340944881891
20
-1.1203305118110236
11
-2.3007697244094487
21
-1.1202568897637795
0
LINE
8
BLACK
6
CONTINUOUS
10
-2.3007697244094487
20
-1.1202568897637795
11
-2.3238718110236221
21
-1.0714115748031496
0
LINE
8
BLACK
6
CONTINUOUS
10
-2.3238718110236221
20
-1.0714115748031496
11
-2.3276435826771653
21
-1.0632863779527559
0
LINE
8
BLACK
6
CONTINUOUS
10
-2.3276435826771653
20
-1.0632863779527559
11
-2.3276772440944882
21
-1.0632121653543307
0
LINE
8
BLACK
6
CONTINUOUS
10
-2.3276772440944882
20
-1.0632121653543307
11
-2.3493556299212597
21
-1.0143065748031497
0
LINE
8
BLACK
6
CONTINUOUS
10
-2.3493556299212597
20
-1.0143065748031497
11
-2.3493702755905512
21
-1.0142731889763779
0
LINE
8
BLACK
6
CONTINUOUS
10
-2.3493702755905512
20
-1.0142731889763779
11
-2.3531386220472439
21
-1.0055975984251968
0
LINE
8
BLACK
6
CONTINUOUS
10
-2.3531386220472439
20
-1.0055975984251968
11
-2.3531668897637794
21
-1.0055309055118109
0
LINE
8
BLACK
6
CONTINUOUS
10
-2.3531668897637794
20
-1.0055309055118109
11
-2.373463622047244
21
-0.9565302362204724
0
LINE
8
BLACK
6
CONTINUOUS
10
-2.373463622047244
20
-0.9565302362204724
11
-2.3734779921259843
21
-0.9564951574803149
0
LINE
8
BLACK
6
CONTINUOUS
10
-2.3734779921259843
20
-0.9564951574803149
11
-2.3771994488188977
21
-0.9473097637795276
0
LINE
8
BLACK
6
CONTINUOUS
10
-2.3771994488188977
20
-0.9473097637795276
11
-2.3772295669291337
21
-0.9472335826771653
0
LINE
8
BLACK
6
CONTINUOUS
10
-2.3772295669291337
20
-0.9472335826771653
11
-2.3812798425196848
21
-0.9367336614173228
0
LINE
8
BLACK
6
CONTINUOUS
10
-2.3812798425196848
20
-0.9367336614173228
11
-2.3961720472440944
21
-0.8981270866141732
0
LINE
8
BLACK
6
CONTINUOUS
10
-2.3961720472440944
20
-0.8981270866141732
11
-2.3961764566929133
21
-0.8981155511811023
0
LINE
8
BLACK
6
CONTINUOUS
10
-2.3961764566929133
20
-0.8981155511811023
11
-2.399817440944882
21
-0.8884453937007873
0
LINE
8
BLACK
6
CONTINUOUS
10
-2.399817440944882
20
-0.8884453937007873
11
-2.399845157480315
21
-0.8883698031496062
0
LINE
8
BLACK
6
CONTINUOUS
10
-2.399845157480315
20
-0.8883698031496062
11
-2.4069354724409449
21
-0.8685537401574803
0
LINE
8
BLACK
6
CONTINUOUS
10
-2.4069354724409449
20
-0.8685537401574803
11
-2.4174471653543308
21
-0.8391755118110236
0
LINE
8
BLACK
6
CONTINUOUS
10
-2.4174471653543308
20
-0.8391755118110236
11
-2.4174564566929133
21
-0.8391491732283465
0
LINE
8
BLACK
6
CONTINUOUS
10
-2.4174564566929133
20
-0.8391491732283465
11
-2.4209770078740158
21
-0.8290449606299213
0
LINE
8
BLACK
6
CONTINUOUS
10
-2.4209770078740158
20
-0.8290449606299213
11
-2.4210005511811024
21
-0.8289755905511811
0
LINE
8
BLACK
6
CONTINUOUS
10
-2.4210005511811024
20
-0.8289755905511811
11
-2.4372840551181101
21
-0.7796847637795276
0
LINE
8
BLACK
6
CONTINUOUS
10
-2.4372840551181101
20
-0.7796847637795276
11
-2.4372959842519686
21
-0.7796481102362205
0
LINE
8
BLACK
6
CONTINUOUS
10
-2.4372959842519686
20
-0.7796481102362205
11
-2.439693464566929
21
-0.7721748031496063
0
LINE
8
BLACK
6
CONTINUOUS
10
-2.439693464566929
20
-0.7721748031496063
11
-2.4406646850393701
21
-0.7691473622047243
0
LINE
8
BLACK
6
CONTINUOUS
10
-2.4406646850393701
20
-0.7691473622047243
11
-2.4406863385826769
21
-0.7690779921259843
0
LINE
8
BLACK
6
CONTINUOUS
10
-2.4406863385826769
20
-0.7690779921259843
11
-2.4556680708661416
21
-0.7196898818897638
0
LINE
8
BLACK
6
CONTINUOUS
10
-2.4556680708661416
20
-0.7196898818897638
11
-2.4556799606299213
21
-0.7196499606299213
0
LINE
8
BLACK
6
CONTINUOUS
10
-2.4556799606299213
20
-0.7196499606299213
11
-2.4570255511811023
21
-0.7150673228346457
0
LINE
8
BLACK
6
CONTINUOUS
10
-2.4570255511811023
20
-0.7150673228346457
11
-2.4588698031496063
21
-0.7087863385826771
0
LINE
8
BLACK
6
CONTINUOUS
10
-2.4588698031496063
20
-0.7087863385826771
11
-2.4588890944881889
21
-0.7087187007874015
0
LINE
8
BLACK
6
CONTINUOUS
10
-2.4588890944881889
20
-0.7087187007874015
11
-2.4725852362204725
21
-0.6592271653543307
0
LINE
8
BLACK
6
CONTINUOUS
10
-2.4725852362204725
20
-0.6592271653543307
11
-2.4725914173228345
21
-0.6592043700787401
0
LINE
8
BLACK
6
CONTINUOUS
10
-2.4725914173228345
20
-0.6592043700787401
11
-2.4755799606299211
21
-0.6480046456692913
0
LINE
8
BLACK
6
CONTINUOUS
10
-2.4755799606299211
20
-0.6480046456692913
11
-2.475597125984252
21
-0.6479382677165354
0
LINE
8
BLACK
6
CONTINUOUS
10
-2.475597125984252
20
-0.6479382677165354
11
-2.4880181496062992
21
-0.598350748031496
0
LINE
8
BLACK
6
CONTINUOUS
10
-2.4880181496062992
20
-0.598350748031496
11
-2.4880232283464565
21
-0.5983301181102362
0
LINE
8
BLACK
6
CONTINUOUS
10
-2.4880232283464565
20
-0.5983301181102362
11
-2.4907884645669292
21
-0.5868277559055118
0
LINE
8
BLACK
6
CONTINUOUS
10
-2.4907884645669292
20
-0.5868277559055118
11
-2.4908021653543306
21
-0.5867688582677165
0
LINE
8
BLACK
6
CONTINUOUS
10
-2.4908021653543306
20
-0.5867688582677165
11
-2.5019547637795276
21
-0.537104094488189
0
LINE
8
BLACK
6
CONTINUOUS
10
-2.5019547637795276
20
-0.537104094488189
11
-2.501962874015748
21
-0.5370670078740157
0
LINE
8
BLACK
6
CONTINUOUS
10
-2.501962874015748
20
-0.5370670078740157
11
-2.5044835826771652
21
-0.525303779527559
0
LINE
8
BLACK
6
CONTINUOUS
10
-2.5044835826771652
20
-0.525303779527559
11
-2.5044954724409449
21
-0.5252462992125985
0
LINE
8
BLACK
6
CONTINUOUS
10
-2.5044954724409449
20
-0.5252462992125985
11
-2.5143887795275588
21
-0.4755092519685039
0
LINE
8
BLACK
6
CONTINUOUS
10
-2.5143887795275588
20
-0.4755092519685039
11
-2.5143974803149605
21
-0.4754642519685039
0
LINE
8
BLACK
6
CONTINUOUS
10
-2.5143974803149605
20
-0.4754642519685039
11
-2.514688937007874
21
-0.4739176771653543
0
LINE
8
BLACK
6
CONTINUOUS
10
-2.514688937007874
20
-0.4739176771653543
11
-2.5166573228346456
21
-0.463472125984252
0
LINE
8
BLACK
6
CONTINUOUS
10
-2.5166573228346456
20
-0.463472125984252
11
-2.5166696850393699
21
-0.4634037007874016
0
LINE
8
BLACK
6
CONTINUOUS
10
-2.5166696850393699
20
-0.4634037007874016
11
-2.5253105511811023
21
-0.4136054330708661
0
LINE
8
BLACK
6
CONTINUOUS
10
-2.5253105511811023
20
-0.4136054330708661
11
-2.5253168110236222
21
-0.4135682283464567
0
LINE
8
BLACK
6
CONTINUOUS
10
-2.5253168110236222
20
-0.4135682283464567
11
-2.527305590551181
21
-0.4013553543307086
0
LINE
8
BLACK
6
CONTINUOUS
10
-2.527305590551181
20
-0.4013553543307086
11
-2.5273141732283464
21
-0.4013001968503937
0
LINE
8
BLACK
6
CONTINUOUS
10
-2.5273141732283464
20
-0.4013001968503937
11
-2.5347114173228347
21
-0.351431968503937
0
LINE
8
BLACK
6
CONTINUOUS
10
-2.5347114173228347
20
-0.351431968503937
11
-2.5347172047244095
21
-0.3513912992125984
0
LINE
8
BLACK
6
CONTINUOUS
10
-2.5347172047244095
20
-0.3513912992125984
11
-2.5364190944881888
21
-0.3390093307086614
0
LINE
8
BLACK
6
CONTINUOUS
10
-2.5364190944881888
20
-0.3390093307086614
11
-2.5364262598425196
21
-0.338954094488189
0
LINE
8
BLACK
6
CONTINUOUS
10
-2.5364262598425196
20
-0.338954094488189
11
-2.5425830314960631
21
-0.2890361811023622
0
LINE
8
BLACK
6
CONTINUOUS
10
-2.5425830314960631
20
-0.2890361811023622
11
-2.5425890551181101
21
-0.2889850393700787
0
LINE
8
BLACK
6
CONTINUOUS
10
-2.5425890551181101
20
-0.2889850393700787
11
-2.5429906692913384
21
-0.2854064960629921
0
LINE
8
BLACK
6
CONTINUOUS
10
-2.5429906692913384
20
-0.2854064960629921
11
-2.5439933858267718
21
-0.2764713385826771
0
LINE
8
BLACK
6
CONTINUOUS
10
-2.5439933858267718
20
-0.2764713385826771
11
-2.5440002362204726
21
-0.2764064173228347
0
LINE
8
BLACK
6
CONTINUOUS
10
-2.5440002362204726
20
-0.2764064173228347
11
-2.5489209448818899
21
-0.2264457086614173
0
LINE
8
BLACK
6
CONTINUOUS
10
-2.5489209448818899
20
-0.2264457086614173
11
-2.5489248031496063
21
-0.2264041732283464
0
LINE
8
BLACK
6
CONTINUOUS
10
-2.5489248031496063
20
-0.2264041732283464
11
-2.5500267716535432
21
-0.2137586614173228
0
LINE
8
BLACK
6
CONTINUOUS
10
-2.5500267716535432
20
-0.2137586614173228
11
-2.5500310629921259
21
-0.213705157480315
0
LINE
8
BLACK
6
CONTINUOUS
10
-2.5500310629921259
20
-0.213705157480315
11
-2.5537193700787402
21
-0.1637038976377953
0
LINE
8
BLACK
6
CONTINUOUS
10
-2.5537193700787402
20
-0.1637038976377953
11
-2.5537221653543307
21
-0.1636625590551181
0
LINE
8
BLACK
6
CONTINUOUS
10
-2.5537221653543307
20
-0.1636625590551181
11
-2.554513779527559
21
-0.1509288976377953
0
LINE
8
BLACK
6
CONTINUOUS
10
-2.554513779527559
20
-0.1509288976377953
11
-2.5545159448818895
21
-0.1508899212598425
0
LINE
8
BLACK
6
CONTINUOUS
10
-2.5545159448818895
20
-0.1508899212598425
11
-2.5569739763779529
21
-0.1008558661417323
0
LINE
8
BLACK
6
CONTINUOUS
10
-2.5569739763779529
20
-0.1008558661417323
11
-2.5569760236220471
21
-0.1008081102362205
0
LINE
8
BLACK
6
CONTINUOUS
10
-2.5569760236220471
20
-0.1008081102362205
11
-2.5574523228346457
21
-0.0880285826771653
0
LINE
8
BLACK
6
CONTINUOUS
10
-2.5574523228346457
20
-0.0880285826771653
11
-2.5574541338582675
21
-0.0879691732283465
0
LINE
8
BLACK
6
CONTINUOUS
10
-2.5574541338582675
20
-0.0879691732283465
11
-2.5586825196850391
21
-0.0379315354330709
0
LINE
8
BLACK
6
CONTINUOUS
10
-2.5586825196850391
20
-0.0379315354330709
11
-2.5586833070866142
21
-0.0378873622047244
0
LINE
8
BLACK
6
CONTINUOUS
10
-2.5586833070866142
20
-0.0378873622047244
11
-2.5588423622047243
21
-0.0250772834645669
0
LINE
8
BLACK
6
CONTINUOUS
10
-2.5588423622047243
20
-0.0250772834645669
11
-2.5588427559055118
21
-0.0250166929133858
0
LINE
8
BLACK
6
CONTINUOUS
10
-2.5588427559055118
20
-0.0250166929133858
11
-2.5588427559055118
21
0.0250167716535433
0
LINE
8
BLACK
6
CONTINUOUS
10
-2.5588427559055118
20
0.0250167716535433
11
-2.5588423622047243
21
0.0250773622047244
0
LINE
8
BLACK
6
CONTINUOUS
10
-2.5588423622047243
20
0.0250773622047244
11
-2.5587591732283466
21
0.031777125984252
0
LINE
8
BLACK
6
CONTINUOUS
10
-2.5587591732283466
20
0.031777125984252
11
-2.5586833070866142
21
0.0378876377952756
0
LINE
8
BLACK
6
CONTINUOUS
10
-2.5586833070866142
20
0.0378876377952756
11
-2.5586825196850391
21
0.0379312204724409
0
LINE
8
BLACK
6
CONTINUOUS
10
-2.5586825196850391
20
0.0379312204724409
11
-2.55745405511811
21
0.0879720472440945
0
LINE
8
BLACK
6
CONTINUOUS
10
-2.55745405511811
20
0.0879720472440945
11
-2.5574522047244095
21
0.0880312598425197
0
LINE
8
BLACK
6
CONTINUOUS
10
-2.5574522047244095
20
0.0880312598425197
11
-2.5569759842519684
21
0.1008087401574803
0
LINE
8
BLACK
6
CONTINUOUS
10
-2.5569759842519684
20
0.1008087401574803
11
-2.5569739763779529
21
0.1008555905511811
0
LINE
8
BLACK
6
CONTINUOUS
10
-2.5569739763779529
20
0.1008555905511811
11
-2.5545159448818895
21
0.1508905905511811
0
LINE
8
BLACK
6
CONTINUOUS
10
-2.5545159448818895
20
0.1508905905511811
11
-2.5545138188976377
21
0.1509282283464567
0
LINE
8
BLACK
6
CONTINUOUS
10
-2.5545138188976377
20
0.1509282283464567
11
-2.553722125984252
21
0.1636635433070866
0
LINE
8
BLACK
6
CONTINUOUS
10
-2.553722125984252
20
0.1636635433070866
11
-2.5537194881889764
21
0.163702125984252
0
LINE
8
BLACK
6
CONTINUOUS
10
-2.5537194881889764
20
0.163702125984252
11
-2.5500309842519684
21
0.2137062598425197
0
LINE
8
BLACK
6
CONTINUOUS
10
-2.5500309842519684
20
0.2137062598425197
11
-2.5500268503937007
21
0.2137577952755906
0
LINE
8
BLACK
6
CONTINUOUS
10
-2.5500268503937007
20
0.2137577952755906
11
-2.5489247244094488
21
0.2264055118110236
0
LINE
8
BLACK
6
CONTINUOUS
10
-2.5489247244094488
20
0.2264055118110236
11
-2.5489212204724407
21
0.2264430708661417
0
LINE
8
BLACK
6
CONTINUOUS
10
-2.5489212204724407
20
0.2264430708661417
11
-2.5440000393700788
21
0.2764086614173228
0
LINE
8
BLACK
6
CONTINUOUS
10
-2.5440000393700788
20
0.2764086614173228
11
-2.5439932677165356
21
0.2764724409448819
0
LINE
8
BLACK
6
CONTINUOUS
10
-2.5439932677165356
20
0.2764724409448819
11
-2.5425886220472442
21
0.2889888188976378
0
LINE
8
BLACK
6
CONTINUOUS
10
-2.5425886220472442
20
0.2889888188976378
11
-2.5425832677165352
21
0.2890345275590551
0
LINE
8
BLACK
6
CONTINUOUS
10
-2.5425832677165352
20
0.2890345275590551
11
-2.5364260629921258
21
0.3389559448818897
0
LINE
8
BLACK
6
CONTINUOUS
10
-2.5364260629921258
20
0.3389559448818897
11
-2.5364192913385826
21
0.3390079527559055
0
LINE
8
BLACK
6
CONTINUOUS
10
-2.5364192913385826
20
0.3390079527559055
11
-2.5347169291338583
21
0.3513934645669291
0
LINE
8
BLACK
6
CONTINUOUS
10
-2.5347169291338583
20
0.3513934645669291
11
-2.5347118110236222
21
0.3514291732283464
0
LINE
8
BLACK
6
CONTINUOUS
10
-2.5347118110236222
20
0.3514291732283464
11
-2.5273138976377951
21
0.4013021653543307
0
LINE
8
BLACK
6
CONTINUOUS
10
-2.5273138976377951
20
0.4013021653543307
11
-2.5273058661417322
21
0.4013537007874016
0
LINE
8
BLACK
6
CONTINUOUS
10
-2.5273058661417322
20
0.4013537007874016
11
-2.5253164173228346
21
0.4135705511811024
0
LINE
8
BLACK
6
CONTINUOUS
10
-2.5253164173228346
20
0.4135705511811024
11
-2.5253109448818898
21
0.4136031496062992
0
LINE
8
BLACK
6
CONTINUOUS
10
-2.5253109448818898
20
0.4136031496062992
11
-2.5166691338582678
21
0.4634068503937008
0
LINE
8
BLACK
6
CONTINUOUS
10
-2.5166691338582678
20
0.4634068503937008
11
-2.5166576771653544
21
0.4634702755905512
0
LINE
8
BLACK
6
CONTINUOUS
10
-2.5166576771653544
20
0.4634702755905512
11
-2.5143963385826771
21
0.4754703543307087
0
LINE
8
BLACK
6
CONTINUOUS
10
-2.5143963385826771
20
0.4754703543307087
11
-2.5143895275590551
21
0.4755054330708661
0
LINE
8
BLACK
6
CONTINUOUS
10
-2.5143895275590551
20
0.4755054330708661
11
-2.5044949606299212
21
0.5252489763779528
0
LINE
8
BLACK
6
CONTINUOUS
10
-2.5044949606299212
20
0.5252489763779528
11
-2.5044840551181102
21
0.5253016929133858
0
LINE
8
BLACK
6
CONTINUOUS
10
-2.5044840551181102
20
0.5253016929133858
11
-2.501962086614173
21
0.5370706692913386
0
LINE
8
BLACK
6
CONTINUOUS
10
-2.501962086614173
20
0.5370706692913386
11
-2.5019554724409447
21
0.537100905511811
0
LINE
8
BLACK
6
CONTINUOUS
10
-2.5019554724409447
20
0.537100905511811
11
-2.4908015748031493
21
0.5867715354330708
0
LINE
8
BLACK
6
CONTINUOUS
10
-2.4908015748031493
20
0.5867715354330708
11
-2.4907890157480312
21
0.5868255118110236
0
LINE
8
BLACK
6
CONTINUOUS
10
-2.4907890157480312
20
0.5868255118110236
11
-2.4880222834645669
21
0.5983340157480315
0
LINE
8
BLACK
6
CONTINUOUS
10
-2.4880222834645669
20
0.5983340157480315
11
-2.4880192125984251
21
0.5983465354330708
0
LINE
8
BLACK
6
CONTINUOUS
10
-2.4880192125984251
20
0.5983465354330708
11
-2.4755964960629919
21
0.6479408267716535
0
LINE
8
BLACK
6
CONTINUOUS
10
-2.4755964960629919
20
0.6479408267716535
11
-2.4755806299212599
21
0.648002125984252
0
LINE
8
BLACK
6
CONTINUOUS
10
-2.4755806299212599
20
0.648002125984252
11
-2.4725903149606299
21
0.6592085826771653
0
LINE
8
BLACK
6
CONTINUOUS
10
-2.4725903149606299
20
0.6592085826771653
11
-2.4725877165354331
21
0.659218188976378
0
LINE
8
BLACK
6
CONTINUOUS
10
-2.4725877165354331
20
0.659218188976378
11
-2.4588882677165356
21
0.7087217322834646
0
LINE
8
BLACK
6
CONTINUOUS
10
-2.4588882677165356
20
0.7087217322834646
11
-2.458870590551181
21
0.7087837401574802
0
LINE
8
BLACK
6
CONTINUOUS
10
-2.458870590551181
20
0.7087837401574802
11
-2.4556777952755904
21
0.7196574015748032
0
LINE
8
BLACK
6
CONTINUOUS
10
-2.4556777952755904
20
0.7196574015748032
11
-2.4556698031496063
21
0.7196842125984252
0
LINE
8
BLACK
6
CONTINUOUS
10
-2.4556698031496063
20
0.7196842125984252
11
-2.4406854330708661
21
0.769081062992126
0
LINE
8
BLACK
6
CONTINUOUS
10
-2.4406854330708661
20
0.769081062992126
11
-2.4406655905511809
21
0.7691446062992126
0
LINE
8
BLACK
6
CONTINUOUS
10
-2.4406655905511809
20
0.7691446062992126
11
-2.4372929921259843
21
0.7796574409448819
0
LINE
8
BLACK
6
CONTINUOUS
10
-2.4372929921259843
20
0.7796574409448819
11
-2.4372885039370078
21
0.7796712598425196
0
LINE
8
BLACK
6
CONTINUOUS
10
-2.4372885039370078
20
0.7796712598425196
11
-2.4314049606299211
21
0.7974810236220472
0
LINE
8
BLACK
6
CONTINUOUS
10
-2.4314049606299211
20
0.7974810236220472
11
-2.4209993700787402
21
0.828979094488189
0
LINE
8
BLACK
6
CONTINUOUS
10
-2.4209993700787402
20
0.828979094488189
11
-2.4209780314960629
21
0.829042125984252
0
LINE
8
BLACK
6
CONTINUOUS
10
-2.4209780314960629
20
0.829042125984252
11
-2.4174546850393699
21
0.8391543700787402
0
LINE
8
BLACK
6
CONTINUOUS
10
-2.4174546850393699
20
0.8391543700787402
11
-2.4174517716535431
21
0.8391626377952756
0
LINE
8
BLACK
6
CONTINUOUS
10
-2.4174517716535431
20
0.8391626377952756
11
-2.3998439763779529
21
0.8883731496062992
0
LINE
8
BLACK
6
CONTINUOUS
10
-2.3998439763779529
20
0.8883731496062992
11
-2.3998185433070867
21
0.8884424803149606
0
LINE
8
BLACK
6
CONTINUOUS
10
-2.3998185433070867
20
0.8884424803149606
11
-2.3961755118110237
21
0.898118188976378
0
LINE
8
BLACK
6
CONTINUOUS
10
-2.3961755118110237
20
0.898118188976378
11
-2.3772288188976378
21
0.9472356299212599
0
LINE
8
BLACK
6
CONTINUOUS
10
-2.3772288188976378
20
0.9472356299212599
11
-2.3772008267716536
21
0.9473064566929134
0
LINE
8
BLACK
6
CONTINUOUS
10
-2.3772008267716536
20
0.9473064566929134
11
-2.3769221259842519
21
0.9479943700787401
0
LINE
8
BLACK
6
CONTINUOUS
10
-2.3769221259842519
20
0.9479943700787401
11
-2.3734760236220471
21
0.9565001181102362
0
LINE
8
BLACK
6
CONTINUOUS
10
-2.3734760236220471
20
0.9565001181102362
11
-2.3734662204724408
21
0.9565240551181102
0
LINE
8
BLACK
6
CONTINUOUS
10
-2.3734662204724408
20
0.9565240551181102
11
-2.3531655118110235
21
1.0055343307086615
0
LINE
8
BLACK
6
CONTINUOUS
10
-2.3531655118110235
20
1.0055343307086615
11
-2.3531400393700785
21
1.0055943307086614
0
LINE
8
BLACK
6
CONTINUOUS
10
-2.3531400393700785
20
1.0055943307086614
11
-2.3493653543307085
21
1.0142845669291338
0
LINE
8
BLACK
6
CONTINUOUS
10
-2.3493653543307085
20
1.0142845669291338
11
-2.3493628740157479
21
1.0142902755905512
0
LINE
8
BLACK
6
CONTINUOUS
10
-2.3493628740157479
20
1.0142902755905512
11
-2.327675118110236
21
1.0632170078740157
0
LINE
8
BLACK
6
CONTINUOUS
10
-2.327675118110236
20
1.0632170078740157
11
-2.327645157480315
21
1.0632830708661416
0
LINE
8
BLACK
6
CONTINUOUS
10
-2.327645157480315
20
1.0632830708661416
11
-2.3238707480314962
21
1.0714138976377952
0
LINE
8
BLACK
6
CONTINUOUS
10
-2.3238707480314962
20
1.0714138976377952
11
-2.3007680314960628
21
1.1202605511811023
0
LINE
8
BLACK
6
CONTINUOUS
10
-2.3007680314960628
20
1.1202605511811023
11
-2.3007359055118108
21
1.1203268897637795
0
LINE
8
BLACK
6
CONTINUOUS
10
-2.3007359055118108
20
1.1203268897637795
11
-2.2970095275590552
21
1.1278587007874015
0
LINE
8
BLACK
6
CONTINUOUS
10
-2.2970095275590552
20
1.1278587007874015
11
-2.2765691338582679
21
1.168466811023622
0
LINE
8
BLACK
6
CONTINUOUS
10
-2.2765691338582679
20
1.168466811023622
11
-2.2724658267716533
21
1.1766187007874016
0
LINE
8
BLACK
6
CONTINUOUS
10
-2.2724658267716533
20
1.1766187007874016
11
-2.2724265354330706
21
1.1766949606299213
0
LINE
8
BLACK
6
CONTINUOUS
10
-2.2724265354330706
20
1.1766949606299213
11
-2.2688052362204725
21
1.183578779527559
0
LINE
8
BLACK
6
CONTINUOUS
10
-2.2688052362204725
20
1.183578779527559
11
-2.268804842519685
21
1.1835795669291338
0
LINE
8
BLACK
6
CONTINUOUS
10
-2.268804842519685
20
1.1835795669291338
11
-2.24277562992126
21
1.2322767716535432
0
LINE
8
BLACK
6
CONTINUOUS
10
-2.24277562992126
20
1.2322767716535432
11
-2.2427400787401575
21
1.2323418503937007
0
LINE
8
BLACK
6
CONTINUOUS
10
-2.2427400787401575
20
1.2323418503937007
11
-2.2392849999999997
21
1.2385316535433071
0
LINE
8
BLACK
6
CONTINUOUS
10
-2.2392849999999997
20
1.2385316535433071
11
-2.2117234251968503
21
1.2871846456692912
0
LINE
8
BLACK
6
CONTINUOUS
10
-2.2117234251968503
20
1.2871846456692912
11
-2.2116865748031493
21
1.2872483464566928
0
LINE
8
BLACK
6
CONTINUOUS
10
-2.2116865748031493
20
1.2872483464566928
11
-2.2084705511811022
21
1.2926879527559054
0
LINE
8
BLACK
6
CONTINUOUS
10
-2.2084705511811022
20
1.2926879527559054
11
-2.17932531496063
21
1.3413137795275589
0
LINE
8
BLACK
6
CONTINUOUS
10
-2.17932531496063
20
1.3413137795275589
11
-2.1792872834645669
21
1.3413759055118111
0
LINE
8
BLACK
6
CONTINUOUS
10
-2.1792872834645669
20
1.3413759055118111
11
-2.1763953937007874
21
1.346001062992126
0
LINE
8
BLACK
6
CONTINUOUS
10
-2.1763953937007874
20
1.346001062992126
11
-2.1516981889763778
21
1.3850022440944882
0
LINE
8
BLACK
6
CONTINUOUS
10
-2.1516981889763778
20
1.3850022440944882
11
-2.1456055118110235
21
1.3946236614173229
0
LINE
8
BLACK
6
CONTINUOUS
10
-2.1456055118110235
20
1.3946236614173229
11
-2.1455564173228345
21
1.3946994488188975
0
LINE
8
BLACK
6
CONTINUOUS
10
-2.1455564173228345
20
1.3946994488188975
11
-2.1449029921259841
21
1.3956889763779528
0
LINE
8
BLACK
6
CONTINUOUS
10
-2.1449029921259841
20
1.3956889763779528
11
-2.1430959055118111
21
1.3984256299212598
0
LINE
8
BLACK
6
CONTINUOUS
10
-2.1430959055118111
20
1.3984256299212598
11
-2.110574094488189
21
1.4470979133858268
0
LINE
8
BLACK
6
CONTINUOUS
10
-2.110574094488189
20
1.4470979133858268
11
-2.1105275984251968
21
1.4471660629921259
0
LINE
8
BLACK
6
CONTINUOUS
10
-2.1105275984251968
20
1.4471660629921259
11
-2.1085987795275591
21
1.4499349606299212
0
LINE
8
BLACK
6
CONTINUOUS
10
-2.1085987795275591
20
1.4499349606299212
11
-2.074260275590551
21
1.4986919291338583
0
LINE
8
BLACK
6
CONTINUOUS
10
-2.074260275590551
20
1.4986919291338583
11
-2.074213031496063
21
1.4987575984251968
0
LINE
8
BLACK
6
CONTINUOUS
10
-2.074213031496063
20
1.4987575984251968
11
-2.0729474015748033
21
1.5004815354330707
0
LINE
8
BLACK
6
CONTINUOUS
10
-2.0729474015748033
20
1.5004815354330707
11
-2.0366859448818899
21
1.5493744488188976
0
LINE
8
BLACK
6
CONTINUOUS
10
-2.0366859448818899
20
1.5493744488188976
11
-2.0366321259842519
21
1.5494455118110235
0
LINE
8
BLACK
6
CONTINUOUS
10
-2.0366321259842519
20
1.5494455118110235
11
-2.0361940551181101
21
1.5500122047244094
0
LINE
8
BLACK
6
CONTINUOUS
10
-2.0361940551181101
20
1.5500122047244094
11
-1.9979703149606298
21
1.5989913385826771
0
LINE
8
BLACK
6
CONTINUOUS
10
-1.9979703149606298
20
1.5989913385826771
11
-1.9978959055118111
21
1.599084251968504
0
LINE
8
BLACK
6
CONTINUOUS
10
-1.9978959055118111
20
1.599084251968504
11
-1.958128031496063
21
1.6475415748031497
0
LINE
8
BLACK
6
CONTINUOUS
10
-1.958128031496063
20
1.6475415748031497
11
-1.9580509055118109
21
1.6476332283464568
0
LINE
8
BLACK
6
CONTINUOUS
10
-1.9580509055118109
20
1.6476332283464568
11
-1.9558336220472441
21
1.6502036614173228
0
LINE
8
BLACK
6
CONTINUOUS
10
-1.9558336220472441
20
1.6502036614173228
11
-1.9171035433070867
21
1.6951026377952756
0
LINE
8
BLACK
6
CONTINUOUS
10
-1.9171035433070867
20
1.6951026377952756
11
-1.9170287401574804
21
1.6951872440944882
0
LINE
8
BLACK
6
CONTINUOUS
10
-1.9170287401574804
20
1.6951872440944882
11
-1.874927716535433
21
1.7416385826771654
0
LINE
8
BLACK
6
CONTINUOUS
10
-1.874927716535433
20
1.7416385826771654
11
-1.874848622047244
21
1.7417237401574803
0
LINE
8
BLACK
6
CONTINUOUS
10
-1.874848622047244
20
1.7417237401574803
11
-1.8618003937007874
21
1.7554287401574802
0
LINE
8
BLACK
6
CONTINUOUS
10
-1.8618003937007874
20
1.7554287401574802
11
-1.83161968503937
21
1.7871285039370077
0
LINE
8
BLACK
6
CONTINUOUS
10
-1.83161968503937
20
1.7871285039370077
11
-1.8315391732283464
21
1.7872109842519686
0
LINE
8
BLACK
6
CONTINUOUS
10
-1.8315391732283464
20
1.7872109842519686
11
-1.7872109842519686
21
1.8315391732283464
0
LINE
8
BLACK
6
CONTINUOUS
10
-1.7872109842519686
20
1.8315391732283464
11
-1.7871285039370077
21
1.83161968503937
0
LINE
8
BLACK
6
CONTINUOUS
10
-1.7871285039370077
20
1.83161968503937
11
-1.7417237401574803
21
1.874848622047244
0
LINE
8
BLACK
6
CONTINUOUS
10
-1.7417237401574803
20
1.874848622047244
11
-1.7416385826771654
21
1.874927716535433
0
LINE
8
BLACK
6
CONTINUOUS
10
-1.7416385826771654
20
1.874927716535433
11
-1.7348668897637796
21
1.8810652362204725
0
LINE
8
BLACK
6
CONTINUOUS
10
-1.7348668897637796
20
1.8810652362204725
11
-1.6951872440944882
21
1.9170287401574804
0
LINE
8
BLACK
6
CONTINUOUS
10
-1.6951872440944882
20
1.9170287401574804
11
-1.6951026377952756
21
1.9171035433070867
0
LINE
8
BLACK
6
CONTINUOUS
10
-1.6951026377952756
20
1.9171035433070867
11
-1.6506730708661417
21
1.9554287401574804
0
LINE
8
BLACK
6
CONTINUOUS
10
-1.6506730708661417
20
1.9554287401574804
11
-1.6476329133858267
21
1.9580511811023622
0
LINE
8
BLACK
6
CONTINUOUS
10
-1.6476329133858267
20
1.9580511811023622
11
-1.6475415354330709
21
1.9581280708661417
0
LINE
8
BLACK
6
CONTINUOUS
10
-1.6475415354330709
20
1.9581280708661417
11
-1.6459985826771653
21
1.9593943307086614
0
LINE
8
BLACK
6
CONTINUOUS
10
-1.6459985826771653
20
1.9593943307086614
11
-1.599083622047244
21
1.9978964173228346
0
LINE
8
BLACK
6
CONTINUOUS
10
-1.599083622047244
20
1.9978964173228346
11
-1.5989907086614172
21
1.9979707874015749
0
LINE
8
BLACK
6
CONTINUOUS
10
-1.5989907086614172
20
1.9979707874015749
11
-1.5988053543307086
21
1.9981154330708661
0
LINE
8
BLACK
6
CONTINUOUS
10
-1.5988053543307086
20
1.9981154330708661
11
-1.5495693307086613
21
2.0365396456692912
0
LINE
8
BLACK
6
CONTINUOUS
10
-1.5495693307086613
20
2.0365396456692912
11
-1.5494787007874016
21
2.0366086220472441
0
LINE
8
BLACK
6
CONTINUOUS
10
-1.5494787007874016
20
2.0366086220472441
11
-1.4991232677165354
21
2.0739547637795277
0
LINE
8
BLACK
6
CONTINUOUS
10
-1.4991232677165354
20
2.0739547637795277
11
-1.4990306299212599
21
2.0740217322834646
0
LINE
8
BLACK
6
CONTINUOUS
10
-1.4990306299212599
20
2.0740217322834646
11
-1.4477740551181102
21
2.1101206692913386
0
LINE
8
BLACK
6
CONTINUOUS
10
-1.4477740551181102
20
2.1101206692913386
11
-1.4476799606299213
21
2.1101851968503937
0
LINE
8
BLACK
6
CONTINUOUS
10
-1.4476799606299213
20
2.1101851968503937
11
-1.3955534251968504
21
2.1450150787401574
0
LINE
8
BLACK
6
CONTINUOUS
10
-1.3955534251968504
20
2.1450150787401574
11
-1.3954586614173228
21
2.1450767322834645
0
LINE
8
BLACK
6
CONTINUOUS
10
-1.3954586614173228
20
2.1450767322834645
11
-1.3424916929133859
21
2.1786176771653545
0
LINE
8
BLACK
6
CONTINUOUS
10
-1.3424916929133859
20
2.1786176771653545
11
-1.3423935826771654
21
2.1786781102362203
0
LINE
8
BLACK
6
CONTINUOUS
10
-1.3423935826771654
20
2.1786781102362203
11
-1.2886233070866142
21
2.2109067716535433
0
LINE
8
BLACK
6
CONTINUOUS
10
-1.2886233070866142
20
2.2109067716535433
11
-1.2885215748031495
21
2.2109661023622045
0
LINE
8
BLACK
6
CONTINUOUS
10
-1.2885215748031495
20
2.2109661023622045
11
-1.2339737795275589
21
2.2418670078740157
0
LINE
8
BLACK
6
CONTINUOUS
10
-1.2339737795275589
20
2.2418670078740157
11
-1.2338755118110236
21
2.2419211023622045
0
LINE
8
BLACK
6
CONTINUOUS
10
-1.2338755118110236
20
2.2419211023622045
11
-1.1785885039370079
21
2.2714726377952754
0
LINE
8
BLACK
6
CONTINUOUS
10
-1.1785885039370079
20
2.2714726377952754
11
-1.1784821653543307
21
2.2715277952755906
0
LINE
8
BLACK
6
CONTINUOUS
10
-1.1784821653543307
20
2.2715277952755906
11
-1.1781256692913387
21
2.2717072440944883
0
LINE
8
BLACK
6
CONTINUOUS
10
-1.1781256692913387
20
2.2717072440944883
11
-1.1224866929133859
21
2.2997135433070865
0
LINE
8
BLACK
6
CONTINUOUS
10
-1.1224866929133859
20
2.2997135433070865
11
-1.1223820078740157
21
2.2997646456692915
0
LINE
8
BLACK
6
CONTINUOUS
10
-1.1223820078740157
20
2.2997646456692915
11
-1.0657099606299212
21
2.3265685039370076
0
LINE
8
BLACK
6
CONTINUOUS
10
-1.0657099606299212
20
2.3265685039370076
11
-1.0656044881889764
21
2.3266168110236221
0
LINE
8
BLACK
6
CONTINUOUS
10
-1.0656044881889764
20
2.3266168110236221
11
-1.0082943307086614
21
2.3520206692913384
0
LINE
8
BLACK
6
CONTINUOUS
10
-1.0082943307086614
20
2.3520206692913384
11
-1.0081842913385826
21
2.3520678346456694
0
LINE
8
BLACK
6
CONTINUOUS
10
-1.0081842913385826
20
2.3520678346456694
11
-1.0017603937007873
21
2.3547287007874016
0
LINE
8
BLACK
6
CONTINUOUS
10
-1.0017603937007873
20
2.3547287007874016
11
-0.9502670866141733
21
2.3760579527559056
0
LINE
8
BLACK
6
CONTINUOUS
10
-0.9502670866141733
20
2.3760579527559056
11
-0.9501597637795275
21
2.3761008661417322
0
LINE
8
BLACK
6
CONTINUOUS
10
-0.9501597637795275
20
2.3761008661417322
11
-0.8916676771653543
21
2.3986637401574802
0
LINE
8
BLACK
6
CONTINUOUS
10
-0.8916676771653543
20
2.3986637401574802
11
-0.8915620866141732
21
2.3987029921259841
0
LINE
8
BLACK
6
CONTINUOUS
10
-0.8915620866141732
20
2.3987029921259841
11
-0.8325346062992126
21
2.4198233464566927
0
LINE
8
BLACK
6
CONTINUOUS
10
-0.8325346062992126
20
2.4198233464566927
11
-0.8324267716535433
21
2.4198604330708662
0
LINE
8
BLACK
6
CONTINUOUS
10
-0.8324267716535433
20
2.4198604330708662
11
-0.7729
21
2.439525433070866
0
LINE
8
BLACK
6
CONTINUOUS
10
-0.7729
20
2.439525433070866
11
-0.7727893307086614
21
2.4395605118110235
0
LINE
8
BLACK
6
CONTINUOUS
10
-0.7727893307086614
20
2.4395605118110235
11
-0.7127970472440944
21
2.4577590157480316
0
LINE
8
BLACK
6
CONTINUOUS
10
-0.7127970472440944
20
2.4577590157480316
11
-0.7126842519685039
21
2.4577916929133856
0
LINE
8
BLACK
6
CONTINUOUS
10
-0.7126842519685039
20
2.4577916929133856
11
-0.6522656692913386
21
2.4745117322834647
0
LINE
8
BLACK
6
CONTINUOUS
10
-0.6522656692913386
20
2.4745117322834647
11
-0.6521561417322834
21
2.4745406299212598
0
LINE
8
BLACK
6
CONTINUOUS
10
-0.6521561417322834
20
2.4745406299212598
11
-0.5913408661417323
21
2.4897740551181102
0
LINE
8
BLACK
6
CONTINUOUS
10
-0.5913408661417323
20
2.4897740551181102
11
-0.5912301181102362
21
2.4898003543307086
0
LINE
8
BLACK
6
CONTINUOUS
10
-0.5912301181102362
20
2.4898003543307086
11
-0.5300611811023622
21
2.5035362992125982
0
LINE
8
BLACK
6
CONTINUOUS
10
-0.5300611811023622
20
2.5035362992125982
11
-0.5299479133858268
21
2.5035602755905511
0
LINE
8
BLACK
6
CONTINUOUS
10
-0.5299479133858268
20
2.5035602755905511
11
-0.4684630708661417
21
2.5157903543307087
0
LINE
8
BLACK
6
CONTINUOUS
10
-0.4684630708661417
20
2.5157903543307087
11
-0.4683475984251969
21
2.5158118503937006
0
LINE
8
BLACK
6
CONTINUOUS
10
-0.4683475984251969
20
2.5158118503937006
11
-0.4065817322834646
21
2.5265292519685039
0
LINE
8
BLACK
6
CONTINUOUS
10
-0.4065817322834646
20
2.5265292519685039
11
-0.4064672834645669
21
2.5265477165354331
0
LINE
8
BLACK
6
CONTINUOUS
10
-0.4064672834645669
20
2.5265477165354331
11
-0.3445954330708662
21
2.5357255118110236
0
LINE
8
BLACK
6
CONTINUOUS
10
-0.3445954330708662
20
2.5357255118110236
11
-0.3443950787401575
21
2.5357542913385824
0
LINE
8
BLACK
6
CONTINUOUS
10
-0.3443950787401575
20
2.5357542913385824
11
-0.3443042125984252
21
2.5357664173228347
0
LINE
8
BLACK
6
CONTINUOUS
10
-0.3443042125984252
20
2.5357664173228347
11
-0.283438188976378
21
2.5432735039370078
0
LINE
8
BLACK
6
CONTINUOUS
10
-0.283438188976378
20
2.5432735039370078
11
-0.2817758661417323
21
2.5434705118110235
0
LINE
8
BLACK
6
CONTINUOUS
10
-0.2817758661417323
20
2.5434705118110235
11
-0.2816861811023622
21
2.5434802362204723
0
LINE
8
BLACK
6
CONTINUOUS
10
-0.2816861811023622
20
2.5434802362204723
11
-0.2219442913385827
21
2.5493643307086615
0
LINE
8
BLACK
6
CONTINUOUS
10
-0.2219442913385827
20
2.5493643307086615
11
-0.2189792125984252
21
2.549641220472441
0
LINE
8
BLACK
6
CONTINUOUS
10
-0.2189792125984252
20
2.549641220472441
11
-0.2188947244094488
21
2.5496482677165355
0
LINE
8
BLACK
6
CONTINUOUS
10
-0.2188947244094488
20
2.5496482677165355
11
-0.1601736220472441
21
2.5539797637795276
0
LINE
8
BLACK
6
CONTINUOUS
10
-0.1601736220472441
20
2.5539797637795276
11
-0.1601646062992126
21
2.5539803937007872
0
LINE
8
BLACK
6
CONTINUOUS
10
-0.1601646062992126
20
2.5539803937007872
11
-0.1560617322834646
21
2.5542610629921261
0
LINE
8
BLACK
6
CONTINUOUS
10
-0.1560617322834646
20
2.5542610629921261
11
-0.1559765354330709
21
2.5542660629921259
0
LINE
8
BLACK
6
CONTINUOUS
10
-0.1559765354330709
20
2.5542660629921259
11
-0.0981820078740158
21
2.55710531496063
0
LINE
8
BLACK
6
CONTINUOUS
10
-0.0981820078740158
20
2.55710531496063
11
-0.0981632677165354
21
2.5571061811023621
0
LINE
8
BLACK
6
CONTINUOUS
10
-0.0981632677165354
20
2.5571061811023621
11
-0.0930472834645669
21
2.5573286614173227
0
LINE
8
BLACK
6
CONTINUOUS
10
-0.0930472834645669
20
2.5573286614173227
11
-0.0929636614173228
21
2.5573315354330708
0
LINE
8
BLACK
6
CONTINUOUS
10
-0.0929636614173228
20
2.5573315354330708
11
-0.0360108267716535
21
2.5587296850393701
0
LINE
8
BLACK
6
CONTINUOUS
10
-0.0360108267716535
20
2.5587296850393701
11
-0.0299813779527559
21
2.558841929133858
0
LINE
8
BLACK
6
CONTINUOUS
10
-0.0299813779527559
20
2.558841929133858
11
-0.0298905118110236
21
2.5588427559055118
0
LINE
8
BLACK
6
CONTINUOUS
10
-0.0298905118110236
20
2.5588427559055118
11
0.0262444488188976
21
2.5588427559055118
0
LINE
8
BLACK
6
CONTINUOUS
10
0.0262444488188976
20
2.5588427559055118
11
0.0262747244094488
21
2.5588426771653543
0
LINE
8
BLACK
6
CONTINUOUS
10
-0.3224598031496063
20
-2.3249451968503938
11
-0.324089094488189
21
-2.3265744881889763
0
LINE
8
BLACK
6
CONTINUOUS
10
-0.324089094488189
20
-2.3265744881889763
11
-0.324970905511811
21
-2.3287033070866143
0
LINE
8
BLACK
6
CONTINUOUS
10
-0.324970905511811
20
-2.3287033070866143
11
-0.3250843700787401
21
-2.3298554330708661
0
LINE
8
BLACK
6
CONTINUOUS
10
-0.3250843700787401
20
-2.3298554330708661
11
-0.3250843700787401
21
-2.3776619685039369
0
LINE
8
BLACK
6
CONTINUOUS
10
-0.3250843700787401
20
-2.3776619685039369
11
-0.324970905511811
21
-2.378814094488189
0
LINE
8
BLACK
6
CONTINUOUS
10
-0.324970905511811
20
-2.378814094488189
11
-0.32488968503937
21
-2.3790101574803151
0
LINE
8
BLACK
6
CONTINUOUS
10
-0.32488968503937
20
-2.3790101574803151
11
-0.3248746456692913
21
-2.3792217716535431
0
LINE
8
BLACK
6
CONTINUOUS
10
-0.3248746456692913
20
-2.3792217716535431
11
-0.324460905511811
21
-2.3803029921259844
0
LINE
8
BLACK
6
CONTINUOUS
10
-0.324460905511811
20
-2.3803029921259844
11
-0.3216487401574803
21
-2.3859272834645671
0
LINE
8
BLACK
6
CONTINUOUS
10
-0.3216487401574803
20
-2.3859272834645671
11
-0.3213366535433071
21
-2.3864230708661416
0
LINE
8
BLACK
6
CONTINUOUS
10
-0.3213366535433071
20
-2.3864230708661416
11
-0.321276968503937
21
-2.3865671653543306
0
LINE
8
BLACK
6
CONTINUOUS
10
-0.321276968503937
20
-2.3865671653543306
11
-0.3211438582677165
21
-2.3867293307086612
0
LINE
8
BLACK
6
CONTINUOUS
10
-0.3211438582677165
20
-2.3867293307086612
11
-0.3210320078740158
21
-2.3869070472440943
0
LINE
8
BLACK
6
CONTINUOUS
10
-0.3210320078740158
20
-2.3869070472440943
11
-0.3209141732283464
21
-2.3870092519685038
0
LINE
8
BLACK
6
CONTINUOUS
10
-0.3209141732283464
20
-2.3870092519685038
11
-0.3205425196850394
21
-2.3874620866141734
0
LINE
8
BLACK
6
CONTINUOUS
10
-0.3205425196850394
20
-2.3874620866141734
11
-0.3177303543307087
21
-2.3902742519685041
0
LINE
8
BLACK
6
CONTINUOUS
10
-0.3177303543307087
20
-2.3902742519685041
11
-0.3172774409448819
21
-2.3906459448818898
0
LINE
8
BLACK
6
CONTINUOUS
10
-0.3172774409448819
20
-2.3906459448818898
11
-0.3171752755905512
21
-2.3907637401574804
0
LINE
8
BLACK
6
CONTINUOUS
10
-0.3171752755905512
20
-2.3907637401574804
11
-0.3169977559055118
21
-2.3908754724409449
0
LINE
8
BLACK
6
CONTINUOUS
10
-0.3169977559055118
20
-2.3908754724409449
11
-0.3168354330708661
21
-2.3910087007874017
0
LINE
8
BLACK
6
CONTINUOUS
10
-0.3168354330708661
20
-2.3910087007874017
11
-0.3166912992125984
21
-2.3910683858267716
0
LINE
8
BLACK
6
CONTINUOUS
10
-0.3166912992125984
20
-2.3910683858267716
11
-0.3161955511811024
21
-2.3913804724409449
0
LINE
8
BLACK
6
CONTINUOUS
10
-0.3161955511811024
20
-2.3913804724409449
11
-0.310571220472441
21
-2.3941925984251968
0
LINE
8
BLACK
6
CONTINUOUS
10
-0.310571220472441
20
-2.3941925984251968
11
-0.30949
21
-2.3946063779527558
0
LINE
8
BLACK
6
CONTINUOUS
10
-0.30949
20
-2.3946063779527558
11
-0.3092783858267716
21
-2.3946213779527556
0
LINE
8
BLACK
6
CONTINUOUS
10
-0.3092783858267716
20
-2.3946213779527556
11
-0.3090823622047244
21
-2.3947025984251966
0
LINE
8
BLACK
6
CONTINUOUS
10
-0.3090823622047244
20
-2.3947025984251966
11
-0.3079302362204724
21
-2.3948160629921258
0
LINE
8
BLACK
6
CONTINUOUS
10
-0.3079302362204724
20
-2.3948160629921258
11
-0.2966816535433071
21
-2.3948160629921258
0
LINE
8
BLACK
6
CONTINUOUS
10
-0.2966816535433071
20
-2.3948160629921258
11
-0.2955295275590551
21
-2.3947025984251966
0
LINE
8
BLACK
6
CONTINUOUS
10
-0.2955295275590551
20
-2.3947025984251966
11
-0.2953335433070866
21
-2.3946213779527556
0
LINE
8
BLACK
6
CONTINUOUS
10
-0.2953335433070866
20
-2.3946213779527556
11
-0.2951218897637795
21
-2.3946063779527558
0
LINE
8
BLACK
6
CONTINUOUS
10
-0.2951218897637795
20
-2.3946063779527558
11
-0.2940406299212598
21
-2.3941925984251968
0
LINE
8
BLACK
6
CONTINUOUS
10
-0.2940406299212598
20
-2.3941925984251968
11
-0.2884163385826772
21
-2.3913804724409449
0
LINE
8
BLACK
6
CONTINUOUS
10
-0.2884163385826772
20
-2.3913804724409449
11
-0.2879205511811024
21
-2.3910683464566929
0
LINE
8
BLACK
6
CONTINUOUS
10
-0.2879205511811024
20
-2.3910683464566929
11
-0.2877764566929134
21
-2.3910087007874017
0
LINE
8
BLACK
6
CONTINUOUS
10
-0.2877764566929134
20
-2.3910087007874017
11
-0.2876142913385827
21
-2.3908755511811024
0
LINE
8
BLACK
6
CONTINUOUS
10
-0.2876142913385827
20
-2.3908755511811024
11
-0.2874365748031496
21
-2.3907637401574804
0
LINE
8
BLACK
6
CONTINUOUS
10
-0.2874365748031496
20
-2.3907637401574804
11
-0.2873343700787401
21
-2.3906458661417322
0
LINE
8
BLACK
6
CONTINUOUS
10
-0.2873343700787401
20
-2.3906458661417322
11
-0.2868815354330709
21
-2.3902742519685041
0
LINE
8
BLACK
6
CONTINUOUS
10
-0.2868815354330709
20
-2.3902742519685041
11
-0.2840693700787402
21
-2.3874620866141734
0
LINE
8
BLACK
6
CONTINUOUS
10
-0.2840693700787402
20
-2.3874620866141734
11
-0.2836976771653543
21
-2.3870091338582675
0
LINE
8
BLACK
6
CONTINUOUS
10
-0.2836976771653543
20
-2.3870091338582675
11
-0.2835798818897638
21
-2.3869070078740156
0
LINE
8
BLACK
6
CONTINUOUS
10
-0.2835798818897638
20
-2.3869070078740156
11
-0.2834681496062992
21
-2.3867294488188975
0
LINE
8
BLACK
6
CONTINUOUS
10
-0.2834681496062992
20
-2.3867294488188975
11
-0.2833349212598425
21
-2.3865671653543306
0
LINE
8
BLACK
6
CONTINUOUS
10
-0.2833349212598425
20
-2.3865671653543306
11
-0.2832752362204725
21
-2.3864229921259841
0
LINE
8
BLACK
6
CONTINUOUS
10
-0.2832752362204725
20
-2.3864229921259841
11
-0.2829631496062992
21
-2.3859272834645671
0
LINE
8
BLACK
6
CONTINUOUS
10
-0.2829631496062992
20
-2.3859272834645671
11
-0.2801510236220472
21
-2.3803029527559056
0
LINE
8
BLACK
6
CONTINUOUS
10
-0.2801510236220472
20
-2.3803029527559056
11
-0.2797372440944882
21
-2.3792217322834643
0
LINE
8
BLACK
6
CONTINUOUS
10
-0.2797372440944882
20
-2.3792217322834643
11
-0.2797222440944882
21
-2.3790100787401576
0
LINE
8
BLACK
6
CONTINUOUS
10
-0.2797222440944882
20
-2.3790100787401576
11
-0.2796410236220472
21
-2.378814094488189
0
LINE
8
BLACK
6
CONTINUOUS
10
-0.2796410236220472
20
-2.378814094488189
11
-0.2795275590551181
21
-2.3776619685039369
0
LINE
8
BLACK
6
CONTINUOUS
10
-0.2795275590551181
20
-2.3776619685039369
11
-0.2795275590551181
21
-2.3298554330708661
0
LINE
8
BLACK
6
CONTINUOUS
10
-0.2795275590551181
20
-2.3298554330708661
11
-0.2796410236220472
21
-2.3287033070866143
0
LINE
8
BLACK
6
CONTINUOUS
10
-0.2796410236220472
20
-2.3287033070866143
11
-0.2805228346456693
21
-2.3265744881889763
0
LINE
8
BLACK
6
CONTINUOUS
10
-0.2805228346456693
20
-2.3265744881889763
11
-0.282152125984252
21
-2.3249451968503938
0
LINE
8
BLACK
6
CONTINUOUS
10
-0.282152125984252
20
-2.3249451968503938
11
-0.2842809448818898
21
-2.3240633858267716
0
LINE
8
BLACK
6
CONTINUOUS
10
-0.2842809448818898
20
-2.3240633858267716
11
-0.2865851968503937
21
-2.3240633858267716
0
LINE
8
BLACK
6
CONTINUOUS
10
-0.2865851968503937
20
-2.3240633858267716
11
-0.2887140157480315
21
-2.3249451968503938
0
LINE
8
BLACK
6
CONTINUOUS
10
-0.2887140157480315
20
-2.3249451968503938
11
-0.2903433070866142
21
-2.3265744881889763
0
LINE
8
BLACK
6
CONTINUOUS
10
-0.2903433070866142
20
-2.3265744881889763
11
-0.2912251181102362
21
-2.3287033070866143
0
LINE
8
BLACK
6
CONTINUOUS
10
-0.2912251181102362
20
-2.3287033070866143
11
-0.2913385826771653
21
-2.3298554330708661
0
LINE
8
BLACK
6
CONTINUOUS
10
-0.2913385826771653
20
-2.3298554330708661
11
-0.2913385826771653
21
-2.3762678740157481
0
LINE
8
BLACK
6
CONTINUOUS
10
-0.2913385826771653
20
-2.3762678740157481
11
-0.2930987007874016
21
-2.3797880708661419
0
LINE
8
BLACK
6
CONTINUOUS
10
-0.2930987007874016
20
-2.3797880708661419
11
-0.2945555905511811
21
-2.3812449606299211
0
LINE
8
BLACK
6
CONTINUOUS
10
-0.2945555905511811
20
-2.3812449606299211
11
-0.2980757480314961
21
-2.3830050393700786
0
LINE
8
BLACK
6
CONTINUOUS
10
-0.2980757480314961
20
-2.3830050393700786
11
-0.3065361417322834
21
-2.3830050393700786
0
LINE
8
BLACK
6
CONTINUOUS
10
-0.3065361417322834
20
-2.3830050393700786
11
-0.3100563779527559
21
-2.3812449212598423
0
LINE
8
BLACK
6
CONTINUOUS
10
-0.3100563779527559
20
-2.3812449212598423
11
-0.3115132283464567
21
-2.3797880708661419
0
LINE
8
BLACK
6
CONTINUOUS
10
-0.3115132283464567
20
-2.3797880708661419
11
-0.3132733464566929
21
-2.3762678346456694
0
LINE
8
BLACK
6
CONTINUOUS
10
-0.3132733464566929
20
-2.3762678346456694
11
-0.3132733464566929
21
-2.3298554330708661
0
LINE
8
BLACK
6
CONTINUOUS
10
-0.3132733464566929
20
-2.3298554330708661
11
-0.313386811023622
21
-2.3287033070866143
0
LINE
8
BLACK
6
CONTINUOUS
10
-0.313386811023622
20
-2.3287033070866143
11
-0.3142686220472441
21
-2.3265744881889763
0
LINE
8
BLACK
6
CONTINUOUS
10
-0.3142686220472441
20
-2.3265744881889763
11
-0.3158979133858268
21
-2.3249451968503938
0
LINE
8
BLACK
6
CONTINUOUS
10
-0.3158979133858268
20
-2.3249451968503938
11
-0.3180267322834646
21
-2.3240633858267716
0
LINE
8
BLACK
6
CONTINUOUS
10
-0.3180267322834646
20
-2.3240633858267716
11
-0.3203309842519685
21
-2.3240633858267716
0
LINE
8
BLACK
6
CONTINUOUS
10
-0.3203309842519685
20
-2.3240633858267716
11
-0.3224598031496063
21
-2.3249451968503938
0
LINE
8
BLACK
6
CONTINUOUS
10
-0.2500272440944882
20
-2.3240633858267716
11
-0.2502233464566929
21
-2.3241446062992126
0
LINE
8
BLACK
6
CONTINUOUS
10
-0.2502233464566929
20
-2.3241446062992126
11
-0.2504349212598425
21
-2.3241596456692912
0
LINE
8
BLACK
6
CONTINUOUS
10
-0.2504349212598425
20
-2.3241596456692912
11
-0.2515161811023622
21
-2.3245733858267714
0
LINE
8
BLACK
6
CONTINUOUS
10
-0.2515161811023622
20
-2.3245733858267714
11
-0.2571404330708661
21
-2.3273855511811021
0
LINE
8
BLACK
6
CONTINUOUS
10
-0.2571404330708661
20
-2.3273855511811021
11
-0.2576362598425197
21
-2.3276976377952754
0
LINE
8
BLACK
6
CONTINUOUS
10
-0.2576362598425197
20
-2.3276976377952754
11
-0.2577803149606299
21
-2.3277573228346458
0
LINE
8
BLACK
6
CONTINUOUS
10
-0.2577803149606299
20
-2.3277573228346458
11
-0.2579425590551181
21
-2.3278904330708663
0
LINE
8
BLACK
6
CONTINUOUS
10
-0.2579425590551181
20
-2.3278904330708663
11
-0.2581201968503937
21
-2.3280022834645671
0
LINE
8
BLACK
6
CONTINUOUS
10
-0.2581201968503937
20
-2.3280022834645671
11
-0.2582224409448819
21
-2.328120118110236
0
LINE
8
BLACK
6
CONTINUOUS
10
-0.2582224409448819
20
-2.328120118110236
11
-0.2586751968503937
21
-2.3284917322834646
0
LINE
8
BLACK
6
CONTINUOUS
10
-0.2586751968503937
20
-2.3284917322834646
11
-0.2614873622047244
21
-2.3313038582677166
0
LINE
8
BLACK
6
CONTINUOUS
10
-0.2614873622047244
20
-2.3313038582677166
11
-0.2618590157480315
21
-2.3317566929133857
0
LINE
8
BLACK
6
CONTINUOUS
10
-0.2618590157480315
20
-2.3317566929133857
11
-0.2619768897637795
21
-2.3318589370078739
0
LINE
8
BLACK
6
CONTINUOUS
10
-0.2619768897637795
20
-2.3318589370078739
11
-0.262088779527559
21
-2.332036653543307
0
LINE
8
BLACK
6
CONTINUOUS
10
-0.262088779527559
20
-2.332036653543307
11
-0.262221811023622
21
-2.3321987795275589
0
LINE
8
BLACK
6
CONTINUOUS
10
-0.262221811023622
20
-2.3321987795275589
11
-0.2622814960629921
21
-2.3323427952755904
0
LINE
8
BLACK
6
CONTINUOUS
10
-0.2622814960629921
20
-2.3323427952755904
11
-0.2625936220472441
21
-2.3328387007874016
0
LINE
8
BLACK
6
CONTINUOUS
10
-0.2625936220472441
20
-2.3328387007874016
11
-0.2654057480314961
21
-2.3384629921259843
0
LINE
8
BLACK
6
CONTINUOUS
10
-0.2654057480314961
20
-2.3384629921259843
11
-0.2658195275590551
21
-2.3395442519685039
0
LINE
8
BLACK
6
CONTINUOUS
10
-0.2658195275590551
20
-2.3395442519685039
11
-0.2658345669291339
21
-2.3397558661417324
0
LINE
8
BLACK
6
CONTINUOUS
10
-0.2658345669291339
20
-2.3397558661417324
11
-0.265915748031496
21
-2.3399518897637797
0
LINE
8
BLACK
6
CONTINUOUS
10
-0.265915748031496
20
-2.3399518897637797
11
-0.2660292125984252
21
-2.3411040157480314
0
LINE
8
BLACK
6
CONTINUOUS
10
-0.2660292125984252
20
-2.3411040157480314
11
-0.2660292125984252
21
-2.3467283464566928
0
LINE
8
BLACK
6
CONTINUOUS
10
-0.2660292125984252
20
-2.3467283464566928
11
-0.265915748031496
21
-2.347880472440945
0
LINE
8
BLACK
6
CONTINUOUS
10
-0.265915748031496
20
-2.347880472440945
11
-0.2658345669291339
21
-2.3480764566929135
0
LINE
8
BLACK
6
CONTINUOUS
10
-0.2658345669291339
20
-2.3480764566929135
11
-0.2658195275590551
21
-2.3482881102362203
0
LINE
8
BLACK
6
CONTINUOUS
10
-0.2658195275590551
20
-2.3482881102362203
11
-0.2654057480314961
21
-2.3493693700787399
0
LINE
8
BLACK
6
CONTINUOUS
10
-0.2654057480314961
20
-2.3493693700787399
11
-0.2625936220472441
21
-2.3549936614173226
0
LINE
8
BLACK
6
CONTINUOUS
10
-0.2625936220472441
20
-2.3549936614173226
11
-0.2622814960629921
21
-2.3554895275590551
0
LINE
8
BLACK
6
CONTINUOUS
10
-0.2622814960629921
20
-2.3554895275590551
11
-0.262221811023622
21
-2.3556335826771653
0
LINE
8
BLACK
6
CONTINUOUS
10
-0.262221811023622
20
-2.3556335826771653
11
-0.262088779527559
21
-2.3557956692913384
0
LINE
8
BLACK
6
CONTINUOUS
10
-0.262088779527559
20
-2.3557956692913384
11
-0.2619768897637795
21
-2.3559734251968503
0
LINE
8
BLACK
6
CONTINUOUS
10
-0.2619768897637795
20
-2.3559734251968503
11
-0.2618590157480315
21
-2.3560756299212597
0
LINE
8
BLACK
6
CONTINUOUS
10
-0.2618590157480315
20
-2.3560756299212597
11
-0.2614873622047244
21
-2.3565285039370076
0
LINE
8
BLACK
6
CONTINUOUS
10
-0.2614873622047244
20
-2.3565285039370076
11
-0.2586751968503937
21
-2.3593406299212596
0
LINE
8
BLACK
6
CONTINUOUS
10
-0.2586751968503937
20
-2.3593406299212596
11
-0.2582224409448819
21
-2.3597122047244095
0
LINE
8
BLACK
6
CONTINUOUS
10
-0.2582224409448819
20
-2.3597122047244095
11
-0.2581201968503937
21
-2.3598300787401576
0
LINE
8
BLACK
6
CONTINUOUS
10
-0.2581201968503937
20
-2.3598300787401576
11
-0.2579425590551181
21
-2.3599418897637796
0
LINE
8
BLACK
6
CONTINUOUS
10
-0.2579425590551181
20
-2.3599418897637796
11
-0.2577803149606299
21
-2.3600750393700789
0
LINE
8
BLACK
6
CONTINUOUS
10
-0.2577803149606299
20
-2.3600750393700789
11
-0.2576362598425197
21
-2.3601346850393701
0
LINE
8
BLACK
6
CONTINUOUS
10
-0.2576362598425197
20
-2.3601346850393701
11
-0.2571404330708661
21
-2.3604468110236221
0
LINE
8
BLACK
6
CONTINUOUS
10
-0.2571404330708661
20
-2.3604468110236221
11
-0.2515161811023622
21
-2.3632589763779528
0
LINE
8
BLACK
6
CONTINUOUS
10
-0.2515161811023622
20
-2.3632589763779528
11
-0.2514318503937008
21
-2.363291220472441
0
LINE
8
BLACK
6
CONTINUOUS
10
-0.2514318503937008
20
-2.363291220472441
11
-0.2513975984251968
21
-2.3633166141732285
0
LINE
8
BLACK
6
CONTINUOUS
10
-0.2513975984251968
20
-2.3633166141732285
11
-0.2509144881889764
21
-2.363489212598425
0
LINE
8
BLACK
6
CONTINUOUS
10
-0.2509144881889764
20
-2.363489212598425
11
-0.2504349212598425
21
-2.363672716535433
0
LINE
8
BLACK
6
CONTINUOUS
10
-0.2504349212598425
20
-2.363672716535433
11
-0.2503924015748031
21
-2.3636757086614173
0
LINE
8
BLACK
6
CONTINUOUS
10
-0.2503924015748031
20
-2.3636757086614173
11
-0.2503074015748031
21
-2.3637061023622046
0
LINE
8
BLACK
6
CONTINUOUS
10
-0.2503074015748031
20
-2.3637061023622046
11
-0.2396877952755906
21
-2.3663609842519686
0
LINE
8
BLACK
6
CONTINUOUS
10
-0.2396877952755906
20
-2.3663609842519686
11
-0.2355004330708661
21
-2.3684546456692912
0
LINE
8
BLACK
6
CONTINUOUS
10
-0.2355004330708661
20
-2.3684546456692912
11
-0.2340435826771654
21
-2.3699115354330709
0
LINE
8
BLACK
6
CONTINUOUS
10
-0.2340435826771654
20
-2.3699115354330709
11
-0.2322834251968504
21
-2.3734317716535434
0
LINE
8
BLACK
6
CONTINUOUS
10
-0.2322834251968504
20
-2.3734317716535434
11
-0.2322834251968504
21
-2.3762678346456694
0
LINE
8
BLACK
6
CONTINUOUS
10
-0.2322834251968504
20
-2.3762678346456694
11
-0.2340435826771654
21
-2.3797880708661419
0
LINE
8
BLACK
6
CONTINUOUS
10
-0.2340435826771654
20
-2.3797880708661419
11
-0.2355003937007874
21
-2.3812449212598423
0
LINE
8
BLACK
6
CONTINUOUS
10
-0.2355003937007874
20
-2.3812449212598423
11
-0.2390205905511811
21
-2.3830050393700786
0
LINE
8
BLACK
6
CONTINUOUS
10
-0.2390205905511811
20
-2.3830050393700786
11
-0.2507288582677165
21
-2.3830050393700786
0
LINE
8
BLACK
6
CONTINUOUS
10
-0.2507288582677165
20
-2.3830050393700786
11
-0.258256220472441
21
-2.3804959448818899
0
LINE
8
BLACK
6
CONTINUOUS
10
-0.258256220472441
20
-2.3804959448818899
11
-0.2593851181102362
21
-2.3802392519685038
0
LINE
8
BLACK
6
CONTINUOUS
10
-0.2593851181102362
20
-2.3802392519685038
11
-0.2616835433070866
21
-2.3804026377952754
0
LINE
8
BLACK
6
CONTINUOUS
10
-0.2616835433070866
20
-2.3804026377952754
11
-0.2637444488188976
21
-2.3814331102362205
0
LINE
8
BLACK
6
CONTINUOUS
10
-0.2637444488188976
20
-2.3814331102362205
11
-0.2652542125984252
21
-2.3831738188976379
0
LINE
8
BLACK
6
CONTINUOUS
10
-0.2652542125984252
20
-2.3831738188976379
11
-0.265982874015748
21
-2.3853598425196849
0
LINE
8
BLACK
6
CONTINUOUS
10
-0.265982874015748
20
-2.3853598425196849
11
-0.2658194881889764
21
-2.3876582677165352
0
LINE
8
BLACK
6
CONTINUOUS
10
-0.2658194881889764
20
-2.3876582677165352
11
-0.2647890157480315
21
-2.3897191732283463
0
LINE
8
BLACK
6
CONTINUOUS
10
-0.2647890157480315
20
-2.3897191732283463
11
-0.2630483070866141
21
-2.3912289370078739
0
LINE
8
BLACK
6
CONTINUOUS
10
-0.2630483070866141
20
-2.3912289370078739
11
-0.2619911811023622
21
-2.391700905511811
0
LINE
8
BLACK
6
CONTINUOUS
10
-0.2619911811023622
20
-2.391700905511811
11
-0.2535547244094488
21
-2.394513031496063
0
LINE
8
BLACK
6
CONTINUOUS
10
-0.2535547244094488
20
-2.394513031496063
11
-0.2529833858267717
21
-2.3946429133858267
0
LINE
8
BLACK
6
CONTINUOUS
10
-0.2529833858267717
20
-2.3946429133858267
11
-0.2528393700787401
21
-2.3947025984251966
0
LINE
8
BLACK
6
CONTINUOUS
10
-0.2528393700787401
20
-2.3947025984251966
11
-0.2526306299212598
21
-2.3947231496062993
0
LINE
8
BLACK
6
CONTINUOUS
10
-0.2526306299212598
20
-2.3947231496062993
11
-0.2524258267716535
21
-2.3947697244094486
0
LINE
8
BLACK
6
CONTINUOUS
10
-0.2524258267716535
20
-2.3947697244094486
11
-0.2522701574803149
21
-2.3947586220472439
0
LINE
8
BLACK
6
CONTINUOUS
10
-0.2522701574803149
20
-2.3947586220472439
11
-0.2516872440944882
21
-2.3948160629921258
0
LINE
8
BLACK
6
CONTINUOUS
10
-0.2516872440944882
20
-2.3948160629921258
11
-0.2376265354330709
21
-2.3948160629921258
0
LINE
8
BLACK
6
CONTINUOUS
10
-0.2376265354330709
20
-2.3948160629921258
11
-0.2364744094488189
21
-2.3947025984251966
0
LINE
8
BLACK
6
CONTINUOUS
10
-0.2364744094488189
20
-2.3947025984251966
11
-0.2362784251968504
21
-2.3946213779527556
0
LINE
8
BLACK
6
CONTINUOUS
10
-0.2362784251968504
20
-2.3946213779527556
11
-0.2360667716535433
21
-2.3946063779527558
0
LINE
8
BLACK
6
CONTINUOUS
10
-0.2360667716535433
20
-2.3946063779527558
11
-0.2349855511811024
21
-2.3941925984251968
0
LINE
8
BLACK
6
CONTINUOUS
10
-0.2349855511811024
20
-2.3941925984251968
11
-0.2293611811023622
21
-2.3913804724409449
0
LINE
8
BLACK
6
CONTINUOUS
10
-0.2293611811023622
20
-2.3913804724409449
11
-0.2288653543307086
21
-2.3910683070866141
0
LINE
8
BLACK
6
CONTINUOUS
10
-0.2288653543307086
20
-2.3910683070866141
11
-0.2287212598425197
21
-2.3910086614173229
0
LINE
8
BLACK
6
CONTINUOUS
10
-0.2287212598425197
20
-2.3910086614173229
11
-0.2285590551181102
21
-2.3908755118110236
0
LINE
8
BLACK
6
CONTINUOUS
10
-0.2285590551181102
20
-2.3908755118110236
11
-0.2283814566929134
21
-2.3907637401574804
0
LINE
8
BLACK
6
CONTINUOUS
10
-0.2283814566929134
20
-2.3907637401574804
11
-0.2282793307086614
21
-2.3906459448818898
0
LINE
8
BLACK
6
CONTINUOUS
10
-0.2282793307086614
20
-2.3906459448818898
11
-0.2278263385826772
21
-2.3902742125984253
0
LINE
8
BLACK
6
CONTINUOUS
10
-0.2278263385826772
20
-2.3902742125984253
11
-0.2250142125984252
21
-2.3874620472440946
0
LINE
8
BLACK
6
CONTINUOUS
10
-0.2250142125984252
20
-2.3874620472440946
11
-0.2246426377952756
21
-2.3870092519685038
0
LINE
8
BLACK
6
CONTINUOUS
10
-0.2246426377952756
20
-2.3870092519685038
11
-0.2245247637795275
21
-2.3869070472440943
0
LINE
8
BLACK
6
CONTINUOUS
10
-0.2245247637795275
20
-2.3869070472440943
11
-0.2244129527559055
21
-2.38672937007874
0
LINE
8
BLACK
6
CONTINUOUS
10
-0.2244129527559055
20
-2.38672937007874
11
-0.2242798031496063
21
-2.3865671653543306
0
LINE
8
BLACK
6
CONTINUOUS
10
-0.2242798031496063
20
-2.3865671653543306
11
-0.224220157480315
21
-2.3864230708661416
0
LINE
8
BLACK
6
CONTINUOUS
10
-0.224220157480315
20
-2.3864230708661416
11
-0.223908031496063
21
-2.3859272834645671
0
LINE
8
BLACK
6
CONTINUOUS
10
-0.223908031496063
20
-2.3859272834645671
11
-0.2210958661417323
21
-2.3803030314960631
0
LINE
8
BLACK
6
CONTINUOUS
10
-0.2210958661417323
20
-2.3803030314960631
11
-0.220682125984252
21
-2.3792217716535431
0
LINE
8
BLACK
6
CONTINUOUS
10
-0.220682125984252
20
-2.3792217716535431
11
-0.220667125984252
21
-2.3790101574803151
0
LINE
8
BLACK
6
CONTINUOUS
10
-0.220667125984252
20
-2.3790101574803151
11
-0.2205858661417323
21
-2.378814094488189
0
LINE
8
BLACK
6
CONTINUOUS
10
-0.2205858661417323
20
-2.378814094488189
11
-0.2204724015748031
21
-2.3776619685039369
0
LINE
8
BLACK
6
CONTINUOUS
10
-0.2204724015748031
20
-2.3776619685039369
11
-0.2204724015748031
21
-2.3720376771653542
0
LINE
8
BLACK
6
CONTINUOUS
10
-0.2204724015748031
20
-2.3720376771653542
11
-0.2205858661417323
21
-2.3708855511811024
0
LINE
8
BLACK
6
CONTINUOUS
10
-0.2205858661417323
20
-2.3708855511811024
11
-0.220667125984252
21
-2.3706894488188976
0
LINE
8
BLACK
6
CONTINUOUS
10
-0.220667125984252
20
-2.3706894488188976
11
-0.220682125984252
21
-2.3704778740157479
0
LINE
8
BLACK
6
CONTINUOUS
10
-0.220682125984252
20
-2.3704778740157479
11
-0.2210958661417323
21
-2.3693966141732283
0
LINE
8
BLACK
6
CONTINUOUS
10
-0.2210958661417323
20
-2.3693966141732283
11
-0.223908031496063
21
-2.3637723622047244
0
LINE
8
BLACK
6
CONTINUOUS
10
-0.223908031496063
20
-2.3637723622047244
11
-0.224220157480315
21
-2.3632765354330707
0
LINE
8
BLACK
6
CONTINUOUS
10
-0.224220157480315
20
-2.3632765354330707
11
-0.2242798031496063
21
-2.3631324803149605
0
LINE
8
BLACK
6
CONTINUOUS
10
-0.2242798031496063
20
-2.3631324803149605
11
-0.2244129527559055
21
-2.3629702362204723
0
LINE
8
BLACK
6
CONTINUOUS
10
-0.2244129527559055
20
-2.3629702362204723
11
-0.2245247637795275
21
-2.3627925984251967
0
LINE
8
BLACK
6
CONTINUOUS
10
-0.2245247637795275
20
-2.3627925984251967
11
-0.2246426377952756
21
-2.3626903543307085
0
LINE
8
BLACK
6
CONTINUOUS
10
-0.2246426377952756
20
-2.3626903543307085
11
-0.2250142125984252
21
-2.3622375984251969
0
LINE
8
BLACK
6
CONTINUOUS
10
-0.2250142125984252
20
-2.3622375984251969
11
-0.2278263385826772
21
-2.3594254330708662
0
LINE
8
BLACK
6
CONTINUOUS
10
-0.2278263385826772
20
-2.3594254330708662
11
-0.2282792125984252
21
-2.3590537795275588
0
LINE
8
BLACK
6
CONTINUOUS
10
-0.2282792125984252
20
-2.3590537795275588
11
-0.2283814173228347
21
-2.3589359055118111
0
LINE
8
BLACK
6
CONTINUOUS
10
-0.2283814173228347
20
-2.3589359055118111
11
-0.2285591732283465
21
-2.3588240157480316
0
LINE
8
BLACK
6
CONTINUOUS
10
-0.2285591732283465
20
-2.3588240157480316
11
-0.2287212598425197
21
-2.3586909842519685
0
LINE
8
BLACK
6
CONTINUOUS
10
-0.2287212598425197
20
-2.3586909842519685
11
-0.2288653149606299
21
-2.3586312992125982
0
LINE
8
BLACK
6
CONTINUOUS
10
-0.2288653149606299
20
-2.3586312992125982
11
-0.2293611811023622
21
-2.3583191732283466
0
LINE
8
BLACK
6
CONTINUOUS
10
-0.2293611811023622
20
-2.3583191732283466
11
-0.2349855118110236
21
-2.3555070078740159
0
LINE
8
BLACK
6
CONTINUOUS
10
-0.2349855118110236
20
-2.3555070078740159
11
-0.2350698031496063
21
-2.3554747244094489
0
LINE
8
BLACK
6
CONTINUOUS
10
-0.2350698031496063
20
-2.3554747244094489
11
-0.2351040551181102
21
-2.3554493700787402
0
LINE
8
BLACK
6
CONTINUOUS
10
-0.2351040551181102
20
-2.3554493700787402
11
-0.2355865748031496
21
-2.355276968503937
0
LINE
8
BLACK
6
CONTINUOUS
10
-0.2355865748031496
20
-2.355276968503937
11
-0.2360667322834646
21
-2.3550932283464565
0
LINE
8
BLACK
6
CONTINUOUS
10
-0.2360667322834646
20
-2.3550932283464565
11
-0.2361094094488189
21
-2.3550901968503934
0
LINE
8
BLACK
6
CONTINUOUS
10
-0.2361094094488189
20
-2.3550901968503934
11
-0.2361942519685039
21
-2.3550598818897637
0
LINE
8
BLACK
6
CONTINUOUS
10
-0.2361942519685039
20
-2.3550598818897637
11
-0.2468138582677165
21
-2.3524049606299213
0
LINE
8
BLACK
6
CONTINUOUS
10
-0.2468138582677165
20
-2.3524049606299213
11
-0.2510012598425197
21
-2.3503112598425195
0
LINE
8
BLACK
6
CONTINUOUS
10
-0.2510012598425197
20
-2.3503112598425195
11
-0.2524581496062992
21
-2.3488543700787403
0
LINE
8
BLACK
6
CONTINUOUS
10
-0.2524581496062992
20
-2.3488543700787403
11
-0.2542181889763779
21
-2.3453342519685041
0
LINE
8
BLACK
6
CONTINUOUS
10
-0.2542181889763779
20
-2.3453342519685041
11
-0.2542181889763779
21
-2.3424980708661418
0
LINE
8
BLACK
6
CONTINUOUS
10
-0.2542181889763779
20
-2.3424980708661418
11
-0.2524581496062992
21
-2.3389779527559056
0
LINE
8
BLACK
6
CONTINUOUS
10
-0.2524581496062992
20
-2.3389779527559056
11
-0.2510012598425197
21
-2.3375210629921259
0
LINE
8
BLACK
6
CONTINUOUS
10
-0.2510012598425197
20
-2.3375210629921259
11
-0.2474810236220472
21
-2.3357609448818897
0
LINE
8
BLACK
6
CONTINUOUS
10
-0.2474810236220472
20
-2.3357609448818897
11
-0.2357726377952756
21
-2.3357609448818897
0
LINE
8
BLACK
6
CONTINUOUS
10
-0.2357726377952756
20
-2.3357609448818897
11
-0.2282454330708661
21
-2.3382700393700788
0
LINE
8
BLACK
6
CONTINUOUS
10
-0.2282454330708661
20
-2.3382700393700788
11
-0.2271165354330709
21
-2.3385267322834644
0
LINE
8
BLACK
6
CONTINUOUS
10
-0.2271165354330709
20
-2.3385267322834644
11
-0.2248181102362205
21
-2.3383633858267716
0
LINE
8
BLACK
6
CONTINUOUS
10
-0.2248181102362205
20
-2.3383633858267716
11
-0.2227572047244094
21
-2.3373329133858269
0
LINE
8
BLACK
6
CONTINUOUS
10
-0.2227572047244094
20
-2.3373329133858269
11
-0.2212474409448819
21
-2.3355922047244095
0
LINE
8
BLACK
6
CONTINUOUS
10
-0.2212474409448819
20
-2.3355922047244095
11
-0.2205187795275591
21
-2.3334062204724408
0
LINE
8
BLACK
6
CONTINUOUS
10
-0.2205187795275591
20
-2.3334062204724408
11
-0.220682125984252
21
-2.3311077952755905
0
LINE
8
BLACK
6
CONTINUOUS
10
-0.220682125984252
20
-2.3311077952755905
11
-0.2217125984251968
21
-2.3290468503937007
0
LINE
8
BLACK
6
CONTINUOUS
10
-0.2217125984251968
20
-2.3290468503937007
11
-0.2234533070866142
21
-2.3275371259842519
0
LINE
8
BLACK
6
CONTINUOUS
10
-0.2234533070866142
20
-2.3275371259842519
11
-0.2245104330708661
21
-2.327065118110236
0
LINE
8
BLACK
6
CONTINUOUS
10
-0.2245104330708661
20
-2.327065118110236
11
-0.2329468897637795
21
-2.324252992125984
0
LINE
8
BLACK
6
CONTINUOUS
10
-0.2329468897637795
20
-2.324252992125984
11
-0.2335180708661417
21
-2.3241231102362203
0
LINE
8
BLACK
6
CONTINUOUS
10
-0.2335180708661417
20
-2.3241231102362203
11
-0.2336622440944882
21
-2.3240633858267716
0
LINE
8
BLACK
6
CONTINUOUS
10
-0.2336622440944882
20
-2.3240633858267716
11
-0.2338712598425197
21
-2.3240427952755907
0
LINE
8
BLACK
6
CONTINUOUS
10
-0.2338712598425197
20
-2.3240427952755907
11
-0.2340757480314961
21
-2.3239962992125984
0
LINE
8
BLACK
6
CONTINUOUS
10
-0.2340757480314961
20
-2.3239962992125984
11
-0.2342312598425197
21
-2.3240073228346456
0
LINE
8
BLACK
6
CONTINUOUS
10
-0.2342312598425197
20
-2.3240073228346456
11
-0.2348143700787401
21
-2.3239499212598425
0
LINE
8
BLACK
6
CONTINUOUS
10
-0.2348143700787401
20
-2.3239499212598425
11
-0.2488751181102362
21
-2.3239499212598425
0
LINE
8
BLACK
6
CONTINUOUS
10
-0.2488751181102362
20
-2.3239499212598425
11
-0.2500272440944882
21
-2.3240633858267716
0
LINE
8
BLACK
6
CONTINUOUS
10
-0.1572263779527559
20
-2.3240633858267716
11
-0.1593551968503937
21
-2.3249451968503938
0
LINE
8
BLACK
6
CONTINUOUS
10
-0.1593551968503937
20
-2.3249451968503938
11
-0.1609844881889764
21
-2.3265744881889763
0
LINE
8
BLACK
6
CONTINUOUS
10
-0.1609844881889764
20
-2.3265744881889763
11
-0.1618662992125984
21
-2.3287033070866143
0
LINE
8
BLACK
6
CONTINUOUS
10
-0.1618662992125984
20
-2.3287033070866143
11
-0.1619797637795276
21
-2.3298554330708661
0
LINE
8
BLACK
6
CONTINUOUS
10
-0.1619797637795276
20
-2.3298554330708661
11
-0.1619797637795276
21
-2.3889105511811022
0
LINE
8
BLACK
6
CONTINUOUS
10
-0.1619797637795276
20
-2.3889105511811022
11
-0.1618662992125984
21
-2.3900626771653544
0
LINE
8
BLACK
6
CONTINUOUS
10
-0.1618662992125984
20
-2.3900626771653544
11
-0.1609844881889764
21
-2.392191496062992
0
LINE
8
BLACK
6
CONTINUOUS
10
-0.1609844881889764
20
-2.392191496062992
11
-0.1593551968503937
21
-2.3938207874015749
0
LINE
8
BLACK
6
CONTINUOUS
10
-0.1593551968503937
20
-2.3938207874015749
11
-0.1572263779527559
21
-2.3947025984251966
0
LINE
8
BLACK
6
CONTINUOUS
10
-0.1572263779527559
20
-2.3947025984251966
11
-0.1560742519685039
21
-2.3948160629921258
0
LINE
8
BLACK
6
CONTINUOUS
10
-0.1560742519685039
20
-2.3948160629921258
11
-0.1279527559055118
21
-2.3948160629921258
0
LINE
8
BLACK
6
CONTINUOUS
10
-0.1279527559055118
20
-2.3948160629921258
11
-0.1268006299212598
21
-2.3947025984251966
0
LINE
8
BLACK
6
CONTINUOUS
10
-0.1268006299212598
20
-2.3947025984251966
11
-0.124671811023622
21
-2.3938207874015749
0
LINE
8
BLACK
6
CONTINUOUS
10
-0.124671811023622
20
-2.3938207874015749
11
-0.1230425196850394
21
-2.392191496062992
0
LINE
8
BLACK
6
CONTINUOUS
10
-0.1230425196850394
20
-2.392191496062992
11
-0.1221607086614173
21
-2.3900626771653544
0
LINE
8
BLACK
6
CONTINUOUS
10
-0.1221607086614173
20
-2.3900626771653544
11
-0.1221607086614173
21
-2.3877584251968504
0
LINE
8
BLACK
6
CONTINUOUS
10
-0.1221607086614173
20
-2.3877584251968504
11
-0.1230425196850394
21
-2.3856296062992124
0
LINE
8
BLACK
6
CONTINUOUS
10
-0.1230425196850394
20
-2.3856296062992124
11
-0.124671811023622
21
-2.3840003149606299
0
LINE
8
BLACK
6
CONTINUOUS
10
-0.124671811023622
20
-2.3840003149606299
11
-0.1268006299212598
21
-2.3831185039370077
0
LINE
8
BLACK
6
CONTINUOUS
10
-0.1268006299212598
20
-2.3831185039370077
11
-0.1279527559055118
21
-2.3830050393700786
0
LINE
8
BLACK
6
CONTINUOUS
10
-0.1279527559055118
20
-2.3830050393700786
11
-0.1501687401574803
21
-2.3830050393700786
0
LINE
8
BLACK
6
CONTINUOUS
10
-0.1501687401574803
20
-2.3830050393700786
11
-0.1501687401574803
21
-2.3638824409448818
0
LINE
8
BLACK
6
CONTINUOUS
10
-0.1501687401574803
20
-2.3638824409448818
11
-0.1363892125984252
21
-2.3638824409448818
0
LINE
8
BLACK
6
CONTINUOUS
10
-0.1363892125984252
20
-2.3638824409448818
11
-0.1352370866141732
21
-2.3637689763779526
0
LINE
8
BLACK
6
CONTINUOUS
10
-0.1352370866141732
20
-2.3637689763779526
11
-0.1331082677165354
21
-2.3628871653543309
0
LINE
8
BLACK
6
CONTINUOUS
10
-0.1331082677165354
20
-2.3628871653543309
11
-0.1314789763779527
21
-2.3612578740157479
0
LINE
8
BLACK
6
CONTINUOUS
10
-0.1314789763779527
20
-2.3612578740157479
11
-0.1305971653543307
21
-2.3591290551181103
0
LINE
8
BLACK
6
CONTINUOUS
10
-0.1305971653543307
20
-2.3591290551181103
11
-0.1305971653543307
21
-2.3568248031496064
0
LINE
8
BLACK
6
CONTINUOUS
10
-0.1305971653543307
20
-2.3568248031496064
11
-0.1314789763779527
21
-2.3546959842519684
0
LINE
8
BLACK
6
CONTINUOUS
10
-0.1314789763779527
20
-2.3546959842519684
11
-0.1331082677165354
21
-2.3530666929133859
0
LINE
8
BLACK
6
CONTINUOUS
10
-0.1331082677165354
20
-2.3530666929133859
11
-0.1352370866141732
21
-2.3521848818897637
0
LINE
8
BLACK
6
CONTINUOUS
10
-0.1352370866141732
20
-2.3521848818897637
11
-0.1363892125984252
21
-2.3520714173228345
0
LINE
8
BLACK
6
CONTINUOUS
10
-0.1363892125984252
20
-2.3520714173228345
11
-0.1501687401574803
21
-2.3520714173228345
0
LINE
8
BLACK
6
CONTINUOUS
10
-0.1501687401574803
20
-2.3520714173228345
11
-0.1501687401574803
21
-2.3357609448818897
0
LINE
8
BLACK
6
CONTINUOUS
10
-0.1501687401574803
20
-2.3357609448818897
11
-0.1279527559055118
21
-2.3357609448818897
0
LINE
8
BLACK
6
CONTINUOUS
10
-0.1279527559055118
20
-2.3357609448818897
11
-0.1268006299212598
21
-2.3356474803149605
0
LINE
8
BLACK
6
CONTINUOUS
10
-0.1268006299212598
20
-2.3356474803149605
11
-0.124671811023622
21
-2.3347656692913383
0
LINE
8
BLACK
6
CONTINUOUS
10
-0.124671811023622
20
-2.3347656692913383
11
-0.1230425196850394
21
-2.3331363779527559
0
LINE
8
BLACK
6
CONTINUOUS
10
-0.1230425196850394
20
-2.3331363779527559
11
-0.1221607086614173
21
-2.3310075590551183
0
LINE
8
BLACK
6
CONTINUOUS
10
-0.1221607086614173
20
-2.3310075590551183
11
-0.1221607086614173
21
-2.3287033070866143
0
LINE
8
BLACK
6
CONTINUOUS
10
-0.1221607086614173
20
-2.3287033070866143
11
-0.1230425196850394
21
-2.3265744881889763
0
LINE
8
BLACK
6
CONTINUOUS
10
-0.1230425196850394
20
-2.3265744881889763
11
-0.124671811023622
21
-2.3249451968503938
0
LINE
8
BLACK
6
CONTINUOUS
10
-0.124671811023622
20
-2.3249451968503938
11
-0.1268006299212598
21
-2.3240633858267716
0
LINE
8
BLACK
6
CONTINUOUS
10
-0.1268006299212598
20
-2.3240633858267716
11
-0.1279527559055118
21
-2.3239499212598425
0
LINE
8
BLACK
6
CONTINUOUS
10
-0.1279527559055118
20
-2.3239499212598425
11
-0.1560742519685039
21
-2.3239499212598425
0
LINE
8
BLACK
6
CONTINUOUS
10
-0.1560742519685039
20
-2.3239499212598425
11
-0.1572263779527559
21
-2.3240633858267716
0
LINE
8
BLACK
6
CONTINUOUS
10
0.0649333464566929
20
-2.3240633858267716
11
0.0628045275590551
21
-2.3249451968503938
0
LINE
8
BLACK
6
CONTINUOUS
10
0.0628045275590551
20
-2.3249451968503938
11
0.0611752362204724
21
-2.3265744881889763
0
LINE
8
BLACK
6
CONTINUOUS
10
0.0611752362204724
20
-2.3265744881889763
11
0.0602934251968504
21
-2.3287033070866143
0
LINE
8
BLACK
6
CONTINUOUS
10
0.0602934251968504
20
-2.3287033070866143
11
0.0601799606299213
21
-2.3298554330708661
0
LINE
8
BLACK
6
CONTINUOUS
10
0.0601799606299213
20
-2.3298554330708661
11
0.0601799606299213
21
-2.3889105511811022
0
LINE
8
BLACK
6
CONTINUOUS
10
0.0601799606299213
20
-2.3889105511811022
11
0.0602934251968504
21
-2.3900626771653544
0
LINE
8
BLACK
6
CONTINUOUS
10
0.0602934251968504
20
-2.3900626771653544
11
0.0611752362204724
21
-2.392191496062992
0
LINE
8
BLACK
6
CONTINUOUS
10
0.0611752362204724
20
-2.392191496062992
11
0.0628045275590551
21
-2.3938207874015749
0
LINE
8
BLACK
6
CONTINUOUS
10
0.0628045275590551
20
-2.3938207874015749
11
0.0649333464566929
21
-2.3947025984251966
0
LINE
8
BLACK
6
CONTINUOUS
10
0.0649333464566929
20
-2.3947025984251966
11
0.0660854724409449
21
-2.3948160629921258
0
LINE
8
BLACK
6
CONTINUOUS
10
0.0660854724409449
20
-2.3948160629921258
11
0.0801462204724409
21
-2.3948160629921258
0
LINE
8
BLACK
6
CONTINUOUS
10
0.0801462204724409
20
-2.3948160629921258
11
0.080729094488189
21
-2.3947586220472439
0
LINE
8
BLACK
6
CONTINUOUS
10
0.080729094488189
20
-2.3947586220472439
11
0.0808848031496063
21
-2.3947697244094486
0
LINE
8
BLACK
6
CONTINUOUS
10
0.0808848031496063
20
-2.3947697244094486
11
0.0810895669291339
21
-2.3947231496062993
0
LINE
8
BLACK
6
CONTINUOUS
10
0.0810895669291339
20
-2.3947231496062993
11
0.0812983464566929
21
-2.3947025984251966
0
LINE
8
BLACK
6
CONTINUOUS
10
0.0812983464566929
20
-2.3947025984251966
11
0.0814423228346457
21
-2.3946429133858267
0
LINE
8
BLACK
6
CONTINUOUS
10
0.0814423228346457
20
-2.3946429133858267
11
0.0820137007874016
21
-2.394513031496063
0
LINE
8
BLACK
6
CONTINUOUS
10
0.0820137007874016
20
-2.394513031496063
11
0.090450157480315
21
-2.391700905511811
0
LINE
8
BLACK
6
CONTINUOUS
10
0.090450157480315
20
-2.391700905511811
11
0.0915072834645669
21
-2.3912289370078739
0
LINE
8
BLACK
6
CONTINUOUS
10
0.0915072834645669
20
-2.3912289370078739
11
0.0916675590551181
21
-2.3910898818897639
0
LINE
8
BLACK
6
CONTINUOUS
10
0.0916675590551181
20
-2.3910898818897639
11
0.0918636220472441
21
-2.3910087007874017
0
LINE
8
BLACK
6
CONTINUOUS
10
0.0918636220472441
20
-2.3910087007874017
11
0.0927585039370079
21
-2.3902742519685041
0
LINE
8
BLACK
6
CONTINUOUS
10
0.0927585039370079
20
-2.3902742519685041
11
0.0983827952755905
21
-2.3846499212598427
0
LINE
8
BLACK
6
CONTINUOUS
10
0.0983827952755905
20
-2.3846499212598427
11
0.0987543700787402
21
-2.3841970866141731
0
LINE
8
BLACK
6
CONTINUOUS
10
0.0987543700787402
20
-2.3841970866141731
11
0.0988722834645669
21
-2.3840948818897636
0
LINE
8
BLACK
6
CONTINUOUS
10
0.0988722834645669
20
-2.3840948818897636
11
0.098984094488189
21
-2.3839171653543305
0
LINE
8
BLACK
6
CONTINUOUS
10
0.098984094488189
20
-2.3839171653543305
11
0.0991172440944882
21
-2.3837549999999998
0
LINE
8
BLACK
6
CONTINUOUS
10
0.0991172440944882
20
-2.3837549999999998
11
0.0991768897637795
21
-2.3836109055118109
0
LINE
8
BLACK
6
CONTINUOUS
10
0.0991768897637795
20
-2.3836109055118109
11
0.0994890157480315
21
-2.3831151181102364
0
LINE
8
BLACK
6
CONTINUOUS
10
0.0994890157480315
20
-2.3831151181102364
11
0.1023011811023622
21
-2.3774908661417324
0
LINE
8
BLACK
6
CONTINUOUS
10
0.1023011811023622
20
-2.3774908661417324
11
0.1023334251968504
21
-2.3774064960629921
0
LINE
8
BLACK
6
CONTINUOUS
10
0.1023334251968504
20
-2.3774064960629921
11
0.1023588188976378
21
-2.3773722834645667
0
LINE
8
BLACK
6
CONTINUOUS
10
0.1023588188976378
20
-2.3773722834645667
11
0.1025314173228346
21
-2.3768891338582678
0
LINE
8
BLACK
6
CONTINUOUS
10
0.1025314173228346
20
-2.3768891338582678
11
0.1027149212598425
21
-2.3764096062992124
0
LINE
8
BLACK
6
CONTINUOUS
10
0.1027149212598425
20
-2.3764096062992124
11
0.1027179133858268
21
-2.3763670472440945
0
LINE
8
BLACK
6
CONTINUOUS
10
0.1027179133858268
20
-2.3763670472440945
11
0.1027483070866142
21
-2.3762820866141734
0
LINE
8
BLACK
6
CONTINUOUS
10
0.1027483070866142
20
-2.3762820866141734
11
0.1055604330708661
21
-2.3650335039370076
0
LINE
8
BLACK
6
CONTINUOUS
10
0.1055604330708661
20
-2.3650335039370076
11
0.1055899212598425
21
-2.3648338188976377
0
LINE
8
BLACK
6
CONTINUOUS
10
0.1055899212598425
20
-2.3648338188976377
11
0.1056233070866142
21
-2.364753346456693
0
LINE
8
BLACK
6
CONTINUOUS
10
0.1056233070866142
20
-2.364753346456693
11
0.1056660236220472
21
-2.3643193700787402
0
LINE
8
BLACK
6
CONTINUOUS
10
0.1056660236220472
20
-2.3643193700787402
11
0.1057298031496063
21
-2.3638882677165354
0
LINE
8
BLACK
6
CONTINUOUS
10
0.1057298031496063
20
-2.3638882677165354
11
0.105716968503937
21
-2.3638021259842521
0
LINE
8
BLACK
6
CONTINUOUS
10
0.105716968503937
20
-2.3638021259842521
11
0.1057367716535433
21
-2.3636012204724408
0
LINE
8
BLACK
6
CONTINUOUS
10
0.1057367716535433
20
-2.3636012204724408
11
0.1057367716535433
21
-2.3551647637795274
0
LINE
8
BLACK
6
CONTINUOUS
10
0.1057367716535433
20
-2.3551647637795274
11
0.105716968503937
21
-2.3549638188976378
0
LINE
8
BLACK
6
CONTINUOUS
10
0.105716968503937
20
-2.3549638188976378
11
0.1057298031496063
21
-2.3548777165354329
0
LINE
8
BLACK
6
CONTINUOUS
10
0.1057298031496063
20
-2.3548777165354329
11
0.1056660236220472
21
-2.3544465748031493
0
LINE
8
BLACK
6
CONTINUOUS
10
0.1056660236220472
20
-2.3544465748031493
11
0.1056233070866142
21
-2.3540126377952757
0
LINE
8
BLACK
6
CONTINUOUS
10
0.1056233070866142
20
-2.3540126377952757
11
0.1055899212598425
21
-2.3539321259842518
0
LINE
8
BLACK
6
CONTINUOUS
10
0.1055899212598425
20
-2.3539321259842518
11
0.1055604330708661
21
-2.3537324803149606
0
LINE
8
BLACK
6
CONTINUOUS
10
0.1055604330708661
20
-2.3537324803149606
11
0.1027483070866142
21
-2.3424838976377953
0
LINE
8
BLACK
6
CONTINUOUS
10
0.1027483070866142
20
-2.3424838976377953
11
0.1027179133858268
21
-2.3423988976377954
0
LINE
8
BLACK
6
CONTINUOUS
10
0.1027179133858268
20
-2.3423988976377954
11
0.1027149212598425
21
-2.3423563779527559
0
LINE
8
BLACK
6
CONTINUOUS
10
0.1027149212598425
20
-2.3423563779527559
11
0.1025314173228346
21
-2.3418768110236221
0
LINE
8
BLACK
6
CONTINUOUS
10
0.1025314173228346
20
-2.3418768110236221
11
0.1023588188976378
21
-2.3413937007874015
0
LINE
8
BLACK
6
CONTINUOUS
10
0.1023588188976378
20
-2.3413937007874015
11
0.1023334251968504
21
-2.3413594488188978
0
LINE
8
BLACK
6
CONTINUOUS
10
0.1023334251968504
20
-2.3413594488188978
11
0.1023011811023622
21
-2.3412751181102363
0
LINE
8
BLACK
6
CONTINUOUS
10
0.1023011811023622
20
-2.3412751181102363
11
0.0994890157480315
21
-2.3356508661417323
0
LINE
8
BLACK
6
CONTINUOUS
10
0.0994890157480315
20
-2.3356508661417323
11
0.0991769291338583
21
-2.3351551181102361
0
LINE
8
BLACK
6
CONTINUOUS
10
0.0991769291338583
20
-2.3351551181102361
11
0.0991172440944882
21
-2.3350109448818896
0
LINE
8
BLACK
6
CONTINUOUS
10
0.0991172440944882
20
-2.3350109448818896
11
0.0989840157480315
21
-2.334848622047244
0
LINE
8
BLACK
6
CONTINUOUS
10
0.0989840157480315
20
-2.334848622047244
11
0.0988722834645669
21
-2.3346711023622047
0
LINE
8
BLACK
6
CONTINUOUS
10
0.0988722834645669
20
-2.3346711023622047
11
0.0987544488188976
21
-2.3345688976377952
0
LINE
8
BLACK
6
CONTINUOUS
10
0.0987544488188976
20
-2.3345688976377952
11
0.0983827952755905
21
-2.334116062992126
0
LINE
8
BLACK
6
CONTINUOUS
10
0.0983827952755905
20
-2.334116062992126
11
0.0927585039370079
21
-2.3284917716535434
0
LINE
8
BLACK
6
CONTINUOUS
10
0.0927585039370079
20
-2.3284917716535434
11
0.0918635826771654
21
-2.3277573228346458
0
LINE
8
BLACK
6
CONTINUOUS
10
0.0918635826771654
20
-2.3277573228346458
11
0.0916675196850394
21
-2.3276761023622048
0
LINE
8
BLACK
6
CONTINUOUS
10
0.0916675196850394
20
-2.3276761023622048
11
0.0915072834645669
21
-2.3275371259842519
0
LINE
8
BLACK
6
CONTINUOUS
10
0.0915072834645669
20
-2.3275371259842519
11
0.090450157480315
21
-2.327065118110236
0
LINE
8
BLACK
6
CONTINUOUS
10
0.090450157480315
20
-2.327065118110236
11
0.0820137007874016
21
-2.324252992125984
0
LINE
8
BLACK
6
CONTINUOUS
10
0.0820137007874016
20
-2.324252992125984
11
0.0814425196850394
21
-2.3241231102362203
0
LINE
8
BLACK
6
CONTINUOUS
10
0.0814425196850394
20
-2.3241231102362203
11
0.0812983464566929
21
-2.3240633858267716
0
LINE
8
BLACK
6
CONTINUOUS
10
0.0812983464566929
20
-2.3240633858267716
11
0.0810893307086614
21
-2.3240427952755907
0
LINE
8
BLACK
6
CONTINUOUS
10
0.0810893307086614
20
-2.3240427952755907
11
0.080884842519685
21
-2.3239962992125984
0
LINE
8
BLACK
6
CONTINUOUS
10
0.080884842519685
20
-2.3239962992125984
11
0.0807293307086614
21
-2.3240073228346456
0
LINE
8
BLACK
6
CONTINUOUS
10
0.0807293307086614
20
-2.3240073228346456
11
0.0801462204724409
21
-2.3239499212598425
0
LINE
8
BLACK
6
CONTINUOUS
10
0.0801462204724409
20
-2.3239499212598425
11
0.0660854724409449
21
-2.3239499212598425
0
LINE
8
BLACK
6
CONTINUOUS
10
0.0660854724409449
20
-2.3239499212598425
11
0.0649333464566929
21
-2.3240633858267716
0
LINE
8
BLACK
6
CONTINUOUS
10
0.1414303543307087
20
-2.3240073228346456
11
0.1412748818897638
21
-2.3239962992125984
0
LINE
8
BLACK
6
CONTINUOUS
10
0.1412748818897638
20
-2.3239962992125984
11
0.1410703543307087
21
-2.3240427952755907
0
LINE
8
BLACK
6
CONTINUOUS
10
0.1410703543307087
20
-2.3240427952755907
11
0.1408613779527559
21
-2.3240633858267716
0
LINE
8
BLACK
6
CONTINUOUS
10
0.1408613779527559
20
-2.3240633858267716
11
0.1407172047244094
21
-2.3241230708661416
0
LINE
8
BLACK
6
CONTINUOUS
10
0.1407172047244094
20
-2.3241230708661416
11
0.1401459842519685
21
-2.324252992125984
0
LINE
8
BLACK
6
CONTINUOUS
10
0.1401459842519685
20
-2.324252992125984
11
0.1317095669291339
21
-2.3270651574803147
0
LINE
8
BLACK
6
CONTINUOUS
10
0.1317095669291339
20
-2.3270651574803147
11
0.1306524409448819
21
-2.3275371259842519
0
LINE
8
BLACK
6
CONTINUOUS
10
0.1306524409448819
20
-2.3275371259842519
11
0.1304922047244094
21
-2.327676062992126
0
LINE
8
BLACK
6
CONTINUOUS
10
0.1304922047244094
20
-2.327676062992126
11
0.1302961023622047
21
-2.3277573228346458
0
LINE
8
BLACK
6
CONTINUOUS
10
0.1302961023622047
20
-2.3277573228346458
11
0.1294012204724409
21
-2.3284917716535434
0
LINE
8
BLACK
6
CONTINUOUS
10
0.1294012204724409
20
-2.3284917716535434
11
0.1237769291338583
21
-2.334116062992126
0
LINE
8
BLACK
6
CONTINUOUS
10
0.1237769291338583
20
-2.334116062992126
11
0.1234052755905512
21
-2.3345688582677164
0
LINE
8
BLACK
6
CONTINUOUS
10
0.1234052755905512
20
-2.3345688582677164
11
0.1232874409448819
21
-2.3346711023622047
0
LINE
8
BLACK
6
CONTINUOUS
10
0.1232874409448819
20
-2.3346711023622047
11
0.1231755905511811
21
-2.334848779527559
0
LINE
8
BLACK
6
CONTINUOUS
10
0.1231755905511811
20
-2.334848779527559
11
0.1230424803149606
21
-2.3350109842519684
0
LINE
8
BLACK
6
CONTINUOUS
10
0.1230424803149606
20
-2.3350109842519684
11
0.1229827952755905
21
-2.3351550393700786
0
LINE
8
BLACK
6
CONTINUOUS
10
0.1229827952755905
20
-2.3351550393700786
11
0.1226707086614173
21
-2.3356508661417323
0
LINE
8
BLACK
6
CONTINUOUS
10
0.1226707086614173
20
-2.3356508661417323
11
0.1198585433070866
21
-2.341275157480315
0
LINE
8
BLACK
6
CONTINUOUS
10
0.1198585433070866
20
-2.341275157480315
11
0.1198262598425197
21
-2.341359409448819
0
LINE
8
BLACK
6
CONTINUOUS
10
0.1198262598425197
20
-2.341359409448819
11
0.119800905511811
21
-2.3413937007874015
0
LINE
8
BLACK
6
CONTINUOUS
10
0.119800905511811
20
-2.3413937007874015
11
0.1196281889763779
21
-2.3418770472440946
0
LINE
8
BLACK
6
CONTINUOUS
10
0.1196281889763779
20
-2.3418770472440946
11
0.1194448031496063
21
-2.3423563779527559
0
LINE
8
BLACK
6
CONTINUOUS
10
0.1194448031496063
20
-2.3423563779527559
11
0.1194417716535433
21
-2.3423988976377954
0
LINE
8
BLACK
6
CONTINUOUS
10
0.1194417716535433
20
-2.3423988976377954
11
0.1194114173228346
21
-2.3424838976377953
0
LINE
8
BLACK
6
CONTINUOUS
10
0.1194114173228346
20
-2.3424838976377953
11
0.1165992913385827
21
-2.3537324803149606
0
LINE
8
BLACK
6
CONTINUOUS
10
0.1165992913385827
20
-2.3537324803149606
11
0.1165697637795276
21
-2.3539321259842518
0
LINE
8
BLACK
6
CONTINUOUS
10
0.1165697637795276
20
-2.3539321259842518
11
0.1165364173228346
21
-2.3540126377952757
0
LINE
8
BLACK
6
CONTINUOUS
10
0.1165364173228346
20
-2.3540126377952757
11
0.1164936614173228
21
-2.3544465748031493
0
LINE
8
BLACK
6
CONTINUOUS
10
0.1164936614173228
20
-2.3544465748031493
11
0.1164299212598425
21
-2.3548777165354329
0
LINE
8
BLACK
6
CONTINUOUS
10
0.1164299212598425
20
-2.3548777165354329
11
0.1164427165354331
21
-2.3549638188976378
0
LINE
8
BLACK
6
CONTINUOUS
10
0.1164427165354331
20
-2.3549638188976378
11
0.1164229527559055
21
-2.3551647637795274
0
LINE
8
BLACK
6
CONTINUOUS
10
0.1164229527559055
20
-2.3551647637795274
11
0.1164229527559055
21
-2.3636012204724408
0
LINE
8
BLACK
6
CONTINUOUS
10
0.1164229527559055
20
-2.3636012204724408
11
0.1164427165354331
21
-2.3638021259842521
0
LINE
8
BLACK
6
CONTINUOUS
10
0.1164427165354331
20
-2.3638021259842521
11
0.1164299212598425
21
-2.3638882677165354
0
LINE
8
BLACK
6
CONTINUOUS
10
0.1164299212598425
20
-2.3638882677165354
11
0.1164936614173228
21
-2.3643193700787402
0
LINE
8
BLACK
6
CONTINUOUS
10
0.1164936614173228
20
-2.3643193700787402
11
0.1165364173228346
21
-2.364753346456693
0
LINE
8
BLACK
6
CONTINUOUS
10
0.1165364173228346
20
-2.364753346456693
11
0.1165697637795276
21
-2.3648338188976377
0
LINE
8
BLACK
6
CONTINUOUS
10
0.1165697637795276
20
-2.3648338188976377
11
0.1165992913385827
21
-2.3650335039370076
0
LINE
8
BLACK
6
CONTINUOUS
10
0.1165992913385827
20
-2.3650335039370076
11
0.1194114173228346
21
-2.3762820866141734
0
LINE
8
BLACK
6
CONTINUOUS
10
0.1194114173228346
20
-2.3762820866141734
11
0.1194417716535433
21
-2.3763670472440945
0
LINE
8
BLACK
6
CONTINUOUS
10
0.1194417716535433
20
-2.3763670472440945
11
0.1194448031496063
21
-2.3764096062992124
0
LINE
8
BLACK
6
CONTINUOUS
10
0.1194448031496063
20
-2.3764096062992124
11
0.1196281889763779
21
-2.3768888976377953
0
LINE
8
BLACK
6
CONTINUOUS
10
0.1196281889763779
20
-2.3768888976377953
11
0.119800905511811
21
-2.3773722834645667
0
LINE
8
BLACK
6
CONTINUOUS
10
0.119800905511811
20
-2.3773722834645667
11
0.1198262598425197
21
-2.3774065354330709
0
LINE
8
BLACK
6
CONTINUOUS
10
0.1198262598425197
20
-2.3774065354330709
11
0.1198585433070866
21
-2.3774908267716537
0
LINE
8
BLACK
6
CONTINUOUS
10
0.1198585433070866
20
-2.3774908267716537
11
0.1226707086614173
21
-2.3831151181102364
0
LINE
8
BLACK
6
CONTINUOUS
10
0.1226707086614173
20
-2.3831151181102364
11
0.1229827952755905
21
-2.3836109055118109
0
LINE
8
BLACK
6
CONTINUOUS
10
0.1229827952755905
20
-2.3836109055118109
11
0.1230424803149606
21
-2.3837549999999998
0
LINE
8
BLACK
6
CONTINUOUS
10
0.1230424803149606
20
-2.3837549999999998
11
0.1231755905511811
21
-2.3839171653543305
0
LINE
8
BLACK
6
CONTINUOUS
10
0.1231755905511811
20
-2.3839171653543305
11
0.1232874409448819
21
-2.3840948818897636
0
LINE
8
BLACK
6
CONTINUOUS
10
0.1232874409448819
20
-2.3840948818897636
11
0.1234052755905512
21
-2.3841970866141731
0
LINE
8
BLACK
6
CONTINUOUS
10
0.1234052755905512
20
-2.3841970866141731
11
0.1237769291338583
21
-2.3846499212598427
0
LINE
8
BLACK
6
CONTINUOUS
10
0.1237769291338583
20
-2.3846499212598427
11
0.1294012204724409
21
-2.3902742519685041
0
LINE
8
BLACK
6
CONTINUOUS
10
0.1294012204724409
20
-2.3902742519685041
11
0.1302961023622047
21
-2.3910087007874017
0
LINE
8
BLACK
6
CONTINUOUS
10
0.1302961023622047
20
-2.3910087007874017
11
0.130492125984252
21
-2.3910898818897639
0
LINE
8
BLACK
6
CONTINUOUS
10
0.130492125984252
20
-2.3910898818897639
11
0.1306524409448819
21
-2.3912289370078739
0
LINE
8
BLACK
6
CONTINUOUS
10
0.1306524409448819
20
-2.3912289370078739
11
0.1317095669291339
21
-2.391700905511811
0
LINE
8
BLACK
6
CONTINUOUS
10
0.1317095669291339
20
-2.391700905511811
11
0.1401460236220472
21
-2.394513031496063
0
LINE
8
BLACK
6
CONTINUOUS
10
0.1401460236220472
20
-2.394513031496063
11
0.1407173622047244
21
-2.3946429133858267
0
LINE
8
BLACK
6
CONTINUOUS
10
0.1407173622047244
20
-2.3946429133858267
11
0.1408613779527559
21
-2.3947025984251966
0
LINE
8
BLACK
6
CONTINUOUS
10
0.1408613779527559
20
-2.3947025984251966
11
0.1410701181102362
21
-2.3947231496062993
0
LINE
8
BLACK
6
CONTINUOUS
10
0.1410701181102362
20
-2.3947231496062993
11
0.1412749212598425
21
-2.3947697244094486
0
LINE
8
BLACK
6
CONTINUOUS
10
0.1412749212598425
20
-2.3947697244094486
11
0.1414305905511811
21
-2.3947586220472439
0
LINE
8
BLACK
6
CONTINUOUS
10
0.1414305905511811
20
-2.3947586220472439
11
0.1420135039370079
21
-2.3948160629921258
0
LINE
8
BLACK
6
CONTINUOUS
10
0.1420135039370079
20
-2.3948160629921258
11
0.1476377952755905
21
-2.3948160629921258
0
LINE
8
BLACK
6
CONTINUOUS
10
0.1476377952755905
20
-2.3948160629921258
11
0.1482206692913386
21
-2.3947586220472439
0
LINE
8
BLACK
6
CONTINUOUS
10
0.1482206692913386
20
-2.3947586220472439
11
0.1483763779527559
21
-2.3947697244094486
0
LINE
8
BLACK
6
CONTINUOUS
10
0.1483763779527559
20
-2.3947697244094486
11
0.1485811417322835
21
-2.3947231496062993
0
LINE
8
BLACK
6
CONTINUOUS
10
0.1485811417322835
20
-2.3947231496062993
11
0.1487899212598425
21
-2.3947025984251966
0
LINE
8
BLACK
6
CONTINUOUS
10
0.1487899212598425
20
-2.3947025984251966
11
0.1489338976377953
21
-2.3946429133858267
0
LINE
8
BLACK
6
CONTINUOUS
10
0.1489338976377953
20
-2.3946429133858267
11
0.1495052755905512
21
-2.394513031496063
0
LINE
8
BLACK
6
CONTINUOUS
10
0.1495052755905512
20
-2.394513031496063
11
0.1579417322834646
21
-2.391700905511811
0
LINE
8
BLACK
6
CONTINUOUS
10
0.1579417322834646
20
-2.391700905511811
11
0.1589988582677165
21
-2.3912289370078739
0
LINE
8
BLACK
6
CONTINUOUS
10
0.1589988582677165
20
-2.3912289370078739
11
0.1591592125984252
21
-2.3910898031496064
0
LINE
8
BLACK
6
CONTINUOUS
10
0.1591592125984252
20
-2.3910898031496064
11
0.1593551968503937
21
-2.3910086614173229
0
LINE
8
BLACK
6
CONTINUOUS
10
0.1593551968503937
20
-2.3910086614173229
11
0.1602501181102362
21
-2.3902742125984253
0
LINE
8
BLACK
6
CONTINUOUS
10
0.1602501181102362
20
-2.3902742125984253
11
0.1630622440944882
21
-2.3874620472440946
0
LINE
8
BLACK
6
CONTINUOUS
10
0.1630622440944882
20
-2.3874620472440946
11
0.1637966535433071
21
-2.3865671653543306
0
LINE
8
BLACK
6
CONTINUOUS
10
0.1637966535433071
20
-2.3865671653543306
11
0.1646784251968504
21
-2.3844383070866142
0
LINE
8
BLACK
6
CONTINUOUS
10
0.1646784251968504
20
-2.3844383070866142
11
0.1646783858267717
21
-2.3821341338582678
0
LINE
8
BLACK
6
CONTINUOUS
10
0.1646783858267717
20
-2.3821341338582678
11
0.1637966141732284
21
-2.3800053149606297
0
LINE
8
BLACK
6
CONTINUOUS
10
0.1637966141732284
20
-2.3800053149606297
11
0.1621672440944882
21
-2.3783759842519685
0
LINE
8
BLACK
6
CONTINUOUS
10
0.1621672440944882
20
-2.3783759842519685
11
0.1600384251968504
21
-2.3774942125984251
0
LINE
8
BLACK
6
CONTINUOUS
10
0.1600384251968504
20
-2.3774942125984251
11
0.1577342519685039
21
-2.3774942519685038
0
LINE
8
BLACK
6
CONTINUOUS
10
0.1577342519685039
20
-2.3774942519685038
11
0.1556054330708661
21
-2.3783760236220473
0
LINE
8
BLACK
6
CONTINUOUS
10
0.1556054330708661
20
-2.3783760236220473
11
0.1547105118110236
21
-2.3791104724409449
0
LINE
8
BLACK
6
CONTINUOUS
10
0.1547105118110236
20
-2.3791104724409449
11
0.1528842125984252
21
-2.3809367716535434
0
LINE
8
BLACK
6
CONTINUOUS
10
0.1528842125984252
20
-2.3809367716535434
11
0.1466794094488189
21
-2.3830050393700786
0
LINE
8
BLACK
6
CONTINUOUS
10
0.1466794094488189
20
-2.3830050393700786
11
0.1429718897637795
21
-2.3830050393700786
0
LINE
8
BLACK
6
CONTINUOUS
10
0.1429718897637795
20
-2.3830050393700786
11
0.1367670472440945
21
-2.3809367716535434
0
LINE
8
BLACK
6
CONTINUOUS
10
0.1367670472440945
20
-2.3809367716535434
11
0.132806220472441
21
-2.3769759055118111
0
LINE
8
BLACK
6
CONTINUOUS
10
0.132806220472441
20
-2.3769759055118111
11
0.1307124803149606
21
-2.372788503937008
0
LINE
8
BLACK
6
CONTINUOUS
10
0.1307124803149606
20
-2.372788503937008
11
0.1282339763779528
21
-2.3628742913385827
0
LINE
8
BLACK
6
CONTINUOUS
10
0.1282339763779528
20
-2.3628742913385827
11
0.1282339763779528
21
-2.3558916535433072
0
LINE
8
BLACK
6
CONTINUOUS
10
0.1282339763779528
20
-2.3558916535433072
11
0.1307124803149606
21
-2.3459774409448819
0
LINE
8
BLACK
6
CONTINUOUS
10
0.1307124803149606
20
-2.3459774409448819
11
0.132806220472441
21
-2.3417900393700788
0
LINE
8
BLACK
6
CONTINUOUS
10
0.132806220472441
20
-2.3417900393700788
11
0.1367670866141732
21
-2.3378291732283465
0
LINE
8
BLACK
6
CONTINUOUS
10
0.1367670866141732
20
-2.3378291732283465
11
0.1429718897637795
21
-2.3357609448818897
0
LINE
8
BLACK
6
CONTINUOUS
10
0.1429718897637795
20
-2.3357609448818897
11
0.1466795275590551
21
-2.3357609448818897
0
LINE
8
BLACK
6
CONTINUOUS
10
0.1466795275590551
20
-2.3357609448818897
11
0.1528841732283465
21
-2.3378291732283465
0
LINE
8
BLACK
6
CONTINUOUS
10
0.1528841732283465
20
-2.3378291732283465
11
0.1547105511811024
21
-2.3396555511811021
0
LINE
8
BLACK
6
CONTINUOUS
10
0.1547105511811024
20
-2.3396555511811021
11
0.1556054330708661
21
-2.3403899999999997
0
LINE
8
BLACK
6
CONTINUOUS
10
0.1556054330708661
20
-2.3403899999999997
11
0.1577342913385827
21
-2.3412717322834644
0
LINE
8
BLACK
6
CONTINUOUS
10
0.1577342913385827
20
-2.3412717322834644
11
0.1600384645669291
21
-2.3412717322834644
0
LINE
8
BLACK
6
CONTINUOUS
10
0.1600384645669291
20
-2.3412717322834644
11
0.1621672834645669
21
-2.3403899999999997
0
LINE
8
BLACK
6
CONTINUOUS
10
0.1621672834645669
20
-2.3403899999999997
11
0.1637966535433071
21
-2.3387606299212598
0
LINE
8
BLACK
6
CONTINUOUS
10
0.1637966535433071
20
-2.3387606299212598
11
0.1646783858267717
21
-2.3366318110236222
0
LINE
8
BLACK
6
CONTINUOUS
10
0.1646783858267717
20
-2.3366318110236222
11
0.1646783858267717
21
-2.3343276377952757
0
LINE
8
BLACK
6
CONTINUOUS
10
0.1646783858267717
20
-2.3343276377952757
11
0.1637966535433071
21
-2.3321987795275589
0
LINE
8
BLACK
6
CONTINUOUS
10
0.1637966535433071
20
-2.3321987795275589
11
0.1630622047244094
21
-2.3313038976377953
0
LINE
8
BLACK
6
CONTINUOUS
10
0.1630622047244094
20
-2.3313038976377953
11
0.1602500787401575
21
-2.3284917716535434
0
LINE
8
BLACK
6
CONTINUOUS
10
0.1602500787401575
20
-2.3284917716535434
11
0.159355157480315
21
-2.3277573228346458
0
LINE
8
BLACK
6
CONTINUOUS
10
0.159355157480315
20
-2.3277573228346458
11
0.159159094488189
21
-2.3276761023622048
0
LINE
8
BLACK
6
CONTINUOUS
10
0.159159094488189
20
-2.3276761023622048
11
0.1589988582677165
21
-2.3275371259842519
0
LINE
8
BLACK
6
CONTINUOUS
10
0.1589988582677165
20
-2.3275371259842519
11
0.1579417322834646
21
-2.327065118110236
0
LINE
8
BLACK
6
CONTINUOUS
10
0.1579417322834646
20
-2.327065118110236
11
0.1495052755905512
21
-2.324252992125984
0
LINE
8
BLACK
6
CONTINUOUS
10
0.1495052755905512
20
-2.324252992125984
11
0.148934094488189
21
-2.3241231102362203
0
LINE
8
BLACK
6
CONTINUOUS
10
0.148934094488189
20
-2.3241231102362203
11
0.1487899212598425
21
-2.3240633858267716
0
LINE
8
BLACK
6
CONTINUOUS
10
0.1487899212598425
20
-2.3240633858267716
11
0.148580905511811
21
-2.3240427952755907
0
LINE
8
BLACK
6
CONTINUOUS
10
0.148580905511811
20
-2.3240427952755907
11
0.1483764173228346
21
-2.3239962992125984
0
LINE
8
BLACK
6
CONTINUOUS
10
0.1483764173228346
20
-2.3239962992125984
11
0.148220905511811
21
-2.3240073228346456
0
LINE
8
BLACK
6
CONTINUOUS
10
0.148220905511811
20
-2.3240073228346456
11
0.1476377952755905
21
-2.3239499212598425
0
LINE
8
BLACK
6
CONTINUOUS
10
0.1476377952755905
20
-2.3239499212598425
11
0.1420135039370079
21
-2.3239499212598425
0
LINE
8
BLACK
6
CONTINUOUS
10
0.1420135039370079
20
-2.3239499212598425
11
0.1414303543307087
21
-2.3240073228346456
0
LINE
8
BLACK
6
CONTINUOUS
10
0.1942922047244094
20
-2.3240633858267716
11
0.1940961023622047
21
-2.3241446062992126
0
LINE
8
BLACK
6
CONTINUOUS
10
0.1940961023622047
20
-2.3241446062992126
11
0.1938845275590551
21
-2.3241596456692912
0
LINE
8
BLACK
6
CONTINUOUS
10
0.1938845275590551
20
-2.3241596456692912
11
0.1928032677165354
21
-2.3245733858267714
0
LINE
8
BLACK
6
CONTINUOUS
10
0.1928032677165354
20
-2.3245733858267714
11
0.1871790157480315
21
-2.3273855511811021
0
LINE
8
BLACK
6
CONTINUOUS
10
0.1871790157480315
20
-2.3273855511811021
11
0.186683188976378
21
-2.3276976377952754
0
LINE
8
BLACK
6
CONTINUOUS
10
0.186683188976378
20
-2.3276976377952754
11
0.1865391338582677
21
-2.3277573228346458
0
LINE
8
BLACK
6
CONTINUOUS
10
0.1865391338582677
20
-2.3277573228346458
11
0.1863768897637795
21
-2.3278904330708663
0
LINE
8
BLACK
6
CONTINUOUS
10
0.1863768897637795
20
-2.3278904330708663
11
0.1861992519685039
21
-2.3280022834645671
0
LINE
8
BLACK
6
CONTINUOUS
10
0.1861992519685039
20
-2.3280022834645671
11
0.1860970078740158
21
-2.328120118110236
0
LINE
8
BLACK
6
CONTINUOUS
10
0.1860970078740158
20
-2.328120118110236
11
0.1856442519685039
21
-2.3284917322834646
0
LINE
8
BLACK
6
CONTINUOUS
10
0.1856442519685039
20
-2.3284917322834646
11
0.1828320866141732
21
-2.3313038582677166
0
LINE
8
BLACK
6
CONTINUOUS
10
0.1828320866141732
20
-2.3313038582677166
11
0.1824604330708661
21
-2.3317566929133857
0
LINE
8
BLACK
6
CONTINUOUS
10
0.1824604330708661
20
-2.3317566929133857
11
0.1823425590551181
21
-2.3318589370078739
0
LINE
8
BLACK
6
CONTINUOUS
10
0.1823425590551181
20
-2.3318589370078739
11
0.1822306692913386
21
-2.332036653543307
0
LINE
8
BLACK
6
CONTINUOUS
10
0.1822306692913386
20
-2.332036653543307
11
0.1820976377952756
21
-2.3321987795275589
0
LINE
8
BLACK
6
CONTINUOUS
10
0.1820976377952756
20
-2.3321987795275589
11
0.1820379527559055
21
-2.3323427952755904
0
LINE
8
BLACK
6
CONTINUOUS
10
0.1820379527559055
20
-2.3323427952755904
11
0.1817258267716535
21
-2.3328387007874016
0
LINE
8
BLACK
6
CONTINUOUS
10
0.1817258267716535
20
-2.3328387007874016
11
0.1789136614173228
21
-2.3384629921259843
0
LINE
8
BLACK
6
CONTINUOUS
10
0.1789136614173228
20
-2.3384629921259843
11
0.1788813779527559
21
-2.3385472440944883
0
LINE
8
BLACK
6
CONTINUOUS
10
0.1788813779527559
20
-2.3385472440944883
11
0.1788560236220472
21
-2.3385815354330708
0
LINE
8
BLACK
6
CONTINUOUS
10
0.1788560236220472
20
-2.3385815354330708
11
0.1786833070866142
21
-2.3390648818897639
0
LINE
8
BLACK
6
CONTINUOUS
10
0.1786833070866142
20
-2.3390648818897639
11
0.1784999212598425
21
-2.3395442125984252
0
LINE
8
BLACK
6
CONTINUOUS
10
0.1784999212598425
20
-2.3395442125984252
11
0.1784968897637795
21
-2.3395867322834647
0
LINE
8
BLACK
6
CONTINUOUS
10
0.1784968897637795
20
-2.3395867322834647
11
0.1784665354330709
21
-2.3396717322834646
0
LINE
8
BLACK
6
CONTINUOUS
10
0.1784665354330709
20
-2.3396717322834646
11
0.1756544094488189
21
-2.3509203543307087
0
LINE
8
BLACK
6
CONTINUOUS
10
0.1756544094488189
20
-2.3509203543307087
11
0.1756248818897638
21
-2.3511199999999999
0
LINE
8
BLACK
6
CONTINUOUS
10
0.1756248818897638
20
-2.3511199999999999
11
0.1755915354330708
21
-2.3512005118110237
0
LINE
8
BLACK
6
CONTINUOUS
10
0.1755915354330708
20
-2.3512005118110237
11
0.175548779527559
21
-2.3516344488188974
0
LINE
8
BLACK
6
CONTINUOUS
10
0.175548779527559
20
-2.3516344488188974
11
0.1754850393700787
21
-2.3520655905511809
0
LINE
8
BLACK
6
CONTINUOUS
10
0.1754850393700787
20
-2.3520655905511809
11
0.1754978346456693
21
-2.3521516929133859
0
LINE
8
BLACK
6
CONTINUOUS
10
0.1754978346456693
20
-2.3521516929133859
11
0.1754780708661417
21
-2.3523526377952755
0
LINE
8
BLACK
6
CONTINUOUS
10
0.1754780708661417
20
-2.3523526377952755
11
0.1754780708661417
21
-2.3664133858267715
0
LINE
8
BLACK
6
CONTINUOUS
10
0.1754780708661417
20
-2.3664133858267715
11
0.1754978346456693
21
-2.3666142913385828
0
LINE
8
BLACK
6
CONTINUOUS
10
0.1754978346456693
20
-2.3666142913385828
11
0.1754850393700787
21
-2.3667004330708661
0
LINE
8
BLACK
6
CONTINUOUS
10
0.1754850393700787
20
-2.3667004330708661
11
0.175548779527559
21
-2.3671315354330709
0
LINE
8
BLACK
6
CONTINUOUS
10
0.175548779527559
20
-2.3671315354330709
11
0.1755915354330708
21
-2.3675655118110237
0
LINE
8
BLACK
6
CONTINUOUS
10
0.1755915354330708
20
-2.3675655118110237
11
0.1756248818897638
21
-2.3676459842519684
0
LINE
8
BLACK
6
CONTINUOUS
10
0.1756248818897638
20
-2.3676459842519684
11
0.1756544094488189
21
-2.3678456692913383
0
LINE
8
BLACK
6
CONTINUOUS
10
0.1756544094488189
20
-2.3678456692913383
11
0.1784665354330709
21
-2.3790942519685041
0
LINE
8
BLACK
6
CONTINUOUS
10
0.1784665354330709
20
-2.3790942519685041
11
0.1784968897637795
21
-2.3791792125984252
0
LINE
8
BLACK
6
CONTINUOUS
10
0.1784968897637795
20
-2.3791792125984252
11
0.1784999212598425
21
-2.3792217716535431
0
LINE
8
BLACK
6
CONTINUOUS
10
0.1784999212598425
20
-2.3792217716535431
11
0.1786833070866142
21
-2.379701062992126
0
LINE
8
BLACK
6
CONTINUOUS
10
0.1786833070866142
20
-2.379701062992126
11
0.1788560236220472
21
-2.3801844488188975
0
LINE
8
BLACK
6
CONTINUOUS
10
0.1788560236220472
20
-2.3801844488188975
11
0.1788813779527559
21
-2.3802187007874016
0
LINE
8
BLACK
6
CONTINUOUS
10
0.1788813779527559
20
-2.3802187007874016
11
0.1789136614173228
21
-2.3803029921259844
0
LINE
8
BLACK
6
CONTINUOUS
10
0.1789136614173228
20
-2.3803029921259844
11
0.1817258267716535
21
-2.3859272834645671
0
LINE
8
BLACK
6
CONTINUOUS
10
0.1817258267716535
20
-2.3859272834645671
11
0.1820379133858268
21
-2.3864230708661416
0
LINE
8
BLACK
6
CONTINUOUS
10
0.1820379133858268
20
-2.3864230708661416
11
0.1820975984251968
21
-2.3865671653543306
0
LINE
8
BLACK
6
CONTINUOUS
10
0.1820975984251968
20
-2.3865671653543306
11
0.1822307086614173
21
-2.3867293307086612
0
LINE
8
BLACK
6
CONTINUOUS
10
0.1822307086614173
20
-2.3867293307086612
11
0.1823425590551181
21
-2.3869070472440943
0
LINE
8
BLACK
6
CONTINUOUS
10
0.1823425590551181
20
-2.3869070472440943
11
0.1824603937007874
21
-2.3870092519685038
0
LINE
8
BLACK
6
CONTINUOUS
10
0.1824603937007874
20
-2.3870092519685038
11
0.1828320472440945
21
-2.3874620866141734
0
LINE
8
BLACK
6
CONTINUOUS
10
0.1828320472440945
20
-2.3874620866141734
11
0.1856442125984252
21
-2.3902742519685041
0
LINE
8
BLACK
6
CONTINUOUS
10
0.1856442125984252
20
-2.3902742519685041
11
0.186097125984252
21
-2.3906459448818898
0
LINE
8
BLACK
6
CONTINUOUS
10
0.186097125984252
20
-2.3906459448818898
11
0.1861992913385827
21
-2.3907637401574804
0
LINE
8
BLACK
6
CONTINUOUS
10
0.1861992913385827
20
-2.3907637401574804
11
0.1863768110236221
21
-2.3908754724409449
0
LINE
8
BLACK
6
CONTINUOUS
10
0.1863768110236221
20
-2.3908754724409449
11
0.1865391338582677
21
-2.3910087007874017
0
LINE
8
BLACK
6
CONTINUOUS
10
0.1865391338582677
20
-2.3910087007874017
11
0.1866832677165354
21
-2.3910683858267716
0
LINE
8
BLACK
6
CONTINUOUS
10
0.1866832677165354
20
-2.3910683858267716
11
0.1871790157480315
21
-2.3913804724409449
0
LINE
8
BLACK
6
CONTINUOUS
10
0.1871790157480315
20
-2.3913804724409449
11
0.1928033464566929
21
-2.3941925984251968
0
LINE
8
BLACK
6
CONTINUOUS
10
0.1928033464566929
20
-2.3941925984251968
11
0.1938845669291339
21
-2.3946063779527558
0
LINE
8
BLACK
6
CONTINUOUS
10
0.1938845669291339
20
-2.3946063779527558
11
0.1940961811023622
21
-2.3946213779527556
0
LINE
8
BLACK
6
CONTINUOUS
10
0.1940961811023622
20
-2.3946213779527556
11
0.1942922047244094
21
-2.3947025984251966
0
LINE
8
BLACK
6
CONTINUOUS
10
0.1942922047244094
20
-2.3947025984251966
11
0.1954443307086614
21
-2.3948160629921258
0
LINE
8
BLACK
6
CONTINUOUS
10
0.1954443307086614
20
-2.3948160629921258
11
0.2010686220472441
21
-2.3948160629921258
0
LINE
8
BLACK
6
CONTINUOUS
10
0.2010686220472441
20
-2.3948160629921258
11
0.2022207480314961
21
-2.3947025984251966
0
LINE
8
BLACK
6
CONTINUOUS
10
0.2022207480314961
20
-2.3947025984251966
11
0.2024167322834646
21
-2.3946213779527556
0
LINE
8
BLACK
6
CONTINUOUS
10
0.2024167322834646
20
-2.3946213779527556
11
0.2026283858267716
21
-2.3946063779527558
0
LINE
8
BLACK
6
CONTINUOUS
10
0.2026283858267716
20
-2.3946063779527558
11
0.2037096456692913
21
-2.3941925984251968
0
LINE
8
BLACK
6
CONTINUOUS
10
0.2037096456692913
20
-2.3941925984251968
11
0.209333937007874
21
-2.3913804724409449
0
LINE
8
BLACK
6
CONTINUOUS
10
0.209333937007874
20
-2.3913804724409449
11
0.2098297244094488
21
-2.3910683464566929
0
LINE
8
BLACK
6
CONTINUOUS
10
0.2098297244094488
20
-2.3910683464566929
11
0.2099738188976378
21
-2.3910087007874017
0
LINE
8
BLACK
6
CONTINUOUS
10
0.2099738188976378
20
-2.3910087007874017
11
0.2101359842519685
21
-2.3908755511811024
0
LINE
8
BLACK
6
CONTINUOUS
10
0.2101359842519685
20
-2.3908755511811024
11
0.2103137007874016
21
-2.3907637401574804
0
LINE
8
BLACK
6
CONTINUOUS
10
0.2103137007874016
20
-2.3907637401574804
11
0.210415905511811
21
-2.3906458661417322
0
LINE
8
BLACK
6
CONTINUOUS
10
0.210415905511811
20
-2.3906458661417322
11
0.2108687401574803
21
-2.3902742519685041
0
LINE
8
BLACK
6
CONTINUOUS
10
0.2108687401574803
20
-2.3902742519685041
11
0.213680905511811
21
-2.3874620866141734
0
LINE
8
BLACK
6
CONTINUOUS
10
0.213680905511811
20
-2.3874620866141734
11
0.2140525984251968
21
-2.3870091338582675
0
LINE
8
BLACK
6
CONTINUOUS
10
0.2140525984251968
20
-2.3870091338582675
11
0.2141703937007874
21
-2.3869070078740156
0
LINE
8
BLACK
6
CONTINUOUS
10
0.2141703937007874
20
-2.3869070078740156
11
0.214282125984252
21
-2.3867294488188975
0
LINE
8
BLACK
6
CONTINUOUS
10
0.214282125984252
20
-2.3867294488188975
11
0.2144153543307087
21
-2.3865671653543306
0
LINE
8
BLACK
6
CONTINUOUS
10
0.2144153543307087
20
-2.3865671653543306
11
0.2144750393700787
21
-2.3864229921259841
0
LINE
8
BLACK
6
CONTINUOUS
10
0.2144750393700787
20
-2.3864229921259841
11
0.214787125984252
21
-2.3859272834645671
0
LINE
8
BLACK
6
CONTINUOUS
10
0.214787125984252
20
-2.3859272834645671
11
0.2175992519685039
21
-2.3803029527559056
0
LINE
8
BLACK
6
CONTINUOUS
10
0.2175992519685039
20
-2.3803029527559056
11
0.2176314173228346
21
-2.3802188188976379
0
LINE
8
BLACK
6
CONTINUOUS
10
0.2176314173228346
20
-2.3802188188976379
11
0.2176568897637795
21
-2.3801844881889762
0
LINE
8
BLACK
6
CONTINUOUS
10
0.2176568897637795
20
-2.3801844881889762
11
0.2178296850393701
21
-2.379700748031496
0
LINE
8
BLACK
6
CONTINUOUS
10
0.2178296850393701
20
-2.379700748031496
11
0.218013031496063
21
-2.3792217322834643
0
LINE
8
BLACK
6
CONTINUOUS
10
0.218013031496063
20
-2.3792217322834643
11
0.2180160236220473
21
-2.3791791338582677
0
LINE
8
BLACK
6
CONTINUOUS
10
0.2180160236220473
20
-2.3791791338582677
11
0.2180463779527559
21
-2.3790942913385824
0
LINE
8
BLACK
6
CONTINUOUS
10
0.2180463779527559
20
-2.3790942913385824
11
0.2208585433070866
21
-2.3678457086614171
0
LINE
8
BLACK
6
CONTINUOUS
10
0.2208585433070866
20
-2.3678457086614171
11
0.2208880708661417
21
-2.3676459842519684
0
LINE
8
BLACK
6
CONTINUOUS
10
0.2208880708661417
20
-2.3676459842519684
11
0.2209214173228346
21
-2.3675655118110237
0
LINE
8
BLACK
6
CONTINUOUS
10
0.2209214173228346
20
-2.3675655118110237
11
0.2209641338582677
21
-2.3671316535433071
0
LINE
8
BLACK
6
CONTINUOUS
10
0.2209641338582677
20
-2.3671316535433071
11
0.2210279133858268
21
-2.3667004724409448
0
LINE
8
BLACK
6
CONTINUOUS
10
0.2210279133858268
20
-2.3667004724409448
11
0.2210150787401575
21
-2.3666142913385828
0
LINE
8
BLACK
6
CONTINUOUS
10
0.2210150787401575
20
-2.3666142913385828
11
0.2210348818897638
21
-2.3664133858267715
0
LINE
8
BLACK
6
CONTINUOUS
10
0.2210348818897638
20
-2.3664133858267715
11
0.2210348818897638
21
-2.3523526377952755
0
LINE
8
BLACK
6
CONTINUOUS
10
0.2210348818897638
20
-2.3523526377952755
11
0.2210150787401575
21
-2.3521516929133859
0
LINE
8
BLACK
6
CONTINUOUS
10
0.2210150787401575
20
-2.3521516929133859
11
0.2210279133858268
21
-2.3520655511811022
0
LINE
8
BLACK
6
CONTINUOUS
10
0.2210279133858268
20
-2.3520655511811022
11
0.2209641338582677
21
-2.3516343307086616
0
LINE
8
BLACK
6
CONTINUOUS
10
0.2209641338582677
20
-2.3516343307086616
11
0.2209214173228346
21
-2.3512005118110237
0
LINE
8
BLACK
6
CONTINUOUS
10
0.2209214173228346
20
-2.3512005118110237
11
0.2208880708661417
21
-2.3511199999999999
0
LINE
8
BLACK
6
CONTINUOUS
10
0.2208880708661417
20
-2.3511199999999999
11
0.2208585433070866
21
-2.3509203149606299
0
LINE
8
BLACK
6
CONTINUOUS
10
0.2208585433070866
20
-2.3509203149606299
11
0.2180463779527559
21
-2.3396717322834646
0
LINE
8
BLACK
6
CONTINUOUS
10
0.2180463779527559
20
-2.3396717322834646
11
0.2180160236220473
21
-2.3395868503937005
0
LINE
8
BLACK
6
CONTINUOUS
10
0.2180160236220473
20
-2.3395868503937005
11
0.218013031496063
21
-2.3395442519685039
0
LINE
8
BLACK
6
CONTINUOUS
10
0.218013031496063
20
-2.3395442519685039
11
0.2178295669291339
21
-2.3390649212598427
0
LINE
8
BLACK
6
CONTINUOUS
10
0.2178295669291339
20
-2.3390649212598427
11
0.2176568897637795
21
-2.338581496062992
0
LINE
8
BLACK
6
CONTINUOUS
10
0.2176568897637795
20
-2.338581496062992
11
0.2176314173228346
21
-2.3385471259842521
0
LINE
8
BLACK
6
CONTINUOUS
10
0.2176314173228346
20
-2.3385471259842521
11
0.2175992519685039
21
-2.338463031496063
0
LINE
8
BLACK
6
CONTINUOUS
10
0.2175992519685039
20
-2.338463031496063
11
0.214787125984252
21
-2.3328387007874016
0
LINE
8
BLACK
6
CONTINUOUS
10
0.214787125984252
20
-2.3328387007874016
11
0.2144749606299212
21
-2.3323428346456692
0
LINE
8
BLACK
6
CONTINUOUS
10
0.2144749606299212
20
-2.3323428346456692
11
0.2144153149606299
21
-2.3321987795275589
0
LINE
8
BLACK
6
CONTINUOUS
10
0.2144153149606299
20
-2.3321987795275589
11
0.2142821653543307
21
-2.3320365354330708
0
LINE
8
BLACK
6
CONTINUOUS
10
0.2142821653543307
20
-2.3320365354330708
11
0.2141703937007874
21
-2.3318589763779527
0
LINE
8
BLACK
6
CONTINUOUS
10
0.2141703937007874
20
-2.3318589763779527
11
0.2140525984251968
21
-2.331756811023622
0
LINE
8
BLACK
6
CONTINUOUS
10
0.2140525984251968
20
-2.331756811023622
11
0.2136808661417323
21
-2.3313038582677166
0
LINE
8
BLACK
6
CONTINUOUS
10
0.2136808661417323
20
-2.3313038582677166
11
0.2108687007874016
21
-2.3284917322834646
0
LINE
8
BLACK
6
CONTINUOUS
10
0.2108687007874016
20
-2.3284917322834646
11
0.2104159448818897
21
-2.3281201574803148
0
LINE
8
BLACK
6
CONTINUOUS
10
0.2104159448818897
20
-2.3281201574803148
11
0.2103137007874016
21
-2.3280022834645671
0
LINE
8
BLACK
6
CONTINUOUS
10
0.2103137007874016
20
-2.3280022834645671
11
0.2101358661417323
21
-2.3278903543307088
0
LINE
8
BLACK
6
CONTINUOUS
10
0.2101358661417323
20
-2.3278903543307088
11
0.2099737795275591
21
-2.3277573228346458
0
LINE
8
BLACK
6
CONTINUOUS
10
0.2099737795275591
20
-2.3277573228346458
11
0.2098298031496063
21
-2.3276976771653541
0
LINE
8
BLACK
6
CONTINUOUS
10
0.2098298031496063
20
-2.3276976771653541
11
0.209333937007874
21
-2.3273855511811021
0
LINE
8
BLACK
6
CONTINUOUS
10
0.209333937007874
20
-2.3273855511811021
11
0.2037096456692913
21
-2.3245733858267714
0
LINE
8
BLACK
6
CONTINUOUS
10
0.2037096456692913
20
-2.3245733858267714
11
0.2026284251968504
21
-2.3241596456692912
0
LINE
8
BLACK
6
CONTINUOUS
10
0.2026284251968504
20
-2.3241596456692912
11
0.2024168110236221
21
-2.3241446062992126
0
LINE
8
BLACK
6
CONTINUOUS
10
0.2024168110236221
20
-2.3241446062992126
11
0.2022207480314961
21
-2.3240633858267716
0
LINE
8
BLACK
6
CONTINUOUS
10
0.2022207480314961
20
-2.3240633858267716
11
0.2010686220472441
21
-2.3239499212598425
0
LINE
8
BLACK
6
CONTINUOUS
10
0.2010686220472441
20
-2.3239499212598425
11
0.1954443307086614
21
-2.3239499212598425
0
LINE
8
BLACK
6
CONTINUOUS
10
0.1954443307086614
20
-2.3239499212598425
11
0.1942922047244094
21
-2.3240633858267716
0
LINE
8
BLACK
6
CONTINUOUS
10
0.253925905511811
20
-2.3240633858267716
11
0.2533472834645669
21
-2.3240633858267716
0
LINE
8
BLACK
6
CONTINUOUS
10
0.2533472834645669
20
-2.3240633858267716
11
0.2528070472440945
21
-2.3242871259842519
0
LINE
8
BLACK
6
CONTINUOUS
10
0.2528070472440945
20
-2.3242871259842519
11
0.252233779527559
21
-2.324401811023622
0
LINE
8
BLACK
6
CONTINUOUS
10
0.252233779527559
20
-2.324401811023622
11
0.2517529527559055
21
-2.324723779527559
0
LINE
8
BLACK
6
CONTINUOUS
10
0.2517529527559055
20
-2.324723779527559
11
0.2512184645669291
21
-2.3249451968503938
0
LINE
8
BLACK
6
CONTINUOUS
10
0.2512184645669291
20
-2.3249451968503938
11
0.2508051181102362
21
-2.3253585039370077
0
LINE
8
BLACK
6
CONTINUOUS
10
0.2508051181102362
20
-2.3253585039370077
11
0.2503192125984252
21
-2.3256839370078741
0
LINE
8
BLACK
6
CONTINUOUS
10
0.2503192125984252
20
-2.3256839370078741
11
0.2495935433070866
21
-2.3265700787401573
0
LINE
8
BLACK
6
CONTINUOUS
10
0.2495935433070866
20
-2.3265700787401573
11
0.2495891732283465
21
-2.3265744881889763
0
LINE
8
BLACK
6
CONTINUOUS
10
0.2495891732283465
20
-2.3265744881889763
11
0.2495883464566929
21
-2.3265764566929135
0
LINE
8
BLACK
6
CONTINUOUS
10
0.2495883464566929
20
-2.3265764566929135
11
0.2495857480314961
21
-2.3265796456692911
0
LINE
8
BLACK
6
CONTINUOUS
10
0.2495857480314961
20
-2.3265796456692911
11
0.2442857480314961
21
-2.3345295669291337
0
LINE
8
BLACK
6
CONTINUOUS
10
0.2442857480314961
20
-2.3345295669291337
11
0.2397526377952756
21
-2.3390626771653542
0
LINE
8
BLACK
6
CONTINUOUS
10
0.2397526377952756
20
-2.3390626771653542
11
0.2349855118110236
21
-2.3414462992125982
0
LINE
8
BLACK
6
CONTINUOUS
10
0.2349855118110236
20
-2.3414462992125982
11
0.2340057480314961
21
-2.3420630314960631
0
LINE
8
BLACK
6
CONTINUOUS
10
0.2340057480314961
20
-2.3420630314960631
11
0.2324960236220472
21
-2.3438037795275588
0
LINE
8
BLACK
6
CONTINUOUS
10
0.2324960236220472
20
-2.3438037795275588
11
0.2317674015748031
21
-2.3459897244094488
0
LINE
8
BLACK
6
CONTINUOUS
10
0.2317674015748031
20
-2.3459897244094488
11
0.231930748031496
21
-2.3482881496062991
0
LINE
8
BLACK
6
CONTINUOUS
10
0.231930748031496
20
-2.3482881496062991
11
0.2329612204724409
21
-2.3503491338582676
0
LINE
8
BLACK
6
CONTINUOUS
10
0.2329612204724409
20
-2.3503491338582676
11
0.234701968503937
21
-2.3518588582677165
0
LINE
8
BLACK
6
CONTINUOUS
10
0.234701968503937
20
-2.3518588582677165
11
0.2368879133858268
21
-2.3525874803149605
0
LINE
8
BLACK
6
CONTINUOUS
10
0.2368879133858268
20
-2.3525874803149605
11
0.2391863385826772
21
-2.3524241338582677
0
LINE
8
BLACK
6
CONTINUOUS
10
0.2391863385826772
20
-2.3524241338582677
11
0.2402675590551181
21
-2.3520103937007875
0
LINE
8
BLACK
6
CONTINUOUS
10
0.2402675590551181
20
-2.3520103937007875
11
0.2458918503937008
21
-2.3491982283464568
0
LINE
8
BLACK
6
CONTINUOUS
10
0.2458918503937008
20
-2.3491982283464568
11
0.2463876377952756
21
-2.3488861023622047
0
LINE
8
BLACK
6
CONTINUOUS
10
0.2463876377952756
20
-2.3488861023622047
11
0.2465317322834646
21
-2.3488264566929131
0
LINE
8
BLACK
6
CONTINUOUS
10
0.2465317322834646
20
-2.3488264566929131
11
0.2466938976377953
21
-2.3486933070866143
0
LINE
8
BLACK
6
CONTINUOUS
10
0.2466938976377953
20
-2.3486933070866143
11
0.2468716141732283
21
-2.3485814960629923
0
LINE
8
BLACK
6
CONTINUOUS
10
0.2468716141732283
20
-2.3485814960629923
11
0.2469738188976378
21
-2.3484636220472441
0
LINE
8
BLACK
6
CONTINUOUS
10
0.2469738188976378
20
-2.3484636220472441
11
0.2474266535433071
21
-2.3480920078740155
0
LINE
8
BLACK
6
CONTINUOUS
10
0.2474266535433071
20
-2.3480920078740155
11
0.2485938976377953
21
-2.3469247637795276
0
LINE
8
BLACK
6
CONTINUOUS
10
0.2485938976377953
20
-2.3469247637795276
11
0.2485938976377953
21
-2.3830050393700786
0
LINE
8
BLACK
6
CONTINUOUS
10
0.2485938976377953
20
-2.3830050393700786
11
0.2376265354330709
21
-2.3830050393700786
0
LINE
8
BLACK
6
CONTINUOUS
10
0.2376265354330709
20
-2.3830050393700786
11
0.2364744094488189
21
-2.3831185039370077
0
LINE
8
BLACK
6
CONTINUOUS
10
0.2364744094488189
20
-2.3831185039370077
11
0.2343455905511811
21
-2.3840003149606299
0
LINE
8
BLACK
6
CONTINUOUS
10
0.2343455905511811
20
-2.3840003149606299
11
0.2327162992125984
21
-2.3856296062992124
0
LINE
8
BLACK
6
CONTINUOUS
10
0.2327162992125984
20
-2.3856296062992124
11
0.2318344881889764
21
-2.3877584251968504
0
LINE
8
BLACK
6
CONTINUOUS
10
0.2318344881889764
20
-2.3877584251968504
11
0.2318344881889764
21
-2.3900626771653544
0
LINE
8
BLACK
6
CONTINUOUS
10
0.2318344881889764
20
-2.3900626771653544
11
0.2327162992125984
21
-2.392191496062992
0
LINE
8
BLACK
6
CONTINUOUS
10
0.2327162992125984
20
-2.392191496062992
11
0.2343455905511811
21
-2.3938207874015749
0
LINE
8
BLACK
6
CONTINUOUS
10
0.2343455905511811
20
-2.3938207874015749
11
0.2364744094488189
21
-2.3947025984251966
0
LINE
8
BLACK
6
CONTINUOUS
10
0.2364744094488189
20
-2.3947025984251966
11
0.2376265354330709
21
-2.3948160629921258
0
LINE
8
BLACK
6
CONTINUOUS
10
0.2376265354330709
20
-2.3948160629921258
11
0.2713723228346457
21
-2.3948160629921258
0
LINE
8
BLACK
6
CONTINUOUS
10
0.2713723228346457
20
-2.3948160629921258
11
0.2725244488188976
21
-2.3947025984251966
0
LINE
8
BLACK
6
CONTINUOUS
10
0.2725244488188976
20
-2.3947025984251966
11
0.2746532677165354
21
-2.3938207874015749
0
LINE
8
BLACK
6
CONTINUOUS
10
0.2746532677165354
20
-2.3938207874015749
11
0.2762825590551181
21
-2.392191496062992
0
LINE
8
BLACK
6
CONTINUOUS
10
0.2762825590551181
20
-2.392191496062992
11
0.2771643700787402
21
-2.3900626771653544
0
LINE
8
BLACK
6
CONTINUOUS
10
0.2771643700787402
20
-2.3900626771653544
11
0.2771643700787402
21
-2.3877584251968504
0
LINE
8
BLACK
6
CONTINUOUS
10
0.2771643700787402
20
-2.3877584251968504
11
0.2762825590551181
21
-2.3856296062992124
0
LINE
8
BLACK
6
CONTINUOUS
10
0.2762825590551181
20
-2.3856296062992124
11
0.2746532677165354
21
-2.3840003149606299
0
LINE
8
BLACK
6
CONTINUOUS
10
0.2746532677165354
20
-2.3840003149606299
11
0.2725244488188976
21
-2.3831185039370077
0
LINE
8
BLACK
6
CONTINUOUS
10
0.2725244488188976
20
-2.3831185039370077
11
0.2713723228346457
21
-2.3830050393700786
0
LINE
8
BLACK
6
CONTINUOUS
10
0.2713723228346457
20
-2.3830050393700786
11
0.2604049212598425
21
-2.3830050393700786
0
LINE
8
BLACK
6
CONTINUOUS
10
0.2604049212598425
20
-2.3830050393700786
11
0.2604049212598425
21
-2.3298554330708661
0
LINE
8
BLACK
6
CONTINUOUS
10
0.2604049212598425
20
-2.3298554330708661
11
0.2604044881889764
21
-2.3298512598425196
0
LINE
8
BLACK
6
CONTINUOUS
10
0.2604044881889764
20
-2.3298512598425196
11
0.2604049212598425
21
-2.3298492125984249
0
LINE
8
BLACK
6
CONTINUOUS
10
0.2604049212598425
20
-2.3298492125984249
11
0.2604037007874015
21
-2.3298431496062992
0
LINE
8
BLACK
6
CONTINUOUS
10
0.2604037007874015
20
-2.3298431496062992
11
0.2602914566929134
21
-2.3287033070866143
0
LINE
8
BLACK
6
CONTINUOUS
10
0.2602914566929134
20
-2.3287033070866143
11
0.2600676771653543
21
-2.3281631102362206
0
LINE
8
BLACK
6
CONTINUOUS
10
0.2600676771653543
20
-2.3281631102362206
11
0.259953031496063
21
-2.3275898031496061
0
LINE
8
BLACK
6
CONTINUOUS
10
0.259953031496063
20
-2.3275898031496061
11
0.2596310236220473
21
-2.3271089763779527
0
LINE
8
BLACK
6
CONTINUOUS
10
0.2596310236220473
20
-2.3271089763779527
11
0.2594096456692913
21
-2.3265744881889763
0
LINE
8
BLACK
6
CONTINUOUS
10
0.2594096456692913
20
-2.3265744881889763
11
0.2589962992125984
21
-2.3261611417322836
0
LINE
8
BLACK
6
CONTINUOUS
10
0.2589962992125984
20
-2.3261611417322836
11
0.258670905511811
21
-2.3256752362204725
0
LINE
8
BLACK
6
CONTINUOUS
10
0.258670905511811
20
-2.3256752362204725
11
0.2581893700787402
21
-2.325354212598425
0
LINE
8
BLACK
6
CONTINUOUS
10
0.2581893700787402
20
-2.325354212598425
11
0.2577803543307087
21
-2.3249451968503938
0
LINE
8
BLACK
6
CONTINUOUS
10
0.2577803543307087
20
-2.3249451968503938
11
0.2572402362204724
21
-2.3247214566929135
0
LINE
8
BLACK
6
CONTINUOUS
10
0.2572402362204724
20
-2.3247214566929135
11
0.2567536220472441
21
-2.3243970472440942
0
LINE
8
BLACK
6
CONTINUOUS
10
0.2567536220472441
20
-2.3243970472440942
11
0.2561859448818898
21
-2.3242847244094489
0
LINE
8
BLACK
6
CONTINUOUS
10
0.2561859448818898
20
-2.3242847244094489
11
0.2556515354330708
21
-2.3240633858267716
0
LINE
8
BLACK
6
CONTINUOUS
10
0.2556515354330708
20
-2.3240633858267716
11
0.2550668503937008
21
-2.3240633858267716
0
LINE
8
BLACK
6
CONTINUOUS
10
0.2550668503937008
20
-2.3240633858267716
11
0.2544932283464567
21
-2.3239499212598425
0
LINE
8
BLACK
6
CONTINUOUS
10
0.2544932283464567
20
-2.3239499212598425
11
0.253925905511811
21
-2.3240633858267716
0
LINE
8
BLACK
6
CONTINUOUS
10
0.0267152362204724
20
-2.3240487401574801
11
0.025976811023622
21
-2.3239962992125984
0
LINE
8
BLACK
6
CONTINUOUS
10
0.025976811023622
20
-2.3239962992125984
11
0.0255764960629921
21
-2.324129724409449
0
LINE
8
BLACK
6
CONTINUOUS
10
0.0255764960629921
20
-2.324129724409449
11
0.0251556299212598
21
-2.3241596456692912
0
LINE
8
BLACK
6
CONTINUOUS
10
0.0251556299212598
20
-2.3241596456692912
11
0.0244932677165354
21
-2.3244907874015746
0
LINE
8
BLACK
6
CONTINUOUS
10
0.0244932677165354
20
-2.3244907874015746
11
0.0237908267716535
21
-2.3247249606299212
0
LINE
8
BLACK
6
CONTINUOUS
10
0.0237908267716535
20
-2.3247249606299212
11
0.023472125984252
21
-2.3250013385826773
0
LINE
8
BLACK
6
CONTINUOUS
10
0.023472125984252
20
-2.3250013385826773
11
0.0230946850393701
21
-2.3251900787401576
0
LINE
8
BLACK
6
CONTINUOUS
10
0.0230946850393701
20
-2.3251900787401576
11
0.0226094094488189
21
-2.3257495669291339
0
LINE
8
BLACK
6
CONTINUOUS
10
0.0226094094488189
20
-2.3257495669291339
11
0.0220501181102362
21
-2.32623468503937
0
LINE
8
BLACK
6
CONTINUOUS
10
0.0220501181102362
20
-2.32623468503937
11
0.0218614173228346
21
-2.3266120078740156
0
LINE
8
BLACK
6
CONTINUOUS
10
0.0218614173228346
20
-2.3266120078740156
11
0.0215849606299213
21
-2.3269308267716533
0
LINE
8
BLACK
6
CONTINUOUS
10
0.0215849606299213
20
-2.3269308267716533
11
0.0211129921259843
21
-2.3279879527559055
0
LINE
8
BLACK
6
CONTINUOUS
10
0.0211129921259843
20
-2.3279879527559055
11
0.0014279527559055
21
-2.3870430708661416
0
LINE
8
BLACK
6
CONTINUOUS
10
0.0014279527559055
20
-2.3870430708661416
11
0.0011712598425197
21
-2.3881719291338581
0
LINE
8
BLACK
6
CONTINUOUS
10
0.0011712598425197
20
-2.3881719291338581
11
0.0013346062992126
21
-2.3904703937007872
0
LINE
8
BLACK
6
CONTINUOUS
10
0.0013346062992126
20
-2.3904703937007872
11
0.0023650787401575
21
-2.3925312992125982
0
LINE
8
BLACK
6
CONTINUOUS
10
0.0023650787401575
20
-2.3925312992125982
11
0.0041057874015748
21
-2.3940410236220471
0
LINE
8
BLACK
6
CONTINUOUS
10
0.0041057874015748
20
-2.3940410236220471
11
0.0062917716535433
21
-2.3947696850393698
0
LINE
8
BLACK
6
CONTINUOUS
10
0.0062917716535433
20
-2.3947696850393698
11
0.0085902362204724
21
-2.394606338582677
0
LINE
8
BLACK
6
CONTINUOUS
10
0.0085902362204724
20
-2.394606338582677
11
0.0106511417322835
21
-2.3935758661417323
0
LINE
8
BLACK
6
CONTINUOUS
10
0.0106511417322835
20
-2.3935758661417323
11
0.0121608661417323
21
-2.3918351574803149
0
LINE
8
BLACK
6
CONTINUOUS
10
0.0121608661417323
20
-2.3918351574803149
11
0.0126328346456693
21
-2.3907780314960627
0
LINE
8
BLACK
6
CONTINUOUS
10
0.0126328346456693
20
-2.3907780314960627
11
0.0169111417322835
21
-2.3779431889763778
0
LINE
8
BLACK
6
CONTINUOUS
10
0.0169111417322835
20
-2.3779431889763778
11
0.0365197637795276
21
-2.3779431889763778
0
LINE
8
BLACK
6
CONTINUOUS
10
0.0365197637795276
20
-2.3779431889763778
11
0.040798031496063
21
-2.3907780314960627
0
LINE
8
BLACK
6
CONTINUOUS
10
0.040798031496063
20
-2.3907780314960627
11
0.04127
21
-2.3918351574803149
0
LINE
8
BLACK
6
CONTINUOUS
10
0.04127
20
-2.3918351574803149
11
0.0427797244094488
21
-2.3935759055118111
0
LINE
8
BLACK
6
CONTINUOUS
10
0.0427797244094488
20
-2.3935759055118111
11
0.0448406692913386
21
-2.394606338582677
0
LINE
8
BLACK
6
CONTINUOUS
10
0.0448406692913386
20
-2.394606338582677
11
0.047139094488189
21
-2.3947697244094486
0
LINE
8
BLACK
6
CONTINUOUS
10
0.047139094488189
20
-2.3947697244094486
11
0.0493250787401575
21
-2.3940410236220471
0
LINE
8
BLACK
6
CONTINUOUS
10
0.0493250787401575
20
-2.3940410236220471
11
0.0510657874015748
21
-2.3925312992125982
0
LINE
8
BLACK
6
CONTINUOUS
10
0.0510657874015748
20
-2.3925312992125982
11
0.0520962598425197
21
-2.3904703937007872
0
LINE
8
BLACK
6
CONTINUOUS
10
0.0520962598425197
20
-2.3904703937007872
11
0.0522596456692913
21
-2.3881719685039369
0
LINE
8
BLACK
6
CONTINUOUS
10
0.0522596456692913
20
-2.3881719685039369
11
0.0520029527559055
21
-2.3870430708661416
0
LINE
8
BLACK
6
CONTINUOUS
10
0.0520029527559055
20
-2.3870430708661416
11
0.032317874015748
21
-2.3279879527559055
0
LINE
8
BLACK
6
CONTINUOUS
10
0.032317874015748
20
-2.3279879527559055
11
0.031845905511811
21
-2.3269308267716533
0
LINE
8
BLACK
6
CONTINUOUS
10
0.031845905511811
20
-2.3269308267716533
11
0.0315694094488189
21
-2.3266120472440943
0
LINE
8
BLACK
6
CONTINUOUS
10
0.0315694094488189
20
-2.3266120472440943
11
0.0313807480314961
21
-2.32623468503937
0
LINE
8
BLACK
6
CONTINUOUS
10
0.0313807480314961
20
-2.32623468503937
11
0.0308213385826772
21
-2.3257494881889764
0
LINE
8
BLACK
6
CONTINUOUS
10
0.0308213385826772
20
-2.3257494881889764
11
0.0303361811023622
21
-2.3251901181102363
0
LINE
8
BLACK
6
CONTINUOUS
10
0.0303361811023622
20
-2.3251901181102363
11
0.0299587795275591
21
-2.3250014173228344
0
LINE
8
BLACK
6
CONTINUOUS
10
0.0299587795275591
20
-2.3250014173228344
11
0.0296400393700787
21
-2.3247249606299212
0
LINE
8
BLACK
6
CONTINUOUS
10
0.0296400393700787
20
-2.3247249606299212
11
0.0289375196850394
21
-2.3244907480314958
0
LINE
8
BLACK
6
CONTINUOUS
10
0.0289375196850394
20
-2.3244907480314958
11
0.0282752755905512
21
-2.3241596456692912
0
LINE
8
BLACK
6
CONTINUOUS
10
0.0282752755905512
20
-2.3241596456692912
11
0.0278544488188976
21
-2.324129724409449
0
LINE
8
BLACK
6
CONTINUOUS
10
0.0278544488188976
20
-2.324129724409449
11
0.0274540551181102
21
-2.3239962598425197
0
LINE
8
BLACK
6
CONTINUOUS
10
0.0274540551181102
20
-2.3239962598425197
11
0.0267152362204724
21
-2.3240487401574801
0
LINE
8
BLACK
6
CONTINUOUS
10
0.3079300393700787
20
-2.3240487401574801
11
0.3071916141732283
21
-2.3239962992125984
0
LINE
8
BLACK
6
CONTINUOUS
10
0.3071916141732283
20
-2.3239962992125984
11
0.3067912992125984
21
-2.324129724409449
0
LINE
8
BLACK
6
CONTINUOUS
10
0.3067912992125984
20
-2.324129724409449
11
0.3063704330708661
21
-2.3241596456692912
0
LINE
8
BLACK
6
CONTINUOUS
10
0.3063704330708661
20
-2.3241596456692912
11
0.3057080708661417
21
-2.3244907874015746
0
LINE
8
BLACK
6
CONTINUOUS
10
0.3057080708661417
20
-2.3244907874015746
11
0.3050056299212598
21
-2.3247249606299212
0
LINE
8
BLACK
6
CONTINUOUS
10
0.3050056299212598
20
-2.3247249606299212
11
0.3046869291338583
21
-2.3250013385826773
0
LINE
8
BLACK
6
CONTINUOUS
10
0.3046869291338583
20
-2.3250013385826773
11
0.3043094881889764
21
-2.3251900787401576
0
LINE
8
BLACK
6
CONTINUOUS
10
0.3043094881889764
20
-2.3251900787401576
11
0.3038242125984252
21
-2.3257495669291339
0
LINE
8
BLACK
6
CONTINUOUS
10
0.3038242125984252
20
-2.3257495669291339
11
0.3032649212598425
21
-2.32623468503937
0
LINE
8
BLACK
6
CONTINUOUS
10
0.3032649212598425
20
-2.32623468503937
11
0.3030762204724409
21
-2.3266120078740156
0
LINE
8
BLACK
6
CONTINUOUS
10
0.3030762204724409
20
-2.3266120078740156
11
0.3027997637795276
21
-2.3269308267716533
0
LINE
8
BLACK
6
CONTINUOUS
10
0.3027997637795276
20
-2.3269308267716533
11
0.3023277952755906
21
-2.3279879527559055
0
LINE
8
BLACK
6
CONTINUOUS
10
0.3023277952755906
20
-2.3279879527559055
11
0.2826427559055118
21
-2.3870430708661416
0
LINE
8
BLACK
6
CONTINUOUS
10
0.2826427559055118
20
-2.3870430708661416
11
0.282386062992126
21
-2.3881719291338581
0
LINE
8
BLACK
6
CONTINUOUS
10
0.282386062992126
20
-2.3881719291338581
11
0.2825494094488189
21
-2.3904703937007872
0
LINE
8
BLACK
6
CONTINUOUS
10
0.2825494094488189
20
-2.3904703937007872
11
0.2835798818897638
21
-2.3925312992125982
0
LINE
8
BLACK
6
CONTINUOUS
10
0.2835798818897638
20
-2.3925312992125982
11
0.2853205905511811
21
-2.3940410236220471
0
LINE
8
BLACK
6
CONTINUOUS
10
0.2853205905511811
20
-2.3940410236220471
11
0.2875065748031496
21
-2.3947696850393698
0
LINE
8
BLACK
6
CONTINUOUS
10
0.2875065748031496
20
-2.3947696850393698
11
0.2898050393700787
21
-2.394606338582677
0
LINE
8
BLACK
6
CONTINUOUS
10
0.2898050393700787
20
-2.394606338582677
11
0.2918659448818898
21
-2.3935758661417323
0
LINE
8
BLACK
6
CONTINUOUS
10
0.2918659448818898
20
-2.3935758661417323
11
0.2933756692913386
21
-2.3918351574803149
0
LINE
8
BLACK
6
CONTINUOUS
10
0.2933756692913386
20
-2.3918351574803149
11
0.2938476377952756
21
-2.3907780314960627
0
LINE
8
BLACK
6
CONTINUOUS
10
0.2938476377952756
20
-2.3907780314960627
11
0.2981259448818898
21
-2.3779431889763778
0
LINE
8
BLACK
6
CONTINUOUS
10
0.2981259448818898
20
-2.3779431889763778
11
0.3177345669291339
21
-2.3779431889763778
0
LINE
8
BLACK
6
CONTINUOUS
10
0.3177345669291339
20
-2.3779431889763778
11
0.3220128346456693
21
-2.3907780314960627
0
LINE
8
BLACK
6
CONTINUOUS
10
0.3220128346456693
20
-2.3907780314960627
11
0.3224848031496063
21
-2.3918351574803149
0
LINE
8
BLACK
6
CONTINUOUS
10
0.3224848031496063
20
-2.3918351574803149
11
0.3239945275590551
21
-2.3935759055118111
0
LINE
8
BLACK
6
CONTINUOUS
10
0.3239945275590551
20
-2.3935759055118111
11
0.3260554724409448
21
-2.394606338582677
0
LINE
8
BLACK
6
CONTINUOUS
10
0.3260554724409448
20
-2.394606338582677
11
0.3283538976377953
21
-2.3947697244094486
0
LINE
8
BLACK
6
CONTINUOUS
10
0.3283538976377953
20
-2.3947697244094486
11
0.3305398818897638
21
-2.3940410236220471
0
LINE
8
BLACK
6
CONTINUOUS
10
0.3305398818897638
20
-2.3940410236220471
11
0.3322805905511811
21
-2.3925312992125982
0
LINE
8
BLACK
6
CONTINUOUS
10
0.3322805905511811
20
-2.3925312992125982
11
0.333311062992126
21
-2.3904703937007872
0
LINE
8
BLACK
6
CONTINUOUS
10
0.333311062992126
20
-2.3904703937007872
11
0.3334744488188977
21
-2.3881719685039369
0
LINE
8
BLACK
6
CONTINUOUS
10
0.3334744488188977
20
-2.3881719685039369
11
0.3332177559055118
21
-2.3870430708661416
0
LINE
8
BLACK
6
CONTINUOUS
10
0.3332177559055118
20
-2.3870430708661416
11
0.3135326771653543
21
-2.3279879527559055
0
LINE
8
BLACK
6
CONTINUOUS
10
0.3135326771653543
20
-2.3279879527559055
11
0.3130607086614173
21
-2.3269308267716533
0
LINE
8
BLACK
6
CONTINUOUS
10
0.3130607086614173
20
-2.3269308267716533
11
0.3127842125984252
21
-2.3266120472440943
0
LINE
8
BLACK
6
CONTINUOUS
10
0.3127842125984252
20
-2.3266120472440943
11
0.3125955511811024
21
-2.32623468503937
0
LINE
8
BLACK
6
CONTINUOUS
10
0.3125955511811024
20
-2.32623468503937
11
0.3120361417322834
21
-2.3257494881889764
0
LINE
8
BLACK
6
CONTINUOUS
10
0.3120361417322834
20
-2.3257494881889764
11
0.3115509842519685
21
-2.3251901181102363
0
LINE
8
BLACK
6
CONTINUOUS
10
0.3115509842519685
20
-2.3251901181102363
11
0.3111735826771653
21
-2.3250014173228344
0
LINE
8
BLACK
6
CONTINUOUS
10
0.3111735826771653
20
-2.3250014173228344
11
0.310854842519685
21
-2.3247249606299212
0
LINE
8
BLACK
6
CONTINUOUS
10
0.310854842519685
20
-2.3247249606299212
11
0.3101523228346457
21
-2.3244907480314958
0
LINE
8
BLACK
6
CONTINUOUS
10
0.3101523228346457
20
-2.3244907480314958
11
0.3094900787401575
21
-2.3241596456692912
0
LINE
8
BLACK
6
CONTINUOUS
10
0.3094900787401575
20
-2.3241596456692912
11
0.3090692519685039
21
-2.324129724409449
0
LINE
8
BLACK
6
CONTINUOUS
10
0.3090692519685039
20
-2.324129724409449
11
0.3086688582677165
21
-2.3239962598425197
0
LINE
8
BLACK
6
CONTINUOUS
10
0.3086688582677165
20
-2.3239962598425197
11
0.3079300393700787
21
-2.3240487401574801
0
LINE
8
BLACK
6
CONTINUOUS
10
-0.2106571653543307
20
-2.3240633858267716
11
-0.2127859842519685
21
-2.3249451968503938
0
LINE
8
BLACK
6
CONTINUOUS
10
-0.2127859842519685
20
-2.3249451968503938
11
-0.2144152755905512
21
-2.3265744881889763
0
LINE
8
BLACK
6
CONTINUOUS
10
-0.2144152755905512
20
-2.3265744881889763
11
-0.2152970866141732
21
-2.3287033070866143
0
LINE
8
BLACK
6
CONTINUOUS
10
-0.2152970866141732
20
-2.3287033070866143
11
-0.2152970866141732
21
-2.3310075590551183
0
LINE
8
BLACK
6
CONTINUOUS
10
-0.2152970866141732
20
-2.3310075590551183
11
-0.2144152755905512
21
-2.3331363779527559
0
LINE
8
BLACK
6
CONTINUOUS
10
-0.2144152755905512
20
-2.3331363779527559
11
-0.2127859842519685
21
-2.3347656692913383
0
LINE
8
BLACK
6
CONTINUOUS
10
-0.2127859842519685
20
-2.3347656692913383
11
-0.2106571653543307
21
-2.3356474803149605
0
LINE
8
BLACK
6
CONTINUOUS
10
-0.2106571653543307
20
-2.3356474803149605
11
-0.2095050393700787
21
-2.3357609448818897
0
LINE
8
BLACK
6
CONTINUOUS
10
-0.2095050393700787
20
-2.3357609448818897
11
-0.1985376771653543
21
-2.3357609448818897
0
LINE
8
BLACK
6
CONTINUOUS
10
-0.1985376771653543
20
-2.3357609448818897
11
-0.1985376771653543
21
-2.3889105511811022
0
LINE
8
BLACK
6
CONTINUOUS
10
-0.1985376771653543
20
-2.3889105511811022
11
-0.1984242125984252
21
-2.3900626771653544
0
LINE
8
BLACK
6
CONTINUOUS
10
-0.1984242125984252
20
-2.3900626771653544
11
-0.1975424015748032
21
-2.392191496062992
0
LINE
8
BLACK
6
CONTINUOUS
10
-0.1975424015748032
20
-2.392191496062992
11
-0.1959131102362205
21
-2.3938207874015749
0
LINE
8
BLACK
6
CONTINUOUS
10
-0.1959131102362205
20
-2.3938207874015749
11
-0.1937842913385827
21
-2.3947025984251966
0
LINE
8
BLACK
6
CONTINUOUS
10
-0.1937842913385827
20
-2.3947025984251966
11
-0.1914800393700787
21
-2.3947025984251966
0
LINE
8
BLACK
6
CONTINUOUS
10
-0.1914800393700787
20
-2.3947025984251966
11
-0.1893512204724409
21
-2.3938207874015749
0
LINE
8
BLACK
6
CONTINUOUS
10
-0.1893512204724409
20
-2.3938207874015749
11
-0.1877219291338583
21
-2.392191496062992
0
LINE
8
BLACK
6
CONTINUOUS
10
-0.1877219291338583
20
-2.392191496062992
11
-0.1868401181102362
21
-2.3900626771653544
0
LINE
8
BLACK
6
CONTINUOUS
10
-0.1868401181102362
20
-2.3900626771653544
11
-0.1867266535433071
21
-2.3889105511811022
0
LINE
8
BLACK
6
CONTINUOUS
10
-0.1867266535433071
20
-2.3889105511811022
11
-0.1867266535433071
21
-2.3357609448818897
0
LINE
8
BLACK
6
CONTINUOUS
10
-0.1867266535433071
20
-2.3357609448818897
11
-0.1757592519685039
21
-2.3357609448818897
0
LINE
8
BLACK
6
CONTINUOUS
10
-0.1757592519685039
20
-2.3357609448818897
11
-0.174607125984252
21
-2.3356474803149605
0
LINE
8
BLACK
6
CONTINUOUS
10
-0.174607125984252
20
-2.3356474803149605
11
-0.1724783070866142
21
-2.3347656692913383
0
LINE
8
BLACK
6
CONTINUOUS
10
-0.1724783070866142
20
-2.3347656692913383
11
-0.1708490157480315
21
-2.3331363779527559
0
LINE
8
BLACK
6
CONTINUOUS
10
-0.1708490157480315
20
-2.3331363779527559
11
-0.1699672047244094
21
-2.3310075590551183
0
LINE
8
BLACK
6
CONTINUOUS
10
-0.1699672047244094
20
-2.3310075590551183
11
-0.1699672047244094
21
-2.3287033070866143
0
LINE
8
BLACK
6
CONTINUOUS
10
-0.1699672047244094
20
-2.3287033070866143
11
-0.1708490157480315
21
-2.3265744881889763
0
LINE
8
BLACK
6
CONTINUOUS
10
-0.1708490157480315
20
-2.3265744881889763
11
-0.1724783070866142
21
-2.3249451968503938
0
LINE
8
BLACK
6
CONTINUOUS
10
-0.1724783070866142
20
-2.3249451968503938
11
-0.174607125984252
21
-2.3240633858267716
0
LINE
8
BLACK
6
CONTINUOUS
10
-0.174607125984252
20
-2.3240633858267716
11
-0.1757592519685039
21
-2.3239499212598425
0
LINE
8
BLACK
6
CONTINUOUS
10
-0.1757592519685039
20
-2.3239499212598425
11
-0.2095050393700787
21
-2.3239499212598425
0
LINE
8
BLACK
6
CONTINUOUS
10
-0.2095050393700787
20
-2.3239499212598425
11
-0.2106571653543307
21
-2.3240633858267716
0
LINE
8
BLACK
6
CONTINUOUS
10
-0.1037955511811024
20
-2.3240633858267716
11
-0.1059243700787402
21
-2.3249451968503938
0
LINE
8
BLACK
6
CONTINUOUS
10
-0.1059243700787402
20
-2.3249451968503938
11
-0.1075536614173228
21
-2.3265744881889763
0
LINE
8
BLACK
6
CONTINUOUS
10
-0.1075536614173228
20
-2.3265744881889763
11
-0.1084354724409449
21
-2.3287033070866143
0
LINE
8
BLACK
6
CONTINUOUS
10
-0.1084354724409449
20
-2.3287033070866143
11
-0.108548937007874
21
-2.3298554330708661
0
LINE
8
BLACK
6
CONTINUOUS
10
-0.108548937007874
20
-2.3298554330708661
11
-0.108548937007874
21
-2.3889105511811022
0
LINE
8
BLACK
6
CONTINUOUS
10
-0.108548937007874
20
-2.3889105511811022
11
-0.1084354724409449
21
-2.3900626771653544
0
LINE
8
BLACK
6
CONTINUOUS
10
-0.1084354724409449
20
-2.3900626771653544
11
-0.1075536614173228
21
-2.392191496062992
0
LINE
8
BLACK
6
CONTINUOUS
10
-0.1075536614173228
20
-2.392191496062992
11
-0.1059243700787402
21
-2.3938207874015749
0
LINE
8
BLACK
6
CONTINUOUS
10
-0.1059243700787402
20
-2.3938207874015749
11
-0.1037955511811024
21
-2.3947025984251966
0
LINE
8
BLACK
6
CONTINUOUS
10
-0.1037955511811024
20
-2.3947025984251966
11
-0.1014912992125984
21
-2.3947025984251966
0
LINE
8
BLACK
6
CONTINUOUS
10
-0.1014912992125984
20
-2.3947025984251966
11
-0.0993624803149606
21
-2.3938207874015749
0
LINE
8
BLACK
6
CONTINUOUS
10
-0.0993624803149606
20
-2.3938207874015749
11
-0.0977331889763779
21
-2.392191496062992
0
LINE
8
BLACK
6
CONTINUOUS
10
-0.0977331889763779
20
-2.392191496062992
11
-0.0968513779527559
21
-2.3900626771653544
0
LINE
8
BLACK
6
CONTINUOUS
10
-0.0968513779527559
20
-2.3900626771653544
11
-0.0967379133858268
21
-2.3889105511811022
0
LINE
8
BLACK
6
CONTINUOUS
10
-0.0967379133858268
20
-2.3889105511811022
11
-0.0967379133858268
21
-2.3638824409448818
0
LINE
8
BLACK
6
CONTINUOUS
10
-0.0967379133858268
20
-2.3638824409448818
11
-0.0829583858267716
21
-2.3638824409448818
0
LINE
8
BLACK
6
CONTINUOUS
10
-0.0829583858267716
20
-2.3638824409448818
11
-0.0818062598425197
21
-2.3637689763779526
0
LINE
8
BLACK
6
CONTINUOUS
10
-0.0818062598425197
20
-2.3637689763779526
11
-0.0796774409448819
21
-2.3628871653543309
0
LINE
8
BLACK
6
CONTINUOUS
10
-0.0796774409448819
20
-2.3628871653543309
11
-0.0780481496062992
21
-2.3612578740157479
0
LINE
8
BLACK
6
CONTINUOUS
10
-0.0780481496062992
20
-2.3612578740157479
11
-0.0771663385826772
21
-2.3591290551181103
0
LINE
8
BLACK
6
CONTINUOUS
10
-0.0771663385826772
20
-2.3591290551181103
11
-0.0771663385826772
21
-2.3568248031496064
0
LINE
8
BLACK
6
CONTINUOUS
10
-0.0771663385826772
20
-2.3568248031496064
11
-0.0780481496062992
21
-2.3546959842519684
0
LINE
8
BLACK
6
CONTINUOUS
10
-0.0780481496062992
20
-2.3546959842519684
11
-0.0796774409448819
21
-2.3530666929133859
0
LINE
8
BLACK
6
CONTINUOUS
10
-0.0796774409448819
20
-2.3530666929133859
11
-0.0818062598425197
21
-2.3521848818897637
0
LINE
8
BLACK
6
CONTINUOUS
10
-0.0818062598425197
20
-2.3521848818897637
11
-0.0829583858267716
21
-2.3520714173228345
0
LINE
8
BLACK
6
CONTINUOUS
10
-0.0829583858267716
20
-2.3520714173228345
11
-0.0967379133858268
21
-2.3520714173228345
0
LINE
8
BLACK
6
CONTINUOUS
10
-0.0967379133858268
20
-2.3520714173228345
11
-0.0967379133858268
21
-2.3357609448818897
0
LINE
8
BLACK
6
CONTINUOUS
10
-0.0967379133858268
20
-2.3357609448818897
11
-0.0745219291338583
21
-2.3357609448818897
0
LINE
8
BLACK
6
CONTINUOUS
10
-0.0745219291338583
20
-2.3357609448818897
11
-0.0733698031496063
21
-2.3356474803149605
0
LINE
8
BLACK
6
CONTINUOUS
10
-0.0733698031496063
20
-2.3356474803149605
11
-0.0712409842519685
21
-2.3347656692913383
0
LINE
8
BLACK
6
CONTINUOUS
10
-0.0712409842519685
20
-2.3347656692913383
11
-0.0696116929133858
21
-2.3331363779527559
0
LINE
8
BLACK
6
CONTINUOUS
10
-0.0696116929133858
20
-2.3331363779527559
11
-0.0687298818897638
21
-2.3310075590551183
0
LINE
8
BLACK
6
CONTINUOUS
10
-0.0687298818897638
20
-2.3310075590551183
11
-0.0687298818897638
21
-2.3287033070866143
0
LINE
8
BLACK
6
CONTINUOUS
10
-0.0687298818897638
20
-2.3287033070866143
11
-0.0696116929133858
21
-2.3265744881889763
0
LINE
8
BLACK
6
CONTINUOUS
10
-0.0696116929133858
20
-2.3265744881889763
11
-0.0712409842519685
21
-2.3249451968503938
0
LINE
8
BLACK
6
CONTINUOUS
10
-0.0712409842519685
20
-2.3249451968503938
11
-0.0733698031496063
21
-2.3240633858267716
0
LINE
8
BLACK
6
CONTINUOUS
10
-0.0733698031496063
20
-2.3240633858267716
11
-0.0745219291338583
21
-2.3239499212598425
0
LINE
8
BLACK
6
CONTINUOUS
10
-0.0745219291338583
20
-2.3239499212598425
11
-0.1026434251968504
21
-2.3239499212598425
0
LINE
8
BLACK
6
CONTINUOUS
10
-0.1026434251968504
20
-2.3239499212598425
11
-0.1037955511811024
21
-2.3240633858267716
0
LINE
8
BLACK
6
CONTINUOUS
10
-0.0136750787401575
20
-2.3240633858267716
11
-0.013806811023622
21
-2.3240633858267716
0
LINE
8
BLACK
6
CONTINUOUS
10
-0.013806811023622
20
-2.3240633858267716
11
-0.0147537795275591
21
-2.32445562992126
0
LINE
8
BLACK
6
CONTINUOUS
10
-0.0147537795275591
20
-2.32445562992126
11
-0.0157167716535433
21
-2.3248058267716534
0
LINE
8
BLACK
6
CONTINUOUS
10
-0.0157167716535433
20
-2.3248058267716534
11
-0.015813937007874
21
-2.3248947637795276
0
LINE
8
BLACK
6
CONTINUOUS
10
-0.015813937007874
20
-2.3248947637795276
11
-0.0159356299212598
21
-2.3249451968503938
0
LINE
8
BLACK
6
CONTINUOUS
10
-0.0159356299212598
20
-2.3249451968503938
11
-0.0166603937007874
21
-2.3256699212598426
0
LINE
8
BLACK
6
CONTINUOUS
10
-0.0166603937007874
20
-2.3256699212598426
11
-0.0174161023622047
21
-2.3263620078740157
0
LINE
8
BLACK
6
CONTINUOUS
10
-0.0174161023622047
20
-2.3263620078740157
11
-0.0175086220472441
21
-2.326518149606299
0
LINE
8
BLACK
6
CONTINUOUS
10
-0.0175086220472441
20
-2.326518149606299
11
-0.0175649212598425
21
-2.3265744881889763
0
LINE
8
BLACK
6
CONTINUOUS
10
-0.0175649212598425
20
-2.3265744881889763
11
-0.0176183070866142
21
-2.3267033070866141
0
LINE
8
BLACK
6
CONTINUOUS
10
-0.0176183070866142
20
-2.3267033070866141
11
-0.0180061417322835
21
-2.3273580708661417
0
LINE
8
BLACK
6
CONTINUOUS
10
-0.0180061417322835
20
-2.3273580708661417
11
-0.0323397244094488
21
-2.3580728740157482
0
LINE
8
BLACK
6
CONTINUOUS
10
-0.0323397244094488
20
-2.3580728740157482
11
-0.0466733070866142
21
-2.3273580708661417
0
LINE
8
BLACK
6
CONTINUOUS
10
-0.0466733070866142
20
-2.3273580708661417
11
-0.0470612598425197
21
-2.3267031496062991
0
LINE
8
BLACK
6
CONTINUOUS
10
-0.0470612598425197
20
-2.3267031496062991
11
-0.0471145275590551
21
-2.3265744881889763
0
LINE
8
BLACK
6
CONTINUOUS
10
-0.0471145275590551
20
-2.3265744881889763
11
-0.0471707874015748
21
-2.3265182283464565
0
LINE
8
BLACK
6
CONTINUOUS
10
-0.0471707874015748
20
-2.3265182283464565
11
-0.0472633070866142
21
-2.3263620078740157
0
LINE
8
BLACK
6
CONTINUOUS
10
-0.0472633070866142
20
-2.3263620078740157
11
-0.0480195275590551
21
-2.3256694881889763
0
LINE
8
BLACK
6
CONTINUOUS
10
-0.0480195275590551
20
-2.3256694881889763
11
-0.0487438188976378
21
-2.3249451968503938
0
LINE
8
BLACK
6
CONTINUOUS
10
-0.0487438188976378
20
-2.3249451968503938
11
-0.0488655118110236
21
-2.3248947637795276
0
LINE
8
BLACK
6
CONTINUOUS
10
-0.0488655118110236
20
-2.3248947637795276
11
-0.0489626377952756
21
-2.3248058267716534
0
LINE
8
BLACK
6
CONTINUOUS
10
-0.0489626377952756
20
-2.3248058267716534
11
-0.0499258661417323
21
-2.3244555511811025
0
LINE
8
BLACK
6
CONTINUOUS
10
-0.0499258661417323
20
-2.3244555511811025
11
-0.0508726377952756
21
-2.3240633858267716
0
LINE
8
BLACK
6
CONTINUOUS
10
-0.0508726377952756
20
-2.3240633858267716
11
-0.0510043700787402
21
-2.3240633858267716
0
LINE
8
BLACK
6
CONTINUOUS
10
-0.0510043700787402
20
-2.3240633858267716
11
-0.0511281102362205
21
-2.3240183858267716
0
LINE
8
BLACK
6
CONTINUOUS
10
-0.0511281102362205
20
-2.3240183858267716
11
-0.0521518897637795
21
-2.3240633858267716
0
LINE
8
BLACK
6
CONTINUOUS
10
-0.0521518897637795
20
-2.3240633858267716
11
-0.0531768897637795
21
-2.3240633858267716
0
LINE
8
BLACK
6
CONTINUOUS
10
-0.0531768897637795
20
-2.3240633858267716
11
-0.0532985826771654
21
-2.324113779527559
0
LINE
8
BLACK
6
CONTINUOUS
10
-0.0532985826771654
20
-2.324113779527559
11
-0.0534300787401575
21
-2.3241195669291339
0
LINE
8
BLACK
6
CONTINUOUS
10
-0.0534300787401575
20
-2.3241195669291339
11
-0.0543590551181102
21
-2.324553031496063
0
LINE
8
BLACK
6
CONTINUOUS
10
-0.0543590551181102
20
-2.324553031496063
11
-0.0553057086614173
21
-2.3249451968503938
0
LINE
8
BLACK
6
CONTINUOUS
10
-0.0553057086614173
20
-2.3249451968503938
11
-0.0553987795275591
21
-2.3250382283464566
0
LINE
8
BLACK
6
CONTINUOUS
10
-0.0553987795275591
20
-2.3250382283464566
11
-0.055518188976378
21
-2.3250939763779526
0
LINE
8
BLACK
6
CONTINUOUS
10
-0.055518188976378
20
-2.3250939763779526
11
-0.0562107086614173
21
-2.325850157480315
0
LINE
8
BLACK
6
CONTINUOUS
10
-0.0562107086614173
20
-2.325850157480315
11
-0.056935
21
-2.3265744881889763
0
LINE
8
BLACK
6
CONTINUOUS
10
-0.056935
20
-2.3265744881889763
11
-0.0569854330708661
21
-2.3266961417322833
0
LINE
8
BLACK
6
CONTINUOUS
10
-0.0569854330708661
20
-2.3266961417322833
11
-0.0570743700787402
21
-2.3267933070866142
0
LINE
8
BLACK
6
CONTINUOUS
10
-0.0570743700787402
20
-2.3267933070866142
11
-0.0574246456692913
21
-2.327756496062992
0
LINE
8
BLACK
6
CONTINUOUS
10
-0.0574246456692913
20
-2.327756496062992
11
-0.057816811023622
21
-2.3287033070866143
0
LINE
8
BLACK
6
CONTINUOUS
10
-0.057816811023622
20
-2.3287033070866143
11
-0.0578346062992126
21
-2.3288839370078738
0
LINE
8
BLACK
6
CONTINUOUS
10
-0.0578346062992126
20
-2.3288839370078738
11
-0.057861811023622
21
-2.328958779527559
0
LINE
8
BLACK
6
CONTINUOUS
10
-0.057861811023622
20
-2.328958779527559
11
-0.0578557086614173
21
-2.3290980708661415
0
LINE
8
BLACK
6
CONTINUOUS
10
-0.0578557086614173
20
-2.3290980708661415
11
-0.0579302755905512
21
-2.3298554330708661
0
LINE
8
BLACK
6
CONTINUOUS
10
-0.0579302755905512
20
-2.3298554330708661
11
-0.0579302755905512
21
-2.3889105511811022
0
LINE
8
BLACK
6
CONTINUOUS
10
-0.0579302755905512
20
-2.3889105511811022
11
-0.057816811023622
21
-2.3900626771653544
0
LINE
8
BLACK
6
CONTINUOUS
10
-0.057816811023622
20
-2.3900626771653544
11
-0.056935
21
-2.392191496062992
0
LINE
8
BLACK
6
CONTINUOUS
10
-0.056935
20
-2.392191496062992
11
-0.0553057086614173
21
-2.3938207874015749
0
LINE
8
BLACK
6
CONTINUOUS
10
-0.0553057086614173
20
-2.3938207874015749
11
-0.0531768897637795
21
-2.3947025984251966
0
LINE
8
BLACK
6
CONTINUOUS
10
-0.0531768897637795
20
-2.3947025984251966
11
-0.0508726377952756
21
-2.3947025984251966
0
LINE
8
BLACK
6
CONTINUOUS
10
-0.0508726377952756
20
-2.3947025984251966
11
-0.0487438188976378
21
-2.3938207874015749
0
LINE
8
BLACK
6
CONTINUOUS
10
-0.0487438188976378
20
-2.3938207874015749
11
-0.0471145275590551
21
-2.392191496062992
0
LINE
8
BLACK
6
CONTINUOUS
10
-0.0471145275590551
20
-2.392191496062992
11
-0.0462327165354331
21
-2.3900626771653544
0
LINE
8
BLACK
6
CONTINUOUS
10
-0.0462327165354331
20
-2.3900626771653544
11
-0.0461192519685039
21
-2.3889105511811022
0
LINE
8
BLACK
6
CONTINUOUS
10
-0.0461192519685039
20
-2.3889105511811022
11
-0.0461192519685039
21
-2.3564748425196851
0
LINE
8
BLACK
6
CONTINUOUS
10
-0.0461192519685039
20
-2.3564748425196851
11
-0.0376911811023622
21
-2.3745350393700786
0
LINE
8
BLACK
6
CONTINUOUS
10
-0.0376911811023622
20
-2.3745350393700786
11
-0.0374413385826772
21
-2.3749568110236221
0
LINE
8
BLACK
6
CONTINUOUS
10
-0.0374413385826772
20
-2.3749568110236221
11
-0.0373893307086614
21
-2.3750998031496064
0
LINE
8
BLACK
6
CONTINUOUS
10
-0.0373893307086614
20
-2.3750998031496064
11
-0.0372967716535433
21
-2.3752009055118108
0
LINE
8
BLACK
6
CONTINUOUS
10
-0.0372967716535433
20
-2.3752009055118108
11
-0.0371011417322835
21
-2.3755311023622045
0
LINE
8
BLACK
6
CONTINUOUS
10
-0.0371011417322835
20
-2.3755311023622045
11
-0.0364395275590551
21
-2.3761370078740156
0
LINE
8
BLACK
6
CONTINUOUS
10
-0.0364395275590551
20
-2.3761370078740156
11
-0.0358331496062992
21
-2.3767991338582677
0
LINE
8
BLACK
6
CONTINUOUS
10
-0.0358331496062992
20
-2.3767991338582677
11
-0.0355952362204724
21
-2.3769101574803151
0
LINE
8
BLACK
6
CONTINUOUS
10
-0.0355952362204724
20
-2.3769101574803151
11
-0.035401811023622
21
-2.3770872834645669
0
LINE
8
BLACK
6
CONTINUOUS
10
-0.035401811023622
20
-2.3770872834645669
11
-0.0345585039370079
21
-2.377393937007874
0
LINE
8
BLACK
6
CONTINUOUS
10
-0.0345585039370079
20
-2.377393937007874
11
-0.0337450393700787
21
-2.3777735433070863
0
LINE
8
BLACK
6
CONTINUOUS
10
-0.0337450393700787
20
-2.3777735433070863
11
-0.0334829527559055
21
-2.3777850393700786
0
LINE
8
BLACK
6
CONTINUOUS
10
-0.0334829527559055
20
-2.3777850393700786
11
-0.0332363779527559
21
-2.3778747244094487
0
LINE
8
BLACK
6
CONTINUOUS
10
-0.0332363779527559
20
-2.3778747244094487
11
-0.0323395669291339
21
-2.3778353149606297
0
LINE
8
BLACK
6
CONTINUOUS
10
-0.0323395669291339
20
-2.3778353149606297
11
-0.0314430708661417
21
-2.3778747244094487
0
LINE
8
BLACK
6
CONTINUOUS
10
-0.0314430708661417
20
-2.3778747244094487
11
-0.0311966535433071
21
-2.3777850787401573
0
LINE
8
BLACK
6
CONTINUOUS
10
-0.0311966535433071
20
-2.3777850787401573
11
-0.0309343700787402
21
-2.3777735826771651
0
LINE
8
BLACK
6
CONTINUOUS
10
-0.0309343700787402
20
-2.3777735826771651
11
-0.0301207086614173
21
-2.3773938582677165
0
LINE
8
BLACK
6
CONTINUOUS
10
-0.0301207086614173
20
-2.3773938582677165
11
-0.0292775984251968
21
-2.3770872834645669
0
LINE
8
BLACK
6
CONTINUOUS
10
-0.0292775984251968
20
-2.3770872834645669
11
-0.0290841732283465
21
-2.3769101181102363
0
LINE
8
BLACK
6
CONTINUOUS
10
-0.0290841732283465
20
-2.3769101181102363
11
-0.0288462992125984
21
-2.3767991338582677
0
LINE
8
BLACK
6
CONTINUOUS
10
-0.0288462992125984
20
-2.3767991338582677
11
-0.0282401968503937
21
-2.3761372047244094
0
LINE
8
BLACK
6
CONTINUOUS
10
-0.0282401968503937
20
-2.3761372047244094
11
-0.0275782677165354
21
-2.3755311023622045
0
LINE
8
BLACK
6
CONTINUOUS
10
-0.0275782677165354
20
-2.3755311023622045
11
-0.0273826771653543
21
-2.3752008267716533
0
LINE
8
BLACK
6
CONTINUOUS
10
-0.0273826771653543
20
-2.3752008267716533
11
-0.0272901181102362
21
-2.3750998031496064
0
LINE
8
BLACK
6
CONTINUOUS
10
-0.0272901181102362
20
-2.3750998031496064
11
-0.027238188976378
21
-2.3749568897637796
0
LINE
8
BLACK
6
CONTINUOUS
10
-0.027238188976378
20
-2.3749568897637796
11
-0.0269882677165354
21
-2.3745350393700786
0
LINE
8
BLACK
6
CONTINUOUS
10
-0.0269882677165354
20
-2.3745350393700786
11
-0.0185601968503937
21
-2.3564748818897638
0
LINE
8
BLACK
6
CONTINUOUS
10
-0.0185601968503937
20
-2.3564748818897638
11
-0.0185601968503937
21
-2.3889105511811022
0
LINE
8
BLACK
6
CONTINUOUS
10
-0.0185601968503937
20
-2.3889105511811022
11
-0.0184467322834646
21
-2.3900626771653544
0
LINE
8
BLACK
6
CONTINUOUS
10
-0.0184467322834646
20
-2.3900626771653544
11
-0.0175649212598425
21
-2.392191496062992
0
LINE
8
BLACK
6
CONTINUOUS
10
-0.0175649212598425
20
-2.392191496062992
11
-0.0159356299212598
21
-2.3938207874015749
0
LINE
8
BLACK
6
CONTINUOUS
10
-0.0159356299212598
20
-2.3938207874015749
11
-0.013806811023622
21
-2.3947025984251966
0
LINE
8
BLACK
6
CONTINUOUS
10
-0.013806811023622
20
-2.3947025984251966
11
-0.0115025590551181
21
-2.3947025984251966
0
LINE
8
BLACK
6
CONTINUOUS
10
-0.0115025590551181
20
-2.3947025984251966
11
-0.0093737401574803
21
-2.3938207874015749
0
LINE
8
BLACK
6
CONTINUOUS
10
-0.0093737401574803
20
-2.3938207874015749
11
-0.0077444488188976
21
-2.392191496062992
0
LINE
8
BLACK
6
CONTINUOUS
10
-0.0077444488188976
20
-2.392191496062992
11
-0.0068626377952756
21
-2.3900626771653544
0
LINE
8
BLACK
6
CONTINUOUS
10
-0.0068626377952756
20
-2.3900626771653544
11
-0.0067491732283465
21
-2.3889105511811022
0
LINE
8
BLACK
6
CONTINUOUS
10
-0.0067491732283465
20
-2.3889105511811022
11
-0.0067491732283465
21
-2.3298554330708661
0
LINE
8
BLACK
6
CONTINUOUS
10
-0.0067491732283465
20
-2.3298554330708661
11
-0.0068237795275591
21
-2.3290980314960628
0
LINE
8
BLACK
6
CONTINUOUS
10
-0.0068237795275591
20
-2.3290980314960628
11
-0.0068176377952756
21
-2.3289587401574803
0
LINE
8
BLACK
6
CONTINUOUS
10
-0.0068176377952756
20
-2.3289587401574803
11
-0.0068448818897638
21
-2.328883897637795
0
LINE
8
BLACK
6
CONTINUOUS
10
-0.0068448818897638
20
-2.328883897637795
11
-0.0068626377952756
21
-2.3287033070866143
0
LINE
8
BLACK
6
CONTINUOUS
10
-0.0068626377952756
20
-2.3287033070866143
11
-0.0072548031496063
21
-2.3277566141732282
0
LINE
8
BLACK
6
CONTINUOUS
10
-0.0072548031496063
20
-2.3277566141732282
11
-0.0076050787401575
21
-2.3267933070866142
0
LINE
8
BLACK
6
CONTINUOUS
10
-0.0076050787401575
20
-2.3267933070866142
11
-0.0076940551181102
21
-2.3266961417322833
0
LINE
8
BLACK
6
CONTINUOUS
10
-0.0076940551181102
20
-2.3266961417322833
11
-0.0077444488188976
21
-2.3265744881889763
0
LINE
8
BLACK
6
CONTINUOUS
10
-0.0077444488188976
20
-2.3265744881889763
11
-0.0084687795275591
21
-2.325850157480315
0
LINE
8
BLACK
6
CONTINUOUS
10
-0.0084687795275591
20
-2.325850157480315
11
-0.0091612598425197
21
-2.3250939763779526
0
LINE
8
BLACK
6
CONTINUOUS
10
-0.0091612598425197
20
-2.3250939763779526
11
-0.0092807086614173
21
-2.3250382283464566
0
LINE
8
BLACK
6
CONTINUOUS
10
-0.0092807086614173
20
-2.3250382283464566
11
-0.0093737401574803
21
-2.3249451968503938
0
LINE
8
BLACK
6
CONTINUOUS
10
-0.0093737401574803
20
-2.3249451968503938
11
-0.010319842519685
21
-2.3245533070866142
0
LINE
8
BLACK
6
CONTINUOUS
10
-0.010319842519685
20
-2.3245533070866142
11
-0.0112493307086614
21
-2.3241195275590552
0
LINE
8
BLACK
6
CONTINUOUS
10
-0.0112493307086614
20
-2.3241195275590552
11
-0.0113810236220472
21
-2.3241137401574803
0
LINE
8
BLACK
6
CONTINUOUS
10
-0.0113810236220472
20
-2.3241137401574803
11
-0.0115025590551181
21
-2.3240633858267716
0
LINE
8
BLACK
6
CONTINUOUS
10
-0.0115025590551181
20
-2.3240633858267716
11
-0.012527125984252
21
-2.3240633858267716
0
LINE
8
BLACK
6
CONTINUOUS
10
-0.012527125984252
20
-2.3240633858267716
11
-0.0135513385826772
21
-2.3240183858267716
0
LINE
8
BLACK
6
CONTINUOUS
10
-0.0135513385826772
20
-2.3240183858267716
11
-0.0136750787401575
21
-2.3240633858267716
0
LINE
8
BLACK
6
CONTINUOUS
10
0.7361417322834646
20
-2.1295275590551181
11
0.7361417322834646
21
-2.1515686614173228
0
LINE
8
BLACK
6
CONTINUOUS
10
0.7361417322834646
20
-2.1515686614173228
11
0.7363937401574803
21
-2.153912283464567
0
LINE
8
BLACK
6
CONTINUOUS
10
0.7363937401574803
20
-2.153912283464567
11
0.7363938188976378
21
-2.1539125590551182
0
LINE
8
BLACK
6
CONTINUOUS
10
0.7363938188976378
20
-2.1539125590551182
11
0.7383718503937008
21
-2.1592159842519685
0
LINE
8
BLACK
6
CONTINUOUS
10
0.7383718503937008
20
-2.1592159842519685
11
0.7383720078740157
21
-2.1592162598425197
0
LINE
8
BLACK
6
CONTINUOUS
10
0.7383720078740157
20
-2.1592162598425197
11
0.7417641338582677
21
-2.1637475196850393
0
LINE
8
BLACK
6
CONTINUOUS
10
0.7417641338582677
20
-2.1637475196850393
11
0.7417642519685039
21
-2.1637476377952756
0
LINE
8
BLACK
6
CONTINUOUS
10
0.7417642519685039
20
-2.1637476377952756
11
0.7462955118110236
21
-2.1671397637795273
0
LINE
8
BLACK
6
CONTINUOUS
10
0.7462955118110236
20
-2.1671397637795273
11
0.7462957874015748
21
-2.1671399212598423
0
LINE
8
BLACK
6
CONTINUOUS
10
0.7462957874015748
20
-2.1671399212598423
11
0.7515992125984252
21
-2.1691179527559052
0
LINE
8
BLACK
6
CONTINUOUS
10
0.7515992125984252
20
-2.1691179527559052
11
0.7515994881889764
21
-2.1691180314960627
0
LINE
8
BLACK
6
CONTINUOUS
10
0.7515994881889764
20
-2.1691180314960627
11
0.7539431102362204
21
-2.1693700393700786
0
LINE
8
BLACK
6
CONTINUOUS
10
0.7539431102362204
20
-2.1693700393700786
11
0.7539437795275591
21
-2.1693700787401573
0
LINE
8
BLACK
6
CONTINUOUS
10
0.7539437795275591
20
-2.1693700787401573
11
0.775984251968504
21
-2.1693700787401573
0
LINE
8
BLACK
6
CONTINUOUS
10
0.775984251968504
20
-2.1693700787401573
11
0.775984251968504
21
-2.1496850393700786
0
LINE
8
BLACK
6
CONTINUOUS
10
0.775984251968504
20
-2.1496850393700786
11
0.7558267716535433
21
-2.1496850393700786
0
LINE
8
BLACK
6
CONTINUOUS
10
0.7558267716535433
20
-2.1496850393700786
11
0.7558267716535433
21
-2.1295275590551181
0
LINE
8
BLACK
6
CONTINUOUS
10
0.7558267716535433
20
-2.1295275590551181
11
0.7361417322834646
21
-2.1295275590551181
0
LINE
8
BLACK
6
CONTINUOUS
10
0.8158267716535433
20
-2.1295275590551181
11
0.8158267716535433
21
-2.1496850393700786
0
LINE
8
BLACK
6
CONTINUOUS
10
0.8158267716535433
20
-2.1496850393700786
11
0.7956692913385827
21
-2.1496850393700786
0
LINE
8
BLACK
6
CONTINUOUS
10
0.7956692913385827
20
-2.1496850393700786
11
0.7956692913385827
21
-2.1693700787401573
0
LINE
8
BLACK
6
CONTINUOUS
10
0.7956692913385827
20
-2.1693700787401573
11
0.8177097637795275
21
-2.1693700787401573
0
LINE
8
BLACK
6
CONTINUOUS
10
0.8177097637795275
20
-2.1693700787401573
11
0.8177103937007874
21
-2.1693700393700786
0
LINE
8
BLACK
6
CONTINUOUS
10
0.8177103937007874
20
-2.1693700393700786
11
0.8200540157480315
21
-2.1691180314960627
0
LINE
8
BLACK
6
CONTINUOUS
10
0.8200540157480315
20
-2.1691180314960627
11
0.8200542913385827
21
-2.1691179527559052
0
LINE
8
BLACK
6
CONTINUOUS
10
0.8200542913385827
20
-2.1691179527559052
11
0.8253577165354331
21
-2.1671399212598423
0
LINE
8
BLACK
6
CONTINUOUS
10
0.8253577165354331
20
-2.1671399212598423
11
0.8253579921259843
21
-2.1671397637795273
0
LINE
8
BLACK
6
CONTINUOUS
10
0.8253579921259843
20
-2.1671397637795273
11
0.8298892125984252
21
-2.1637476771653543
0
LINE
8
BLACK
6
CONTINUOUS
10
0.8298892125984252
20
-2.1637476771653543
11
0.8319186220472441
21
-2.1610367716535435
0
LINE
8
BLACK
6
CONTINUOUS
10
0.8319186220472441
20
-2.1610367716535435
11
0.8341207480314961
21
-2.1593883070866142
0
LINE
8
BLACK
6
CONTINUOUS
10
0.8341207480314961
20
-2.1593883070866142
11
0.836864527559055
21
-2.1591920866141732
0
LINE
8
BLACK
6
CONTINUOUS
10
0.836864527559055
20
-2.1591920866141732
11
0.8392788188976378
21
-2.1605103937007875
0
LINE
8
BLACK
6
CONTINUOUS
10
0.8392788188976378
20
-2.1605103937007875
11
0.8397349212598425
21
-2.1610367716535435
0
LINE
8
BLACK
6
CONTINUOUS
10
0.8397349212598425
20
-2.1610367716535435
11
0.8417642913385827
21
-2.1637476771653543
0
LINE
8
BLACK
6
CONTINUOUS
10
0.8417642913385827
20
-2.1637476771653543
11
0.8462955118110236
21
-2.1671397637795273
0
LINE
8
BLACK
6
CONTINUOUS
10
0.8462955118110236
20
-2.1671397637795273
11
0.8462957874015747
21
-2.1671399212598423
0
LINE
8
BLACK
6
CONTINUOUS
10
0.8462957874015747
20
-2.1671399212598423
11
0.8515992125984252
21
-2.1691179527559052
0
LINE
8
BLACK
6
CONTINUOUS
10
0.8515992125984252
20
-2.1691179527559052
11
0.8515994881889764
21
-2.1691180314960627
0
LINE
8
BLACK
6
CONTINUOUS
10
0.8515994881889764
20
-2.1691180314960627
11
0.8539431102362205
21
-2.1693700393700786
0
LINE
8
BLACK
6
CONTINUOUS
10
0.8539431102362205
20
-2.1693700393700786
11
0.8539437795275591
21
-2.1693700787401573
0
LINE
8
BLACK
6
CONTINUOUS
10
0.8539437795275591
20
-2.1693700787401573
11
0.8759842519685039
21
-2.1693700787401573
0
LINE
8
BLACK
6
CONTINUOUS
10
0.8759842519685039
20
-2.1693700787401573
11
0.8759842519685039
21
-2.1496850393700786
0
LINE
8
BLACK
6
CONTINUOUS
10
0.8759842519685039
20
-2.1496850393700786
11
0.8558267716535433
21
-2.1496850393700786
0
LINE
8
BLACK
6
CONTINUOUS
10
0.8558267716535433
20
-2.1496850393700786
11
0.8558267716535433
21
-2.1295275590551181
0
LINE
8
BLACK
6
CONTINUOUS
10
0.8558267716535433
20
-2.1295275590551181
11
0.8158267716535433
21
-2.1295275590551181
0
LINE
8
BLACK
6
CONTINUOUS
10
0.9158267716535433
20
-2.1496850393700786
11
0.8956692913385826
21
-2.1496850393700786
0
LINE
8
BLACK
6
CONTINUOUS
10
0.8956692913385826
20
-2.1496850393700786
11
0.8956692913385826
21
-2.1693700787401573
0
LINE
8
BLACK
6
CONTINUOUS
10
0.8956692913385826
20
-2.1693700787401573
11
0.9177097637795275
21
-2.1693700787401573
0
LINE
8
BLACK
6
CONTINUOUS
10
0.9177097637795275
20
-2.1693700787401573
11
0.9177103937007873
21
-2.1693700393700786
0
LINE
8
BLACK
6
CONTINUOUS
10
0.9177103937007873
20
-2.1693700393700786
11
0.9200540157480315
21
-2.1691180314960627
0
LINE
8
BLACK
6
CONTINUOUS
10
0.9200540157480315
20
-2.1691180314960627
11
0.9200542913385826
21
-2.1691179527559052
0
LINE
8
BLACK
6
CONTINUOUS
10
0.9200542913385826
20
-2.1691179527559052
11
0.9253577165354331
21
-2.1671399212598423
0
LINE
8
BLACK
6
CONTINUOUS
10
0.9253577165354331
20
-2.1671399212598423
11
0.9253579921259842
21
-2.1671397637795273
0
LINE
8
BLACK
6
CONTINUOUS
10
0.9253579921259842
20
-2.1671397637795273
11
0.9298892519685039
21
-2.1637476377952756
0
LINE
8
BLACK
6
CONTINUOUS
10
0.9298892519685039
20
-2.1637476377952756
11
0.9298893700787402
21
-2.1637475196850393
0
LINE
8
BLACK
6
CONTINUOUS
10
0.9298893700787402
20
-2.1637475196850393
11
0.9332814960629922
21
-2.1592162598425197
0
LINE
8
BLACK
6
CONTINUOUS
10
0.9332814960629922
20
-2.1592162598425197
11
0.9332816535433071
21
-2.1592159842519685
0
LINE
8
BLACK
6
CONTINUOUS
10
0.9332816535433071
20
-2.1592159842519685
11
0.9352596850393701
21
-2.1539125590551182
0
LINE
8
BLACK
6
CONTINUOUS
10
0.9352596850393701
20
-2.1539125590551182
11
0.9352597637795276
21
-2.153912283464567
0
LINE
8
BLACK
6
CONTINUOUS
10
0.9352597637795276
20
-2.153912283464567
11
0.9355117716535433
21
-2.1515686614173228
0
LINE
8
BLACK
6
CONTINUOUS
10
0.9355117716535433
20
-2.1515686614173228
11
0.935511811023622
21
-2.151567992125984
0
LINE
8
BLACK
6
CONTINUOUS
10
0.935511811023622
20
-2.151567992125984
11
0.935511811023622
21
-2.1295275590551181
0
LINE
8
BLACK
6
CONTINUOUS
10
0.935511811023622
20
-2.1295275590551181
11
0.9158267716535433
21
-2.1295275590551181
0
LINE
8
BLACK
6
CONTINUOUS
10
0.9158267716535433
20
-2.1295275590551181
11
0.9158267716535433
21
-2.1496850393700786
0
LINE
8
BLACK
6
CONTINUOUS
10
0.8956692913385826
20
-2.0896850393700785
11
0.9158267716535433
21
-2.0896850393700785
0
LINE
8
BLACK
6
CONTINUOUS
10
0.9158267716535433
20
-2.0896850393700785
11
0.9158267716535433
21
-2.1098425196850394
0
LINE
8
BLACK
6
CONTINUOUS
10
0.9158267716535433
20
-2.1098425196850394
11
0.935511811023622
21
-2.1098425196850394
0
LINE
8
BLACK
6
CONTINUOUS
10
0.935511811023622
20
-2.1098425196850394
11
0.935511811023622
21
-2.0878020472440944
0
LINE
8
BLACK
6
CONTINUOUS
10
0.935511811023622
20
-2.0878020472440944
11
0.9355117716535433
21
-2.087801377952756
0
LINE
8
BLACK
6
CONTINUOUS
10
0.9355117716535433
20
-2.087801377952756
11
0.9352597637795276
21
-2.0854577559055119
0
LINE
8
BLACK
6
CONTINUOUS
10
0.9352597637795276
20
-2.0854577559055119
11
0.9352596850393701
21
-2.0854574803149606
0
LINE
8
BLACK
6
CONTINUOUS
10
0.9352596850393701
20
-2.0854574803149606
11
0.9332816535433071
21
-2.0801540551181104
0
LINE
8
BLACK
6
CONTINUOUS
10
0.9332816535433071
20
-2.0801540551181104
11
0.9332814960629922
21
-2.0801537795275591
0
LINE
8
BLACK
6
CONTINUOUS
10
0.9332814960629922
20
-2.0801537795275591
11
0.9298893700787402
21
-2.0756225196850395
0
LINE
8
BLACK
6
CONTINUOUS
10
0.9298893700787402
20
-2.0756225196850395
11
0.9298892519685039
21
-2.0756224015748033
0
LINE
8
BLACK
6
CONTINUOUS
10
0.9298892519685039
20
-2.0756224015748033
11
0.9253579921259842
21
-2.0722302755905511
0
LINE
8
BLACK
6
CONTINUOUS
10
0.9253579921259842
20
-2.0722302755905511
11
0.9253577165354331
21
-2.0722301181102361
0
LINE
8
BLACK
6
CONTINUOUS
10
0.9253577165354331
20
-2.0722301181102361
11
0.9200542913385826
21
-2.0702520866141731
0
LINE
8
BLACK
6
CONTINUOUS
10
0.9200542913385826
20
-2.0702520866141731
11
0.9200540157480315
21
-2.0702520078740156
0
LINE
8
BLACK
6
CONTINUOUS
10
0.9200540157480315
20
-2.0702520078740156
11
0.9177103937007873
21
-2.0699999999999998
0
LINE
8
BLACK
6
CONTINUOUS
10
0.9177103937007873
20
-2.0699999999999998
11
0.8956692913385826
21
-2.0699999999999998
0
LINE
8
BLACK
6
CONTINUOUS
10
0.8956692913385826
20
-2.0699999999999998
11
0.8956692913385826
21
-2.0896850393700785
0
LINE
8
BLACK
6
CONTINUOUS
10
0.7956692913385827
20
-2.0896850393700785
11
0.8158267716535433
21
-2.0896850393700785
0
LINE
8
BLACK
6
CONTINUOUS
10
0.8158267716535433
20
-2.0896850393700785
11
0.8158267716535433
21
-2.1098425196850394
0
LINE
8
BLACK
6
CONTINUOUS
10
0.8158267716535433
20
-2.1098425196850394
11
0.8558267716535433
21
-2.1098425196850394
0
LINE
8
BLACK
6
CONTINUOUS
10
0.8558267716535433
20
-2.1098425196850394
11
0.8558267716535433
21
-2.0896850393700785
0
LINE
8
BLACK
6
CONTINUOUS
10
0.8558267716535433
20
-2.0896850393700785
11
0.8759842519685039
21
-2.0896850393700785
0
LINE
8
BLACK
6
CONTINUOUS
10
0.8759842519685039
20
-2.0896850393700785
11
0.8759842519685039
21
-2.0699999999999998
0
LINE
8
BLACK
6
CONTINUOUS
10
0.8759842519685039
20
-2.0699999999999998
11
0.8539431102362205
21
-2.0699999999999998
0
LINE
8
BLACK
6
CONTINUOUS
10
0.8539431102362205
20
-2.0699999999999998
11
0.8515994881889764
21
-2.0702520078740156
0
LINE
8
BLACK
6
CONTINUOUS
10
0.8515994881889764
20
-2.0702520078740156
11
0.8515992125984252
21
-2.0702520866141731
0
LINE
8
BLACK
6
CONTINUOUS
10
0.8515992125984252
20
-2.0702520866141731
11
0.8462957874015747
21
-2.0722301181102361
0
LINE
8
BLACK
6
CONTINUOUS
10
0.8462957874015747
20
-2.0722301181102361
11
0.8462955118110236
21
-2.0722302755905511
0
LINE
8
BLACK
6
CONTINUOUS
10
0.8462955118110236
20
-2.0722302755905511
11
0.8417642519685039
21
-2.0756224015748033
0
LINE
8
BLACK
6
CONTINUOUS
10
0.8417642519685039
20
-2.0756224015748033
11
0.8397348818897638
21
-2.0783333070866141
0
LINE
8
BLACK
6
CONTINUOUS
10
0.8397348818897638
20
-2.0783333070866141
11
0.8375327559055118
21
-2.0799817322834646
0
LINE
8
BLACK
6
CONTINUOUS
10
0.8375327559055118
20
-2.0799817322834646
11
0.8347890157480314
21
-2.0801779527559057
0
LINE
8
BLACK
6
CONTINUOUS
10
0.8347890157480314
20
-2.0801779527559057
11
0.8323747244094488
21
-2.0788596062992126
0
LINE
8
BLACK
6
CONTINUOUS
10
0.8323747244094488
20
-2.0788596062992126
11
0.8319186614173228
21
-2.0783333070866141
0
LINE
8
BLACK
6
CONTINUOUS
10
0.8319186614173228
20
-2.0783333070866141
11
0.8298892519685039
21
-2.0756224015748033
0
LINE
8
BLACK
6
CONTINUOUS
10
0.8298892519685039
20
-2.0756224015748033
11
0.8253579921259843
21
-2.0722302755905511
0
LINE
8
BLACK
6
CONTINUOUS
10
0.8253579921259843
20
-2.0722302755905511
11
0.8253577165354331
21
-2.0722301181102361
0
LINE
8
BLACK
6
CONTINUOUS
10
0.8253577165354331
20
-2.0722301181102361
11
0.8200542913385827
21
-2.0702520866141731
0
LINE
8
BLACK
6
CONTINUOUS
10
0.8200542913385827
20
-2.0702520866141731
11
0.8200540157480315
21
-2.0702520078740156
0
LINE
8
BLACK
6
CONTINUOUS
10
0.8200540157480315
20
-2.0702520078740156
11
0.8177103937007874
21
-2.0699999999999998
0
LINE
8
BLACK
6
CONTINUOUS
10
0.8177103937007874
20
-2.0699999999999998
11
0.7956692913385827
21
-2.0699999999999998
0
LINE
8
BLACK
6
CONTINUOUS
10
0.7956692913385827
20
-2.0699999999999998
11
0.7956692913385827
21
-2.0896850393700785
0
LINE
8
BLACK
6
CONTINUOUS
10
-0.4996850393700787
20
-2.0283464566929132
11
-0.4996850393700787
21
-2.0503875590551179
0
LINE
8
BLACK
6
CONTINUOUS
10
-0.4996850393700787
20
-2.0503875590551179
11
-0.499433031496063
21
-2.0527311811023621
0
LINE
8
BLACK
6
CONTINUOUS
10
-0.499433031496063
20
-2.0527311811023621
11
-0.4994329527559055
21
-2.0527314566929133
0
LINE
8
BLACK
6
CONTINUOUS
10
-0.4994329527559055
20
-2.0527314566929133
11
-0.4974549212598425
21
-2.0580348818897636
0
LINE
8
BLACK
6
CONTINUOUS
10
-0.4974549212598425
20
-2.0580348818897636
11
-0.4974547637795275
21
-2.0580351574803148
0
LINE
8
BLACK
6
CONTINUOUS
10
-0.4974547637795275
20
-2.0580351574803148
11
-0.4940626377952756
21
-2.0625664173228344
0
LINE
8
BLACK
6
CONTINUOUS
10
-0.4940626377952756
20
-2.0625664173228344
11
-0.4940625196850393
21
-2.0625665354330707
0
LINE
8
BLACK
6
CONTINUOUS
10
-0.4940625196850393
20
-2.0625665354330707
11
-0.4895312598425197
21
-2.0659586614173229
0
LINE
8
BLACK
6
CONTINUOUS
10
-0.4895312598425197
20
-2.0659586614173229
11
-0.4895309842519685
21
-2.0659588188976379
0
LINE
8
BLACK
6
CONTINUOUS
10
-0.4895309842519685
20
-2.0659588188976379
11
-0.4842275590551181
21
-2.0679368503937008
0
LINE
8
BLACK
6
CONTINUOUS
10
-0.4842275590551181
20
-2.0679368503937008
11
-0.4842272834645669
21
-2.0679369291338583
0
LINE
8
BLACK
6
CONTINUOUS
10
-0.4842272834645669
20
-2.0679369291338583
11
-0.4818836614173228
21
-2.0681889370078741
0
LINE
8
BLACK
6
CONTINUOUS
10
-0.4818836614173228
20
-2.0681889370078741
11
-0.4818829921259842
21
-2.0681889763779528
0
LINE
8
BLACK
6
CONTINUOUS
10
-0.4818829921259842
20
-2.0681889763779528
11
-0.4598425196850394
21
-2.0681889763779528
0
LINE
8
BLACK
6
CONTINUOUS
10
-0.4598425196850394
20
-2.0681889763779528
11
-0.4598425196850394
21
-2.0485039370078741
0
LINE
8
BLACK
6
CONTINUOUS
10
-0.4598425196850394
20
-2.0485039370078741
11
-0.48
21
-2.0485039370078741
0
LINE
8
BLACK
6
CONTINUOUS
10
-0.48
20
-2.0485039370078741
11
-0.48
21
-2.0283464566929132
0
LINE
8
BLACK
6
CONTINUOUS
10
-0.48
20
-2.0283464566929132
11
-0.4996850393700787
21
-2.0283464566929132
0
LINE
8
BLACK
6
CONTINUOUS
10
-0.42
20
-2.0485039370078741
11
-0.4401574803149606
21
-2.0485039370078741
0
LINE
8
BLACK
6
CONTINUOUS
10
-0.4401574803149606
20
-2.0485039370078741
11
-0.4401574803149606
21
-2.0681889763779528
0
LINE
8
BLACK
6
CONTINUOUS
10
-0.4401574803149606
20
-2.0681889763779528
11
-0.4181170078740157
21
-2.0681889763779528
0
LINE
8
BLACK
6
CONTINUOUS
10
-0.4181170078740157
20
-2.0681889763779528
11
-0.4181163779527559
21
-2.0681889370078741
0
LINE
8
BLACK
6
CONTINUOUS
10
-0.4181163779527559
20
-2.0681889370078741
11
-0.4157727559055118
21
-2.0679369291338583
0
LINE
8
BLACK
6
CONTINUOUS
10
-0.4157727559055118
20
-2.0679369291338583
11
-0.4157724803149606
21
-2.0679368503937008
0
LINE
8
BLACK
6
CONTINUOUS
10
-0.4157724803149606
20
-2.0679368503937008
11
-0.4104690551181102
21
-2.0659588188976379
0
LINE
8
BLACK
6
CONTINUOUS
10
-0.4104690551181102
20
-2.0659588188976379
11
-0.4104687795275591
21
-2.0659586614173229
0
LINE
8
BLACK
6
CONTINUOUS
10
-0.4104687795275591
20
-2.0659586614173229
11
-0.4059375196850394
21
-2.0625665354330707
0
LINE
8
BLACK
6
CONTINUOUS
10
-0.4059375196850394
20
-2.0625665354330707
11
-0.4059374015748031
21
-2.0625664173228344
0
LINE
8
BLACK
6
CONTINUOUS
10
-0.4059374015748031
20
-2.0625664173228344
11
-0.4025452755905512
21
-2.0580351574803148
0
LINE
8
BLACK
6
CONTINUOUS
10
-0.4025452755905512
20
-2.0580351574803148
11
-0.4025451181102362
21
-2.0580348818897636
0
LINE
8
BLACK
6
CONTINUOUS
10
-0.4025451181102362
20
-2.0580348818897636
11
-0.4005670866141732
21
-2.0527314566929133
0
LINE
8
BLACK
6
CONTINUOUS
10
-0.4005670866141732
20
-2.0527314566929133
11
-0.4005670078740157
21
-2.0527311811023621
0
LINE
8
BLACK
6
CONTINUOUS
10
-0.4005670078740157
20
-2.0527311811023621
11
-0.400315
21
-2.0503875590551179
0
LINE
8
BLACK
6
CONTINUOUS
10
-0.400315
20
-2.0503875590551179
11
-0.4003149606299212
21
-2.0503868897637796
0
LINE
8
BLACK
6
CONTINUOUS
10
-0.4003149606299212
20
-2.0503868897637796
11
-0.4003149606299212
21
-2.0283464566929132
0
LINE
8
BLACK
6
CONTINUOUS
10
-0.4003149606299212
20
-2.0283464566929132
11
-0.42
21
-2.0283464566929132
0
LINE
8
BLACK
6
CONTINUOUS
10
-0.42
20
-2.0283464566929132
11
-0.42
21
-2.0485039370078741
0
LINE
8
BLACK
6
CONTINUOUS
10
-0.42
20
-1.9485039370078741
11
-0.4401574803149606
21
-1.9485039370078741
0
LINE
8
BLACK
6
CONTINUOUS
10
-0.4401574803149606
20
-1.9485039370078741
11
-0.4401574803149606
21
-1.9885039370078739
0
LINE
8
BLACK
6
CONTINUOUS
10
-0.4401574803149606
20
-1.9885039370078739
11
-0.42
21
-1.9885039370078739
0
LINE
8
BLACK
6
CONTINUOUS
10
-0.42
20
-1.9885039370078739
11
-0.42
21
-2.0086614173228345
0
LINE
8
BLACK
6
CONTINUOUS
10
-0.42
20
-2.0086614173228345
11
-0.4003149606299212
21
-2.0086614173228345
0
LINE
8
BLACK
6
CONTINUOUS
10
-0.4003149606299212
20
-2.0086614173228345
11
-0.4003149606299212
21
-1.9877262598425196
0
LINE
8
BLACK
6
CONTINUOUS
10
-0.4003149606299212
20
-1.9877262598425196
11
-0.4003149606299212
21
-1.9866209448818897
0
LINE
8
BLACK
6
CONTINUOUS
10
-0.4003149606299212
20
-1.9866209448818897
11
-0.400315
21
-1.9866202755905511
0
LINE
8
BLACK
6
CONTINUOUS
10
-0.400315
20
-1.9866202755905511
11
-0.4005670078740157
21
-1.984276653543307
0
LINE
8
BLACK
6
CONTINUOUS
10
-0.4005670078740157
20
-1.984276653543307
11
-0.4005670866141732
21
-1.9842763779527559
0
LINE
8
BLACK
6
CONTINUOUS
10
-0.4005670866141732
20
-1.9842763779527559
11
-0.4025451181102362
21
-1.9789729527559055
0
LINE
8
BLACK
6
CONTINUOUS
10
-0.4025451181102362
20
-1.9789729527559055
11
-0.4025452755905512
21
-1.9789726771653542
0
LINE
8
BLACK
6
CONTINUOUS
10
-0.4025452755905512
20
-1.9789726771653542
11
-0.4059373622047244
21
-1.9744414566929134
0
LINE
8
BLACK
6
CONTINUOUS
10
-0.4059373622047244
20
-1.9744414566929134
11
-0.4086482677165354
21
-1.9724120866141732
0
LINE
8
BLACK
6
CONTINUOUS
10
-0.4086482677165354
20
-1.9724120866141732
11
-0.4102967322834646
21
-1.9702099606299213
0
LINE
8
BLACK
6
CONTINUOUS
10
-0.4102967322834646
20
-1.9702099606299213
11
-0.4104929527559055
21
-1.9674661811023622
0
LINE
8
BLACK
6
CONTINUOUS
10
-0.4104929527559055
20
-1.9674661811023622
11
-0.4091746456692913
21
-1.9650518897637794
0
LINE
8
BLACK
6
CONTINUOUS
10
-0.4091746456692913
20
-1.9650518897637794
11
-0.4086482677165354
21
-1.9645957874015747
0
LINE
8
BLACK
6
CONTINUOUS
10
-0.4086482677165354
20
-1.9645957874015747
11
-0.4059373622047244
21
-1.9625663779527558
0
LINE
8
BLACK
6
CONTINUOUS
10
-0.4059373622047244
20
-1.9625663779527558
11
-0.4025452755905512
21
-1.958035157480315
0
LINE
8
BLACK
6
CONTINUOUS
10
-0.4025452755905512
20
-1.958035157480315
11
-0.4025451181102362
21
-1.9580348818897637
0
LINE
8
BLACK
6
CONTINUOUS
10
-0.4025451181102362
20
-1.9580348818897637
11
-0.4005670866141732
21
-1.9527314566929133
0
LINE
8
BLACK
6
CONTINUOUS
10
-0.4005670866141732
20
-1.9527314566929133
11
-0.4005670078740157
21
-1.9527311811023622
0
LINE
8
BLACK
6
CONTINUOUS
10
-0.4005670078740157
20
-1.9527311811023622
11
-0.400315
21
-1.9503875590551181
0
LINE
8
BLACK
6
CONTINUOUS
10
-0.400315
20
-1.9503875590551181
11
-0.4003149606299212
21
-1.9503868897637795
0
LINE
8
BLACK
6
CONTINUOUS
10
-0.4003149606299212
20
-1.9503868897637795
11
-0.4003149606299212
21
-1.9283464566929134
0
LINE
8
BLACK
6
CONTINUOUS
10
-0.4003149606299212
20
-1.9283464566929134
11
-0.42
21
-1.9283464566929134
0
LINE
8
BLACK
6
CONTINUOUS
10
-0.42
20
-1.9283464566929134
11
-0.42
21
-1.9485039370078741
0
LINE
8
BLACK
6
CONTINUOUS
10
0.7479330708661417
20
-2.0504626771653545
11
0.7483909842519685
21
-2.0527649212598424
0
LINE
8
BLACK
6
CONTINUOUS
10
0.7483909842519685
20
-2.0527649212598424
11
0.7483910236220472
21
-2.0527649606299212
0
LINE
8
BLACK
6
CONTINUOUS
10
0.7483910236220472
20
-2.0527649606299212
11
0.7501357086614173
21
-2.0553760629921261
0
LINE
8
BLACK
6
CONTINUOUS
10
0.7501357086614173
20
-2.0553760629921261
11
0.7527468110236221
21
-2.0571207480314961
0
LINE
8
BLACK
6
CONTINUOUS
10
0.7527468110236221
20
-2.0571207480314961
11
0.7527468503937008
21
-2.0571207874015749
0
LINE
8
BLACK
6
CONTINUOUS
10
0.7527468503937008
20
-2.0571207874015749
11
0.7550490944881889
21
-2.0575787007874013
0
LINE
8
BLACK
6
CONTINUOUS
10
0.7550490944881889
20
-2.0575787007874013
11
0.7550492125984252
21
-2.0575787401574801
0
LINE
8
BLACK
6
CONTINUOUS
10
0.7550492125984252
20
-2.0575787401574801
11
0.7550492913385827
21
-2.0575787401574801
0
LINE
8
BLACK
6
CONTINUOUS
10
0.7550492913385827
20
-2.0575787401574801
11
0.8166043307086615
21
-2.0575787401574801
0
LINE
8
BLACK
6
CONTINUOUS
10
0.8166043307086615
20
-2.0575787401574801
11
0.8166043700787401
21
-2.0575787007874013
0
LINE
8
BLACK
6
CONTINUOUS
10
0.8166043700787401
20
-2.0575787007874013
11
0.8171877165354331
21
-2.0574626771653541
0
LINE
8
BLACK
6
CONTINUOUS
10
0.8171877165354331
20
-2.0574626771653541
11
0.8189066535433071
21
-2.0571207874015749
0
LINE
8
BLACK
6
CONTINUOUS
10
0.8189066535433071
20
-2.0571207874015749
11
0.8189066535433071
21
-2.0571207480314961
0
LINE
8
BLACK
6
CONTINUOUS
10
0.8189066535433071
20
-2.0571207480314961
11
0.8189067322834646
21
-2.0571207480314961
0
LINE
8
BLACK
6
CONTINUOUS
10
0.8189067322834646
20
-2.0571207480314961
11
0.8215177952755905
21
-2.0553760629921261
0
LINE
8
BLACK
6
CONTINUOUS
10
0.8215177952755905
20
-2.0553760629921261
11
0.8232624803149606
21
-2.052765
0
LINE
8
BLACK
6
CONTINUOUS
10
0.8232624803149606
20
-2.052765
11
0.8232624803149606
21
-2.0527649212598424
0
LINE
8
BLACK
6
CONTINUOUS
10
0.8232624803149606
20
-2.0527649212598424
11
0.8232625196850394
21
-2.0527649212598424
0
LINE
8
BLACK
6
CONTINUOUS
10
0.8232625196850394
20
-2.0527649212598424
11
0.8237204330708662
21
-2.0504626771653545
0
LINE
8
BLACK
6
CONTINUOUS
10
0.8237204330708662
20
-2.0504626771653545
11
0.8237204724409448
21
-2.050462598425197
0
LINE
8
BLACK
6
CONTINUOUS
10
0.8237204724409448
20
-2.050462598425197
11
0.8237204724409448
21
-1.9889074409448819
0
LINE
8
BLACK
6
CONTINUOUS
10
0.8237204724409448
20
-1.9889074409448819
11
0.8237204330708662
21
-1.9889073622047244
0
LINE
8
BLACK
6
CONTINUOUS
10
0.8237204330708662
20
-1.9889073622047244
11
0.8232625196850394
21
-1.9866051181102362
0
LINE
8
BLACK
6
CONTINUOUS
10
0.8232625196850394
20
-1.9866051181102362
11
0.8232624803149606
21
-1.9866050787401575
0
LINE
8
BLACK
6
CONTINUOUS
10
0.8232624803149606
20
-1.9866050787401575
11
0.8215177952755905
21
-1.9839939763779526
0
LINE
8
BLACK
6
CONTINUOUS
10
0.8215177952755905
20
-1.9839939763779526
11
0.8189066929133858
21
-1.9822492913385827
0
LINE
8
BLACK
6
CONTINUOUS
10
0.8189066929133858
20
-1.9822492913385827
11
0.8189066535433071
21
-1.982249251968504
0
LINE
8
BLACK
6
CONTINUOUS
10
0.8189066535433071
20
-1.982249251968504
11
0.8166044094488188
21
-1.9817913385826771
0
LINE
8
BLACK
6
CONTINUOUS
10
0.8166044094488188
20
-1.9817913385826771
11
0.8166042519685039
21
-1.9817913385826771
0
LINE
8
BLACK
6
CONTINUOUS
10
0.8166042519685039
20
-1.9817913385826771
11
0.7550492913385827
21
-1.9817913385826771
0
LINE
8
BLACK
6
CONTINUOUS
10
0.7550492913385827
20
-1.9817913385826771
11
0.7550490944881889
21
-1.9817913385826771
0
LINE
8
BLACK
6
CONTINUOUS
10
0.7550490944881889
20
-1.9817913385826771
11
0.7527468503937008
21
-1.982249251968504
0
LINE
8
BLACK
6
CONTINUOUS
10
0.7527468503937008
20
-1.982249251968504
11
0.7527468110236221
21
-1.9822492913385827
0
LINE
8
BLACK
6
CONTINUOUS
10
0.7527468110236221
20
-1.9822492913385827
11
0.7501357086614173
21
-1.9839939763779526
0
LINE
8
BLACK
6
CONTINUOUS
10
0.7501357086614173
20
-1.9839939763779526
11
0.7483910236220472
21
-1.9866050787401575
0
LINE
8
BLACK
6
CONTINUOUS
10
0.7483910236220472
20
-1.9866050787401575
11
0.7483909842519685
21
-1.9866051181102362
0
LINE
8
BLACK
6
CONTINUOUS
10
0.7483909842519685
20
-1.9866051181102362
11
0.7479330708661417
21
-1.9889073622047244
0
LINE
8
BLACK
6
CONTINUOUS
10
0.7479330708661417
20
-1.9889073622047244
11
0.7479330708661417
21
-2.0504626771653545
0
LINE
8
BLACK
6
CONTINUOUS
10
0.8479330708661417
20
-2.0504626771653545
11
0.8483909842519685
21
-2.0527649212598424
0
LINE
8
BLACK
6
CONTINUOUS
10
0.8483909842519685
20
-2.0527649212598424
11
0.8483910236220472
21
-2.0527649606299212
0
LINE
8
BLACK
6
CONTINUOUS
10
0.8483910236220472
20
-2.0527649606299212
11
0.8501357086614173
21
-2.0553760629921261
0
LINE
8
BLACK
6
CONTINUOUS
10
0.8501357086614173
20
-2.0553760629921261
11
0.852746811023622
21
-2.0571207480314961
0
LINE
8
BLACK
6
CONTINUOUS
10
0.852746811023622
20
-2.0571207480314961
11
0.8527468503937008
21
-2.0571207874015749
0
LINE
8
BLACK
6
CONTINUOUS
10
0.8527468503937008
20
-2.0571207874015749
11
0.855049094488189
21
-2.0575787007874013
0
LINE
8
BLACK
6
CONTINUOUS
10
0.855049094488189
20
-2.0575787007874013
11
0.8550492125984251
21
-2.0575787401574801
0
LINE
8
BLACK
6
CONTINUOUS
10
0.8550492125984251
20
-2.0575787401574801
11
0.8550492913385827
21
-2.0575787401574801
0
LINE
8
BLACK
6
CONTINUOUS
10
0.8550492913385827
20
-2.0575787401574801
11
0.9166043307086614
21
-2.0575787401574801
0
LINE
8
BLACK
6
CONTINUOUS
10
0.9166043307086614
20
-2.0575787401574801
11
0.9166043700787402
21
-2.0575787007874013
0
LINE
8
BLACK
6
CONTINUOUS
10
0.9166043700787402
20
-2.0575787007874013
11
0.9171877165354331
21
-2.0574626771653541
0
LINE
8
BLACK
6
CONTINUOUS
10
0.9171877165354331
20
-2.0574626771653541
11
0.918906653543307
21
-2.0571207874015749
0
LINE
8
BLACK
6
CONTINUOUS
10
0.918906653543307
20
-2.0571207874015749
11
0.918906653543307
21
-2.0571207480314961
0
LINE
8
BLACK
6
CONTINUOUS
10
0.918906653543307
20
-2.0571207480314961
11
0.9189067322834645
21
-2.0571207480314961
0
LINE
8
BLACK
6
CONTINUOUS
10
0.9189067322834645
20
-2.0571207480314961
11
0.9215177952755905
21
-2.0553760629921261
0
LINE
8
BLACK
6
CONTINUOUS
10
0.9215177952755905
20
-2.0553760629921261
11
0.9232624803149606
21
-2.052765
0
LINE
8
BLACK
6
CONTINUOUS
10
0.9232624803149606
20
-2.052765
11
0.9232624803149606
21
-2.0527649212598424
0
LINE
8
BLACK
6
CONTINUOUS
10
0.9232624803149606
20
-2.0527649212598424
11
0.9232625196850394
21
-2.0527649212598424
0
LINE
8
BLACK
6
CONTINUOUS
10
0.9232625196850394
20
-2.0527649212598424
11
0.9237204330708662
21
-2.0504626771653545
0
LINE
8
BLACK
6
CONTINUOUS
10
0.9237204330708662
20
-2.0504626771653545
11
0.9237204724409449
21
-2.050462598425197
0
LINE
8
BLACK
6
CONTINUOUS
10
0.9237204724409449
20
-2.050462598425197
11
0.9237204724409449
21
-1.9889074409448819
0
LINE
8
BLACK
6
CONTINUOUS
10
0.9237204724409449
20
-1.9889074409448819
11
0.9237204330708662
21
-1.9889073622047244
0
LINE
8
BLACK
6
CONTINUOUS
10
0.9237204330708662
20
-1.9889073622047244
11
0.9232625196850394
21
-1.9866051181102362
0
LINE
8
BLACK
6
CONTINUOUS
10
0.9232625196850394
20
-1.9866051181102362
11
0.9232624803149606
21
-1.9866050787401575
0
LINE
8
BLACK
6
CONTINUOUS
10
0.9232624803149606
20
-1.9866050787401575
11
0.9215177952755905
21
-1.9839939763779526
0
LINE
8
BLACK
6
CONTINUOUS
10
0.9215177952755905
20
-1.9839939763779526
11
0.9189066929133858
21
-1.9822492913385827
0
LINE
8
BLACK
6
CONTINUOUS
10
0.9189066929133858
20
-1.9822492913385827
11
0.918906653543307
21
-1.982249251968504
0
LINE
8
BLACK
6
CONTINUOUS
10
0.918906653543307
20
-1.982249251968504
11
0.9166044094488188
21
-1.9817913385826771
0
LINE
8
BLACK
6
CONTINUOUS
10
0.9166044094488188
20
-1.9817913385826771
11
0.9166042519685039
21
-1.9817913385826771
0
LINE
8
BLACK
6
CONTINUOUS
10
0.9166042519685039
20
-1.9817913385826771
11
0.8550492913385827
21
-1.9817913385826771
0
LINE
8
BLACK
6
CONTINUOUS
10
0.8550492913385827
20
-1.9817913385826771
11
0.855049094488189
21
-1.9817913385826771
0
LINE
8
BLACK
6
CONTINUOUS
10
0.855049094488189
20
-1.9817913385826771
11
0.8527468503937008
21
-1.982249251968504
0
LINE
8
BLACK
6
CONTINUOUS
10
0.8527468503937008
20
-1.982249251968504
11
0.852746811023622
21
-1.9822492913385827
0
LINE
8
BLACK
6
CONTINUOUS
10
0.852746811023622
20
-1.9822492913385827
11
0.8501357086614173
21
-1.9839939763779526
0
LINE
8
BLACK
6
CONTINUOUS
10
0.8501357086614173
20
-1.9839939763779526
11
0.8483910236220472
21
-1.9866050787401575
0
LINE
8
BLACK
6
CONTINUOUS
10
0.8483910236220472
20
-1.9866050787401575
11
0.8483909842519685
21
-1.9866051181102362
0
LINE
8
BLACK
6
CONTINUOUS
10
0.8483909842519685
20
-1.9866051181102362
11
0.8479330708661417
21
-1.9889073622047244
0
LINE
8
BLACK
6
CONTINUOUS
10
0.8479330708661417
20
-1.9889073622047244
11
0.8479330708661417
21
-2.0504626771653545
0
LINE
8
BLACK
6
CONTINUOUS
10
-0.3878937007874015
20
-2.0492815748031497
11
-0.3874357874015748
21
-2.0515838188976376
0
LINE
8
BLACK
6
CONTINUOUS
10
-0.3874357874015748
20
-2.0515838188976376
11
-0.3874357480314961
21
-2.0515838582677164
0
LINE
8
BLACK
6
CONTINUOUS
10
-0.3874357480314961
20
-2.0515838582677164
11
-0.385691062992126
21
-2.0541949606299212
0
LINE
8
BLACK
6
CONTINUOUS
10
-0.385691062992126
20
-2.0541949606299212
11
-0.3830799606299212
21
-2.0559396456692913
0
LINE
8
BLACK
6
CONTINUOUS
10
-0.3830799606299212
20
-2.0559396456692913
11
-0.3830799212598425
21
-2.0559396850393701
0
LINE
8
BLACK
6
CONTINUOUS
10
-0.3830799212598425
20
-2.0559396850393701
11
-0.3807776771653543
21
-2.056397598425197
0
LINE
8
BLACK
6
CONTINUOUS
10
-0.3807776771653543
20
-2.056397598425197
11
-0.3807775590551181
21
-2.0563976377952757
0
LINE
8
BLACK
6
CONTINUOUS
10
-0.3807775590551181
20
-2.0563976377952757
11
-0.3807774803149606
21
-2.0563976377952757
0
LINE
8
BLACK
6
CONTINUOUS
10
-0.3807774803149606
20
-2.0563976377952757
11
-0.3192224409448819
21
-2.0563976377952757
0
LINE
8
BLACK
6
CONTINUOUS
10
-0.3192224409448819
20
-2.0563976377952757
11
-0.3192224015748031
21
-2.056397598425197
0
LINE
8
BLACK
6
CONTINUOUS
10
-0.3192224015748031
20
-2.056397598425197
11
-0.3186390551181102
21
-2.0562815748031498
0
LINE
8
BLACK
6
CONTINUOUS
10
-0.3186390551181102
20
-2.0562815748031498
11
-0.3169201181102362
21
-2.0559396850393701
0
LINE
8
BLACK
6
CONTINUOUS
10
-0.3169201181102362
20
-2.0559396850393701
11
-0.3169201181102362
21
-2.0559396456692913
0
LINE
8
BLACK
6
CONTINUOUS
10
-0.3169201181102362
20
-2.0559396456692913
11
-0.3169200393700787
21
-2.0559396456692913
0
LINE
8
BLACK
6
CONTINUOUS
10
-0.3169200393700787
20
-2.0559396456692913
11
-0.3143089763779527
21
-2.0541949606299212
0
LINE
8
BLACK
6
CONTINUOUS
10
-0.3143089763779527
20
-2.0541949606299212
11
-0.3125642913385827
21
-2.0515838976377951
0
LINE
8
BLACK
6
CONTINUOUS
10
-0.3125642913385827
20
-2.0515838976377951
11
-0.3125642913385827
21
-2.0515838188976376
0
LINE
8
BLACK
6
CONTINUOUS
10
-0.3125642913385827
20
-2.0515838188976376
11
-0.3125642519685039
21
-2.0515838188976376
0
LINE
8
BLACK
6
CONTINUOUS
10
-0.3125642519685039
20
-2.0515838188976376
11
-0.3121063385826772
21
-2.0492815748031497
0
LINE
8
BLACK
6
CONTINUOUS
10
-0.3121063385826772
20
-2.0492815748031497
11
-0.3121062992125984
21
-2.0492814960629921
0
LINE
8
BLACK
6
CONTINUOUS
10
-0.3121062992125984
20
-2.0492814960629921
11
-0.3121062992125984
21
-1.9877263385826771
0
LINE
8
BLACK
6
CONTINUOUS
10
-0.3121062992125984
20
-1.9877263385826771
11
-0.3121063385826772
21
-1.9877262598425196
0
LINE
8
BLACK
6
CONTINUOUS
10
-0.3121063385826772
20
-1.9877262598425196
11
-0.3125642519685039
21
-1.9854240157480314
0
LINE
8
BLACK
6
CONTINUOUS
10
-0.3125642519685039
20
-1.9854240157480314
11
-0.3125642913385827
21
-1.9854239763779526
0
LINE
8
BLACK
6
CONTINUOUS
10
-0.3125642913385827
20
-1.9854239763779526
11
-0.3143089763779527
21
-1.982812874015748
0
LINE
8
BLACK
6
CONTINUOUS
10
-0.3143089763779527
20
-1.982812874015748
11
-0.3169200787401575
21
-1.9810681889763779
0
LINE
8
BLACK
6
CONTINUOUS
10
-0.3169200787401575
20
-1.9810681889763779
11
-0.3169201181102362
21
-1.9810681496062992
0
LINE
8
BLACK
6
CONTINUOUS
10
-0.3169201181102362
20
-1.9810681496062992
11
-0.3192223622047244
21
-1.9806102362204725
0
LINE
8
BLACK
6
CONTINUOUS
10
-0.3192223622047244
20
-1.9806102362204725
11
-0.3192225196850393
21
-1.9806102362204725
0
LINE
8
BLACK
6
CONTINUOUS
10
-0.3192225196850393
20
-1.9806102362204725
11
-0.3807774803149606
21
-1.9806102362204725
0
LINE
8
BLACK
6
CONTINUOUS
10
-0.3807774803149606
20
-1.9806102362204725
11
-0.3807776771653543
21
-1.9806102362204725
0
LINE
8
BLACK
6
CONTINUOUS
10
-0.3807776771653543
20
-1.9806102362204725
11
-0.3830799212598425
21
-1.9810681496062992
0
LINE
8
BLACK
6
CONTINUOUS
10
-0.3830799212598425
20
-1.9810681496062992
11
-0.3830799606299212
21
-1.9810681889763779
0
LINE
8
BLACK
6
CONTINUOUS
10
-0.3830799606299212
20
-1.9810681889763779
11
-0.385691062992126
21
-1.982812874015748
0
LINE
8
BLACK
6
CONTINUOUS
10
-0.385691062992126
20
-1.982812874015748
11
-0.3874357480314961
21
-1.9854239763779526
0
LINE
8
BLACK
6
CONTINUOUS
10
-0.3874357480314961
20
-1.9854239763779526
11
-0.3874357874015748
21
-1.9854240157480314
0
LINE
8
BLACK
6
CONTINUOUS
10
-0.3874357874015748
20
-1.9854240157480314
11
-0.3878937007874015
21
-1.9877262598425196
0
LINE
8
BLACK
6
CONTINUOUS
10
-0.3878937007874015
20
-1.9877262598425196
11
-0.3878937007874015
21
-2.0492815748031497
0
LINE
8
BLACK
6
CONTINUOUS
10
-0.2878937007874016
20
-2.0492815748031497
11
-0.2874357874015748
21
-2.0515838188976376
0
LINE
8
BLACK
6
CONTINUOUS
10
-0.2874357874015748
20
-2.0515838188976376
11
-0.2874357480314961
21
-2.0515838582677164
0
LINE
8
BLACK
6
CONTINUOUS
10
-0.2874357480314961
20
-2.0515838582677164
11
-0.285691062992126
21
-2.0541949606299212
0
LINE
8
BLACK
6
CONTINUOUS
10
-0.285691062992126
20
-2.0541949606299212
11
-0.2830799606299212
21
-2.0559396456692913
0
LINE
8
BLACK
6
CONTINUOUS
10
-0.2830799606299212
20
-2.0559396456692913
11
-0.2830799212598425
21
-2.0559396850393701
0
LINE
8
BLACK
6
CONTINUOUS
10
-0.2830799212598425
20
-2.0559396850393701
11
-0.2807776771653543
21
-2.056397598425197
0
LINE
8
BLACK
6
CONTINUOUS
10
-0.2807776771653543
20
-2.056397598425197
11
-0.2807775590551181
21
-2.0563976377952757
0
LINE
8
BLACK
6
CONTINUOUS
10
-0.2807775590551181
20
-2.0563976377952757
11
-0.2807774803149606
21
-2.0563976377952757
0
LINE
8
BLACK
6
CONTINUOUS
10
-0.2807774803149606
20
-2.0563976377952757
11
-0.2192224409448819
21
-2.0563976377952757
0
LINE
8
BLACK
6
CONTINUOUS
10
-0.2192224409448819
20
-2.0563976377952757
11
-0.2192224015748031
21
-2.056397598425197
0
LINE
8
BLACK
6
CONTINUOUS
10
-0.2192224015748031
20
-2.056397598425197
11
-0.2186390551181102
21
-2.0562815748031498
0
LINE
8
BLACK
6
CONTINUOUS
10
-0.2186390551181102
20
-2.0562815748031498
11
-0.2169201181102362
21
-2.0559396850393701
0
LINE
8
BLACK
6
CONTINUOUS
10
-0.2169201181102362
20
-2.0559396850393701
11
-0.2169201181102362
21
-2.0559396456692913
0
LINE
8
BLACK
6
CONTINUOUS
10
-0.2169201181102362
20
-2.0559396456692913
11
-0.2169200393700787
21
-2.0559396456692913
0
LINE
8
BLACK
6
CONTINUOUS
10
-0.2169200393700787
20
-2.0559396456692913
11
-0.2143089763779528
21
-2.0541949606299212
0
LINE
8
BLACK
6
CONTINUOUS
10
-0.2143089763779528
20
-2.0541949606299212
11
-0.2125642913385827
21
-2.0515838976377951
0
LINE
8
BLACK
6
CONTINUOUS
10
-0.2125642913385827
20
-2.0515838976377951
11
-0.2125642913385827
21
-2.0515838188976376
0
LINE
8
BLACK
6
CONTINUOUS
10
-0.2125642913385827
20
-2.0515838188976376
11
-0.2125642519685039
21
-2.0515838188976376
0
LINE
8
BLACK
6
CONTINUOUS
10
-0.2125642519685039
20
-2.0515838188976376
11
-0.2121063385826772
21
-2.0492815748031497
0
LINE
8
BLACK
6
CONTINUOUS
10
-0.2121063385826772
20
-2.0492815748031497
11
-0.2121062992125984
21
-2.0492814960629921
0
LINE
8
BLACK
6
CONTINUOUS
10
-0.2121062992125984
20
-2.0492814960629921
11
-0.2121062992125984
21
-1.9877263385826771
0
LINE
8
BLACK
6
CONTINUOUS
10
-0.2121062992125984
20
-1.9877263385826771
11
-0.2121063385826772
21
-1.9877262598425196
0
LINE
8
BLACK
6
CONTINUOUS
10
-0.2121063385826772
20
-1.9877262598425196
11
-0.2125642519685039
21
-1.9854240157480314
0
LINE
8
BLACK
6
CONTINUOUS
10
-0.2125642519685039
20
-1.9854240157480314
11
-0.2125642913385827
21
-1.9854239763779526
0
LINE
8
BLACK
6
CONTINUOUS
10
-0.2125642913385827
20
-1.9854239763779526
11
-0.2143089763779528
21
-1.982812874015748
0
LINE
8
BLACK
6
CONTINUOUS
10
-0.2143089763779528
20
-1.982812874015748
11
-0.2169200787401575
21
-1.9810681889763779
0
LINE
8
BLACK
6
CONTINUOUS
10
-0.2169200787401575
20
-1.9810681889763779
11
-0.2169201181102362
21
-1.9810681496062992
0
LINE
8
BLACK
6
CONTINUOUS
10
-0.2169201181102362
20
-1.9810681496062992
11
-0.2192223622047244
21
-1.9806102362204725
0
LINE
8
BLACK
6
CONTINUOUS
10
-0.2192223622047244
20
-1.9806102362204725
11
-0.2192225196850394
21
-1.9806102362204725
0
LINE
8
BLACK
6
CONTINUOUS
10
-0.2192225196850394
20
-1.9806102362204725
11
-0.2807774803149606
21
-1.9806102362204725
0
LINE
8
BLACK
6
CONTINUOUS
10
-0.2807774803149606
20
-1.9806102362204725
11
-0.2807776771653543
21
-1.9806102362204725
0
LINE
8
BLACK
6
CONTINUOUS
10
-0.2807776771653543
20
-1.9806102362204725
11
-0.2830799212598425
21
-1.9810681496062992
0
LINE
8
BLACK
6
CONTINUOUS
10
-0.2830799212598425
20
-1.9810681496062992
11
-0.2830799606299212
21
-1.9810681889763779
0
LINE
8
BLACK
6
CONTINUOUS
10
-0.2830799606299212
20
-1.9810681889763779
11
-0.285691062992126
21
-1.982812874015748
0
LINE
8
BLACK
6
CONTINUOUS
10
-0.285691062992126
20
-1.982812874015748
11
-0.2874357480314961
21
-1.9854239763779526
0
LINE
8
BLACK
6
CONTINUOUS
10
-0.2874357480314961
20
-1.9854239763779526
11
-0.2874357874015748
21
-1.9854240157480314
0
LINE
8
BLACK
6
CONTINUOUS
10
-0.2874357874015748
20
-1.9854240157480314
11
-0.2878937007874016
21
-1.9877262598425196
0
LINE
8
BLACK
6
CONTINUOUS
10
-0.2878937007874016
20
-1.9877262598425196
11
-0.2878937007874016
21
-2.0492815748031497
0
LINE
8
BLACK
6
CONTINUOUS
10
-0.1878937007874016
20
-2.0492815748031497
11
-0.1874357874015748
21
-2.0515838188976376
0
LINE
8
BLACK
6
CONTINUOUS
10
-0.1874357874015748
20
-2.0515838188976376
11
-0.1874357480314961
21
-2.0515838582677164
0
LINE
8
BLACK
6
CONTINUOUS
10
-0.1874357480314961
20
-2.0515838582677164
11
-0.185691062992126
21
-2.0541949606299212
0
LINE
8
BLACK
6
CONTINUOUS
10
-0.185691062992126
20
-2.0541949606299212
11
-0.1830799606299213
21
-2.0559396456692913
0
LINE
8
BLACK
6
CONTINUOUS
10
-0.1830799606299213
20
-2.0559396456692913
11
-0.1830799212598425
21
-2.0559396850393701
0
LINE
8
BLACK
6
CONTINUOUS
10
-0.1830799212598425
20
-2.0559396850393701
11
-0.1807776771653543
21
-2.056397598425197
0
LINE
8
BLACK
6
CONTINUOUS
10
-0.1807776771653543
20
-2.056397598425197
11
-0.1807775590551181
21
-2.0563976377952757
0
LINE
8
BLACK
6
CONTINUOUS
10
-0.1807775590551181
20
-2.0563976377952757
11
-0.1807774803149606
21
-2.0563976377952757
0
LINE
8
BLACK
6
CONTINUOUS
10
-0.1807774803149606
20
-2.0563976377952757
11
-0.1192224409448819
21
-2.0563976377952757
0
LINE
8
BLACK
6
CONTINUOUS
10
-0.1192224409448819
20
-2.0563976377952757
11
-0.1192224015748031
21
-2.056397598425197
0
LINE
8
BLACK
6
CONTINUOUS
10
-0.1192224015748031
20
-2.056397598425197
11
-0.1186390551181102
21
-2.0562815748031498
0
LINE
8
BLACK
6
CONTINUOUS
10
-0.1186390551181102
20
-2.0562815748031498
11
-0.1169201181102362
21
-2.0559396850393701
0
LINE
8
BLACK
6
CONTINUOUS
10
-0.1169201181102362
20
-2.0559396850393701
11
-0.1169201181102362
21
-2.0559396456692913
0
LINE
8
BLACK
6
CONTINUOUS
10
-0.1169201181102362
20
-2.0559396456692913
11
-0.1169200393700787
21
-2.0559396456692913
0
LINE
8
BLACK
6
CONTINUOUS
10
-0.1169200393700787
20
-2.0559396456692913
11
-0.1143089763779528
21
-2.0541949606299212
0
LINE
8
BLACK
6
CONTINUOUS
10
-0.1143089763779528
20
-2.0541949606299212
11
-0.1125642913385827
21
-2.0515838976377951
0
LINE
8
BLACK
6
CONTINUOUS
10
-0.1125642913385827
20
-2.0515838976377951
11
-0.1125642913385827
21
-2.0515838188976376
0
LINE
8
BLACK
6
CONTINUOUS
10
-0.1125642913385827
20
-2.0515838188976376
11
-0.1125642519685039
21
-2.0515838188976376
0
LINE
8
BLACK
6
CONTINUOUS
10
-0.1125642519685039
20
-2.0515838188976376
11
-0.1121063385826772
21
-2.0492815748031497
0
LINE
8
BLACK
6
CONTINUOUS
10
-0.1121063385826772
20
-2.0492815748031497
11
-0.1121062992125984
21
-2.0492814960629921
0
LINE
8
BLACK
6
CONTINUOUS
10
-0.1121062992125984
20
-2.0492814960629921
11
-0.1121062992125984
21
-1.9877263385826771
0
LINE
8
BLACK
6
CONTINUOUS
10
-0.1121062992125984
20
-1.9877263385826771
11
-0.1121063385826772
21
-1.9877262598425196
0
LINE
8
BLACK
6
CONTINUOUS
10
-0.1121063385826772
20
-1.9877262598425196
11
-0.1125642519685039
21
-1.9854240157480314
0
LINE
8
BLACK
6
CONTINUOUS
10
-0.1125642519685039
20
-1.9854240157480314
11
-0.1125642913385827
21
-1.9854239763779526
0
LINE
8
BLACK
6
CONTINUOUS
10
-0.1125642913385827
20
-1.9854239763779526
11
-0.1143089763779528
21
-1.982812874015748
0
LINE
8
BLACK
6
CONTINUOUS
10
-0.1143089763779528
20
-1.982812874015748
11
-0.1169200787401575
21
-1.9810681889763779
0
LINE
8
BLACK
6
CONTINUOUS
10
-0.1169200787401575
20
-1.9810681889763779
11
-0.1169201181102362
21
-1.9810681496062992
0
LINE
8
BLACK
6
CONTINUOUS
10
-0.1169201181102362
20
-1.9810681496062992
11
-0.1192223622047244
21
-1.9806102362204725
0
LINE
8
BLACK
6
CONTINUOUS
10
-0.1192223622047244
20
-1.9806102362204725
11
-0.1192225196850394
21
-1.9806102362204725
0
LINE
8
BLACK
6
CONTINUOUS
10
-0.1192225196850394
20
-1.9806102362204725
11
-0.1807774803149606
21
-1.9806102362204725
0
LINE
8
BLACK
6
CONTINUOUS
10
-0.1807774803149606
20
-1.9806102362204725
11
-0.1807776771653543
21
-1.9806102362204725
0
LINE
8
BLACK
6
CONTINUOUS
10
-0.1807776771653543
20
-1.9806102362204725
11
-0.1830799212598425
21
-1.9810681496062992
0
LINE
8
BLACK
6
CONTINUOUS
10
-0.1830799212598425
20
-1.9810681496062992
11
-0.1830799606299213
21
-1.9810681889763779
0
LINE
8
BLACK
6
CONTINUOUS
10
-0.1830799606299213
20
-1.9810681889763779
11
-0.185691062992126
21
-1.982812874015748
0
LINE
8
BLACK
6
CONTINUOUS
10
-0.185691062992126
20
-1.982812874015748
11
-0.1874357480314961
21
-1.9854239763779526
0
LINE
8
BLACK
6
CONTINUOUS
10
-0.1874357480314961
20
-1.9854239763779526
11
-0.1874357874015748
21
-1.9854240157480314
0
LINE
8
BLACK
6
CONTINUOUS
10
-0.1874357874015748
20
-1.9854240157480314
11
-0.1878937007874016
21
-1.9877262598425196
0
LINE
8
BLACK
6
CONTINUOUS
10
-0.1878937007874016
20
-1.9877262598425196
11
-0.1878937007874016
21
-2.0492815748031497
0
LINE
8
BLACK
6
CONTINUOUS
10
-0.0878937007874016
20
-2.0492815748031497
11
-0.0874357874015748
21
-2.0515838188976376
0
LINE
8
BLACK
6
CONTINUOUS
10
-0.0874357874015748
20
-2.0515838188976376
11
-0.0874357480314961
21
-2.0515838582677164
0
LINE
8
BLACK
6
CONTINUOUS
10
-0.0874357480314961
20
-2.0515838582677164
11
-0.085691062992126
21
-2.0541949606299212
0
LINE
8
BLACK
6
CONTINUOUS
10
-0.085691062992126
20
-2.0541949606299212
11
-0.0830799606299213
21
-2.0559396456692913
0
LINE
8
BLACK
6
CONTINUOUS
10
-0.0830799606299213
20
-2.0559396456692913
11
-0.0830799212598425
21
-2.0559396850393701
0
LINE
8
BLACK
6
CONTINUOUS
10
-0.0830799212598425
20
-2.0559396850393701
11
-0.0807776771653543
21
-2.056397598425197
0
LINE
8
BLACK
6
CONTINUOUS
10
-0.0807776771653543
20
-2.056397598425197
11
-0.0807775590551181
21
-2.0563976377952757
0
LINE
8
BLACK
6
CONTINUOUS
10
-0.0807775590551181
20
-2.0563976377952757
11
-0.0807774803149606
21
-2.0563976377952757
0
LINE
8
BLACK
6
CONTINUOUS
10
-0.0807774803149606
20
-2.0563976377952757
11
-0.0192224409448819
21
-2.0563976377952757
0
LINE
8
BLACK
6
CONTINUOUS
10
-0.0192224409448819
20
-2.0563976377952757
11
-0.0192224015748031
21
-2.056397598425197
0
LINE
8
BLACK
6
CONTINUOUS
10
-0.0192224015748031
20
-2.056397598425197
11
-0.0186390551181102
21
-2.0562815748031498
0
LINE
8
BLACK
6
CONTINUOUS
10
-0.0186390551181102
20
-2.0562815748031498
11
-0.0169201181102362
21
-2.0559396850393701
0
LINE
8
BLACK
6
CONTINUOUS
10
-0.0169201181102362
20
-2.0559396850393701
11
-0.0169201181102362
21
-2.0559396456692913
0
LINE
8
BLACK
6
CONTINUOUS
10
-0.0169201181102362
20
-2.0559396456692913
11
-0.0169200393700787
21
-2.0559396456692913
0
LINE
8
BLACK
6
CONTINUOUS
10
-0.0169200393700787
20
-2.0559396456692913
11
-0.0143089763779528
21
-2.0541949606299212
0
LINE
8
BLACK
6
CONTINUOUS
10
-0.0143089763779528
20
-2.0541949606299212
11
-0.0125642913385827
21
-2.0515838976377951
0
LINE
8
BLACK
6
CONTINUOUS
10
-0.0125642913385827
20
-2.0515838976377951
11
-0.0125642913385827
21
-2.0515838188976376
0
LINE
8
BLACK
6
CONTINUOUS
10
-0.0125642913385827
20
-2.0515838188976376
11
-0.0125642519685039
21
-2.0515838188976376
0
LINE
8
BLACK
6
CONTINUOUS
10
-0.0125642519685039
20
-2.0515838188976376
11
-0.0121063385826772
21
-2.0492815748031497
0
LINE
8
BLACK
6
CONTINUOUS
10
-0.0121063385826772
20
-2.0492815748031497
11
-0.0121062992125984
21
-2.0492814960629921
0
LINE
8
BLACK
6
CONTINUOUS
10
-0.0121062992125984
20
-2.0492814960629921
11
-0.0121062992125984
21
-1.9877263385826771
0
LINE
8
BLACK
6
CONTINUOUS
10
-0.0121062992125984
20
-1.9877263385826771
11
-0.0121063385826772
21
-1.9877262598425196
0
LINE
8
BLACK
6
CONTINUOUS
10
-0.0121063385826772
20
-1.9877262598425196
11
-0.0125642519685039
21
-1.9854240157480314
0
LINE
8
BLACK
6
CONTINUOUS
10
-0.0125642519685039
20
-1.9854240157480314
11
-0.0125642913385827
21
-1.9854239763779526
0
LINE
8
BLACK
6
CONTINUOUS
10
-0.0125642913385827
20
-1.9854239763779526
11
-0.0143089763779528
21
-1.982812874015748
0
LINE
8
BLACK
6
CONTINUOUS
10
-0.0143089763779528
20
-1.982812874015748
11
-0.0169200787401575
21
-1.9810681889763779
0
LINE
8
BLACK
6
CONTINUOUS
10
-0.0169200787401575
20
-1.9810681889763779
11
-0.0169201181102362
21
-1.9810681496062992
0
LINE
8
BLACK
6
CONTINUOUS
10
-0.0169201181102362
20
-1.9810681496062992
11
-0.0192223622047244
21
-1.9806102362204725
0
LINE
8
BLACK
6
CONTINUOUS
10
-0.0192223622047244
20
-1.9806102362204725
11
-0.0192225196850394
21
-1.9806102362204725
0
LINE
8
BLACK
6
CONTINUOUS
10
-0.0192225196850394
20
-1.9806102362204725
11
-0.0807774803149606
21
-1.9806102362204725
0
LINE
8
BLACK
6
CONTINUOUS
10
-0.0807774803149606
20
-1.9806102362204725
11
-0.0807776771653543
21
-1.9806102362204725
0
LINE
8
BLACK
6
CONTINUOUS
10
-0.0807776771653543
20
-1.9806102362204725
11
-0.0830799212598425
21
-1.9810681496062992
0
LINE
8
BLACK
6
CONTINUOUS
10
-0.0830799212598425
20
-1.9810681496062992
11
-0.0830799606299213
21
-1.9810681889763779
0
LINE
8
BLACK
6
CONTINUOUS
10
-0.0830799606299213
20
-1.9810681889763779
11
-0.085691062992126
21
-1.982812874015748
0
LINE
8
BLACK
6
CONTINUOUS
10
-0.085691062992126
20
-1.982812874015748
11
-0.0874357480314961
21
-1.9854239763779526
0
LINE
8
BLACK
6
CONTINUOUS
10
-0.0874357480314961
20
-1.9854239763779526
11
-0.0874357874015748
21
-1.9854240157480314
0
LINE
8
BLACK
6
CONTINUOUS
10
-0.0874357874015748
20
-1.9854240157480314
11
-0.0878937007874016
21
-1.9877262598425196
0
LINE
8
BLACK
6
CONTINUOUS
10
-0.0878937007874016
20
-1.9877262598425196
11
-0.0878937007874016
21
-2.0492815748031497
0
LINE
8
BLACK
6
CONTINUOUS
10
0.0121062992125984
20
-2.0492815748031497
11
0.0125642125984252
21
-2.0515838188976376
0
LINE
8
BLACK
6
CONTINUOUS
10
0.0125642125984252
20
-2.0515838188976376
11
0.0125642519685039
21
-2.0515838582677164
0
LINE
8
BLACK
6
CONTINUOUS
10
0.0125642519685039
20
-2.0515838582677164
11
0.014308937007874
21
-2.0541949606299212
0
LINE
8
BLACK
6
CONTINUOUS
10
0.014308937007874
20
-2.0541949606299212
11
0.0169200393700787
21
-2.0559396456692913
0
LINE
8
BLACK
6
CONTINUOUS
10
0.0169200393700787
20
-2.0559396456692913
11
0.0169200787401575
21
-2.0559396850393701
0
LINE
8
BLACK
6
CONTINUOUS
10
0.0169200787401575
20
-2.0559396850393701
11
0.0192223228346457
21
-2.056397598425197
0
LINE
8
BLACK
6
CONTINUOUS
10
0.0192223228346457
20
-2.056397598425197
11
0.0192224409448819
21
-2.0563976377952757
0
LINE
8
BLACK
6
CONTINUOUS
10
0.0192224409448819
20
-2.0563976377952757
11
0.0192225196850394
21
-2.0563976377952757
0
LINE
8
BLACK
6
CONTINUOUS
10
0.0192225196850394
20
-2.0563976377952757
11
0.0807775590551181
21
-2.0563976377952757
0
LINE
8
BLACK
6
CONTINUOUS
10
0.0807775590551181
20
-2.0563976377952757
11
0.0807775984251968
21
-2.056397598425197
0
LINE
8
BLACK
6
CONTINUOUS
10
0.0807775984251968
20
-2.056397598425197
11
0.0813609448818898
21
-2.0562815748031498
0
LINE
8
BLACK
6
CONTINUOUS
10
0.0813609448818898
20
-2.0562815748031498
11
0.0830798818897638
21
-2.0559396850393701
0
LINE
8
BLACK
6
CONTINUOUS
10
0.0830798818897638
20
-2.0559396850393701
11
0.0830798818897638
21
-2.0559396456692913
0
LINE
8
BLACK
6
CONTINUOUS
10
0.0830798818897638
20
-2.0559396456692913
11
0.0830799606299213
21
-2.0559396456692913
0
LINE
8
BLACK
6
CONTINUOUS
10
0.0830799606299213
20
-2.0559396456692913
11
0.0856910236220472
21
-2.0541949606299212
0
LINE
8
BLACK
6
CONTINUOUS
10
0.0856910236220472
20
-2.0541949606299212
11
0.0874357086614173
21
-2.0515838976377951
0
LINE
8
BLACK
6
CONTINUOUS
10
0.0874357086614173
20
-2.0515838976377951
11
0.0874357086614173
21
-2.0515838188976376
0
LINE
8
BLACK
6
CONTINUOUS
10
0.0874357086614173
20
-2.0515838188976376
11
0.0874357480314961
21
-2.0515838188976376
0
LINE
8
BLACK
6
CONTINUOUS
10
0.0874357480314961
20
-2.0515838188976376
11
0.0878936614173228
21
-2.0492815748031497
0
LINE
8
BLACK
6
CONTINUOUS
10
0.0878936614173228
20
-2.0492815748031497
11
0.0878937007874016
21
-2.0492814960629921
0
LINE
8
BLACK
6
CONTINUOUS
10
0.0878937007874016
20
-2.0492814960629921
11
0.0878937007874016
21
-1.9877263385826771
0
LINE
8
BLACK
6
CONTINUOUS
10
0.0878937007874016
20
-1.9877263385826771
11
0.0878936614173228
21
-1.9877262598425196
0
LINE
8
BLACK
6
CONTINUOUS
10
0.0878936614173228
20
-1.9877262598425196
11
0.0874357480314961
21
-1.9854240157480314
0
LINE
8
BLACK
6
CONTINUOUS
10
0.0874357480314961
20
-1.9854240157480314
11
0.0874357086614173
21
-1.9854239763779526
0
LINE
8
BLACK
6
CONTINUOUS
10
0.0874357086614173
20
-1.9854239763779526
11
0.0856910236220472
21
-1.982812874015748
0
LINE
8
BLACK
6
CONTINUOUS
10
0.0856910236220472
20
-1.982812874015748
11
0.0830799212598425
21
-1.9810681889763779
0
LINE
8
BLACK
6
CONTINUOUS
10
0.0830799212598425
20
-1.9810681889763779
11
0.0830798818897638
21
-1.9810681496062992
0
LINE
8
BLACK
6
CONTINUOUS
10
0.0830798818897638
20
-1.9810681496062992
11
0.0807776377952756
21
-1.9806102362204725
0
LINE
8
BLACK
6
CONTINUOUS
10
0.0807776377952756
20
-1.9806102362204725
11
0.0807774803149606
21
-1.9806102362204725
0
LINE
8
BLACK
6
CONTINUOUS
10
0.0807774803149606
20
-1.9806102362204725
11
0.0192225196850394
21
-1.9806102362204725
0
LINE
8
BLACK
6
CONTINUOUS
10
0.0192225196850394
20
-1.9806102362204725
11
0.0192223228346457
21
-1.9806102362204725
0
LINE
8
BLACK
6
CONTINUOUS
10
0.0192223228346457
20
-1.9806102362204725
11
0.0169200787401575
21
-1.9810681496062992
0
LINE
8
BLACK
6
CONTINUOUS
10
0.0169200787401575
20
-1.9810681496062992
11
0.0169200393700787
21
-1.9810681889763779
0
LINE
8
BLACK
6
CONTINUOUS
10
0.0169200393700787
20
-1.9810681889763779
11
0.014308937007874
21
-1.982812874015748
0
LINE
8
BLACK
6
CONTINUOUS
10
0.014308937007874
20
-1.982812874015748
11
0.0125642519685039
21
-1.9854239763779526
0
LINE
8
BLACK
6
CONTINUOUS
10
0.0125642519685039
20
-1.9854239763779526
11
0.0125642125984252
21
-1.9854240157480314
0
LINE
8
BLACK
6
CONTINUOUS
10
0.0125642125984252
20
-1.9854240157480314
11
0.0121062992125984
21
-1.9877262598425196
0
LINE
8
BLACK
6
CONTINUOUS
10
0.0121062992125984
20
-1.9877262598425196
11
0.0121062992125984
21
-2.0492815748031497
0
LINE
8
BLACK
6
CONTINUOUS
10
0.1121062992125984
20
-2.0492815748031497
11
0.1125642125984252
21
-2.0515838188976376
0
LINE
8
BLACK
6
CONTINUOUS
10
0.1125642125984252
20
-2.0515838188976376
11
0.1125642519685039
21
-2.0515838582677164
0
LINE
8
BLACK
6
CONTINUOUS
10
0.1125642519685039
20
-2.0515838582677164
11
0.114308937007874
21
-2.0541949606299212
0
LINE
8
BLACK
6
CONTINUOUS
10
0.114308937007874
20
-2.0541949606299212
11
0.1169200393700787
21
-2.0559396456692913
0
LINE
8
BLACK
6
CONTINUOUS
10
0.1169200393700787
20
-2.0559396456692913
11
0.1169200787401575
21
-2.0559396850393701
0
LINE
8
BLACK
6
CONTINUOUS
10
0.1169200787401575
20
-2.0559396850393701
11
0.1192223228346457
21
-2.056397598425197
0
LINE
8
BLACK
6
CONTINUOUS
10
0.1192223228346457
20
-2.056397598425197
11
0.1192224409448819
21
-2.0563976377952757
0
LINE
8
BLACK
6
CONTINUOUS
10
0.1192224409448819
20
-2.0563976377952757
11
0.1192225196850394
21
-2.0563976377952757
0
LINE
8
BLACK
6
CONTINUOUS
10
0.1192225196850394
20
-2.0563976377952757
11
0.1807775590551181
21
-2.0563976377952757
0
LINE
8
BLACK
6
CONTINUOUS
10
0.1807775590551181
20
-2.0563976377952757
11
0.1807775984251968
21
-2.056397598425197
0
LINE
8
BLACK
6
CONTINUOUS
10
0.1807775984251968
20
-2.056397598425197
11
0.1813609448818898
21
-2.0562815748031498
0
LINE
8
BLACK
6
CONTINUOUS
10
0.1813609448818898
20
-2.0562815748031498
11
0.1830798818897638
21
-2.0559396850393701
0
LINE
8
BLACK
6
CONTINUOUS
10
0.1830798818897638
20
-2.0559396850393701
11
0.1830798818897638
21
-2.0559396456692913
0
LINE
8
BLACK
6
CONTINUOUS
10
0.1830798818897638
20
-2.0559396456692913
11
0.1830799606299213
21
-2.0559396456692913
0
LINE
8
BLACK
6
CONTINUOUS
10
0.1830799606299213
20
-2.0559396456692913
11
0.1856910236220472
21
-2.0541949606299212
0
LINE
8
BLACK
6
CONTINUOUS
10
0.1856910236220472
20
-2.0541949606299212
11
0.1874357086614173
21
-2.0515838976377951
0
LINE
8
BLACK
6
CONTINUOUS
10
0.1874357086614173
20
-2.0515838976377951
11
0.1874357086614173
21
-2.0515838188976376
0
LINE
8
BLACK
6
CONTINUOUS
10
0.1874357086614173
20
-2.0515838188976376
11
0.1874357480314961
21
-2.0515838188976376
0
LINE
8
BLACK
6
CONTINUOUS
10
0.1874357480314961
20
-2.0515838188976376
11
0.1878936614173228
21
-2.0492815748031497
0
LINE
8
BLACK
6
CONTINUOUS
10
0.1878936614173228
20
-2.0492815748031497
11
0.1878937007874016
21
-2.0492814960629921
0
LINE
8
BLACK
6
CONTINUOUS
10
0.1878937007874016
20
-2.0492814960629921
11
0.1878937007874016
21
-1.9877263385826771
0
LINE
8
BLACK
6
CONTINUOUS
10
0.1878937007874016
20
-1.9877263385826771
11
0.1878936614173228
21
-1.9877262598425196
0
LINE
8
BLACK
6
CONTINUOUS
10
0.1878936614173228
20
-1.9877262598425196
11
0.1874357480314961
21
-1.9854240157480314
0
LINE
8
BLACK
6
CONTINUOUS
10
0.1874357480314961
20
-1.9854240157480314
11
0.1874357086614173
21
-1.9854239763779526
0
LINE
8
BLACK
6
CONTINUOUS
10
0.1874357086614173
20
-1.9854239763779526
11
0.1856910236220472
21
-1.982812874015748
0
LINE
8
BLACK
6
CONTINUOUS
10
0.1856910236220472
20
-1.982812874015748
11
0.1830799212598425
21
-1.9810681889763779
0
LINE
8
BLACK
6
CONTINUOUS
10
0.1830799212598425
20
-1.9810681889763779
11
0.1830798818897638
21
-1.9810681496062992
0
LINE
8
BLACK
6
CONTINUOUS
10
0.1830798818897638
20
-1.9810681496062992
11
0.1807776377952756
21
-1.9806102362204725
0
LINE
8
BLACK
6
CONTINUOUS
10
0.1807776377952756
20
-1.9806102362204725
11
0.1807774803149606
21
-1.9806102362204725
0
LINE
8
BLACK
6
CONTINUOUS
10
0.1807774803149606
20
-1.9806102362204725
11
0.1192225196850394
21
-1.9806102362204725
0
LINE
8
BLACK
6
CONTINUOUS
10
0.1192225196850394
20
-1.9806102362204725
11
0.1192223228346457
21
-1.9806102362204725
0
LINE
8
BLACK
6
CONTINUOUS
10
0.1192223228346457
20
-1.9806102362204725
11
0.1169200787401575
21
-1.9810681496062992
0
LINE
8
BLACK
6
CONTINUOUS
10
0.1169200787401575
20
-1.9810681496062992
11
0.1169200393700787
21
-1.9810681889763779
0
LINE
8
BLACK
6
CONTINUOUS
10
0.1169200393700787
20
-1.9810681889763779
11
0.114308937007874
21
-1.982812874015748
0
LINE
8
BLACK
6
CONTINUOUS
10
0.114308937007874
20
-1.982812874015748
11
0.1125642519685039
21
-1.9854239763779526
0
LINE
8
BLACK
6
CONTINUOUS
10
0.1125642519685039
20
-1.9854239763779526
11
0.1125642125984252
21
-1.9854240157480314
0
LINE
8
BLACK
6
CONTINUOUS
10
0.1125642125984252
20
-1.9854240157480314
11
0.1121062992125984
21
-1.9877262598425196
0
LINE
8
BLACK
6
CONTINUOUS
10
0.1121062992125984
20
-1.9877262598425196
11
0.1121062992125984
21
-2.0492815748031497
0
LINE
8
BLACK
6
CONTINUOUS
10
0.2121062992125984
20
-2.0492815748031497
11
0.2125642125984252
21
-2.0515838188976376
0
LINE
8
BLACK
6
CONTINUOUS
10
0.2125642125984252
20
-2.0515838188976376
11
0.2125642519685039
21
-2.0515838582677164
0
LINE
8
BLACK
6
CONTINUOUS
10
0.2125642519685039
20
-2.0515838582677164
11
0.214308937007874
21
-2.0541949606299212
0
LINE
8
BLACK
6
CONTINUOUS
10
0.214308937007874
20
-2.0541949606299212
11
0.2169200393700787
21
-2.0559396456692913
0
LINE
8
BLACK
6
CONTINUOUS
10
0.2169200393700787
20
-2.0559396456692913
11
0.2169200787401575
21
-2.0559396850393701
0
LINE
8
BLACK
6
CONTINUOUS
10
0.2169200787401575
20
-2.0559396850393701
11
0.2192223228346457
21
-2.056397598425197
0
LINE
8
BLACK
6
CONTINUOUS
10
0.2192223228346457
20
-2.056397598425197
11
0.2192224409448819
21
-2.0563976377952757
0
LINE
8
BLACK
6
CONTINUOUS
10
0.2192224409448819
20
-2.0563976377952757
11
0.2192225196850394
21
-2.0563976377952757
0
LINE
8
BLACK
6
CONTINUOUS
10
0.2192225196850394
20
-2.0563976377952757
11
0.2807775590551181
21
-2.0563976377952757
0
LINE
8
BLACK
6
CONTINUOUS
10
0.2807775590551181
20
-2.0563976377952757
11
0.2807775984251968
21
-2.056397598425197
0
LINE
8
BLACK
6
CONTINUOUS
10
0.2807775984251968
20
-2.056397598425197
11
0.2813609448818898
21
-2.0562815748031498
0
LINE
8
BLACK
6
CONTINUOUS
10
0.2813609448818898
20
-2.0562815748031498
11
0.2830798818897638
21
-2.0559396850393701
0
LINE
8
BLACK
6
CONTINUOUS
10
0.2830798818897638
20
-2.0559396850393701
11
0.2830798818897638
21
-2.0559396456692913
0
LINE
8
BLACK
6
CONTINUOUS
10
0.2830798818897638
20
-2.0559396456692913
11
0.2830799606299212
21
-2.0559396456692913
0
LINE
8
BLACK
6
CONTINUOUS
10
0.2830799606299212
20
-2.0559396456692913
11
0.2856910236220472
21
-2.0541949606299212
0
LINE
8
BLACK
6
CONTINUOUS
10
0.2856910236220472
20
-2.0541949606299212
11
0.2874357086614173
21
-2.0515838976377951
0
LINE
8
BLACK
6
CONTINUOUS
10
0.2874357086614173
20
-2.0515838976377951
11
0.2874357086614173
21
-2.0515838188976376
0
LINE
8
BLACK
6
CONTINUOUS
10
0.2874357086614173
20
-2.0515838188976376
11
0.2874357480314961
21
-2.0515838188976376
0
LINE
8
BLACK
6
CONTINUOUS
10
0.2874357480314961
20
-2.0515838188976376
11
0.2878936614173228
21
-2.0492815748031497
0
LINE
8
BLACK
6
CONTINUOUS
10
0.2878936614173228
20
-2.0492815748031497
11
0.2878937007874016
21
-2.0492814960629921
0
LINE
8
BLACK
6
CONTINUOUS
10
0.2878937007874016
20
-2.0492814960629921
11
0.2878937007874016
21
-1.9877263385826771
0
LINE
8
BLACK
6
CONTINUOUS
10
0.2878937007874016
20
-1.9877263385826771
11
0.2878936614173228
21
-1.9877262598425196
0
LINE
8
BLACK
6
CONTINUOUS
10
0.2878936614173228
20
-1.9877262598425196
11
0.2874357480314961
21
-1.9854240157480314
0
LINE
8
BLACK
6
CONTINUOUS
10
0.2874357480314961
20
-1.9854240157480314
11
0.2874357086614173
21
-1.9854239763779526
0
LINE
8
BLACK
6
CONTINUOUS
10
0.2874357086614173
20
-1.9854239763779526
11
0.2856910236220472
21
-1.982812874015748
0
LINE
8
BLACK
6
CONTINUOUS
10
0.2856910236220472
20
-1.982812874015748
11
0.2830799212598425
21
-1.9810681889763779
0
LINE
8
BLACK
6
CONTINUOUS
10
0.2830799212598425
20
-1.9810681889763779
11
0.2830798818897638
21
-1.9810681496062992
0
LINE
8
BLACK
6
CONTINUOUS
10
0.2830798818897638
20
-1.9810681496062992
11
0.2807776377952756
21
-1.9806102362204725
0
LINE
8
BLACK
6
CONTINUOUS
10
0.2807776377952756
20
-1.9806102362204725
11
0.2807774803149606
21
-1.9806102362204725
0
LINE
8
BLACK
6
CONTINUOUS
10
0.2807774803149606
20
-1.9806102362204725
11
0.2192225196850394
21
-1.9806102362204725
0
LINE
8
BLACK
6
CONTINUOUS
10
0.2192225196850394
20
-1.9806102362204725
11
0.2192223228346457
21
-1.9806102362204725
0
LINE
8
BLACK
6
CONTINUOUS
10
0.2192223228346457
20
-1.9806102362204725
11
0.2169200787401575
21
-1.9810681496062992
0
LINE
8
BLACK
6
CONTINUOUS
10
0.2169200787401575
20
-1.9810681496062992
11
0.2169200393700787
21
-1.9810681889763779
0
LINE
8
BLACK
6
CONTINUOUS
10
0.2169200393700787
20
-1.9810681889763779
11
0.214308937007874
21
-1.982812874015748
0
LINE
8
BLACK
6
CONTINUOUS
10
0.214308937007874
20
-1.982812874015748
11
0.2125642519685039
21
-1.9854239763779526
0
LINE
8
BLACK
6
CONTINUOUS
10
0.2125642519685039
20
-1.9854239763779526
11
0.2125642125984252
21
-1.9854240157480314
0
LINE
8
BLACK
6
CONTINUOUS
10
0.2125642125984252
20
-1.9854240157480314
11
0.2121062992125984
21
-1.9877262598425196
0
LINE
8
BLACK
6
CONTINUOUS
10
0.2121062992125984
20
-1.9877262598425196
11
0.2121062992125984
21
-2.0492815748031497
0
LINE
8
BLACK
6
CONTINUOUS
10
0.3121062992125984
20
-2.0492815748031497
11
0.3125642125984252
21
-2.0515838188976376
0
LINE
8
BLACK
6
CONTINUOUS
10
0.3125642125984252
20
-2.0515838188976376
11
0.3125642519685039
21
-2.0515838582677164
0
LINE
8
BLACK
6
CONTINUOUS
10
0.3125642519685039
20
-2.0515838582677164
11
0.314308937007874
21
-2.0541949606299212
0
LINE
8
BLACK
6
CONTINUOUS
10
0.314308937007874
20
-2.0541949606299212
11
0.3169200393700787
21
-2.0559396456692913
0
LINE
8
BLACK
6
CONTINUOUS
10
0.3169200393700787
20
-2.0559396456692913
11
0.3169200787401575
21
-2.0559396850393701
0
LINE
8
BLACK
6
CONTINUOUS
10
0.3169200787401575
20
-2.0559396850393701
11
0.3192223228346457
21
-2.056397598425197
0
LINE
8
BLACK
6
CONTINUOUS
10
0.3192223228346457
20
-2.056397598425197
11
0.3192224409448819
21
-2.0563976377952757
0
LINE
8
BLACK
6
CONTINUOUS
10
0.3192224409448819
20
-2.0563976377952757
11
0.3192225196850393
21
-2.0563976377952757
0
LINE
8
BLACK
6
CONTINUOUS
10
0.3192225196850393
20
-2.0563976377952757
11
0.3807775590551181
21
-2.0563976377952757
0
LINE
8
BLACK
6
CONTINUOUS
10
0.3807775590551181
20
-2.0563976377952757
11
0.3807775984251968
21
-2.056397598425197
0
LINE
8
BLACK
6
CONTINUOUS
10
0.3807775984251968
20
-2.056397598425197
11
0.3813609448818898
21
-2.0562815748031498
0
LINE
8
BLACK
6
CONTINUOUS
10
0.3813609448818898
20
-2.0562815748031498
11
0.3830798818897638
21
-2.0559396850393701
0
LINE
8
BLACK
6
CONTINUOUS
10
0.3830798818897638
20
-2.0559396850393701
11
0.3830798818897638
21
-2.0559396456692913
0
LINE
8
BLACK
6
CONTINUOUS
10
0.3830798818897638
20
-2.0559396456692913
11
0.3830799606299212
21
-2.0559396456692913
0
LINE
8
BLACK
6
CONTINUOUS
10
0.3830799606299212
20
-2.0559396456692913
11
0.3856910236220472
21
-2.0541949606299212
0
LINE
8
BLACK
6
CONTINUOUS
10
0.3856910236220472
20
-2.0541949606299212
11
0.3874357086614173
21
-2.0515838976377951
0
LINE
8
BLACK
6
CONTINUOUS
10
0.3874357086614173
20
-2.0515838976377951
11
0.3874357086614173
21
-2.0515838188976376
0
LINE
8
BLACK
6
CONTINUOUS
10
0.3874357086614173
20
-2.0515838188976376
11
0.3874357480314961
21
-2.0515838188976376
0
LINE
8
BLACK
6
CONTINUOUS
10
0.3874357480314961
20
-2.0515838188976376
11
0.3878936614173228
21
-2.0492815748031497
0
LINE
8
BLACK
6
CONTINUOUS
10
0.3878936614173228
20
-2.0492815748031497
11
0.3878937007874015
21
-2.0492814960629921
0
LINE
8
BLACK
6
CONTINUOUS
10
0.3878937007874015
20
-2.0492814960629921
11
0.3878937007874015
21
-1.9877263385826771
0
LINE
8
BLACK
6
CONTINUOUS
10
0.3878937007874015
20
-1.9877263385826771
11
0.3878936614173228
21
-1.9877262598425196
0
LINE
8
BLACK
6
CONTINUOUS
10
0.3878936614173228
20
-1.9877262598425196
11
0.3874357480314961
21
-1.9854240157480314
0
LINE
8
BLACK
6
CONTINUOUS
10
0.3874357480314961
20
-1.9854240157480314
11
0.3874357086614173
21
-1.9854239763779526
0
LINE
8
BLACK
6
CONTINUOUS
10
0.3874357086614173
20
-1.9854239763779526
11
0.3856910236220472
21
-1.982812874015748
0
LINE
8
BLACK
6
CONTINUOUS
10
0.3856910236220472
20
-1.982812874015748
11
0.3830799212598425
21
-1.9810681889763779
0
LINE
8
BLACK
6
CONTINUOUS
10
0.3830799212598425
20
-1.9810681889763779
11
0.3830798818897638
21
-1.9810681496062992
0
LINE
8
BLACK
6
CONTINUOUS
10
0.3830798818897638
20
-1.9810681496062992
11
0.3807776377952756
21
-1.9806102362204725
0
LINE
8
BLACK
6
CONTINUOUS
10
0.3807776377952756
20
-1.9806102362204725
11
0.3807774803149606
21
-1.9806102362204725
0
LINE
8
BLACK
6
CONTINUOUS
10
0.3807774803149606
20
-1.9806102362204725
11
0.3192225196850393
21
-1.9806102362204725
0
LINE
8
BLACK
6
CONTINUOUS
10
0.3192225196850393
20
-1.9806102362204725
11
0.3192223228346457
21
-1.9806102362204725
0
LINE
8
BLACK
6
CONTINUOUS
10
0.3192223228346457
20
-1.9806102362204725
11
0.3169200787401575
21
-1.9810681496062992
0
LINE
8
BLACK
6
CONTINUOUS
10
0.3169200787401575
20
-1.9810681496062992
11
0.3169200393700787
21
-1.9810681889763779
0
LINE
8
BLACK
6
CONTINUOUS
10
0.3169200393700787
20
-1.9810681889763779
11
0.314308937007874
21
-1.982812874015748
0
LINE
8
BLACK
6
CONTINUOUS
10
0.314308937007874
20
-1.982812874015748
11
0.3125642519685039
21
-1.9854239763779526
0
LINE
8
BLACK
6
CONTINUOUS
10
0.3125642519685039
20
-1.9854239763779526
11
0.3125642125984252
21
-1.9854240157480314
0
LINE
8
BLACK
6
CONTINUOUS
10
0.3125642125984252
20
-1.9854240157480314
11
0.3121062992125984
21
-1.9877262598425196
0
LINE
8
BLACK
6
CONTINUOUS
10
0.3121062992125984
20
-1.9877262598425196
11
0.3121062992125984
21
-2.0492815748031497
0
LINE
8
BLACK
6
CONTINUOUS
10
0.4121062992125984
20
-2.0492815748031497
11
0.4125642125984252
21
-2.0515838188976376
0
LINE
8
BLACK
6
CONTINUOUS
10
0.4125642125984252
20
-2.0515838188976376
11
0.4125642519685039
21
-2.0515838582677164
0
LINE
8
BLACK
6
CONTINUOUS
10
0.4125642519685039
20
-2.0515838582677164
11
0.414308937007874
21
-2.0541949606299212
0
LINE
8
BLACK
6
CONTINUOUS
10
0.414308937007874
20
-2.0541949606299212
11
0.4169200393700787
21
-2.0559396456692913
0
LINE
8
BLACK
6
CONTINUOUS
10
0.4169200393700787
20
-2.0559396456692913
11
0.4169200787401575
21
-2.0559396850393701
0
LINE
8
BLACK
6
CONTINUOUS
10
0.4169200787401575
20
-2.0559396850393701
11
0.4192223228346457
21
-2.056397598425197
0
LINE
8
BLACK
6
CONTINUOUS
10
0.4192223228346457
20
-2.056397598425197
11
0.4192224409448819
21
-2.0563976377952757
0
LINE
8
BLACK
6
CONTINUOUS
10
0.4192224409448819
20
-2.0563976377952757
11
0.4192225196850394
21
-2.0563976377952757
0
LINE
8
BLACK
6
CONTINUOUS
10
0.4192225196850394
20
-2.0563976377952757
11
0.4807775590551181
21
-2.0563976377952757
0
LINE
8
BLACK
6
CONTINUOUS
10
0.4807775590551181
20
-2.0563976377952757
11
0.4807775984251969
21
-2.056397598425197
0
LINE
8
BLACK
6
CONTINUOUS
10
0.4807775984251969
20
-2.056397598425197
11
0.4813609448818897
21
-2.0562815748031498
0
LINE
8
BLACK
6
CONTINUOUS
10
0.4813609448818897
20
-2.0562815748031498
11
0.4830798818897638
21
-2.0559396850393701
0
LINE
8
BLACK
6
CONTINUOUS
10
0.4830798818897638
20
-2.0559396850393701
11
0.4830798818897638
21
-2.0559396456692913
0
LINE
8
BLACK
6
CONTINUOUS
10
0.4830798818897638
20
-2.0559396456692913
11
0.4830799606299213
21
-2.0559396456692913
0
LINE
8
BLACK
6
CONTINUOUS
10
0.4830799606299213
20
-2.0559396456692913
11
0.4856910236220472
21
-2.0541949606299212
0
LINE
8
BLACK
6
CONTINUOUS
10
0.4856910236220472
20
-2.0541949606299212
11
0.4874357086614173
21
-2.0515838976377951
0
LINE
8
BLACK
6
CONTINUOUS
10
0.4874357086614173
20
-2.0515838976377951
11
0.4874357086614173
21
-2.0515838188976376
0
LINE
8
BLACK
6
CONTINUOUS
10
0.4874357086614173
20
-2.0515838188976376
11
0.487435748031496
21
-2.0515838188976376
0
LINE
8
BLACK
6
CONTINUOUS
10
0.487435748031496
20
-2.0515838188976376
11
0.4878936614173228
21
-2.0492815748031497
0
LINE
8
BLACK
6
CONTINUOUS
10
0.4878936614173228
20
-2.0492815748031497
11
0.4878937007874016
21
-2.0492814960629921
0
LINE
8
BLACK
6
CONTINUOUS
10
0.4878937007874016
20
-2.0492814960629921
11
0.4878937007874016
21
-1.9889073622047244
0
LINE
8
BLACK
6
CONTINUOUS
10
0.4878937007874016
20
-1.9889073622047244
11
0.4878937007874016
21
-1.9877263385826771
0
LINE
8
BLACK
6
CONTINUOUS
10
0.4878937007874016
20
-1.9877263385826771
11
0.4878936614173228
21
-1.9877262598425196
0
LINE
8
BLACK
6
CONTINUOUS
10
0.4878936614173228
20
-1.9877262598425196
11
0.487435748031496
21
-1.9854240157480314
0
LINE
8
BLACK
6
CONTINUOUS
10
0.487435748031496
20
-1.9854240157480314
11
0.4874357086614173
21
-1.9854239763779526
0
LINE
8
BLACK
6
CONTINUOUS
10
0.4874357086614173
20
-1.9854239763779526
11
0.4856910236220472
21
-1.982812874015748
0
LINE
8
BLACK
6
CONTINUOUS
10
0.4856910236220472
20
-1.982812874015748
11
0.4830799212598425
21
-1.9810681889763779
0
LINE
8
BLACK
6
CONTINUOUS
10
0.4830799212598425
20
-1.9810681889763779
11
0.4830798818897638
21
-1.9810681496062992
0
LINE
8
BLACK
6
CONTINUOUS
10
0.4830798818897638
20
-1.9810681496062992
11
0.4807776377952756
21
-1.9806102362204725
0
LINE
8
BLACK
6
CONTINUOUS
10
0.4807776377952756
20
-1.9806102362204725
11
0.4807774803149606
21
-1.9806102362204725
0
LINE
8
BLACK
6
CONTINUOUS
10
0.4807774803149606
20
-1.9806102362204725
11
0.4192225196850394
21
-1.9806102362204725
0
LINE
8
BLACK
6
CONTINUOUS
10
0.4192225196850394
20
-1.9806102362204725
11
0.4192223228346457
21
-1.9806102362204725
0
LINE
8
BLACK
6
CONTINUOUS
10
0.4192223228346457
20
-1.9806102362204725
11
0.4169200787401575
21
-1.9810681496062992
0
LINE
8
BLACK
6
CONTINUOUS
10
0.4169200787401575
20
-1.9810681496062992
11
0.4169200393700787
21
-1.9810681889763779
0
LINE
8
BLACK
6
CONTINUOUS
10
0.4169200393700787
20
-1.9810681889763779
11
0.414308937007874
21
-1.982812874015748
0
LINE
8
BLACK
6
CONTINUOUS
10
0.414308937007874
20
-1.982812874015748
11
0.4125642519685039
21
-1.9854239763779526
0
LINE
8
BLACK
6
CONTINUOUS
10
0.4125642519685039
20
-1.9854239763779526
11
0.4125642125984252
21
-1.9854240157480314
0
LINE
8
BLACK
6
CONTINUOUS
10
0.4125642125984252
20
-1.9854240157480314
11
0.4121062992125984
21
-1.9877262598425196
0
LINE
8
BLACK
6
CONTINUOUS
10
0.4121062992125984
20
-1.9877262598425196
11
0.4121062992125984
21
-2.0492815748031497
0
LINE
8
BLACK
6
CONTINUOUS
10
-0.4996850393700787
20
-1.9283464566929134
11
-0.4996850393700787
21
-1.9503875590551181
0
LINE
8
BLACK
6
CONTINUOUS
10
-0.4996850393700787
20
-1.9503875590551181
11
-0.499433031496063
21
-1.9527311811023622
0
LINE
8
BLACK
6
CONTINUOUS
10
-0.499433031496063
20
-1.9527311811023622
11
-0.4994329527559055
21
-1.9527314566929133
0
LINE
8
BLACK
6
CONTINUOUS
10
-0.4994329527559055
20
-1.9527314566929133
11
-0.4974549212598425
21
-1.9580348818897637
0
LINE
8
BLACK
6
CONTINUOUS
10
-0.4974549212598425
20
-1.9580348818897637
11
-0.4974547637795275
21
-1.958035157480315
0
LINE
8
BLACK
6
CONTINUOUS
10
-0.4974547637795275
20
-1.958035157480315
11
-0.4940626377952756
21
-1.9625664173228345
0
LINE
8
BLACK
6
CONTINUOUS
10
-0.4940626377952756
20
-1.9625664173228345
11
-0.4913517322834646
21
-1.9645958267716535
0
LINE
8
BLACK
6
CONTINUOUS
10
-0.4913517322834646
20
-1.9645958267716535
11
-0.4897033070866141
21
-1.9667979527559054
0
LINE
8
BLACK
6
CONTINUOUS
10
-0.4897033070866141
20
-1.9667979527559054
11
-0.4895070866141732
21
-1.9695416929133858
0
LINE
8
BLACK
6
CONTINUOUS
10
-0.4895070866141732
20
-1.9695416929133858
11
-0.4908254330708661
21
-1.9719559842519685
0
LINE
8
BLACK
6
CONTINUOUS
10
-0.4908254330708661
20
-1.9719559842519685
11
-0.4913517322834646
21
-1.9724120472440945
0
LINE
8
BLACK
6
CONTINUOUS
10
-0.4913517322834646
20
-1.9724120472440945
11
-0.4940626377952756
21
-1.9744414173228346
0
LINE
8
BLACK
6
CONTINUOUS
10
-0.4940626377952756
20
-1.9744414173228346
11
-0.4974547637795275
21
-1.9789726771653542
0
LINE
8
BLACK
6
CONTINUOUS
10
-0.4974547637795275
20
-1.9789726771653542
11
-0.4974549212598425
21
-1.9789729527559055
0
LINE
8
BLACK
6
CONTINUOUS
10
-0.4974549212598425
20
-1.9789729527559055
11
-0.4994329527559055
21
-1.9842763779527559
0
LINE
8
BLACK
6
CONTINUOUS
10
-0.4994329527559055
20
-1.9842763779527559
11
-0.499433031496063
21
-1.984276653543307
0
LINE
8
BLACK
6
CONTINUOUS
10
-0.499433031496063
20
-1.984276653543307
11
-0.4996850393700787
21
-1.9866202755905511
0
LINE
8
BLACK
6
CONTINUOUS
10
-0.4996850393700787
20
-1.9866202755905511
11
-0.4996850393700787
21
-2.0086614173228345
0
LINE
8
BLACK
6
CONTINUOUS
10
-0.4996850393700787
20
-2.0086614173228345
11
-0.48
21
-2.0086614173228345
0
LINE
8
BLACK
6
CONTINUOUS
10
-0.48
20
-2.0086614173228345
11
-0.48
21
-1.9885039370078739
0
LINE
8
BLACK
6
CONTINUOUS
10
-0.48
20
-1.9885039370078739
11
-0.4598425196850394
21
-1.9885039370078739
0
LINE
8
BLACK
6
CONTINUOUS
10
-0.4598425196850394
20
-1.9885039370078739
11
-0.4598425196850394
21
-1.9485039370078741
0
LINE
8
BLACK
6
CONTINUOUS
10
-0.4598425196850394
20
-1.9485039370078741
11
-0.48
21
-1.9485039370078741
0
LINE
8
BLACK
6
CONTINUOUS
10
-0.48
20
-1.9485039370078741
11
-0.48
21
-1.9283464566929134
0
LINE
8
BLACK
6
CONTINUOUS
10
-0.48
20
-1.9283464566929134
11
-0.4996850393700787
21
-1.9283464566929134
0
LINE
8
BLACK
6
CONTINUOUS
10
0.7361417322834646
20
-1.929527559055118
11
0.7361417322834646
21
-1.9515686614173229
0
LINE
8
BLACK
6
CONTINUOUS
10
0.7361417322834646
20
-1.9515686614173229
11
0.7363937401574803
21
-1.9539122834645668
0
LINE
8
BLACK
6
CONTINUOUS
10
0.7363937401574803
20
-1.9539122834645668
11
0.7363938188976378
21
-1.9539125590551181
0
LINE
8
BLACK
6
CONTINUOUS
10
0.7363938188976378
20
-1.9539125590551181
11
0.7383718503937008
21
-1.9592159842519685
0
LINE
8
BLACK
6
CONTINUOUS
10
0.7383718503937008
20
-1.9592159842519685
11
0.7383720078740157
21
-1.9592162598425196
0
LINE
8
BLACK
6
CONTINUOUS
10
0.7383720078740157
20
-1.9592162598425196
11
0.7417641338582677
21
-1.9637475196850394
0
LINE
8
BLACK
6
CONTINUOUS
10
0.7417641338582677
20
-1.9637475196850394
11
0.7417642519685039
21
-1.9637476377952756
0
LINE
8
BLACK
6
CONTINUOUS
10
0.7417642519685039
20
-1.9637476377952756
11
0.7462955118110236
21
-1.9671397637795276
0
LINE
8
BLACK
6
CONTINUOUS
10
0.7462955118110236
20
-1.9671397637795276
11
0.7462957874015748
21
-1.9671399212598424
0
LINE
8
BLACK
6
CONTINUOUS
10
0.7462957874015748
20
-1.9671399212598424
11
0.7515992125984252
21
-1.9691179527559055
0
LINE
8
BLACK
6
CONTINUOUS
10
0.7515992125984252
20
-1.9691179527559055
11
0.7515994881889764
21
-1.969118031496063
0
LINE
8
BLACK
6
CONTINUOUS
10
0.7515994881889764
20
-1.969118031496063
11
0.7539431102362204
21
-1.9693700393700786
0
LINE
8
BLACK
6
CONTINUOUS
10
0.7539431102362204
20
-1.9693700393700786
11
0.7539437795275591
21
-1.9693700787401573
0
LINE
8
BLACK
6
CONTINUOUS
10
0.7539437795275591
20
-1.9693700787401573
11
0.775984251968504
21
-1.9693700787401573
0
LINE
8
BLACK
6
CONTINUOUS
10
0.775984251968504
20
-1.9693700787401573
11
0.775984251968504
21
-1.9496850393700786
0
LINE
8
BLACK
6
CONTINUOUS
10
0.775984251968504
20
-1.9496850393700786
11
0.7558267716535433
21
-1.9496850393700786
0
LINE
8
BLACK
6
CONTINUOUS
10
0.7558267716535433
20
-1.9496850393700786
11
0.7558267716535433
21
-1.929527559055118
0
LINE
8
BLACK
6
CONTINUOUS
10
0.7558267716535433
20
-1.929527559055118
11
0.7361417322834646
21
-1.929527559055118
0
LINE
8
BLACK
6
CONTINUOUS
10
0.8158267716535433
20
-1.929527559055118
11
0.8158267716535433
21
-1.9496850393700786
0
LINE
8
BLACK
6
CONTINUOUS
10
0.8158267716535433
20
-1.9496850393700786
11
0.7956692913385827
21
-1.9496850393700786
0
LINE
8
BLACK
6
CONTINUOUS
10
0.7956692913385827
20
-1.9496850393700786
11
0.7956692913385827
21
-1.9693700787401573
0
LINE
8
BLACK
6
CONTINUOUS
10
0.7956692913385827
20
-1.9693700787401573
11
0.8177097637795275
21
-1.9693700787401573
0
LINE
8
BLACK
6
CONTINUOUS
10
0.8177097637795275
20
-1.9693700787401573
11
0.8177103937007874
21
-1.9693700393700786
0
LINE
8
BLACK
6
CONTINUOUS
10
0.8177103937007874
20
-1.9693700393700786
11
0.8200540157480315
21
-1.969118031496063
0
LINE
8
BLACK
6
CONTINUOUS
10
0.8200540157480315
20
-1.969118031496063
11
0.8200542913385827
21
-1.9691179527559055
0
LINE
8
BLACK
6
CONTINUOUS
10
0.8200542913385827
20
-1.9691179527559055
11
0.8253577165354331
21
-1.9671399212598424
0
LINE
8
BLACK
6
CONTINUOUS
10
0.8253577165354331
20
-1.9671399212598424
11
0.8253579921259843
21
-1.9671397637795276
0
LINE
8
BLACK
6
CONTINUOUS
10
0.8253579921259843
20
-1.9671397637795276
11
0.8298892125984252
21
-1.9637476771653544
0
LINE
8
BLACK
6
CONTINUOUS
10
0.8298892125984252
20
-1.9637476771653544
11
0.8319186220472441
21
-1.9610367716535433
0
LINE
8
BLACK
6
CONTINUOUS
10
0.8319186220472441
20
-1.9610367716535433
11
0.8341207480314961
21
-1.959388307086614
0
LINE
8
BLACK
6
CONTINUOUS
10
0.8341207480314961
20
-1.959388307086614
11
0.836864527559055
21
-1.9591920866141732
0
LINE
8
BLACK
6
CONTINUOUS
10
0.836864527559055
20
-1.9591920866141732
11
0.8392788188976378
21
-1.9605103937007873
0
LINE
8
BLACK
6
CONTINUOUS
10
0.8392788188976378
20
-1.9605103937007873
11
0.8397349212598425
21
-1.9610367716535433
0
LINE
8
BLACK
6
CONTINUOUS
10
0.8397349212598425
20
-1.9610367716535433
11
0.8417642913385827
21
-1.9637476771653544
0
LINE
8
BLACK
6
CONTINUOUS
10
0.8417642913385827
20
-1.9637476771653544
11
0.8462955118110236
21
-1.9671397637795276
0
LINE
8
BLACK
6
CONTINUOUS
10
0.8462955118110236
20
-1.9671397637795276
11
0.8462957874015747
21
-1.9671399212598424
0
LINE
8
BLACK
6
CONTINUOUS
10
0.8462957874015747
20
-1.9671399212598424
11
0.8515992125984252
21
-1.9691179527559055
0
LINE
8
BLACK
6
CONTINUOUS
10
0.8515992125984252
20
-1.9691179527559055
11
0.8515994881889764
21
-1.969118031496063
0
LINE
8
BLACK
6
CONTINUOUS
10
0.8515994881889764
20
-1.969118031496063
11
0.8539431102362205
21
-1.9693700393700786
0
LINE
8
BLACK
6
CONTINUOUS
10
0.8539431102362205
20
-1.9693700393700786
11
0.8539437795275591
21
-1.9693700787401573
0
LINE
8
BLACK
6
CONTINUOUS
10
0.8539437795275591
20
-1.9693700787401573
11
0.8759842519685039
21
-1.9693700787401573
0
LINE
8
BLACK
6
CONTINUOUS
10
0.8759842519685039
20
-1.9693700787401573
11
0.8759842519685039
21
-1.9496850393700786
0
LINE
8
BLACK
6
CONTINUOUS
10
0.8759842519685039
20
-1.9496850393700786
11
0.8558267716535433
21
-1.9496850393700786
0
LINE
8
BLACK
6
CONTINUOUS
10
0.8558267716535433
20
-1.9496850393700786
11
0.8558267716535433
21
-1.929527559055118
0
LINE
8
BLACK
6
CONTINUOUS
10
0.8558267716535433
20
-1.929527559055118
11
0.8158267716535433
21
-1.929527559055118
0
LINE
8
BLACK
6
CONTINUOUS
10
0.9158267716535433
20
-1.9496850393700786
11
0.8956692913385826
21
-1.9496850393700786
0
LINE
8
BLACK
6
CONTINUOUS
10
0.8956692913385826
20
-1.9496850393700786
11
0.8956692913385826
21
-1.9693700787401573
0
LINE
8
BLACK
6
CONTINUOUS
10
0.8956692913385826
20
-1.9693700787401573
11
0.9177097637795275
21
-1.9693700787401573
0
LINE
8
BLACK
6
CONTINUOUS
10
0.9177097637795275
20
-1.9693700787401573
11
0.9177103937007873
21
-1.9693700393700786
0
LINE
8
BLACK
6
CONTINUOUS
10
0.9177103937007873
20
-1.9693700393700786
11
0.9200540157480315
21
-1.969118031496063
0
LINE
8
BLACK
6
CONTINUOUS
10
0.9200540157480315
20
-1.969118031496063
11
0.9200542913385826
21
-1.9691179527559055
0
LINE
8
BLACK
6
CONTINUOUS
10
0.9200542913385826
20
-1.9691179527559055
11
0.9253577165354331
21
-1.9671399212598424
0
LINE
8
BLACK
6
CONTINUOUS
10
0.9253577165354331
20
-1.9671399212598424
11
0.9253579921259842
21
-1.9671397637795276
0
LINE
8
BLACK
6
CONTINUOUS
10
0.9253579921259842
20
-1.9671397637795276
11
0.9298892519685039
21
-1.9637476377952756
0
LINE
8
BLACK
6
CONTINUOUS
10
0.9298892519685039
20
-1.9637476377952756
11
0.9298893700787402
21
-1.9637475196850394
0
LINE
8
BLACK
6
CONTINUOUS
10
0.9298893700787402
20
-1.9637475196850394
11
0.9332814960629922
21
-1.9592162598425196
0
LINE
8
BLACK
6
CONTINUOUS
10
0.9332814960629922
20
-1.9592162598425196
11
0.9332816535433071
21
-1.9592159842519685
0
LINE
8
BLACK
6
CONTINUOUS
10
0.9332816535433071
20
-1.9592159842519685
11
0.9352596850393701
21
-1.9539125590551181
0
LINE
8
BLACK
6
CONTINUOUS
10
0.9352596850393701
20
-1.9539125590551181
11
0.9352597637795276
21
-1.9539122834645668
0
LINE
8
BLACK
6
CONTINUOUS
10
0.9352597637795276
20
-1.9539122834645668
11
0.9355117716535433
21
-1.9515686614173229
0
LINE
8
BLACK
6
CONTINUOUS
10
0.9355117716535433
20
-1.9515686614173229
11
0.935511811023622
21
-1.9515679921259843
0
LINE
8
BLACK
6
CONTINUOUS
10
0.935511811023622
20
-1.9515679921259843
11
0.935511811023622
21
-1.929527559055118
0
LINE
8
BLACK
6
CONTINUOUS
10
0.935511811023622
20
-1.929527559055118
11
0.9158267716535433
21
-1.929527559055118
0
LINE
8
BLACK
6
CONTINUOUS
10
0.9158267716535433
20
-1.929527559055118
11
0.9158267716535433
21
-1.9496850393700786
0
LINE
8
BLACK
6
CONTINUOUS
10
-0.4401574803149606
20
-1.888503937007874
11
-0.42
21
-1.888503937007874
0
LINE
8
BLACK
6
CONTINUOUS
10
-0.42
20
-1.888503937007874
11
-0.42
21
-1.9086614173228347
0
LINE
8
BLACK
6
CONTINUOUS
10
-0.42
20
-1.9086614173228347
11
-0.4003149606299212
21
-1.9086614173228347
0
LINE
8
BLACK
6
CONTINUOUS
10
-0.4003149606299212
20
-1.9086614173228347
11
-0.4003149606299212
21
-1.8877262598425197
0
LINE
8
BLACK
6
CONTINUOUS
10
-0.4003149606299212
20
-1.8877262598425197
11
-0.4003149606299212
21
-1.8866209448818898
0
LINE
8
BLACK
6
CONTINUOUS
10
-0.4003149606299212
20
-1.8866209448818898
11
-0.400315
21
-1.8866202755905512
0
LINE
8
BLACK
6
CONTINUOUS
10
-0.400315
20
-1.8866202755905512
11
-0.4005670078740157
21
-1.8842766535433071
0
LINE
8
BLACK
6
CONTINUOUS
10
-0.4005670078740157
20
-1.8842766535433071
11
-0.4005670866141732
21
-1.8842763779527558
0
LINE
8
BLACK
6
CONTINUOUS
10
-0.4005670866141732
20
-1.8842763779527558
11
-0.4025451181102362
21
-1.8789729527559054
0
LINE
8
BLACK
6
CONTINUOUS
10
-0.4025451181102362
20
-1.8789729527559054
11
-0.4025452755905512
21
-1.8789726771653543
0
LINE
8
BLACK
6
CONTINUOUS
10
-0.4025452755905512
20
-1.8789726771653543
11
-0.4059374015748031
21
-1.8744414173228345
0
LINE
8
BLACK
6
CONTINUOUS
10
-0.4059374015748031
20
-1.8744414173228345
11
-0.4059375196850394
21
-1.8744412992125983
0
LINE
8
BLACK
6
CONTINUOUS
10
-0.4059375196850394
20
-1.8744412992125983
11
-0.4104687795275591
21
-1.8710491732283465
0
LINE
8
BLACK
6
CONTINUOUS
10
-0.4104687795275591
20
-1.8710491732283465
11
-0.4104690551181102
21
-1.8710490157480315
0
LINE
8
BLACK
6
CONTINUOUS
10
-0.4104690551181102
20
-1.8710490157480315
11
-0.4157724803149606
21
-1.8690709842519684
0
LINE
8
BLACK
6
CONTINUOUS
10
-0.4157724803149606
20
-1.8690709842519684
11
-0.4157727559055118
21
-1.8690709055118109
0
LINE
8
BLACK
6
CONTINUOUS
10
-0.4157727559055118
20
-1.8690709055118109
11
-0.4181163779527559
21
-1.8688188976377953
0
LINE
8
BLACK
6
CONTINUOUS
10
-0.4181163779527559
20
-1.8688188976377953
11
-0.4401574803149606
21
-1.8688188976377953
0
LINE
8
BLACK
6
CONTINUOUS
10
-0.4401574803149606
20
-1.8688188976377953
11
-0.4401574803149606
21
-1.888503937007874
0
LINE
8
BLACK
6
CONTINUOUS
10
-0.3878937007874015
20
-1.9492815748031496
11
-0.3874357874015748
21
-1.9515838188976378
0
LINE
8
BLACK
6
CONTINUOUS
10
-0.3874357874015748
20
-1.9515838188976378
11
-0.3874357480314961
21
-1.9515838582677165
0
LINE
8
BLACK
6
CONTINUOUS
10
-0.3874357480314961
20
-1.9515838582677165
11
-0.385691062992126
21
-1.9541949606299212
0
LINE
8
BLACK
6
CONTINUOUS
10
-0.385691062992126
20
-1.9541949606299212
11
-0.3830799606299212
21
-1.9559396456692912
0
LINE
8
BLACK
6
CONTINUOUS
10
-0.3830799606299212
20
-1.9559396456692912
11
-0.3830799212598425
21
-1.95593968503937
0
LINE
8
BLACK
6
CONTINUOUS
10
-0.3830799212598425
20
-1.95593968503937
11
-0.3807776771653543
21
-1.9563975984251969
0
LINE
8
BLACK
6
CONTINUOUS
10
-0.3807776771653543
20
-1.9563975984251969
11
-0.3807775590551181
21
-1.9563976377952756
0
LINE
8
BLACK
6
CONTINUOUS
10
-0.3807775590551181
20
-1.9563976377952756
11
-0.3807774803149606
21
-1.9563976377952756
0
LINE
8
BLACK
6
CONTINUOUS
10
-0.3807774803149606
20
-1.9563976377952756
11
-0.3192224409448819
21
-1.9563976377952756
0
LINE
8
BLACK
6
CONTINUOUS
10
-0.3192224409448819
20
-1.9563976377952756
11
-0.3192224015748031
21
-1.9563975984251969
0
LINE
8
BLACK
6
CONTINUOUS
10
-0.3192224015748031
20
-1.9563975984251969
11
-0.3186390551181102
21
-1.9562815748031495
0
LINE
8
BLACK
6
CONTINUOUS
10
-0.3186390551181102
20
-1.9562815748031495
11
-0.3169201181102362
21
-1.95593968503937
0
LINE
8
BLACK
6
CONTINUOUS
10
-0.3169201181102362
20
-1.95593968503937
11
-0.3169201181102362
21
-1.9559396456692912
0
LINE
8
BLACK
6
CONTINUOUS
10
-0.3169201181102362
20
-1.9559396456692912
11
-0.3169200393700787
21
-1.9559396456692912
0
LINE
8
BLACK
6
CONTINUOUS
10
-0.3169200393700787
20
-1.9559396456692912
11
-0.3143089763779527
21
-1.9541949606299212
0
LINE
8
BLACK
6
CONTINUOUS
10
-0.3143089763779527
20
-1.9541949606299212
11
-0.3125642913385827
21
-1.9515838976377953
0
LINE
8
BLACK
6
CONTINUOUS
10
-0.3125642913385827
20
-1.9515838976377953
11
-0.3125642913385827
21
-1.9515838188976378
0
LINE
8
BLACK
6
CONTINUOUS
10
-0.3125642913385827
20
-1.9515838188976378
11
-0.3125642519685039
21
-1.9515838188976378
0
LINE
8
BLACK
6
CONTINUOUS
10
-0.3125642519685039
20
-1.9515838188976378
11
-0.3121063385826772
21
-1.9492815748031496
0
LINE
8
BLACK
6
CONTINUOUS
10
-0.3121063385826772
20
-1.9492815748031496
11
-0.3121062992125984
21
-1.9492814960629921
0
LINE
8
BLACK
6
CONTINUOUS
10
-0.3121062992125984
20
-1.9492814960629921
11
-0.3121062992125984
21
-1.887726338582677
0
LINE
8
BLACK
6
CONTINUOUS
10
-0.3121062992125984
20
-1.887726338582677
11
-0.3121063385826772
21
-1.8877262598425197
0
LINE
8
BLACK
6
CONTINUOUS
10
-0.3121063385826772
20
-1.8877262598425197
11
-0.3125642519685039
21
-1.8854240157480315
0
LINE
8
BLACK
6
CONTINUOUS
10
-0.3125642519685039
20
-1.8854240157480315
11
-0.3125642913385827
21
-1.8854239763779528
0
LINE
8
BLACK
6
CONTINUOUS
10
-0.3125642913385827
20
-1.8854239763779528
11
-0.3143089763779527
21
-1.8828128740157479
0
LINE
8
BLACK
6
CONTINUOUS
10
-0.3143089763779527
20
-1.8828128740157479
11
-0.3169200787401575
21
-1.8810681889763778
0
LINE
8
BLACK
6
CONTINUOUS
10
-0.3169200787401575
20
-1.8810681889763778
11
-0.3169201181102362
21
-1.8810681496062991
0
LINE
8
BLACK
6
CONTINUOUS
10
-0.3169201181102362
20
-1.8810681496062991
11
-0.3192223622047244
21
-1.8806102362204724
0
LINE
8
BLACK
6
CONTINUOUS
10
-0.3192223622047244
20
-1.8806102362204724
11
-0.3192225196850393
21
-1.8806102362204724
0
LINE
8
BLACK
6
CONTINUOUS
10
-0.3192225196850393
20
-1.8806102362204724
11
-0.3807774803149606
21
-1.8806102362204724
0
LINE
8
BLACK
6
CONTINUOUS
10
-0.3807774803149606
20
-1.8806102362204724
11
-0.3807776771653543
21
-1.8806102362204724
0
LINE
8
BLACK
6
CONTINUOUS
10
-0.3807776771653543
20
-1.8806102362204724
11
-0.3830799212598425
21
-1.8810681496062991
0
LINE
8
BLACK
6
CONTINUOUS
10
-0.3830799212598425
20
-1.8810681496062991
11
-0.3830799606299212
21
-1.8810681889763778
0
LINE
8
BLACK
6
CONTINUOUS
10
-0.3830799606299212
20
-1.8810681889763778
11
-0.385691062992126
21
-1.8828128740157479
0
LINE
8
BLACK
6
CONTINUOUS
10
-0.385691062992126
20
-1.8828128740157479
11
-0.3874357480314961
21
-1.8854239763779528
0
LINE
8
BLACK
6
CONTINUOUS
10
-0.3874357480314961
20
-1.8854239763779528
11
-0.3874357874015748
21
-1.8854240157480315
0
LINE
8
BLACK
6
CONTINUOUS
10
-0.3874357874015748
20
-1.8854240157480315
11
-0.3878937007874015
21
-1.8877262598425197
0
LINE
8
BLACK
6
CONTINUOUS
10
-0.3878937007874015
20
-1.8877262598425197
11
-0.3878937007874015
21
-1.9492815748031496
0
LINE
8
BLACK
6
CONTINUOUS
10
-0.1878937007874016
20
-1.9492815748031496
11
-0.1874357874015748
21
-1.9515838188976378
0
LINE
8
BLACK
6
CONTINUOUS
10
-0.1874357874015748
20
-1.9515838188976378
11
-0.1874357480314961
21
-1.9515838582677165
0
LINE
8
BLACK
6
CONTINUOUS
10
-0.1874357480314961
20
-1.9515838582677165
11
-0.185691062992126
21
-1.9541949606299212
0
LINE
8
BLACK
6
CONTINUOUS
10
-0.185691062992126
20
-1.9541949606299212
11
-0.1830799606299213
21
-1.9559396456692912
0
LINE
8
BLACK
6
CONTINUOUS
10
-0.1830799606299213
20
-1.9559396456692912
11
-0.1830799212598425
21
-1.95593968503937
0
LINE
8
BLACK
6
CONTINUOUS
10
-0.1830799212598425
20
-1.95593968503937
11
-0.1807776771653543
21
-1.9563975984251969
0
LINE
8
BLACK
6
CONTINUOUS
10
-0.1807776771653543
20
-1.9563975984251969
11
-0.1807775590551181
21
-1.9563976377952756
0
LINE
8
BLACK
6
CONTINUOUS
10
-0.1807775590551181
20
-1.9563976377952756
11
-0.1807774803149606
21
-1.9563976377952756
0
LINE
8
BLACK
6
CONTINUOUS
10
-0.1807774803149606
20
-1.9563976377952756
11
-0.1192224409448819
21
-1.9563976377952756
0
LINE
8
BLACK
6
CONTINUOUS
10
-0.1192224409448819
20
-1.9563976377952756
11
-0.1192224015748031
21
-1.9563975984251969
0
LINE
8
BLACK
6
CONTINUOUS
10
-0.1192224015748031
20
-1.9563975984251969
11
-0.1186390551181102
21
-1.9562815748031495
0
LINE
8
BLACK
6
CONTINUOUS
10
-0.1186390551181102
20
-1.9562815748031495
11
-0.1169201181102362
21
-1.95593968503937
0
LINE
8
BLACK
6
CONTINUOUS
10
-0.1169201181102362
20
-1.95593968503937
11
-0.1169201181102362
21
-1.9559396456692912
0
LINE
8
BLACK
6
CONTINUOUS
10
-0.1169201181102362
20
-1.9559396456692912
11
-0.1169200393700787
21
-1.9559396456692912
0
LINE
8
BLACK
6
CONTINUOUS
10
-0.1169200393700787
20
-1.9559396456692912
11
-0.1143089763779528
21
-1.9541949606299212
0
LINE
8
BLACK
6
CONTINUOUS
10
-0.1143089763779528
20
-1.9541949606299212
11
-0.1125642913385827
21
-1.9515838976377953
0
LINE
8
BLACK
6
CONTINUOUS
10
-0.1125642913385827
20
-1.9515838976377953
11
-0.1125642913385827
21
-1.9515838188976378
0
LINE
8
BLACK
6
CONTINUOUS
10
-0.1125642913385827
20
-1.9515838188976378
11
-0.1125642519685039
21
-1.9515838188976378
0
LINE
8
BLACK
6
CONTINUOUS
10
-0.1125642519685039
20
-1.9515838188976378
11
-0.1121063385826772
21
-1.9492815748031496
0
LINE
8
BLACK
6
CONTINUOUS
10
-0.1121063385826772
20
-1.9492815748031496
11
-0.1121062992125984
21
-1.9492814960629921
0
LINE
8
BLACK
6
CONTINUOUS
10
-0.1121062992125984
20
-1.9492814960629921
11
-0.1121062992125984
21
-1.887726338582677
0
LINE
8
BLACK
6
CONTINUOUS
10
-0.1121062992125984
20
-1.887726338582677
11
-0.1121063385826772
21
-1.8877262598425197
0
LINE
8
BLACK
6
CONTINUOUS
10
-0.1121063385826772
20
-1.8877262598425197
11
-0.1125642519685039
21
-1.8854240157480315
0
LINE
8
BLACK
6
CONTINUOUS
10
-0.1125642519685039
20
-1.8854240157480315
11
-0.1125642913385827
21
-1.8854239763779528
0
LINE
8
BLACK
6
CONTINUOUS
10
-0.1125642913385827
20
-1.8854239763779528
11
-0.1143089763779528
21
-1.8828128740157479
0
LINE
8
BLACK
6
CONTINUOUS
10
-0.1143089763779528
20
-1.8828128740157479
11
-0.1169200787401575
21
-1.8810681889763778
0
LINE
8
BLACK
6
CONTINUOUS
10
-0.1169200787401575
20
-1.8810681889763778
11
-0.1169201181102362
21
-1.8810681496062991
0
LINE
8
BLACK
6
CONTINUOUS
10
-0.1169201181102362
20
-1.8810681496062991
11
-0.1192223622047244
21
-1.8806102362204724
0
LINE
8
BLACK
6
CONTINUOUS
10
-0.1192223622047244
20
-1.8806102362204724
11
-0.1192225196850394
21
-1.8806102362204724
0
LINE
8
BLACK
6
CONTINUOUS
10
-0.1192225196850394
20
-1.8806102362204724
11
-0.1807774803149606
21
-1.8806102362204724
0
LINE
8
BLACK
6
CONTINUOUS
10
-0.1807774803149606
20
-1.8806102362204724
11
-0.1807776771653543
21
-1.8806102362204724
0
LINE
8
BLACK
6
CONTINUOUS
10
-0.1807776771653543
20
-1.8806102362204724
11
-0.1830799212598425
21
-1.8810681496062991
0
LINE
8
BLACK
6
CONTINUOUS
10
-0.1830799212598425
20
-1.8810681496062991
11
-0.1830799606299213
21
-1.8810681889763778
0
LINE
8
BLACK
6
CONTINUOUS
10
-0.1830799606299213
20
-1.8810681889763778
11
-0.185691062992126
21
-1.8828128740157479
0
LINE
8
BLACK
6
CONTINUOUS
10
-0.185691062992126
20
-1.8828128740157479
11
-0.1874357480314961
21
-1.8854239763779528
0
LINE
8
BLACK
6
CONTINUOUS
10
-0.1874357480314961
20
-1.8854239763779528
11
-0.1874357874015748
21
-1.8854240157480315
0
LINE
8
BLACK
6
CONTINUOUS
10
-0.1874357874015748
20
-1.8854240157480315
11
-0.1878937007874016
21
-1.8877262598425197
0
LINE
8
BLACK
6
CONTINUOUS
10
-0.1878937007874016
20
-1.8877262598425197
11
-0.1878937007874016
21
-1.9492815748031496
0
LINE
8
BLACK
6
CONTINUOUS
10
-0.0878937007874016
20
-1.9492815748031496
11
-0.0874357874015748
21
-1.9515838188976378
0
LINE
8
BLACK
6
CONTINUOUS
10
-0.0874357874015748
20
-1.9515838188976378
11
-0.0874357480314961
21
-1.9515838582677165
0
LINE
8
BLACK
6
CONTINUOUS
10
-0.0874357480314961
20
-1.9515838582677165
11
-0.085691062992126
21
-1.9541949606299212
0
LINE
8
BLACK
6
CONTINUOUS
10
-0.085691062992126
20
-1.9541949606299212
11
-0.0830799606299213
21
-1.9559396456692912
0
LINE
8
BLACK
6
CONTINUOUS
10
-0.0830799606299213
20
-1.9559396456692912
11
-0.0830799212598425
21
-1.95593968503937
0
LINE
8
BLACK
6
CONTINUOUS
10
-0.0830799212598425
20
-1.95593968503937
11
-0.0807776771653543
21
-1.9563975984251969
0
LINE
8
BLACK
6
CONTINUOUS
10
-0.0807776771653543
20
-1.9563975984251969
11
-0.0807775590551181
21
-1.9563976377952756
0
LINE
8
BLACK
6
CONTINUOUS
10
-0.0807775590551181
20
-1.9563976377952756
11
-0.0807774803149606
21
-1.9563976377952756
0
LINE
8
BLACK
6
CONTINUOUS
10
-0.0807774803149606
20
-1.9563976377952756
11
-0.0192224409448819
21
-1.9563976377952756
0
LINE
8
BLACK
6
CONTINUOUS
10
-0.0192224409448819
20
-1.9563976377952756
11
-0.0192224015748031
21
-1.9563975984251969
0
LINE
8
BLACK
6
CONTINUOUS
10
-0.0192224015748031
20
-1.9563975984251969
11
-0.0186390551181102
21
-1.9562815748031495
0
LINE
8
BLACK
6
CONTINUOUS
10
-0.0186390551181102
20
-1.9562815748031495
11
-0.0169201181102362
21
-1.95593968503937
0
LINE
8
BLACK
6
CONTINUOUS
10
-0.0169201181102362
20
-1.95593968503937
11
-0.0169201181102362
21
-1.9559396456692912
0
LINE
8
BLACK
6
CONTINUOUS
10
-0.0169201181102362
20
-1.9559396456692912
11
-0.0169200393700787
21
-1.9559396456692912
0
LINE
8
BLACK
6
CONTINUOUS
10
-0.0169200393700787
20
-1.9559396456692912
11
-0.0143089763779528
21
-1.9541949606299212
0
LINE
8
BLACK
6
CONTINUOUS
10
-0.0143089763779528
20
-1.9541949606299212
11
-0.0125642913385827
21
-1.9515838976377953
0
LINE
8
BLACK
6
CONTINUOUS
10
-0.0125642913385827
20
-1.9515838976377953
11
-0.0125642913385827
21
-1.9515838188976378
0
LINE
8
BLACK
6
CONTINUOUS
10
-0.0125642913385827
20
-1.9515838188976378
11
-0.0125642519685039
21
-1.9515838188976378
0
LINE
8
BLACK
6
CONTINUOUS
10
-0.0125642519685039
20
-1.9515838188976378
11
-0.0121063385826772
21
-1.9492815748031496
0
LINE
8
BLACK
6
CONTINUOUS
10
-0.0121063385826772
20
-1.9492815748031496
11
-0.0121062992125984
21
-1.9492814960629921
0
LINE
8
BLACK
6
CONTINUOUS
10
-0.0121062992125984
20
-1.9492814960629921
11
-0.0121062992125984
21
-1.887726338582677
0
LINE
8
BLACK
6
CONTINUOUS
10
-0.0121062992125984
20
-1.887726338582677
11
-0.0121063385826772
21
-1.8877262598425197
0
LINE
8
BLACK
6
CONTINUOUS
10
-0.0121063385826772
20
-1.8877262598425197
11
-0.0125642519685039
21
-1.8854240157480315
0
LINE
8
BLACK
6
CONTINUOUS
10
-0.0125642519685039
20
-1.8854240157480315
11
-0.0125642913385827
21
-1.8854239763779528
0
LINE
8
BLACK
6
CONTINUOUS
10
-0.0125642913385827
20
-1.8854239763779528
11
-0.0143089763779528
21
-1.8828128740157479
0
LINE
8
BLACK
6
CONTINUOUS
10
-0.0143089763779528
20
-1.8828128740157479
11
-0.0169200787401575
21
-1.8810681889763778
0
LINE
8
BLACK
6
CONTINUOUS
10
-0.0169200787401575
20
-1.8810681889763778
11
-0.0169201181102362
21
-1.8810681496062991
0
LINE
8
BLACK
6
CONTINUOUS
10
-0.0169201181102362
20
-1.8810681496062991
11
-0.0192223622047244
21
-1.8806102362204724
0
LINE
8
BLACK
6
CONTINUOUS
10
-0.0192223622047244
20
-1.8806102362204724
11
-0.0192225196850394
21
-1.8806102362204724
0
LINE
8
BLACK
6
CONTINUOUS
10
-0.0192225196850394
20
-1.8806102362204724
11
-0.0807774803149606
21
-1.8806102362204724
0
LINE
8
BLACK
6
CONTINUOUS
10
-0.0807774803149606
20
-1.8806102362204724
11
-0.0807776771653543
21
-1.8806102362204724
0
LINE
8
BLACK
6
CONTINUOUS
10
-0.0807776771653543
20
-1.8806102362204724
11
-0.0830799212598425
21
-1.8810681496062991
0
LINE
8
BLACK
6
CONTINUOUS
10
-0.0830799212598425
20
-1.8810681496062991
11
-0.0830799606299213
21
-1.8810681889763778
0
LINE
8
BLACK
6
CONTINUOUS
10
-0.0830799606299213
20
-1.8810681889763778
11
-0.085691062992126
21
-1.8828128740157479
0
LINE
8
BLACK
6
CONTINUOUS
10
-0.085691062992126
20
-1.8828128740157479
11
-0.0874357480314961
21
-1.8854239763779528
0
LINE
8
BLACK
6
CONTINUOUS
10
-0.0874357480314961
20
-1.8854239763779528
11
-0.0874357874015748
21
-1.8854240157480315
0
LINE
8
BLACK
6
CONTINUOUS
10
-0.0874357874015748
20
-1.8854240157480315
11
-0.0878937007874016
21
-1.8877262598425197
0
LINE
8
BLACK
6
CONTINUOUS
10
-0.0878937007874016
20
-1.8877262598425197
11
-0.0878937007874016
21
-1.9492815748031496
0
LINE
8
BLACK
6
CONTINUOUS
10
0.0121062992125984
20
-1.9492815748031496
11
0.0125642125984252
21
-1.9515838188976378
0
LINE
8
BLACK
6
CONTINUOUS
10
0.0125642125984252
20
-1.9515838188976378
11
0.0125642519685039
21
-1.9515838582677165
0
LINE
8
BLACK
6
CONTINUOUS
10
0.0125642519685039
20
-1.9515838582677165
11
0.014308937007874
21
-1.9541949606299212
0
LINE
8
BLACK
6
CONTINUOUS
10
0.014308937007874
20
-1.9541949606299212
11
0.0169200393700787
21
-1.9559396456692912
0
LINE
8
BLACK
6
CONTINUOUS
10
0.0169200393700787
20
-1.9559396456692912
11
0.0169200787401575
21
-1.95593968503937
0
LINE
8
BLACK
6
CONTINUOUS
10
0.0169200787401575
20
-1.95593968503937
11
0.0192223228346457
21
-1.9563975984251969
0
LINE
8
BLACK
6
CONTINUOUS
10
0.0192223228346457
20
-1.9563975984251969
11
0.0192224409448819
21
-1.9563976377952756
0
LINE
8
BLACK
6
CONTINUOUS
10
0.0192224409448819
20
-1.9563976377952756
11
0.0192225196850394
21
-1.9563976377952756
0
LINE
8
BLACK
6
CONTINUOUS
10
0.0192225196850394
20
-1.9563976377952756
11
0.0807775590551181
21
-1.9563976377952756
0
LINE
8
BLACK
6
CONTINUOUS
10
0.0807775590551181
20
-1.9563976377952756
11
0.0807775984251968
21
-1.9563975984251969
0
LINE
8
BLACK
6
CONTINUOUS
10
0.0807775984251968
20
-1.9563975984251969
11
0.0813609448818898
21
-1.9562815748031495
0
LINE
8
BLACK
6
CONTINUOUS
10
0.0813609448818898
20
-1.9562815748031495
11
0.0830798818897638
21
-1.95593968503937
0
LINE
8
BLACK
6
CONTINUOUS
10
0.0830798818897638
20
-1.95593968503937
11
0.0830798818897638
21
-1.9559396456692912
0
LINE
8
BLACK
6
CONTINUOUS
10
0.0830798818897638
20
-1.9559396456692912
11
0.0830799606299213
21
-1.9559396456692912
0
LINE
8
BLACK
6
CONTINUOUS
10
0.0830799606299213
20
-1.9559396456692912
11
0.0856910236220472
21
-1.9541949606299212
0
LINE
8
BLACK
6
CONTINUOUS
10
0.0856910236220472
20
-1.9541949606299212
11
0.0874357086614173
21
-1.9515838976377953
0
LINE
8
BLACK
6
CONTINUOUS
10
0.0874357086614173
20
-1.9515838976377953
11
0.0874357086614173
21
-1.9515838188976378
0
LINE
8
BLACK
6
CONTINUOUS
10
0.0874357086614173
20
-1.9515838188976378
11
0.0874357480314961
21
-1.9515838188976378
0
LINE
8
BLACK
6
CONTINUOUS
10
0.0874357480314961
20
-1.9515838188976378
11
0.0878936614173228
21
-1.9492815748031496
0
LINE
8
BLACK
6
CONTINUOUS
10
0.0878936614173228
20
-1.9492815748031496
11
0.0878937007874016
21
-1.9492814960629921
0
LINE
8
BLACK
6
CONTINUOUS
10
0.0878937007874016
20
-1.9492814960629921
11
0.0878937007874016
21
-1.887726338582677
0
LINE
8
BLACK
6
CONTINUOUS
10
0.0878937007874016
20
-1.887726338582677
11
0.0878936614173228
21
-1.8877262598425197
0
LINE
8
BLACK
6
CONTINUOUS
10
0.0878936614173228
20
-1.8877262598425197
11
0.0874357480314961
21
-1.8854240157480315
0
LINE
8
BLACK
6
CONTINUOUS
10
0.0874357480314961
20
-1.8854240157480315
11
0.0874357086614173
21
-1.8854239763779528
0
LINE
8
BLACK
6
CONTINUOUS
10
0.0874357086614173
20
-1.8854239763779528
11
0.0856910236220472
21
-1.8828128740157479
0
LINE
8
BLACK
6
CONTINUOUS
10
0.0856910236220472
20
-1.8828128740157479
11
0.0830799212598425
21
-1.8810681889763778
0
LINE
8
BLACK
6
CONTINUOUS
10
0.0830799212598425
20
-1.8810681889763778
11
0.0830798818897638
21
-1.8810681496062991
0
LINE
8
BLACK
6
CONTINUOUS
10
0.0830798818897638
20
-1.8810681496062991
11
0.0807776377952756
21
-1.8806102362204724
0
LINE
8
BLACK
6
CONTINUOUS
10
0.0807776377952756
20
-1.8806102362204724
11
0.0807774803149606
21
-1.8806102362204724
0
LINE
8
BLACK
6
CONTINUOUS
10
0.0807774803149606
20
-1.8806102362204724
11
0.0192225196850394
21
-1.8806102362204724
0
LINE
8
BLACK
6
CONTINUOUS
10
0.0192225196850394
20
-1.8806102362204724
11
0.0192223228346457
21
-1.8806102362204724
0
LINE
8
BLACK
6
CONTINUOUS
10
0.0192223228346457
20
-1.8806102362204724
11
0.0169200787401575
21
-1.8810681496062991
0
LINE
8
BLACK
6
CONTINUOUS
10
0.0169200787401575
20
-1.8810681496062991
11
0.0169200393700787
21
-1.8810681889763778
0
LINE
8
BLACK
6
CONTINUOUS
10
0.0169200393700787
20
-1.8810681889763778
11
0.014308937007874
21
-1.8828128740157479
0
LINE
8
BLACK
6
CONTINUOUS
10
0.014308937007874
20
-1.8828128740157479
11
0.0125642519685039
21
-1.8854239763779528
0
LINE
8
BLACK
6
CONTINUOUS
10
0.0125642519685039
20
-1.8854239763779528
11
0.0125642125984252
21
-1.8854240157480315
0
LINE
8
BLACK
6
CONTINUOUS
10
0.0125642125984252
20
-1.8854240157480315
11
0.0121062992125984
21
-1.8877262598425197
0
LINE
8
BLACK
6
CONTINUOUS
10
0.0121062992125984
20
-1.8877262598425197
11
0.0121062992125984
21
-1.9492815748031496
0
LINE
8
BLACK
6
CONTINUOUS
10
0.1121062992125984
20
-1.9492815748031496
11
0.1125642125984252
21
-1.9515838188976378
0
LINE
8
BLACK
6
CONTINUOUS
10
0.1125642125984252
20
-1.9515838188976378
11
0.1125642519685039
21
-1.9515838582677165
0
LINE
8
BLACK
6
CONTINUOUS
10
0.1125642519685039
20
-1.9515838582677165
11
0.114308937007874
21
-1.9541949606299212
0
LINE
8
BLACK
6
CONTINUOUS
10
0.114308937007874
20
-1.9541949606299212
11
0.1169200393700787
21
-1.9559396456692912
0
LINE
8
BLACK
6
CONTINUOUS
10
0.1169200393700787
20
-1.9559396456692912
11
0.1169200787401575
21
-1.95593968503937
0
LINE
8
BLACK
6
CONTINUOUS
10
0.1169200787401575
20
-1.95593968503937
11
0.1192223228346457
21
-1.9563975984251969
0
LINE
8
BLACK
6
CONTINUOUS
10
0.1192223228346457
20
-1.9563975984251969
11
0.1192224409448819
21
-1.9563976377952756
0
LINE
8
BLACK
6
CONTINUOUS
10
0.1192224409448819
20
-1.9563976377952756
11
0.1192225196850394
21
-1.9563976377952756
0
LINE
8
BLACK
6
CONTINUOUS
10
0.1192225196850394
20
-1.9563976377952756
11
0.1807775590551181
21
-1.9563976377952756
0
LINE
8
BLACK
6
CONTINUOUS
10
0.1807775590551181
20
-1.9563976377952756
11
0.1807775984251968
21
-1.9563975984251969
0
LINE
8
BLACK
6
CONTINUOUS
10
0.1807775984251968
20
-1.9563975984251969
11
0.1813609448818898
21
-1.9562815748031495
0
LINE
8
BLACK
6
CONTINUOUS
10
0.1813609448818898
20
-1.9562815748031495
11
0.1830798818897638
21
-1.95593968503937
0
LINE
8
BLACK
6
CONTINUOUS
10
0.1830798818897638
20
-1.95593968503937
11
0.1830798818897638
21
-1.9559396456692912
0
LINE
8
BLACK
6
CONTINUOUS
10
0.1830798818897638
20
-1.9559396456692912
11
0.1830799606299213
21
-1.9559396456692912
0
LINE
8
BLACK
6
CONTINUOUS
10
0.1830799606299213
20
-1.9559396456692912
11
0.1856910236220472
21
-1.9541949606299212
0
LINE
8
BLACK
6
CONTINUOUS
10
0.1856910236220472
20
-1.9541949606299212
11
0.1874357086614173
21
-1.9515838976377953
0
LINE
8
BLACK
6
CONTINUOUS
10
0.1874357086614173
20
-1.9515838976377953
11
0.1874357086614173
21
-1.9515838188976378
0
LINE
8
BLACK
6
CONTINUOUS
10
0.1874357086614173
20
-1.9515838188976378
11
0.1874357480314961
21
-1.9515838188976378
0
LINE
8
BLACK
6
CONTINUOUS
10
0.1874357480314961
20
-1.9515838188976378
11
0.1878936614173228
21
-1.9492815748031496
0
LINE
8
BLACK
6
CONTINUOUS
10
0.1878936614173228
20
-1.9492815748031496
11
0.1878937007874016
21
-1.9492814960629921
0
LINE
8
BLACK
6
CONTINUOUS
10
0.1878937007874016
20
-1.9492814960629921
11
0.1878937007874016
21
-1.887726338582677
0
LINE
8
BLACK
6
CONTINUOUS
10
0.1878937007874016
20
-1.887726338582677
11
0.1878936614173228
21
-1.8877262598425197
0
LINE
8
BLACK
6
CONTINUOUS
10
0.1878936614173228
20
-1.8877262598425197
11
0.1874357480314961
21
-1.8854240157480315
0
LINE
8
BLACK
6
CONTINUOUS
10
0.1874357480314961
20
-1.8854240157480315
11
0.1874357086614173
21
-1.8854239763779528
0
LINE
8
BLACK
6
CONTINUOUS
10
0.1874357086614173
20
-1.8854239763779528
11
0.1856910236220472
21
-1.8828128740157479
0
LINE
8
BLACK
6
CONTINUOUS
10
0.1856910236220472
20
-1.8828128740157479
11
0.1830799212598425
21
-1.8810681889763778
0
LINE
8
BLACK
6
CONTINUOUS
10
0.1830799212598425
20
-1.8810681889763778
11
0.1830798818897638
21
-1.8810681496062991
0
LINE
8
BLACK
6
CONTINUOUS
10
0.1830798818897638
20
-1.8810681496062991
11
0.1807776377952756
21
-1.8806102362204724
0
LINE
8
BLACK
6
CONTINUOUS
10
0.1807776377952756
20
-1.8806102362204724
11
0.1807774803149606
21
-1.8806102362204724
0
LINE
8
BLACK
6
CONTINUOUS
10
0.1807774803149606
20
-1.8806102362204724
11
0.1192225196850394
21
-1.8806102362204724
0
LINE
8
BLACK
6
CONTINUOUS
10
0.1192225196850394
20
-1.8806102362204724
11
0.1192223228346457
21
-1.8806102362204724
0
LINE
8
BLACK
6
CONTINUOUS
10
0.1192223228346457
20
-1.8806102362204724
11
0.1169200787401575
21
-1.8810681496062991
0
LINE
8
BLACK
6
CONTINUOUS
10
0.1169200787401575
20
-1.8810681496062991
11
0.1169200393700787
21
-1.8810681889763778
0
LINE
8
BLACK
6
CONTINUOUS
10
0.1169200393700787
20
-1.8810681889763778
11
0.114308937007874
21
-1.8828128740157479
0
LINE
8
BLACK
6
CONTINUOUS
10
0.114308937007874
20
-1.8828128740157479
11
0.1125642519685039
21
-1.8854239763779528
0
LINE
8
BLACK
6
CONTINUOUS
10
0.1125642519685039
20
-1.8854239763779528
11
0.1125642125984252
21
-1.8854240157480315
0
LINE
8
BLACK
6
CONTINUOUS
10
0.1125642125984252
20
-1.8854240157480315
11
0.1121062992125984
21
-1.8877262598425197
0
LINE
8
BLACK
6
CONTINUOUS
10
0.1121062992125984
20
-1.8877262598425197
11
0.1121062992125984
21
-1.9492815748031496
0
LINE
8
BLACK
6
CONTINUOUS
10
0.2121062992125984
20
-1.9492815748031496
11
0.2125642125984252
21
-1.9515838188976378
0
LINE
8
BLACK
6
CONTINUOUS
10
0.2125642125984252
20
-1.9515838188976378
11
0.2125642519685039
21
-1.9515838582677165
0
LINE
8
BLACK
6
CONTINUOUS
10
0.2125642519685039
20
-1.9515838582677165
11
0.214308937007874
21
-1.9541949606299212
0
LINE
8
BLACK
6
CONTINUOUS
10
0.214308937007874
20
-1.9541949606299212
11
0.2169200393700787
21
-1.9559396456692912
0
LINE
8
BLACK
6
CONTINUOUS
10
0.2169200393700787
20
-1.9559396456692912
11
0.2169200787401575
21
-1.95593968503937
0
LINE
8
BLACK
6
CONTINUOUS
10
0.2169200787401575
20
-1.95593968503937
11
0.2192223228346457
21
-1.9563975984251969
0
LINE
8
BLACK
6
CONTINUOUS
10
0.2192223228346457
20
-1.9563975984251969
11
0.2192224409448819
21
-1.9563976377952756
0
LINE
8
BLACK
6
CONTINUOUS
10
0.2192224409448819
20
-1.9563976377952756
11
0.2192225196850394
21
-1.9563976377952756
0
LINE
8
BLACK
6
CONTINUOUS
10
0.2192225196850394
20
-1.9563976377952756
11
0.2807775590551181
21
-1.9563976377952756
0
LINE
8
BLACK
6
CONTINUOUS
10
0.2807775590551181
20
-1.9563976377952756
11
0.2807775984251968
21
-1.9563975984251969
0
LINE
8
BLACK
6
CONTINUOUS
10
0.2807775984251968
20
-1.9563975984251969
11
0.2813609448818898
21
-1.9562815748031495
0
LINE
8
BLACK
6
CONTINUOUS
10
0.2813609448818898
20
-1.9562815748031495
11
0.2830798818897638
21
-1.95593968503937
0
LINE
8
BLACK
6
CONTINUOUS
10
0.2830798818897638
20
-1.95593968503937
11
0.2830798818897638
21
-1.9559396456692912
0
LINE
8
BLACK
6
CONTINUOUS
10
0.2830798818897638
20
-1.9559396456692912
11
0.2830799606299212
21
-1.9559396456692912
0
LINE
8
BLACK
6
CONTINUOUS
10
0.2830799606299212
20
-1.9559396456692912
11
0.2856910236220472
21
-1.9541949606299212
0
LINE
8
BLACK
6
CONTINUOUS
10
0.2856910236220472
20
-1.9541949606299212
11
0.2874357086614173
21
-1.9515838976377953
0
LINE
8
BLACK
6
CONTINUOUS
10
0.2874357086614173
20
-1.9515838976377953
11
0.2874357086614173
21
-1.9515838188976378
0
LINE
8
BLACK
6
CONTINUOUS
10
0.2874357086614173
20
-1.9515838188976378
11
0.2874357480314961
21
-1.9515838188976378
0
LINE
8
BLACK
6
CONTINUOUS
10
0.2874357480314961
20
-1.9515838188976378
11
0.2878936614173228
21
-1.9492815748031496
0
LINE
8
BLACK
6
CONTINUOUS
10
0.2878936614173228
20
-1.9492815748031496
11
0.2878937007874016
21
-1.9492814960629921
0
LINE
8
BLACK
6
CONTINUOUS
10
0.2878937007874016
20
-1.9492814960629921
11
0.2878937007874016
21
-1.887726338582677
0
LINE
8
BLACK
6
CONTINUOUS
10
0.2878937007874016
20
-1.887726338582677
11
0.2878936614173228
21
-1.8877262598425197
0
LINE
8
BLACK
6
CONTINUOUS
10
0.2878936614173228
20
-1.8877262598425197
11
0.2874357480314961
21
-1.8854240157480315
0
LINE
8
BLACK
6
CONTINUOUS
10
0.2874357480314961
20
-1.8854240157480315
11
0.2874357086614173
21
-1.8854239763779528
0
LINE
8
BLACK
6
CONTINUOUS
10
0.2874357086614173
20
-1.8854239763779528
11
0.2856910236220472
21
-1.8828128740157479
0
LINE
8
BLACK
6
CONTINUOUS
10
0.2856910236220472
20
-1.8828128740157479
11
0.2830799212598425
21
-1.8810681889763778
0
LINE
8
BLACK
6
CONTINUOUS
10
0.2830799212598425
20
-1.8810681889763778
11
0.2830798818897638
21
-1.8810681496062991
0
LINE
8
BLACK
6
CONTINUOUS
10
0.2830798818897638
20
-1.8810681496062991
11
0.2807776377952756
21
-1.8806102362204724
0
LINE
8
BLACK
6
CONTINUOUS
10
0.2807776377952756
20
-1.8806102362204724
11
0.2807774803149606
21
-1.8806102362204724
0
LINE
8
BLACK
6
CONTINUOUS
10
0.2807774803149606
20
-1.8806102362204724
11
0.2192225196850394
21
-1.8806102362204724
0
LINE
8
BLACK
6
CONTINUOUS
10
0.2192225196850394
20
-1.8806102362204724
11
0.2192223228346457
21
-1.8806102362204724
0
LINE
8
BLACK
6
CONTINUOUS
10
0.2192223228346457
20
-1.8806102362204724
11
0.2169200787401575
21
-1.8810681496062991
0
LINE
8
BLACK
6
CONTINUOUS
10
0.2169200787401575
20
-1.8810681496062991
11
0.2169200393700787
21
-1.8810681889763778
0
LINE
8
BLACK
6
CONTINUOUS
10
0.2169200393700787
20
-1.8810681889763778
11
0.214308937007874
21
-1.8828128740157479
0
LINE
8
BLACK
6
CONTINUOUS
10
0.214308937007874
20
-1.8828128740157479
11
0.2125642519685039
21
-1.8854239763779528
0
LINE
8
BLACK
6
CONTINUOUS
10
0.2125642519685039
20
-1.8854239763779528
11
0.2125642125984252
21
-1.8854240157480315
0
LINE
8
BLACK
6
CONTINUOUS
10
0.2125642125984252
20
-1.8854240157480315
11
0.2121062992125984
21
-1.8877262598425197
0
LINE
8
BLACK
6
CONTINUOUS
10
0.2121062992125984
20
-1.8877262598425197
11
0.2121062992125984
21
-1.9492815748031496
0
LINE
8
BLACK
6
CONTINUOUS
10
0.3121062992125984
20
-1.9492815748031496
11
0.3125642125984252
21
-1.9515838188976378
0
LINE
8
BLACK
6
CONTINUOUS
10
0.3125642125984252
20
-1.9515838188976378
11
0.3125642519685039
21
-1.9515838582677165
0
LINE
8
BLACK
6
CONTINUOUS
10
0.3125642519685039
20
-1.9515838582677165
11
0.314308937007874
21
-1.9541949606299212
0
LINE
8
BLACK
6
CONTINUOUS
10
0.314308937007874
20
-1.9541949606299212
11
0.3169200393700787
21
-1.9559396456692912
0
LINE
8
BLACK
6
CONTINUOUS
10
0.3169200393700787
20
-1.9559396456692912
11
0.3169200787401575
21
-1.95593968503937
0
LINE
8
BLACK
6
CONTINUOUS
10
0.3169200787401575
20
-1.95593968503937
11
0.3192223228346457
21
-1.9563975984251969
0
LINE
8
BLACK
6
CONTINUOUS
10
0.3192223228346457
20
-1.9563975984251969
11
0.3192224409448819
21
-1.9563976377952756
0
LINE
8
BLACK
6
CONTINUOUS
10
0.3192224409448819
20
-1.9563976377952756
11
0.3192225196850393
21
-1.9563976377952756
0
LINE
8
BLACK
6
CONTINUOUS
10
0.3192225196850393
20
-1.9563976377952756
11
0.3807775590551181
21
-1.9563976377952756
0
LINE
8
BLACK
6
CONTINUOUS
10
0.3807775590551181
20
-1.9563976377952756
11
0.3807775984251968
21
-1.9563975984251969
0
LINE
8
BLACK
6
CONTINUOUS
10
0.3807775984251968
20
-1.9563975984251969
11
0.3813609448818898
21
-1.9562815748031495
0
LINE
8
BLACK
6
CONTINUOUS
10
0.3813609448818898
20
-1.9562815748031495
11
0.3830798818897638
21
-1.95593968503937
0
LINE
8
BLACK
6
CONTINUOUS
10
0.3830798818897638
20
-1.95593968503937
11
0.3830798818897638
21
-1.9559396456692912
0
LINE
8
BLACK
6
CONTINUOUS
10
0.3830798818897638
20
-1.9559396456692912
11
0.3830799606299212
21
-1.9559396456692912
0
LINE
8
BLACK
6
CONTINUOUS
10
0.3830799606299212
20
-1.9559396456692912
11
0.3856910236220472
21
-1.9541949606299212
0
LINE
8
BLACK
6
CONTINUOUS
10
0.3856910236220472
20
-1.9541949606299212
11
0.3874357086614173
21
-1.9515838976377953
0
LINE
8
BLACK
6
CONTINUOUS
10
0.3874357086614173
20
-1.9515838976377953
11
0.3874357086614173
21
-1.9515838188976378
0
LINE
8
BLACK
6
CONTINUOUS
10
0.3874357086614173
20
-1.9515838188976378
11
0.3874357480314961
21
-1.9515838188976378
0
LINE
8
BLACK
6
CONTINUOUS
10
0.3874357480314961
20
-1.9515838188976378
11
0.3878936614173228
21
-1.9492815748031496
0
LINE
8
BLACK
6
CONTINUOUS
10
0.3878936614173228
20
-1.9492815748031496
11
0.3878937007874015
21
-1.9492814960629921
0
LINE
8
BLACK
6
CONTINUOUS
10
0.3878937007874015
20
-1.9492814960629921
11
0.3878937007874015
21
-1.887726338582677
0
LINE
8
BLACK
6
CONTINUOUS
10
0.3878937007874015
20
-1.887726338582677
11
0.3878936614173228
21
-1.8877262598425197
0
LINE
8
BLACK
6
CONTINUOUS
10
0.3878936614173228
20
-1.8877262598425197
11
0.3874357480314961
21
-1.8854240157480315
0
LINE
8
BLACK
6
CONTINUOUS
10
0.3874357480314961
20
-1.8854240157480315
11
0.3874357086614173
21
-1.8854239763779528
0
LINE
8
BLACK
6
CONTINUOUS
10
0.3874357086614173
20
-1.8854239763779528
11
0.3856910236220472
21
-1.8828128740157479
0
LINE
8
BLACK
6
CONTINUOUS
10
0.3856910236220472
20
-1.8828128740157479
11
0.3830799212598425
21
-1.8810681889763778
0
LINE
8
BLACK
6
CONTINUOUS
10
0.3830799212598425
20
-1.8810681889763778
11
0.3830798818897638
21
-1.8810681496062991
0
LINE
8
BLACK
6
CONTINUOUS
10
0.3830798818897638
20
-1.8810681496062991
11
0.3807776377952756
21
-1.8806102362204724
0
LINE
8
BLACK
6
CONTINUOUS
10
0.3807776377952756
20
-1.8806102362204724
11
0.3807774803149606
21
-1.8806102362204724
0
LINE
8
BLACK
6
CONTINUOUS
10
0.3807774803149606
20
-1.8806102362204724
11
0.3192225196850393
21
-1.8806102362204724
0
LINE
8
BLACK
6
CONTINUOUS
10
0.3192225196850393
20
-1.8806102362204724
11
0.3192223228346457
21
-1.8806102362204724
0
LINE
8
BLACK
6
CONTINUOUS
10
0.3192223228346457
20
-1.8806102362204724
11
0.3169200787401575
21
-1.8810681496062991
0
LINE
8
BLACK
6
CONTINUOUS
10
0.3169200787401575
20
-1.8810681496062991
11
0.3169200393700787
21
-1.8810681889763778
0
LINE
8
BLACK
6
CONTINUOUS
10
0.3169200393700787
20
-1.8810681889763778
11
0.314308937007874
21
-1.8828128740157479
0
LINE
8
BLACK
6
CONTINUOUS
10
0.314308937007874
20
-1.8828128740157479
11
0.3125642519685039
21
-1.8854239763779528
0
LINE
8
BLACK
6
CONTINUOUS
10
0.3125642519685039
20
-1.8854239763779528
11
0.3125642125984252
21
-1.8854240157480315
0
LINE
8
BLACK
6
CONTINUOUS
10
0.3125642125984252
20
-1.8854240157480315
11
0.3121062992125984
21
-1.8877262598425197
0
LINE
8
BLACK
6
CONTINUOUS
10
0.3121062992125984
20
-1.8877262598425197
11
0.3121062992125984
21
-1.9492815748031496
0
LINE
8
BLACK
6
CONTINUOUS
10
0.4121062992125984
20
-1.9492815748031496
11
0.4125642125984252
21
-1.9515838188976378
0
LINE
8
BLACK
6
CONTINUOUS
10
0.4125642125984252
20
-1.9515838188976378
11
0.4125642519685039
21
-1.9515838582677165
0
LINE
8
BLACK
6
CONTINUOUS
10
0.4125642519685039
20
-1.9515838582677165
11
0.414308937007874
21
-1.9541949606299212
0
LINE
8
BLACK
6
CONTINUOUS
10
0.414308937007874
20
-1.9541949606299212
11
0.4169200393700787
21
-1.9559396456692912
0
LINE
8
BLACK
6
CONTINUOUS
10
0.4169200393700787
20
-1.9559396456692912
11
0.4169200787401575
21
-1.95593968503937
0
LINE
8
BLACK
6
CONTINUOUS
10
0.4169200787401575
20
-1.95593968503937
11
0.4192223228346457
21
-1.9563975984251969
0
LINE
8
BLACK
6
CONTINUOUS
10
0.4192223228346457
20
-1.9563975984251969
11
0.4192224409448819
21
-1.9563976377952756
0
LINE
8
BLACK
6
CONTINUOUS
10
0.4192224409448819
20
-1.9563976377952756
11
0.4192225196850394
21
-1.9563976377952756
0
LINE
8
BLACK
6
CONTINUOUS
10
0.4192225196850394
20
-1.9563976377952756
11
0.4807775590551181
21
-1.9563976377952756
0
LINE
8
BLACK
6
CONTINUOUS
10
0.4807775590551181
20
-1.9563976377952756
11
0.4807775984251969
21
-1.9563975984251969
0
LINE
8
BLACK
6
CONTINUOUS
10
0.4807775984251969
20
-1.9563975984251969
11
0.4813609448818897
21
-1.9562815748031495
0
LINE
8
BLACK
6
CONTINUOUS
10
0.4813609448818897
20
-1.9562815748031495
11
0.4830798818897638
21
-1.95593968503937
0
LINE
8
BLACK
6
CONTINUOUS
10
0.4830798818897638
20
-1.95593968503937
11
0.4830798818897638
21
-1.9559396456692912
0
LINE
8
BLACK
6
CONTINUOUS
10
0.4830798818897638
20
-1.9559396456692912
11
0.4830799606299213
21
-1.9559396456692912
0
LINE
8
BLACK
6
CONTINUOUS
10
0.4830799606299213
20
-1.9559396456692912
11
0.4856910236220472
21
-1.9541949606299212
0
LINE
8
BLACK
6
CONTINUOUS
10
0.4856910236220472
20
-1.9541949606299212
11
0.4874357086614173
21
-1.9515838976377953
0
LINE
8
BLACK
6
CONTINUOUS
10
0.4874357086614173
20
-1.9515838976377953
11
0.4874357086614173
21
-1.9515838188976378
0
LINE
8
BLACK
6
CONTINUOUS
10
0.4874357086614173
20
-1.9515838188976378
11
0.487435748031496
21
-1.9515838188976378
0
LINE
8
BLACK
6
CONTINUOUS
10
0.487435748031496
20
-1.9515838188976378
11
0.4878936614173228
21
-1.9492815748031496
0
LINE
8
BLACK
6
CONTINUOUS
10
0.4878936614173228
20
-1.9492815748031496
11
0.4878937007874016
21
-1.9492814960629921
0
LINE
8
BLACK
6
CONTINUOUS
10
0.4878937007874016
20
-1.9492814960629921
11
0.4878937007874016
21
-1.8878013779527558
0
LINE
8
BLACK
6
CONTINUOUS
10
0.4878937007874016
20
-1.8878013779527558
11
0.4878937007874016
21
-1.887726338582677
0
LINE
8
BLACK
6
CONTINUOUS
10
0.4878937007874016
20
-1.887726338582677
11
0.4878936614173228
21
-1.8877262598425197
0
LINE
8
BLACK
6
CONTINUOUS
10
0.4878936614173228
20
-1.8877262598425197
11
0.487435748031496
21
-1.8854240157480315
0
LINE
8
BLACK
6
CONTINUOUS
10
0.487435748031496
20
-1.8854240157480315
11
0.4874357086614173
21
-1.8854239763779528
0
LINE
8
BLACK
6
CONTINUOUS
10
0.4874357086614173
20
-1.8854239763779528
11
0.4856910236220472
21
-1.8828128740157479
0
LINE
8
BLACK
6
CONTINUOUS
10
0.4856910236220472
20
-1.8828128740157479
11
0.4830799212598425
21
-1.8810681889763778
0
LINE
8
BLACK
6
CONTINUOUS
10
0.4830799212598425
20
-1.8810681889763778
11
0.4830798818897638
21
-1.8810681496062991
0
LINE
8
BLACK
6
CONTINUOUS
10
0.4830798818897638
20
-1.8810681496062991
11
0.4807776377952756
21
-1.8806102362204724
0
LINE
8
BLACK
6
CONTINUOUS
10
0.4807776377952756
20
-1.8806102362204724
11
0.4807774803149606
21
-1.8806102362204724
0
LINE
8
BLACK
6
CONTINUOUS
10
0.4807774803149606
20
-1.8806102362204724
11
0.4192225196850394
21
-1.8806102362204724
0
LINE
8
BLACK
6
CONTINUOUS
10
0.4192225196850394
20
-1.8806102362204724
11
0.4192223228346457
21
-1.8806102362204724
0
LINE
8
BLACK
6
CONTINUOUS
10
0.4192223228346457
20
-1.8806102362204724
11
0.4169200787401575
21
-1.8810681496062991
0
LINE
8
BLACK
6
CONTINUOUS
10
0.4169200787401575
20
-1.8810681496062991
11
0.4169200393700787
21
-1.8810681889763778
0
LINE
8
BLACK
6
CONTINUOUS
10
0.4169200393700787
20
-1.8810681889763778
11
0.414308937007874
21
-1.8828128740157479
0
LINE
8
BLACK
6
CONTINUOUS
10
0.414308937007874
20
-1.8828128740157479
11
0.4125642519685039
21
-1.8854239763779528
0
LINE
8
BLACK
6
CONTINUOUS
10
0.4125642519685039
20
-1.8854239763779528
11
0.4125642125984252
21
-1.8854240157480315
0
LINE
8
BLACK
6
CONTINUOUS
10
0.4125642125984252
20
-1.8854240157480315
11
0.4121062992125984
21
-1.8877262598425197
0
LINE
8
BLACK
6
CONTINUOUS
10
0.4121062992125984
20
-1.8877262598425197
11
0.4121062992125984
21
-1.9492815748031496
0
LINE
8
BLACK
6
CONTINUOUS
10
0.8956692913385826
20
-1.8896850393700786
11
0.9158267716535433
21
-1.8896850393700786
0
LINE
8
BLACK
6
CONTINUOUS
10
0.9158267716535433
20
-1.8896850393700786
11
0.9158267716535433
21
-1.9098425196850393
0
LINE
8
BLACK
6
CONTINUOUS
10
0.9158267716535433
20
-1.9098425196850393
11
0.935511811023622
21
-1.9098425196850393
0
LINE
8
BLACK
6
CONTINUOUS
10
0.935511811023622
20
-1.9098425196850393
11
0.935511811023622
21
-1.8878020472440944
0
LINE
8
BLACK
6
CONTINUOUS
10
0.935511811023622
20
-1.8878020472440944
11
0.9355117716535433
21
-1.8878013779527558
0
LINE
8
BLACK
6
CONTINUOUS
10
0.9355117716535433
20
-1.8878013779527558
11
0.9352597637795276
21
-1.8854577559055117
0
LINE
8
BLACK
6
CONTINUOUS
10
0.9352597637795276
20
-1.8854577559055117
11
0.9352596850393701
21
-1.8854574803149606
0
LINE
8
BLACK
6
CONTINUOUS
10
0.9352596850393701
20
-1.8854574803149606
11
0.9332816535433071
21
-1.8801540551181102
0
LINE
8
BLACK
6
CONTINUOUS
10
0.9332816535433071
20
-1.8801540551181102
11
0.9332814960629922
21
-1.8801537795275589
0
LINE
8
BLACK
6
CONTINUOUS
10
0.9332814960629922
20
-1.8801537795275589
11
0.9298893700787402
21
-1.8756225196850393
0
LINE
8
BLACK
6
CONTINUOUS
10
0.9298893700787402
20
-1.8756225196850393
11
0.9298892519685039
21
-1.8756224015748031
0
LINE
8
BLACK
6
CONTINUOUS
10
0.9298892519685039
20
-1.8756224015748031
11
0.9253579921259842
21
-1.8722302755905511
0
LINE
8
BLACK
6
CONTINUOUS
10
0.9253579921259842
20
-1.8722302755905511
11
0.9253577165354331
21
-1.8722301181102361
0
LINE
8
BLACK
6
CONTINUOUS
10
0.9253577165354331
20
-1.8722301181102361
11
0.9200542913385826
21
-1.8702520866141732
0
LINE
8
BLACK
6
CONTINUOUS
10
0.9200542913385826
20
-1.8702520866141732
11
0.9200540157480315
21
-1.8702520078740157
0
LINE
8
BLACK
6
CONTINUOUS
10
0.9200540157480315
20
-1.8702520078740157
11
0.9177103937007873
21
-1.8699999999999999
0
LINE
8
BLACK
6
CONTINUOUS
10
0.9177103937007873
20
-1.8699999999999999
11
0.8956692913385826
21
-1.8699999999999999
0
LINE
8
BLACK
6
CONTINUOUS
10
0.8956692913385826
20
-1.8699999999999999
11
0.8956692913385826
21
-1.8896850393700786
0
LINE
8
BLACK
6
CONTINUOUS
10
0.7956692913385827
20
-1.8896850393700786
11
0.8158267716535433
21
-1.8896850393700786
0
LINE
8
BLACK
6
CONTINUOUS
10
0.8158267716535433
20
-1.8896850393700786
11
0.8158267716535433
21
-1.9098425196850393
0
LINE
8
BLACK
6
CONTINUOUS
10
0.8158267716535433
20
-1.9098425196850393
11
0.8558267716535433
21
-1.9098425196850393
0
LINE
8
BLACK
6
CONTINUOUS
10
0.8558267716535433
20
-1.9098425196850393
11
0.8558267716535433
21
-1.8896850393700786
0
LINE
8
BLACK
6
CONTINUOUS
10
0.8558267716535433
20
-1.8896850393700786
11
0.8759842519685039
21
-1.8896850393700786
0
LINE
8
BLACK
6
CONTINUOUS
10
0.8759842519685039
20
-1.8896850393700786
11
0.8759842519685039
21
-1.8699999999999999
0
LINE
8
BLACK
6
CONTINUOUS
10
0.8759842519685039
20
-1.8699999999999999
11
0.8539431102362205
21
-1.8699999999999999
0
LINE
8
BLACK
6
CONTINUOUS
10
0.8539431102362205
20
-1.8699999999999999
11
0.8515994881889764
21
-1.8702520078740157
0
LINE
8
BLACK
6
CONTINUOUS
10
0.8515994881889764
20
-1.8702520078740157
11
0.8515992125984252
21
-1.8702520866141732
0
LINE
8
BLACK
6
CONTINUOUS
10
0.8515992125984252
20
-1.8702520866141732
11
0.8462957874015747
21
-1.8722301181102361
0
LINE
8
BLACK
6
CONTINUOUS
10
0.8462957874015747
20
-1.8722301181102361
11
0.8462955118110236
21
-1.8722302755905511
0
LINE
8
BLACK
6
CONTINUOUS
10
0.8462955118110236
20
-1.8722302755905511
11
0.8417642519685039
21
-1.8756224015748031
0
LINE
8
BLACK
6
CONTINUOUS
10
0.8417642519685039
20
-1.8756224015748031
11
0.8397348818897638
21
-1.8783333070866142
0
LINE
8
BLACK
6
CONTINUOUS
10
0.8397348818897638
20
-1.8783333070866142
11
0.8375327559055118
21
-1.8799817322834644
0
LINE
8
BLACK
6
CONTINUOUS
10
0.8375327559055118
20
-1.8799817322834644
11
0.8347890157480314
21
-1.8801779527559055
0
LINE
8
BLACK
6
CONTINUOUS
10
0.8347890157480314
20
-1.8801779527559055
11
0.8323747244094488
21
-1.8788596062992124
0
LINE
8
BLACK
6
CONTINUOUS
10
0.8323747244094488
20
-1.8788596062992124
11
0.8319186614173228
21
-1.8783333070866142
0
LINE
8
BLACK
6
CONTINUOUS
10
0.8319186614173228
20
-1.8783333070866142
11
0.8298892519685039
21
-1.8756224015748031
0
LINE
8
BLACK
6
CONTINUOUS
10
0.8298892519685039
20
-1.8756224015748031
11
0.8253579921259843
21
-1.8722302755905511
0
LINE
8
BLACK
6
CONTINUOUS
10
0.8253579921259843
20
-1.8722302755905511
11
0.8253577165354331
21
-1.8722301181102361
0
LINE
8
BLACK
6
CONTINUOUS
10
0.8253577165354331
20
-1.8722301181102361
11
0.8200542913385827
21
-1.8702520866141732
0
LINE
8
BLACK
6
CONTINUOUS
10
0.8200542913385827
20
-1.8702520866141732
11
0.8200540157480315
21
-1.8702520078740157
0
LINE
8
BLACK
6
CONTINUOUS
10
0.8200540157480315
20
-1.8702520078740157
11
0.8177103937007874
21
-1.8699999999999999
0
LINE
8
BLACK
6
CONTINUOUS
10
0.8177103937007874
20
-1.8699999999999999
11
0.7956692913385827
21
-1.8699999999999999
0
LINE
8
BLACK
6
CONTINUOUS
10
0.7956692913385827
20
-1.8699999999999999
11
0.7956692913385827
21
-1.8896850393700786
0
LINE
8
BLACK
6
CONTINUOUS
10
-0.9697552755905512
20
0.8566762598425197
11
-0.9697555511811023
21
0.8566761417322835
0
LINE
8
BLACK
6
CONTINUOUS
10
-0.9697555511811023
20
0.8566761417322835
11
-0.9751460629921259
21
0.8535639763779528
0
LINE
8
BLACK
6
CONTINUOUS
10
-0.9751460629921259
20
0.8535639763779528
11
-0.9751463779527559
21
0.8535637401574803
0
LINE
8
BLACK
6
CONTINUOUS
10
-0.9751463779527559
20
0.8535637401574803
11
-0.9795479921259842
21
0.849162125984252
0
LINE
8
BLACK
6
CONTINUOUS
10
-0.9795479921259842
20
0.849162125984252
11
-0.9795482283464567
21
0.849161811023622
0
LINE
8
BLACK
6
CONTINUOUS
10
-0.9795482283464567
20
0.849161811023622
11
-0.9826603937007874
21
0.8437712992125984
0
LINE
8
BLACK
6
CONTINUOUS
10
-0.9826603937007874
20
0.8437712992125984
11
-0.9826605118110237
21
0.8437710236220473
0
LINE
8
BLACK
6
CONTINUOUS
10
-0.9826605118110237
20
0.8437710236220473
11
-0.984271653543307
21
0.8377581496062992
0
LINE
8
BLACK
6
CONTINUOUS
10
-0.984271653543307
20
0.8377581496062992
11
-0.984271653543307
21
0.8367169291338582
0
LINE
8
BLACK
6
CONTINUOUS
10
-0.984271653543307
20
0.8367169291338582
11
-0.9850466535433071
21
0.8340775984251968
0
LINE
8
BLACK
6
CONTINUOUS
10
-0.9850466535433071
20
0.8340775984251968
11
-0.9857015354330708
21
0.8332649212598425
0
LINE
8
BLACK
6
CONTINUOUS
10
-0.9857015354330708
20
0.8332649212598425
11
-1.0134048425196851
21
0.8055616535433071
0
LINE
8
BLACK
6
CONTINUOUS
10
-1.0134048425196851
20
0.8055616535433071
11
-1.0134049999999999
21
0.8055614173228346
0
LINE
8
BLACK
6
CONTINUOUS
10
-1.0134049999999999
20
0.8055614173228346
11
-1.0156103149606299
21
0.8017417322834646
0
LINE
8
BLACK
6
CONTINUOUS
10
-1.0156103149606299
20
0.8017417322834646
11
-1.0156103543307087
21
0.8017416141732283
0
LINE
8
BLACK
6
CONTINUOUS
10
-1.0156103543307087
20
0.8017416141732283
11
-1.016751968503937
21
0.7974810236220472
0
LINE
8
BLACK
6
CONTINUOUS
10
-1.016751968503937
20
0.7974810236220472
11
-1.016751968503937
21
-0.8560622834645669
0
LINE
8
BLACK
6
CONTINUOUS
10
-1.016751968503937
20
-0.8560622834645669
11
-1.016751968503937
21
-0.8604731496062992
0
LINE
8
BLACK
6
CONTINUOUS
10
-1.016751968503937
20
-0.8604731496062992
11
-1.0156103543307087
21
-0.8647337401574803
0
LINE
8
BLACK
6
CONTINUOUS
10
-1.0156103543307087
20
-0.8647337401574803
11
-1.0134049212598426
21
-0.8685536614173228
0
LINE
8
BLACK
6
CONTINUOUS
10
-1.0134049212598426
20
-0.8685536614173228
11
-0.2898135039370079
21
-1.5921450787401574
0
LINE
8
BLACK
6
CONTINUOUS
10
-0.2898135039370079
20
-1.5921450787401574
11
-0.2859935826771653
21
-1.5943505118110235
0
LINE
8
BLACK
6
CONTINUOUS
10
-0.2859935826771653
20
-1.5943505118110235
11
-0.281733031496063
21
-1.5954921259842518
0
LINE
8
BLACK
6
CONTINUOUS
10
-0.281733031496063
20
-1.5954921259842518
11
-0.2817329921259842
21
-1.5954921259842518
0
LINE
8
BLACK
6
CONTINUOUS
10
-0.2817329921259842
20
-1.5954921259842518
11
-0.1733311023622047
21
-1.5954921259842518
0
LINE
8
BLACK
6
CONTINUOUS
10
-0.1733311023622047
20
-1.5954921259842518
11
-0.1706917716535433
21
-1.596267125984252
0
LINE
8
BLACK
6
CONTINUOUS
10
-0.1706917716535433
20
-1.596267125984252
11
-0.169879094488189
21
-1.5969220078740156
0
LINE
8
BLACK
6
CONTINUOUS
10
-0.169879094488189
20
-1.5969220078740156
11
-0.0683787007874016
21
-1.6984224015748031
0
LINE
8
BLACK
6
CONTINUOUS
10
-0.0683787007874016
20
-1.6984224015748031
11
-0.0670603937007874
21
-1.7008366929133858
0
LINE
8
BLACK
6
CONTINUOUS
10
-0.0670603937007874
20
-1.7008366929133858
11
-0.0669488188976378
21
-1.701874409448819
0
LINE
8
BLACK
6
CONTINUOUS
10
-0.0669488188976378
20
-1.701874409448819
11
-0.0669488188976378
21
-1.702915590551181
0
LINE
8
BLACK
6
CONTINUOUS
10
-0.0669488188976378
20
-1.702915590551181
11
-0.0653376771653543
21
-1.7089284645669292
0
LINE
8
BLACK
6
CONTINUOUS
10
-0.0653376771653543
20
-1.7089284645669292
11
-0.0653375590551181
21
-1.7089287401574802
0
LINE
8
BLACK
6
CONTINUOUS
10
-0.0653375590551181
20
-1.7089287401574802
11
-0.0622253937007874
21
-1.714319251968504
0
LINE
8
BLACK
6
CONTINUOUS
10
-0.0622253937007874
20
-1.714319251968504
11
-0.0622252362204724
21
-1.7143194488188975
0
LINE
8
BLACK
6
CONTINUOUS
10
-0.0622252362204724
20
-1.7143194488188975
11
-0.0622251968503937
21
-1.714319527559055
0
LINE
8
BLACK
6
CONTINUOUS
10
-0.0622251968503937
20
-1.714319527559055
11
-0.0578234645669291
21
-1.7187212598425197
0
LINE
8
BLACK
6
CONTINUOUS
10
-0.0578234645669291
20
-1.7187212598425197
11
-0.0578233858267716
21
-1.7187212992125984
0
LINE
8
BLACK
6
CONTINUOUS
10
-0.0578233858267716
20
-1.7187212992125984
11
-0.0578232283464567
21
-1.7187214173228347
0
LINE
8
BLACK
6
CONTINUOUS
10
-0.0578232283464567
20
-1.7187214173228347
11
-0.0524327165354331
21
-1.7218335826771654
0
LINE
8
BLACK
6
CONTINUOUS
10
-0.0524327165354331
20
-1.7218335826771654
11
-0.0524324409448819
21
-1.7218337401574804
0
LINE
8
BLACK
6
CONTINUOUS
10
-0.0524324409448819
20
-1.7218337401574804
11
-0.0464195669291339
21
-1.7234448818897636
0
LINE
8
BLACK
6
CONTINUOUS
10
-0.0464195669291339
20
-1.7234448818897636
11
-0.0464194881889764
21
-1.7234448818897636
0
LINE
8
BLACK
6
CONTINUOUS
10
-0.0464194881889764
20
-1.7234448818897636
11
-0.0401946850393701
21
-1.7234448818897636
0
LINE
8
BLACK
6
CONTINUOUS
10
-0.0401946850393701
20
-1.7234448818897636
11
-0.0401946062992126
21
-1.7234448818897636
0
LINE
8
BLACK
6
CONTINUOUS
10
-0.0401946062992126
20
-1.7234448818897636
11
-0.0341817322834646
21
-1.7218337401574804
0
LINE
8
BLACK
6
CONTINUOUS
10
-0.0341817322834646
20
-1.7218337401574804
11
-0.0287907086614173
21
-1.7187212598425197
0
LINE
8
BLACK
6
CONTINUOUS
10
-0.0287907086614173
20
-1.7187212598425197
11
-0.0243889763779528
21
-1.714319527559055
0
LINE
8
BLACK
6
CONTINUOUS
10
-0.0243889763779528
20
-1.714319527559055
11
-0.0212764960629921
21
-1.7089285039370079
0
LINE
8
BLACK
6
CONTINUOUS
10
-0.0212764960629921
20
-1.7089285039370079
11
-0.0196653543307087
21
-1.7029156299212598
0
LINE
8
BLACK
6
CONTINUOUS
10
-0.0196653543307087
20
-1.7029156299212598
11
-0.0196653543307087
21
-1.6966906692913386
0
LINE
8
BLACK
6
CONTINUOUS
10
-0.0196653543307087
20
-1.6966906692913386
11
-0.0212764960629921
21
-1.6906777952755905
0
LINE
8
BLACK
6
CONTINUOUS
10
-0.0212764960629921
20
-1.6906777952755905
11
-0.0218226377952756
21
-1.6897318503937007
0
LINE
8
BLACK
6
CONTINUOUS
10
-0.0218226377952756
20
-1.6897318503937007
11
-0.0243888188976378
21
-1.6852870078740156
0
LINE
8
BLACK
6
CONTINUOUS
10
-0.0243888188976378
20
-1.6852870078740156
11
-0.0243890551181102
21
-1.6852866929133858
0
LINE
8
BLACK
6
CONTINUOUS
10
-0.0243890551181102
20
-1.6852866929133858
11
-0.0287906692913386
21
-1.6808850787401575
0
LINE
8
BLACK
6
CONTINUOUS
10
-0.0287906692913386
20
-1.6808850787401575
11
-0.0287909842519685
21
-1.680884842519685
0
LINE
8
BLACK
6
CONTINUOUS
10
-0.0287909842519685
20
-1.680884842519685
11
-0.0341814960629921
21
-1.6777726771653543
0
LINE
8
BLACK
6
CONTINUOUS
10
-0.0341814960629921
20
-1.6777726771653543
11
-0.0341816535433071
21
-1.6777725984251968
0
LINE
8
BLACK
6
CONTINUOUS
10
-0.0341816535433071
20
-1.6777725984251968
11
-0.0341817322834646
21
-1.677772559055118
0
LINE
8
BLACK
6
CONTINUOUS
10
-0.0341817322834646
20
-1.677772559055118
11
-0.0401946062992126
21
-1.6761614173228345
0
LINE
8
BLACK
6
CONTINUOUS
10
-0.0401946062992126
20
-1.6761614173228345
11
-0.0401946456692913
21
-1.6761614173228345
0
LINE
8
BLACK
6
CONTINUOUS
10
-0.0401946456692913
20
-1.6761614173228345
11
-0.0412358267716535
21
-1.6761614173228345
0
LINE
8
BLACK
6
CONTINUOUS
10
-0.0412358267716535
20
-1.6761614173228345
11
-0.043875157480315
21
-1.6753864173228346
0
LINE
8
BLACK
6
CONTINUOUS
10
-0.043875157480315
20
-1.6753864173228346
11
-0.0446878346456693
21
-1.6747315354330707
0
LINE
8
BLACK
6
CONTINUOUS
10
-0.0446878346456693
20
-1.6747315354330707
11
-0.1540840551181102
21
-1.5653353149606299
0
LINE
8
BLACK
6
CONTINUOUS
10
-0.1540840551181102
20
-1.5653353149606299
11
-0.1540841338582677
21
-1.5653352362204724
0
LINE
8
BLACK
6
CONTINUOUS
10
-0.1540841338582677
20
-1.5653352362204724
11
-0.1579040551181102
21
-1.5631298031496064
0
LINE
8
BLACK
6
CONTINUOUS
10
-0.1579040551181102
20
-1.5631298031496064
11
-0.1621646456692913
21
-1.5619881889763778
0
LINE
8
BLACK
6
CONTINUOUS
10
-0.1621646456692913
20
-1.5619881889763778
11
-0.1621646850393701
21
-1.5619881889763778
0
LINE
8
BLACK
6
CONTINUOUS
10
-0.1621646850393701
20
-1.5619881889763778
11
-0.2705665354330709
21
-1.5619881889763778
0
LINE
8
BLACK
6
CONTINUOUS
10
-0.2705665354330709
20
-1.5619881889763778
11
-0.2732058661417323
21
-1.5612131889763778
0
LINE
8
BLACK
6
CONTINUOUS
10
-0.2732058661417323
20
-1.5612131889763778
11
-0.2740185433070866
21
-1.560558307086614
0
LINE
8
BLACK
6
CONTINUOUS
10
-0.2740185433070866
20
-1.560558307086614
11
-0.9818181496062992
21
-0.8527587007874016
0
LINE
8
BLACK
6
CONTINUOUS
10
-0.9818181496062992
20
-0.8527587007874016
11
-0.9831364566929134
21
-0.8503444094488188
0
LINE
8
BLACK
6
CONTINUOUS
10
-0.9831364566929134
20
-0.8503444094488188
11
-0.983248031496063
21
-0.8493066929133858
0
LINE
8
BLACK
6
CONTINUOUS
10
-0.983248031496063
20
-0.8493066929133858
11
-0.983248031496063
21
0.7863145669291338
0
LINE
8
BLACK
6
CONTINUOUS
10
-0.983248031496063
20
0.7863145669291338
11
-0.982473031496063
21
0.7889538976377952
0
LINE
8
BLACK
6
CONTINUOUS
10
-0.982473031496063
20
0.7889538976377952
11
-0.9818181496062992
21
0.7897665748031496
0
LINE
8
BLACK
6
CONTINUOUS
10
-0.9818181496062992
20
0.7897665748031496
11
-0.9620106692913386
21
0.8095740551181102
0
LINE
8
BLACK
6
CONTINUOUS
10
-0.9620106692913386
20
0.8095740551181102
11
-0.9595963779527559
21
0.8108923622047244
0
LINE
8
BLACK
6
CONTINUOUS
10
-0.9595963779527559
20
0.8108923622047244
11
-0.9585586614173228
21
0.811003937007874
0
LINE
8
BLACK
6
CONTINUOUS
10
-0.9585586614173228
20
0.811003937007874
11
-0.9575175196850394
21
0.811003937007874
0
LINE
8
BLACK
6
CONTINUOUS
10
-0.9575175196850394
20
0.811003937007874
11
-0.9575174409448819
21
0.811003937007874
0
LINE
8
BLACK
6
CONTINUOUS
10
-0.9575174409448819
20
0.811003937007874
11
-0.9515045669291339
21
0.8126150787401575
0
LINE
8
BLACK
6
CONTINUOUS
10
-0.9515045669291339
20
0.8126150787401575
11
-0.9461135433070866
21
0.8157275590551181
0
LINE
8
BLACK
6
CONTINUOUS
10
-0.9461135433070866
20
0.8157275590551181
11
-0.9423794881889763
21
0.819461653543307
0
LINE
8
BLACK
6
CONTINUOUS
10
-0.9423794881889763
20
0.819461653543307
11
-0.9419883858267716
21
0.8196752362204724
0
LINE
8
BLACK
6
CONTINUOUS
10
-0.9419883858267716
20
0.8196752362204724
11
-0.9417083070866141
21
0.8200220866141732
0
LINE
8
BLACK
6
CONTINUOUS
10
-0.9417083070866141
20
0.8200220866141732
11
-0.9408027559055118
21
0.8203225984251968
0
LINE
8
BLACK
6
CONTINUOUS
10
-0.9408027559055118
20
0.8203225984251968
11
-0.9399653543307086
21
0.8207798425196851
0
LINE
8
BLACK
6
CONTINUOUS
10
-0.9399653543307086
20
0.8207798425196851
11
-0.9395207086614173
21
0.8207480708661418
0
LINE
8
BLACK
6
CONTINUOUS
10
-0.9395207086614173
20
0.8207480708661418
11
-0.9390975196850393
21
0.8208884645669291
0
LINE
8
BLACK
6
CONTINUOUS
10
-0.9390975196850393
20
0.8208884645669291
11
-0.9381732283464567
21
0.8206516929133858
0
LINE
8
BLACK
6
CONTINUOUS
10
-0.9381732283464567
20
0.8206516929133858
11
-0.9372215748031496
21
0.8205836220472441
0
LINE
8
BLACK
6
CONTINUOUS
10
-0.9372215748031496
20
0.8205836220472441
11
-0.936795748031496
21
0.8202988188976378
0
LINE
8
BLACK
6
CONTINUOUS
10
-0.936795748031496
20
0.8202988188976378
11
-0.9364327952755905
21
0.8202058267716535
0
LINE
8
BLACK
6
CONTINUOUS
10
-0.9364327952755905
20
0.8202058267716535
11
-0.935750590551181
21
0.8195998031496062
0
LINE
8
BLACK
6
CONTINUOUS
10
-0.935750590551181
20
0.8195998031496062
11
-0.9353516141732283
21
0.8193329527559055
0
LINE
8
BLACK
6
CONTINUOUS
10
-0.9353516141732283
20
0.8193329527559055
11
-0.9350200393700787
21
0.8189761811023621
0
LINE
8
BLACK
6
CONTINUOUS
10
-0.9350200393700787
20
0.8189761811023621
11
-0.9349274015748031
21
0.818815748031496
0
LINE
8
BLACK
6
CONTINUOUS
10
-0.9349274015748031
20
0.818815748031496
11
-0.9341277952755905
21
0.8180161417322834
0
LINE
8
BLACK
6
CONTINUOUS
10
-0.9341277952755905
20
0.8180161417322834
11
-0.9340671653543307
21
0.817950905511811
0
LINE
8
BLACK
6
CONTINUOUS
10
-0.9340671653543307
20
0.817950905511811
11
-0.9334907874015748
21
0.8167968503937008
0
LINE
8
BLACK
6
CONTINUOUS
10
-0.9334907874015748
20
0.8167968503937008
11
-0.9328728346456693
21
0.8156651968503937
0
LINE
8
BLACK
6
CONTINUOUS
10
-0.9328728346456693
20
0.8156651968503937
11
-0.9328583858267716
21
0.8155307086614173
0
LINE
8
BLACK
6
CONTINUOUS
10
-0.9328583858267716
20
0.8155307086614173
11
-0.9328380708661417
21
0.8154900393700787
0
LINE
8
BLACK
6
CONTINUOUS
10
-0.9328380708661417
20
0.8154900393700787
11
-0.9328461023622047
21
0.8154162598425196
0
LINE
8
BLACK
6
CONTINUOUS
10
-0.9328461023622047
20
0.8154162598425196
11
-0.9327612598425197
21
0.8146274803149606
0
LINE
8
BLACK
6
CONTINUOUS
10
-0.9327612598425197
20
0.8146274803149606
11
-0.9327612598425197
21
-0.7353285826771654
0
LINE
8
BLACK
6
CONTINUOUS
10
-0.9327612598425197
20
-0.7353285826771654
11
-0.9327612598425197
21
-0.7397394488188976
0
LINE
8
BLACK
6
CONTINUOUS
10
-0.9327612598425197
20
-0.7397394488188976
11
-0.9316196456692913
21
-0.7440000393700787
0
LINE
8
BLACK
6
CONTINUOUS
10
-0.9316196456692913
20
-0.7440000393700787
11
-0.9294142125984252
21
-0.7478199606299213
0
LINE
8
BLACK
6
CONTINUOUS
10
-0.9294142125984252
20
-0.7478199606299213
11
-0.2929324803149606
21
-1.3843016929133858
0
LINE
8
BLACK
6
CONTINUOUS
10
-0.2929324803149606
20
-1.3843016929133858
11
-0.2898135039370079
21
-1.3874206692913384
0
LINE
8
BLACK
6
CONTINUOUS
10
-0.2898135039370079
20
-1.3874206692913384
11
-0.2859935826771653
21
-1.3896261023622047
0
LINE
8
BLACK
6
CONTINUOUS
10
-0.2859935826771653
20
-1.3896261023622047
11
-0.2817329921259842
21
-1.3907677165354331
0
LINE
8
BLACK
6
CONTINUOUS
10
-0.2817329921259842
20
-1.3907677165354331
11
-0.1683109448818898
21
-1.3907677165354331
0
LINE
8
BLACK
6
CONTINUOUS
10
-0.1683109448818898
20
-1.3907677165354331
11
-0.1656716141732283
21
-1.391542716535433
0
LINE
8
BLACK
6
CONTINUOUS
10
-0.1656716141732283
20
-1.391542716535433
11
-0.164858937007874
21
-1.3921975984251969
0
LINE
8
BLACK
6
CONTINUOUS
10
-0.164858937007874
20
-1.3921975984251969
11
-0.1641226771653543
21
-1.3929338582677164
0
LINE
8
BLACK
6
CONTINUOUS
10
-0.1641226771653543
20
-1.3929338582677164
11
-0.1641225984251969
21
-1.3929338976377952
0
LINE
8
BLACK
6
CONTINUOUS
10
-0.1641225984251969
20
-1.3929338976377952
11
-0.1641224409448819
21
-1.3929340157480314
0
LINE
8
BLACK
6
CONTINUOUS
10
-0.1641224409448819
20
-1.3929340157480314
11
-0.1596675984251968
21
-1.3955059842519684
0
LINE
8
BLACK
6
CONTINUOUS
10
-0.1596675984251968
20
-1.3955059842519684
11
-0.1587316535433071
21
-1.3960463385826771
0
LINE
8
BLACK
6
CONTINUOUS
10
-0.1587316535433071
20
-1.3960463385826771
11
-0.1527187795275591
21
-1.3976574803149606
0
LINE
8
BLACK
6
CONTINUOUS
10
-0.1527187795275591
20
-1.3976574803149606
11
-0.1527187007874016
21
-1.3976574803149606
0
LINE
8
BLACK
6
CONTINUOUS
10
-0.1527187007874016
20
-1.3976574803149606
11
-0.1464938976377953
21
-1.3976574803149606
0
LINE
8
BLACK
6
CONTINUOUS
10
-0.1464938976377953
20
-1.3976574803149606
11
-0.1464938188976378
21
-1.3976574803149606
0
LINE
8
BLACK
6
CONTINUOUS
10
-0.1464938188976378
20
-1.3976574803149606
11
-0.1404809448818898
21
-1.3960463385826771
0
LINE
8
BLACK
6
CONTINUOUS
10
-0.1404809448818898
20
-1.3960463385826771
11
-0.1350899212598425
21
-1.3929338582677164
0
LINE
8
BLACK
6
CONTINUOUS
10
-0.1350899212598425
20
-1.3929338582677164
11
-0.130688188976378
21
-1.388532125984252
0
LINE
8
BLACK
6
CONTINUOUS
10
-0.130688188976378
20
-1.388532125984252
11
-0.1275757086614173
21
-1.3831411023622047
0
LINE
8
BLACK
6
CONTINUOUS
10
-0.1275757086614173
20
-1.3831411023622047
11
-0.1259645669291339
21
-1.3771282283464568
0
LINE
8
BLACK
6
CONTINUOUS
10
-0.1259645669291339
20
-1.3771282283464568
11
-0.1259645669291339
21
-1.3709032677165354
0
LINE
8
BLACK
6
CONTINUOUS
10
-0.1259645669291339
20
-1.3709032677165354
11
-0.1275757086614173
21
-1.3648903937007875
0
LINE
8
BLACK
6
CONTINUOUS
10
-0.1275757086614173
20
-1.3648903937007875
11
-0.1275758661417323
21
-1.3648901181102362
0
LINE
8
BLACK
6
CONTINUOUS
10
-0.1275758661417323
20
-1.3648901181102362
11
-0.130688031496063
21
-1.3594996062992126
0
LINE
8
BLACK
6
CONTINUOUS
10
-0.130688031496063
20
-1.3594996062992126
11
-0.1306882677165354
21
-1.3594992913385826
0
LINE
8
BLACK
6
CONTINUOUS
10
-0.1306882677165354
20
-1.3594992913385826
11
-0.1350898818897638
21
-1.3550976771653542
0
LINE
8
BLACK
6
CONTINUOUS
10
-0.1350898818897638
20
-1.3550976771653542
11
-0.1350901968503937
21
-1.3550974409448819
0
LINE
8
BLACK
6
CONTINUOUS
10
-0.1350901968503937
20
-1.3550974409448819
11
-0.1404807086614173
21
-1.3519852755905513
0
LINE
8
BLACK
6
CONTINUOUS
10
-0.1404807086614173
20
-1.3519852755905513
11
-0.1404808661417323
21
-1.3519851968503938
0
LINE
8
BLACK
6
CONTINUOUS
10
-0.1404808661417323
20
-1.3519851968503938
11
-0.1404809448818898
21
-1.351985157480315
0
LINE
8
BLACK
6
CONTINUOUS
10
-0.1404809448818898
20
-1.351985157480315
11
-0.1464938188976378
21
-1.3503740157480315
0
LINE
8
BLACK
6
CONTINUOUS
10
-0.1464938188976378
20
-1.3503740157480315
11
-0.1527187795275591
21
-1.3503740157480315
0
LINE
8
BLACK
6
CONTINUOUS
10
-0.1527187795275591
20
-1.3503740157480315
11
-0.1587316535433071
21
-1.351985157480315
0
LINE
8
BLACK
6
CONTINUOUS
10
-0.1587316535433071
20
-1.351985157480315
11
-0.1587319291338583
21
-1.3519852755905513
0
LINE
8
BLACK
6
CONTINUOUS
10
-0.1587319291338583
20
-1.3519852755905513
11
-0.1641224409448819
21
-1.3550974409448819
0
LINE
8
BLACK
6
CONTINUOUS
10
-0.1641224409448819
20
-1.3550974409448819
11
-0.1641227559055118
21
-1.3550976771653542
0
LINE
8
BLACK
6
CONTINUOUS
10
-0.1641227559055118
20
-1.3550976771653542
11
-0.164858937007874
21
-1.3558338976377953
0
LINE
8
BLACK
6
CONTINUOUS
10
-0.164858937007874
20
-1.3558338976377953
11
-0.1672732283464567
21
-1.3571522047244093
0
LINE
8
BLACK
6
CONTINUOUS
10
-0.1672732283464567
20
-1.3571522047244093
11
-0.1683109448818898
21
-1.3572637795275591
0
LINE
8
BLACK
6
CONTINUOUS
10
-0.1683109448818898
20
-1.3572637795275591
11
-0.2705665354330709
21
-1.3572637795275591
0
LINE
8
BLACK
6
CONTINUOUS
10
-0.2705665354330709
20
-1.3572637795275591
11
-0.2732058661417323
21
-1.3564887795275591
0
LINE
8
BLACK
6
CONTINUOUS
10
-0.2732058661417323
20
-1.3564887795275591
11
-0.2740185433070866
21
-1.3558338976377953
0
LINE
8
BLACK
6
CONTINUOUS
10
-0.2740185433070866
20
-1.3558338976377953
11
-0.8978274409448819
21
-0.732025
0
LINE
8
BLACK
6
CONTINUOUS
10
-0.8978274409448819
20
-0.732025
11
-0.8991457480314961
21
-0.7296107086614173
0
LINE
8
BLACK
6
CONTINUOUS
10
-0.8991457480314961
20
-0.7296107086614173
11
-0.8992573228346457
21
-0.7285729921259843
0
LINE
8
BLACK
6
CONTINUOUS
10
-0.8992573228346457
20
-0.7285729921259843
11
-0.8992573228346457
21
0.8146274803149606
0
LINE
8
BLACK
6
CONTINUOUS
10
-0.8992573228346457
20
0.8146274803149606
11
-0.8989879527559055
21
0.815545
0
LINE
8
BLACK
6
CONTINUOUS
10
-0.8989879527559055
20
0.815545
11
-0.8988856692913385
21
0.8164958267716536
0
LINE
8
BLACK
6
CONTINUOUS
10
-0.8988856692913385
20
0.8164958267716536
11
-0.89857
21
0.8169682677165354
0
LINE
8
BLACK
6
CONTINUOUS
10
-0.89857
20
0.8169682677165354
11
-0.8984823228346457
21
0.817266811023622
0
LINE
8
BLACK
6
CONTINUOUS
10
-0.8984823228346457
20
0.817266811023622
11
-0.8981766141732284
21
0.8176908267716535
0
LINE
8
BLACK
6
CONTINUOUS
10
-0.8981766141732284
20
0.8176908267716535
11
-0.8980126771653543
21
0.8178942913385827
0
LINE
8
BLACK
6
CONTINUOUS
10
-0.8980126771653543
20
0.8178942913385827
11
-0.8970911811023622
21
0.818815748031496
0
LINE
8
BLACK
6
CONTINUOUS
10
-0.8970911811023622
20
0.818815748031496
11
-0.8966393700787402
21
0.8195983858267716
0
LINE
8
BLACK
6
CONTINUOUS
10
-0.8966393700787402
20
0.8195983858267716
11
-0.896402125984252
21
0.8198927165354331
0
LINE
8
BLACK
6
CONTINUOUS
10
-0.896402125984252
20
0.8198927165354331
11
-0.8955707086614173
21
0.8204699606299213
0
LINE
8
BLACK
6
CONTINUOUS
10
-0.8955707086614173
20
0.8204699606299213
11
-0.8948382283464567
21
0.8211684251968504
0
LINE
8
BLACK
6
CONTINUOUS
10
-0.8948382283464567
20
0.8211684251968504
11
-0.8944594094488189
21
0.8212414960629921
0
LINE
8
BLACK
6
CONTINUOUS
10
-0.8944594094488189
20
0.8212414960629921
11
-0.8941425196850393
21
0.8214614566929134
0
LINE
8
BLACK
6
CONTINUOUS
10
-0.8941425196850393
20
0.8214614566929134
11
-0.8931311023622047
21
0.8214975590551181
0
LINE
8
BLACK
6
CONTINUOUS
10
-0.8931311023622047
20
0.8214975590551181
11
-0.8921371653543307
21
0.8216891732283464
0
LINE
8
BLACK
6
CONTINUOUS
10
-0.8921371653543307
20
0.8216891732283464
11
-0.8917790157480314
21
0.8215458267716536
0
LINE
8
BLACK
6
CONTINUOUS
10
-0.8917790157480314
20
0.8215458267716536
11
-0.8913935039370079
21
0.8215595669291338
0
LINE
8
BLACK
6
CONTINUOUS
10
-0.8913935039370079
20
0.8215595669291338
11
-0.8905231496062992
21
0.8210431496062992
0
LINE
8
BLACK
6
CONTINUOUS
10
-0.8905231496062992
20
0.8210431496062992
11
-0.8895833858267717
21
0.8206669685039369
0
LINE
8
BLACK
6
CONTINUOUS
10
-0.8895833858267717
20
0.8206669685039369
11
-0.889148937007874
21
0.8202813779527559
0
LINE
8
BLACK
6
CONTINUOUS
10
-0.889148937007874
20
0.8202813779527559
11
-0.8882605905511811
21
0.819393031496063
0
LINE
8
BLACK
6
CONTINUOUS
10
-0.8882605905511811
20
0.819393031496063
11
-0.8869422834645669
21
0.8169787401574803
0
LINE
8
BLACK
6
CONTINUOUS
10
-0.8869422834645669
20
0.8169787401574803
11
-0.8868307086614173
21
0.8159410236220472
0
LINE
8
BLACK
6
CONTINUOUS
10
-0.8868307086614173
20
0.8159410236220472
11
-0.8868307086614173
21
0.6085046456692913
0
LINE
8
BLACK
6
CONTINUOUS
10
-0.8868307086614173
20
0.6085046456692913
11
-0.8868307086614173
21
0.604093779527559
0
LINE
8
BLACK
6
CONTINUOUS
10
-0.8868307086614173
20
0.604093779527559
11
-0.885689094488189
21
0.5998331889763779
0
LINE
8
BLACK
6
CONTINUOUS
10
-0.885689094488189
20
0.5998331889763779
11
-0.8834836614173228
21
0.5960132677165354
0
LINE
8
BLACK
6
CONTINUOUS
10
-0.8834836614173228
20
0.5960132677165354
11
-0.8834835826771653
21
0.5960131889763779
0
LINE
8
BLACK
6
CONTINUOUS
10
-0.8834835826771653
20
0.5960131889763779
11
-0.7937724015748031
21
0.5063020078740157
0
LINE
8
BLACK
6
CONTINUOUS
10
-0.7937724015748031
20
0.5063020078740157
11
-0.7924540944881889
21
0.5038877165354331
0
LINE
8
BLACK
6
CONTINUOUS
10
-0.7924540944881889
20
0.5038877165354331
11
-0.7923425196850393
21
0.50285
0
LINE
8
BLACK
6
CONTINUOUS
10
-0.7923425196850393
20
0.50285
11
-0.7923425196850393
21
-0.619841811023622
0
LINE
8
BLACK
6
CONTINUOUS
10
-0.7923425196850393
20
-0.619841811023622
11
-0.7923425196850393
21
-0.6242526771653543
0
LINE
8
BLACK
6
CONTINUOUS
10
-0.7923425196850393
20
-0.6242526771653543
11
-0.791200905511811
21
-0.6285132677165354
0
LINE
8
BLACK
6
CONTINUOUS
10
-0.791200905511811
20
-0.6285132677165354
11
-0.7889954724409448
21
-0.6323331889763779
0
LINE
8
BLACK
6
CONTINUOUS
10
-0.7889954724409448
20
-0.6323331889763779
11
-0.7889953937007874
21
-0.6323332677165354
0
LINE
8
BLACK
6
CONTINUOUS
10
-0.7889953937007874
20
-0.6323332677165354
11
-0.2622763385826772
21
-1.1590523228346457
0
LINE
8
BLACK
6
CONTINUOUS
10
-0.2622763385826772
20
-1.1590523228346457
11
-0.260958031496063
21
-1.1614666141732284
0
LINE
8
BLACK
6
CONTINUOUS
10
-0.260958031496063
20
-1.1614666141732284
11
-0.2608464566929134
21
-1.1625043307086613
0
LINE
8
BLACK
6
CONTINUOUS
10
-0.2608464566929134
20
-1.1625043307086613
11
-0.2608464566929134
21
-1.2017677952755905
0
LINE
8
BLACK
6
CONTINUOUS
10
-0.2608464566929134
20
-1.2017677952755905
11
-0.2616214566929134
21
-1.2044071259842519
0
LINE
8
BLACK
6
CONTINUOUS
10
-0.2616214566929134
20
-1.2044071259842519
11
-0.2622763385826772
21
-1.2052198031496062
0
LINE
8
BLACK
6
CONTINUOUS
10
-0.2622763385826772
20
-1.2052198031496062
11
-0.2630125590551181
21
-1.2059559842519685
0
LINE
8
BLACK
6
CONTINUOUS
10
-0.2630125590551181
20
-1.2059559842519685
11
-0.2630127952755906
21
-1.2059562992125985
0
LINE
8
BLACK
6
CONTINUOUS
10
-0.2630127952755906
20
-1.2059562992125985
11
-0.2661249606299212
21
-1.2113468110236221
0
LINE
8
BLACK
6
CONTINUOUS
10
-0.2661249606299212
20
-1.2113468110236221
11
-0.2661250787401575
21
-1.2113470866141731
0
LINE
8
BLACK
6
CONTINUOUS
10
-0.2661250787401575
20
-1.2113470866141731
11
-0.2677362204724409
21
-1.2173599606299212
0
LINE
8
BLACK
6
CONTINUOUS
10
-0.2677362204724409
20
-1.2173599606299212
11
-0.2677362204724409
21
-1.2235848818897637
0
LINE
8
BLACK
6
CONTINUOUS
10
-0.2677362204724409
20
-1.2235848818897637
11
-0.2661250787401575
21
-1.2295977559055118
0
LINE
8
BLACK
6
CONTINUOUS
10
-0.2661250787401575
20
-1.2295977559055118
11
-0.2661249606299212
21
-1.2295980314960631
0
LINE
8
BLACK
6
CONTINUOUS
10
-0.2661249606299212
20
-1.2295980314960631
11
-0.2630127952755906
21
-1.2349885433070866
0
LINE
8
BLACK
6
CONTINUOUS
10
-0.2630127952755906
20
-1.2349885433070866
11
-0.2630126377952756
21
-1.2349887401574804
0
LINE
8
BLACK
6
CONTINUOUS
10
-0.2630126377952756
20
-1.2349887401574804
11
-0.2630125984251969
21
-1.2349888188976377
0
LINE
8
BLACK
6
CONTINUOUS
10
-0.2630125984251969
20
-1.2349888188976377
11
-0.2586108661417323
21
-1.2393905511811023
0
LINE
8
BLACK
6
CONTINUOUS
10
-0.2586108661417323
20
-1.2393905511811023
11
-0.2586107874015748
21
-1.2393905905511811
0
LINE
8
BLACK
6
CONTINUOUS
10
-0.2586107874015748
20
-1.2393905905511811
11
-0.2586106299212598
21
-1.2393907086614173
0
LINE
8
BLACK
6
CONTINUOUS
10
-0.2586106299212598
20
-1.2393907086614173
11
-0.2532201181102362
21
-1.242502874015748
0
LINE
8
BLACK
6
CONTINUOUS
10
-0.2532201181102362
20
-1.242502874015748
11
-0.253219842519685
21
-1.242503031496063
0
LINE
8
BLACK
6
CONTINUOUS
10
-0.253219842519685
20
-1.242503031496063
11
-0.247206968503937
21
-1.2441141732283465
0
LINE
8
BLACK
6
CONTINUOUS
10
-0.247206968503937
20
-1.2441141732283465
11
-0.2472068897637795
21
-1.2441141732283465
0
LINE
8
BLACK
6
CONTINUOUS
10
-0.2472068897637795
20
-1.2441141732283465
11
-0.2409820866141732
21
-1.2441141732283465
0
LINE
8
BLACK
6
CONTINUOUS
10
-0.2409820866141732
20
-1.2441141732283465
11
-0.2409820078740157
21
-1.2441141732283465
0
LINE
8
BLACK
6
CONTINUOUS
10
-0.2409820078740157
20
-1.2441141732283465
11
-0.2349691338582677
21
-1.242503031496063
0
LINE
8
BLACK
6
CONTINUOUS
10
-0.2349691338582677
20
-1.242503031496063
11
-0.2295781102362205
21
-1.2393905511811023
0
LINE
8
BLACK
6
CONTINUOUS
10
-0.2295781102362205
20
-1.2393905511811023
11
-0.2251763779527559
21
-1.2349888188976377
0
LINE
8
BLACK
6
CONTINUOUS
10
-0.2251763779527559
20
-1.2349888188976377
11
-0.2220638976377953
21
-1.2295977952755905
0
LINE
8
BLACK
6
CONTINUOUS
10
-0.2220638976377953
20
-1.2295977952755905
11
-0.2204527559055118
21
-1.2235849212598424
0
LINE
8
BLACK
6
CONTINUOUS
10
-0.2204527559055118
20
-1.2235849212598424
11
-0.2204527559055118
21
-1.2173599606299212
0
LINE
8
BLACK
6
CONTINUOUS
10
-0.2204527559055118
20
-1.2173599606299212
11
-0.2220638976377953
21
-1.2113470866141731
0
LINE
8
BLACK
6
CONTINUOUS
10
-0.2220638976377953
20
-1.2113470866141731
11
-0.2220640551181102
21
-1.2113468110236221
0
LINE
8
BLACK
6
CONTINUOUS
10
-0.2220640551181102
20
-1.2113468110236221
11
-0.2251762204724409
21
-1.2059562992125985
0
LINE
8
BLACK
6
CONTINUOUS
10
-0.2251762204724409
20
-1.2059562992125985
11
-0.2251764566929134
21
-1.2059559842519685
0
LINE
8
BLACK
6
CONTINUOUS
10
-0.2251764566929134
20
-1.2059559842519685
11
-0.2259126377952756
21
-1.2052198031496062
0
LINE
8
BLACK
6
CONTINUOUS
10
-0.2259126377952756
20
-1.2052198031496062
11
-0.2272309448818897
21
-1.2028055118110237
0
LINE
8
BLACK
6
CONTINUOUS
10
-0.2272309448818897
20
-1.2028055118110237
11
-0.2273425196850394
21
-1.2017677952755905
0
LINE
8
BLACK
6
CONTINUOUS
10
-0.2273425196850394
20
-1.2017677952755905
11
-0.2273425196850394
21
-1.1513379527559056
0
LINE
8
BLACK
6
CONTINUOUS
10
-0.2273425196850394
20
-1.1513379527559056
11
-0.2273425196850394
21
-1.1513378740157481
0
LINE
8
BLACK
6
CONTINUOUS
10
-0.2273425196850394
20
-1.1513378740157481
11
-0.2284841338582677
21
-1.1470772834645668
0
LINE
8
BLACK
6
CONTINUOUS
10
-0.2284841338582677
20
-1.1470772834645668
11
-0.2306895669291339
21
-1.1432573622047244
0
LINE
8
BLACK
6
CONTINUOUS
10
-0.2306895669291339
20
-1.1432573622047244
11
-0.2338085433070866
21
-1.1401383858267717
0
LINE
8
BLACK
6
CONTINUOUS
10
-0.2338085433070866
20
-1.1401383858267717
11
-0.6308745669291338
21
-0.7430723622047244
0
LINE
8
BLACK
6
CONTINUOUS
10
-0.6308745669291338
20
-0.7430723622047244
11
-0.7574087007874015
21
-0.6165382283464567
0
LINE
8
BLACK
6
CONTINUOUS
10
-0.7574087007874015
20
-0.6165382283464567
11
-0.7587270078740157
21
-0.614123937007874
0
LINE
8
BLACK
6
CONTINUOUS
10
-0.7587270078740157
20
-0.614123937007874
11
-0.7588385826771653
21
-0.6130862204724409
0
LINE
8
BLACK
6
CONTINUOUS
10
-0.7588385826771653
20
-0.6130862204724409
11
-0.7588385826771653
21
0.0144977165354331
0
LINE
8
BLACK
6
CONTINUOUS
10
-0.7588385826771653
20
0.0144977165354331
11
-0.7588385826771653
21
0.3789748818897637
0
LINE
8
BLACK
6
CONTINUOUS
10
-0.7588385826771653
20
0.3789748818897637
11
-0.7588385826771653
21
0.5140163779527559
0
LINE
8
BLACK
6
CONTINUOUS
10
-0.7588385826771653
20
0.5140163779527559
11
-0.7588385826771653
21
0.5140164566929134
0
LINE
8
BLACK
6
CONTINUOUS
10
-0.7588385826771653
20
0.5140164566929134
11
-0.7599801968503936
21
0.5182770472440945
0
LINE
8
BLACK
6
CONTINUOUS
10
-0.7599801968503936
20
0.5182770472440945
11
-0.7621856299212598
21
0.5220969685039369
0
LINE
8
BLACK
6
CONTINUOUS
10
-0.7621856299212598
20
0.5220969685039369
11
-0.7653046062992126
21
0.5252159448818897
0
LINE
8
BLACK
6
CONTINUOUS
10
-0.7653046062992126
20
0.5252159448818897
11
-0.8518968897637795
21
0.6118082283464567
0
LINE
8
BLACK
6
CONTINUOUS
10
-0.8518968897637795
20
0.6118082283464567
11
-0.8532151968503937
21
0.6142225196850394
0
LINE
8
BLACK
6
CONTINUOUS
10
-0.8532151968503937
20
0.6142225196850394
11
-0.8533267716535433
21
0.6152602362204724
0
LINE
8
BLACK
6
CONTINUOUS
10
-0.8533267716535433
20
0.6152602362204724
11
-0.8533267716535433
21
0.8159410236220472
0
LINE
8
BLACK
6
CONTINUOUS
10
-0.8533267716535433
20
0.8159410236220472
11
-0.8525517716535432
21
0.8185803543307086
0
LINE
8
BLACK
6
CONTINUOUS
10
-0.8525517716535432
20
0.8185803543307086
11
-0.8518968897637795
21
0.819393031496063
0
LINE
8
BLACK
6
CONTINUOUS
10
-0.8518968897637795
20
0.819393031496063
11
-0.8516146850393701
21
0.8196752362204724
0
LINE
8
BLACK
6
CONTINUOUS
10
-0.8516146850393701
20
0.8196752362204724
11
-0.8511606299212598
21
0.8201292913385827
0
LINE
8
BLACK
6
CONTINUOUS
10
-0.8511606299212598
20
0.8201292913385827
11
-0.8480481496062992
21
0.8255203149606299
0
LINE
8
BLACK
6
CONTINUOUS
10
-0.8480481496062992
20
0.8255203149606299
11
-0.8464370078740158
21
0.831533188976378
0
LINE
8
BLACK
6
CONTINUOUS
10
-0.8464370078740158
20
0.831533188976378
11
-0.8464370078740158
21
0.8377581496062992
0
LINE
8
BLACK
6
CONTINUOUS
10
-0.8464370078740158
20
0.8377581496062992
11
-0.8480481496062992
21
0.8437710236220473
0
LINE
8
BLACK
6
CONTINUOUS
10
-0.8480481496062992
20
0.8437710236220473
11
-0.8480483070866142
21
0.8437712992125984
0
LINE
8
BLACK
6
CONTINUOUS
10
-0.8480483070866142
20
0.8437712992125984
11
-0.8511604724409448
21
0.849161811023622
0
LINE
8
BLACK
6
CONTINUOUS
10
-0.8511604724409448
20
0.849161811023622
11
-0.8511607086614174
21
0.849162125984252
0
LINE
8
BLACK
6
CONTINUOUS
10
-0.8511607086614174
20
0.849162125984252
11
-0.8555623228346456
21
0.8535637401574803
0
LINE
8
BLACK
6
CONTINUOUS
10
-0.8555623228346456
20
0.8535637401574803
11
-0.8555626377952755
21
0.8535639763779528
0
LINE
8
BLACK
6
CONTINUOUS
10
-0.8555626377952755
20
0.8535639763779528
11
-0.8609531496062992
21
0.8566761417322835
0
LINE
8
BLACK
6
CONTINUOUS
10
-0.8609531496062992
20
0.8566761417322835
11
-0.8609533070866141
21
0.856676220472441
0
LINE
8
BLACK
6
CONTINUOUS
10
-0.8609533070866141
20
0.856676220472441
11
-0.8609533858267716
21
0.8566762598425197
0
LINE
8
BLACK
6
CONTINUOUS
10
-0.8609533858267716
20
0.8566762598425197
11
-0.8669662598425196
21
0.8582874015748031
0
LINE
8
BLACK
6
CONTINUOUS
10
-0.8669662598425196
20
0.8582874015748031
11
-0.8731912204724409
21
0.8582874015748031
0
LINE
8
BLACK
6
CONTINUOUS
10
-0.8731912204724409
20
0.8582874015748031
11
-0.8792040944881889
21
0.8566762598425197
0
LINE
8
BLACK
6
CONTINUOUS
10
-0.8792040944881889
20
0.8566762598425197
11
-0.8792043700787401
21
0.8566761417322835
0
LINE
8
BLACK
6
CONTINUOUS
10
-0.8792043700787401
20
0.8566761417322835
11
-0.8845948818897638
21
0.8535639763779528
0
LINE
8
BLACK
6
CONTINUOUS
10
-0.8845948818897638
20
0.8535639763779528
11
-0.8845951968503937
21
0.8535637401574803
0
LINE
8
BLACK
6
CONTINUOUS
10
-0.8845951968503937
20
0.8535637401574803
11
-0.888996811023622
21
0.849162125984252
0
LINE
8
BLACK
6
CONTINUOUS
10
-0.888996811023622
20
0.849162125984252
11
-0.8889969685039369
21
0.8491619291338582
0
LINE
8
BLACK
6
CONTINUOUS
10
-0.8889969685039369
20
0.8491619291338582
11
-0.8892592913385826
21
0.8487075196850393
0
LINE
8
BLACK
6
CONTINUOUS
10
-0.8892592913385826
20
0.8487075196850393
11
-0.8912501181102362
21
0.8468092519685039
0
LINE
8
BLACK
6
CONTINUOUS
10
-0.8912501181102362
20
0.8468092519685039
11
-0.8939511811023622
21
0.8462887007874016
0
LINE
8
BLACK
6
CONTINUOUS
10
-0.8939511811023622
20
0.8462887007874016
11
-0.8965049212598425
21
0.847311062992126
0
LINE
8
BLACK
6
CONTINUOUS
10
-0.8965049212598425
20
0.847311062992126
11
-0.8969391338582677
21
0.8476964566929134
0
LINE
8
BLACK
6
CONTINUOUS
10
-0.8969391338582677
20
0.8476964566929134
11
-0.901492874015748
21
0.8522501968503937
0
LINE
8
BLACK
6
CONTINUOUS
10
-0.901492874015748
20
0.8522501968503937
11
-0.901493188976378
21
0.8522504330708661
0
LINE
8
BLACK
6
CONTINUOUS
10
-0.901493188976378
20
0.8522504330708661
11
-0.9068837007874015
21
0.8553625984251968
0
LINE
8
BLACK
6
CONTINUOUS
10
-0.9068837007874015
20
0.8553625984251968
11
-0.9068838582677166
21
0.8553626771653543
0
LINE
8
BLACK
6
CONTINUOUS
10
-0.9068838582677166
20
0.8553626771653543
11
-0.906883937007874
21
0.8553627165354331
0
LINE
8
BLACK
6
CONTINUOUS
10
-0.906883937007874
20
0.8553627165354331
11
-0.9128968110236221
21
0.8569738582677165
0
LINE
8
BLACK
6
CONTINUOUS
10
-0.9128968110236221
20
0.8569738582677165
11
-0.9191217716535433
21
0.8569738582677165
0
LINE
8
BLACK
6
CONTINUOUS
10
-0.9191217716535433
20
0.8569738582677165
11
-0.9251346456692913
21
0.8553627165354331
0
LINE
8
BLACK
6
CONTINUOUS
10
-0.9251346456692913
20
0.8553627165354331
11
-0.9251349212598425
21
0.8553625984251968
0
LINE
8
BLACK
6
CONTINUOUS
10
-0.9251349212598425
20
0.8553625984251968
11
-0.9305254330708661
21
0.8522504330708661
0
LINE
8
BLACK
6
CONTINUOUS
10
-0.9305254330708661
20
0.8522504330708661
11
-0.9305255905511811
21
0.8522503149606299
0
LINE
8
BLACK
6
CONTINUOUS
10
-0.9305255905511811
20
0.8522503149606299
11
-0.9342596456692913
21
0.8485162598425197
0
LINE
8
BLACK
6
CONTINUOUS
10
-0.9342596456692913
20
0.8485162598425197
11
-0.9366739763779527
21
0.8471979921259842
0
LINE
8
BLACK
6
CONTINUOUS
10
-0.9366739763779527
20
0.8471979921259842
11
-0.939417716535433
21
0.8473942125984252
0
LINE
8
BLACK
6
CONTINUOUS
10
-0.939417716535433
20
0.8473942125984252
11
-0.9415846850393701
21
0.8489963779527558
0
LINE
8
BLACK
6
CONTINUOUS
10
-0.9415846850393701
20
0.8489963779527558
11
-0.941711811023622
21
0.8491620472440945
0
LINE
8
BLACK
6
CONTINUOUS
10
-0.941711811023622
20
0.8491620472440945
11
-0.9461135039370079
21
0.8535637401574803
0
LINE
8
BLACK
6
CONTINUOUS
10
-0.9461135039370079
20
0.8535637401574803
11
-0.9461138188976378
21
0.8535639763779528
0
LINE
8
BLACK
6
CONTINUOUS
10
-0.9461138188976378
20
0.8535639763779528
11
-0.9515043307086614
21
0.8566761417322835
0
LINE
8
BLACK
6
CONTINUOUS
10
-0.9515043307086614
20
0.8566761417322835
11
-0.9515044881889764
21
0.856676220472441
0
LINE
8
BLACK
6
CONTINUOUS
10
-0.9515044881889764
20
0.856676220472441
11
-0.9515045669291339
21
0.8566762598425197
0
LINE
8
BLACK
6
CONTINUOUS
10
-0.9515045669291339
20
0.8566762598425197
11
-0.9575174409448819
21
0.8582874015748031
0
LINE
8
BLACK
6
CONTINUOUS
10
-0.9575174409448819
20
0.8582874015748031
11
-0.9637424015748032
21
0.8582874015748031
0
LINE
8
BLACK
6
CONTINUOUS
10
-0.9637424015748032
20
0.8582874015748031
11
-0.9697552755905512
21
0.8566762598425197
0
LINE
8
BLACK
6
CONTINUOUS
10
-0.0030373622047244
20
0.5905708661417323
11
-0.0144977165354331
21
0.5905708661417323
0
LINE
8
BLACK
6
CONTINUOUS
10
-0.0144977165354331
20
0.5905708661417323
11
-0.0191205118110236
21
0.590343779527559
0
LINE
8
BLACK
6
CONTINUOUS
10
-0.0191205118110236
20
0.590343779527559
11
-0.02707
21
0.5899532677165354
0
LINE
8
BLACK
6
CONTINUOUS
10
-0.02707
20
0.5899532677165354
11
-0.0271285433070866
21
0.5899503937007874
0
LINE
8
BLACK
6
CONTINUOUS
10
-0.0271285433070866
20
0.5899503937007874
11
-0.0304058661417323
21
0.5898659842519685
0
LINE
8
BLACK
6
CONTINUOUS
10
-0.0304058661417323
20
0.5898659842519685
11
-0.0331132283464567
21
0.5896564173228346
0
LINE
8
BLACK
6
CONTINUOUS
10
-0.0331132283464567
20
0.5896564173228346
11
-0.0331837007874016
21
0.5896529527559055
0
LINE
8
BLACK
6
CONTINUOUS
10
-0.0331837007874016
20
0.5896529527559055
11
-0.0331838188976378
21
0.5896529133858267
0
LINE
8
BLACK
6
CONTINUOUS
10
-0.0331838188976378
20
0.5896529133858267
11
-0.043458188976378
21
0.5891481102362205
0
LINE
8
BLACK
6
CONTINUOUS
10
-0.043458188976378
20
0.5891481102362205
11
-0.0434585826771654
21
0.5891480708661417
0
LINE
8
BLACK
6
CONTINUOUS
10
-0.0434585826771654
20
0.5891480708661417
11
-0.0572795275590551
21
0.5877869291338582
0
LINE
8
BLACK
6
CONTINUOUS
10
-0.0572795275590551
20
0.5877869291338582
11
-0.0572794881889764
21
0.5877868897637795
0
LINE
8
BLACK
6
CONTINUOUS
10
-0.0572794881889764
20
0.5877868897637795
11
-0.0573327952755905
21
0.587781653543307
0
LINE
8
BLACK
6
CONTINUOUS
10
-0.0573327952755905
20
0.587781653543307
11
-0.0607311417322835
21
0.5875185826771654
0
LINE
8
BLACK
6
CONTINUOUS
10
-0.0607311417322835
20
0.5875185826771654
11
-0.0630452362204724
21
0.5872190157480315
0
LINE
8
BLACK
6
CONTINUOUS
10
-0.0630452362204724
20
0.5872190157480315
11
-0.0631203937007874
21
0.5872115748031496
0
LINE
8
BLACK
6
CONTINUOUS
10
-0.0631203937007874
20
0.5872115748031496
11
-0.0631204330708661
21
0.5872116141732283
0
LINE
8
BLACK
6
CONTINUOUS
10
-0.0631204330708661
20
0.5872116141732283
11
-0.0631204330708661
21
0.5872115748031496
0
LINE
8
BLACK
6
CONTINUOUS
10
-0.0631204330708661
20
0.5872115748031496
11
-0.0723135039370079
21
0.5863061417322835
0
LINE
8
BLACK
6
CONTINUOUS
10
-0.0723135039370079
20
0.5863061417322835
11
-0.072313779527559
21
0.5863061023622047
0
LINE
8
BLACK
6
CONTINUOUS
10
-0.072313779527559
20
0.5863061023622047
11
-0.0874872047244094
21
0.5840553543307087
0
LINE
8
BLACK
6
CONTINUOUS
10
-0.0874872047244094
20
0.5840553543307087
11
-0.0875337795275591
21
0.5840484645669292
0
LINE
8
BLACK
6
CONTINUOUS
10
-0.0875337795275591
20
0.5840484645669292
11
-0.0908953149606299
21
0.5836132283464567
0
LINE
8
BLACK
6
CONTINUOUS
10
-0.0908953149606299
20
0.5836132283464567
11
-0.0927644881889764
21
0.5832726377952756
0
LINE
8
BLACK
6
CONTINUOUS
10
-0.0927644881889764
20
0.5832726377952756
11
-0.0928457480314961
21
0.5832605511811023
0
LINE
8
BLACK
6
CONTINUOUS
10
-0.0928457480314961
20
0.5832605511811023
11
-0.092846062992126
21
0.5832604724409449
0
LINE
8
BLACK
6
CONTINUOUS
10
-0.092846062992126
20
0.5832604724409449
11
-0.1009955118110236
21
0.5820516141732284
0
LINE
8
BLACK
6
CONTINUOUS
10
-0.1009955118110236
20
0.5820516141732284
11
-0.1176788976377953
21
0.5787330708661417
0
LINE
8
BLACK
6
CONTINUOUS
10
-0.1176788976377953
20
0.5787330708661417
11
-0.117678937007874
21
0.578733031496063
0
LINE
8
BLACK
6
CONTINUOUS
10
-0.117678937007874
20
0.578733031496063
11
-0.1177187007874016
21
0.5787251574803149
0
LINE
8
BLACK
6
CONTINUOUS
10
-0.1177187007874016
20
0.5787251574803149
11
-0.1208185039370079
21
0.5781602362204724
0
LINE
8
BLACK
6
CONTINUOUS
10
-0.1208185039370079
20
0.5781602362204724
11
-0.1222118503937008
21
0.5778314173228346
0
LINE
8
BLACK
6
CONTINUOUS
10
-0.1222118503937008
20
0.5778314173228346
11
-0.1222975196850394
21
0.5778143700787401
0
LINE
8
BLACK
6
CONTINUOUS
10
-0.1222975196850394
20
0.5778143700787401
11
-0.1222976377952756
21
0.5778144094488189
0
LINE
8
BLACK
6
CONTINUOUS
10
-0.1222976377952756
20
0.5778144094488189
11
-0.1294341732283465
21
0.5763947637795276
0
LINE
8
BLACK
6
CONTINUOUS
10
-0.1294341732283465
20
0.5763947637795276
11
-0.147882874015748
21
0.5717736220472441
0
LINE
8
BLACK
6
CONTINUOUS
10
-0.147882874015748
20
0.5717736220472441
11
-0.1479183858267716
21
0.5717647637795276
0
LINE
8
BLACK
6
CONTINUOUS
10
-0.1479183858267716
20
0.5717647637795276
11
-0.1504212598425197
21
0.5711740551181103
0
LINE
8
BLACK
6
CONTINUOUS
10
-0.1504212598425197
20
0.5711740551181103
11
-0.1513135826771654
21
0.5709143307086614
0
LINE
8
BLACK
6
CONTINUOUS
10
-0.1513135826771654
20
0.5709143307086614
11
-0.1514037401574803
21
0.5708917322834646
0
LINE
8
BLACK
6
CONTINUOUS
10
-0.1514037401574803
20
0.5708917322834646
11
-0.1514046850393701
21
0.5708914566929134
0
LINE
8
BLACK
6
CONTINUOUS
10
-0.1514046850393701
20
0.5708914566929134
11
-0.157560157480315
21
0.5693495669291339
0
LINE
8
BLACK
6
CONTINUOUS
10
-0.157560157480315
20
0.5693495669291339
11
-0.178210157480315
21
0.5630854724409449
0
LINE
8
BLACK
6
CONTINUOUS
10
-0.178210157480315
20
0.5630854724409449
11
-0.1782101968503937
21
0.5630855118110236
0
LINE
8
BLACK
6
CONTINUOUS
10
-0.1782101968503937
20
0.5630855118110236
11
-0.1782435433070866
21
0.5630754330708662
0
LINE
8
BLACK
6
CONTINUOUS
10
-0.1782435433070866
20
0.5630754330708662
11
-0.179625157480315
21
0.5626732283464567
0
LINE
8
BLACK
6
CONTINUOUS
10
-0.179625157480315
20
0.5626732283464567
11
-0.1800066535433071
21
0.5625405511811024
0
LINE
8
BLACK
6
CONTINUOUS
10
-0.1800066535433071
20
0.5625405511811024
11
-0.1801020866141732
21
0.5625115748031496
0
LINE
8
BLACK
6
CONTINUOUS
10
-0.1801020866141732
20
0.5625115748031496
11
-0.1853063385826772
21
0.560932874015748
0
LINE
8
BLACK
6
CONTINUOUS
10
-0.1853063385826772
20
0.560932874015748
11
-0.2126074803149606
21
0.5511644094488188
0
LINE
8
BLACK
6
CONTINUOUS
10
-0.2126074803149606
20
0.5511644094488188
11
-0.2393947637795276
21
0.5400687795275591
0
LINE
8
BLACK
6
CONTINUOUS
10
-0.2393947637795276
20
0.5400687795275591
11
-0.2393953543307087
21
0.5400685433070866
0
LINE
8
BLACK
6
CONTINUOUS
10
-0.2393953543307087
20
0.5400685433070866
11
-0.2656076771653543
21
0.527671062992126
0
LINE
8
BLACK
6
CONTINUOUS
10
-0.2656076771653543
20
0.527671062992126
11
-0.2656082283464567
21
0.5276707874015748
0
LINE
8
BLACK
6
CONTINUOUS
10
-0.2656082283464567
20
0.5276707874015748
11
-0.2911787007874015
21
0.514003031496063
0
LINE
8
BLACK
6
CONTINUOUS
10
-0.2911787007874015
20
0.514003031496063
11
-0.2911799606299212
21
0.5140023228346456
0
LINE
8
BLACK
6
CONTINUOUS
10
-0.2911799606299212
20
0.5140023228346456
11
-0.3160488976377953
21
0.4990964173228346
0
LINE
8
BLACK
6
CONTINUOUS
10
-0.3160488976377953
20
0.4990964173228346
11
-0.3160493307086614
21
0.4990961417322834
0
LINE
8
BLACK
6
CONTINUOUS
10
-0.3160493307086614
20
0.4990961417322834
11
-0.3401573228346457
21
0.482987716535433
0
LINE
8
BLACK
6
CONTINUOUS
10
-0.3401573228346457
20
0.482987716535433
11
-0.3401576771653543
21
0.4829874803149606
0
LINE
8
BLACK
6
CONTINUOUS
10
-0.3401576771653543
20
0.4829874803149606
11
-0.3401579921259842
21
0.4829872440944882
0
LINE
8
BLACK
6
CONTINUOUS
10
-0.3401579921259842
20
0.4829872440944882
11
-0.3502362598425197
21
0.4755126771653543
0
LINE
8
BLACK
6
CONTINUOUS
10
-0.3502362598425197
20
0.4755126771653543
11
-0.3634475590551181
21
0.4657145275590551
0
LINE
8
BLACK
6
CONTINUOUS
10
-0.3634475590551181
20
0.4657145275590551
11
-0.363447874015748
21
0.4657142519685039
0
LINE
8
BLACK
6
CONTINUOUS
10
-0.363447874015748
20
0.4657142519685039
11
-0.3858607874015748
21
0.4473204724409449
0
LINE
8
BLACK
6
CONTINUOUS
10
-0.3858607874015748
20
0.4473204724409449
11
-0.385860905511811
21
0.4473203543307087
0
LINE
8
BLACK
6
CONTINUOUS
10
-0.385860905511811
20
0.4473203543307087
11
-0.3896716535433071
21
0.4438665748031496
0
LINE
8
BLACK
6
CONTINUOUS
10
-0.3896716535433071
20
0.4438665748031496
11
-0.3897472834645669
21
0.4437980708661417
0
LINE
8
BLACK
6
CONTINUOUS
10
-0.3897472834645669
20
0.4437980708661417
11
-0.3899182677165354
21
0.4436553937007874
0
LINE
8
BLACK
6
CONTINUOUS
10
-0.3899182677165354
20
0.4436553937007874
11
-0.3905566535433071
21
0.4430645669291339
0
LINE
8
BLACK
6
CONTINUOUS
10
-0.3905566535433071
20
0.4430645669291339
11
-0.3905794881889764
21
0.4430438188976378
0
LINE
8
BLACK
6
CONTINUOUS
10
-0.3905794881889764
20
0.4430438188976378
11
-0.3905831496062992
21
0.4430403937007874
0
LINE
8
BLACK
6
CONTINUOUS
10
-0.3905831496062992
20
0.4430403937007874
11
-0.407345905511811
21
0.4278474803149606
0
LINE
8
BLACK
6
CONTINUOUS
10
-0.407345905511811
20
0.4278474803149606
11
-0.4116171653543307
21
0.4235762598425197
0
LINE
8
BLACK
6
CONTINUOUS
10
-0.4116171653543307
20
0.4235762598425197
11
-0.4116850787401575
21
0.4235083858267716
0
LINE
8
BLACK
6
CONTINUOUS
10
-0.4116850787401575
20
0.4235083858267716
11
-0.4122400787401574
21
0.4229946456692913
0
LINE
8
BLACK
6
CONTINUOUS
10
-0.4122400787401574
20
0.4229946456692913
11
-0.4138247637795275
21
0.4213686614173228
0
LINE
8
BLACK
6
CONTINUOUS
10
-0.4138247637795275
20
0.4213686614173228
11
-0.4138507480314961
21
0.4213426377952756
0
LINE
8
BLACK
6
CONTINUOUS
10
-0.4138507480314961
20
0.4213426377952756
11
-0.4138507874015748
21
0.4213425984251968
0
LINE
8
BLACK
6
CONTINUOUS
10
-0.4138507874015748
20
0.4213425984251968
11
-0.4278481889763779
21
0.407345157480315
0
LINE
8
BLACK
6
CONTINUOUS
10
-0.4278481889763779
20
0.407345157480315
11
-0.4278483858267716
21
0.4073449606299213
0
LINE
8
BLACK
6
CONTINUOUS
10
-0.4278483858267716
20
0.4073449606299213
11
-0.4325240157480315
21
0.4021862992125984
0
LINE
8
BLACK
6
CONTINUOUS
10
-0.4325240157480315
20
0.4021862992125984
11
-0.4325239763779528
21
0.4021862598425197
0
LINE
8
BLACK
6
CONTINUOUS
10
-0.4325239763779528
20
0.4021862598425197
11
-0.4325841338582677
21
0.4021199212598425
0
LINE
8
BLACK
6
CONTINUOUS
10
-0.4325841338582677
20
0.4021199212598425
11
-0.4334687401574803
21
0.4012122047244094
0
LINE
8
BLACK
6
CONTINUOUS
10
-0.4334687401574803
20
0.4012122047244094
11
-0.4354497637795275
21
0.398958188976378
0
LINE
8
BLACK
6
CONTINUOUS
10
-0.4354497637795275
20
0.398958188976378
11
-0.4354788582677165
21
0.398926062992126
0
LINE
8
BLACK
6
CONTINUOUS
10
-0.4354788582677165
20
0.398926062992126
11
-0.4473197244094488
21
0.3858616535433071
0
LINE
8
BLACK
6
CONTINUOUS
10
-0.4473197244094488
20
0.3858616535433071
11
-0.4523403543307086
21
0.3797440551181102
0
LINE
8
BLACK
6
CONTINUOUS
10
-0.4523403543307086
20
0.3797440551181102
11
-0.4523403937007874
21
0.379744094488189
0
LINE
8
BLACK
6
CONTINUOUS
10
-0.4523403937007874
20
0.379744094488189
11
-0.4523945669291338
21
0.3796781102362204
0
LINE
8
BLACK
6
CONTINUOUS
10
-0.4523945669291338
20
0.3796781102362204
11
-0.4535479133858268
21
0.3783657874015748
0
LINE
8
BLACK
6
CONTINUOUS
10
-0.4535479133858268
20
0.3783657874015748
11
-0.4556188188976378
21
0.3757493307086614
0
LINE
8
BLACK
6
CONTINUOUS
10
-0.4556188188976378
20
0.3757493307086614
11
-0.4556462598425197
21
0.3757158267716535
0
LINE
8
BLACK
6
CONTINUOUS
10
-0.4556462598425197
20
0.3757158267716535
11
-0.4556479133858268
21
0.3757137401574803
0
LINE
8
BLACK
6
CONTINUOUS
10
-0.4556479133858268
20
0.3757137401574803
11
-0.4610961811023622
21
0.369075
0
LINE
8
BLACK
6
CONTINUOUS
10
-0.4610961811023622
20
0.369075
11
-0.4657142125984252
21
0.363447874015748
0
LINE
8
BLACK
6
CONTINUOUS
10
-0.4657142125984252
20
0.363447874015748
11
-0.4657150393700787
21
0.3634468897637795
0
LINE
8
BLACK
6
CONTINUOUS
10
-0.4657150393700787
20
0.3634468897637795
11
-0.4657153149606299
21
0.3634465354330709
0
LINE
8
BLACK
6
CONTINUOUS
10
-0.4657153149606299
20
0.3634465354330709
11
-0.4710170472440945
21
0.356298031496063
0
LINE
8
BLACK
6
CONTINUOUS
10
-0.4710170472440945
20
0.356298031496063
11
-0.4710636220472441
21
0.3562353149606299
0
LINE
8
BLACK
6
CONTINUOUS
10
-0.4710636220472441
20
0.3562353149606299
11
-0.4724243307086614
21
0.3545160236220473
0
LINE
8
BLACK
6
CONTINUOUS
10
-0.4724243307086614
20
0.3545160236220473
11
-0.4744047244094488
21
0.3517303937007874
0
LINE
8
BLACK
6
CONTINUOUS
10
-0.4744047244094488
20
0.3517303937007874
11
-0.4744361417322834
21
0.3516879921259842
0
LINE
8
BLACK
6
CONTINUOUS
10
-0.4744361417322834
20
0.3516879921259842
11
-0.4744367322834646
21
0.3516871653543307
0
LINE
8
BLACK
6
CONTINUOUS
10
-0.4744367322834646
20
0.3516871653543307
11
-0.4829872440944882
21
0.340158031496063
0
LINE
8
BLACK
6
CONTINUOUS
10
-0.4829872440944882
20
0.340158031496063
11
-0.4829876771653543
21
0.3401574409448819
0
LINE
8
BLACK
6
CONTINUOUS
10
-0.4829876771653543
20
0.3401574409448819
11
-0.4885051181102362
21
0.3318999606299213
0
LINE
8
BLACK
6
CONTINUOUS
10
-0.4885051181102362
20
0.3318999606299213
11
-0.4885051574803149
21
0.3319
0
LINE
8
BLACK
6
CONTINUOUS
10
-0.4885051574803149
20
0.3319
11
-0.4885459448818897
21
0.3318390157480315
0
LINE
8
BLACK
6
CONTINUOUS
10
-0.4885459448818897
20
0.3318390157480315
11
-0.4900479921259843
21
0.3297261417322835
0
LINE
8
BLACK
6
CONTINUOUS
10
-0.4900479921259843
20
0.3297261417322835
11
-0.491837874015748
21
0.3269122047244095
0
LINE
8
BLACK
6
CONTINUOUS
10
-0.491837874015748
20
0.3269122047244095
11
-0.4918698031496063
21
0.3268643700787401
0
LINE
8
BLACK
6
CONTINUOUS
10
-0.4918698031496063
20
0.3268643700787401
11
-0.4918700393700787
21
0.3268640157480315
0
LINE
8
BLACK
6
CONTINUOUS
10
-0.4918700393700787
20
0.3268640157480315
11
-0.4990956692913386
21
0.3160501181102362
0
LINE
8
BLACK
6
CONTINUOUS
10
-0.4990956692913386
20
0.3160501181102362
11
-0.4990964173228346
21
0.3160488976377953
0
LINE
8
BLACK
6
CONTINUOUS
10
-0.4990964173228346
20
0.3160488976377953
11
-0.5047603149606299
21
0.3065992913385827
0
LINE
8
BLACK
6
CONTINUOUS
10
-0.5047603149606299
20
0.3065992913385827
11
-0.5047949606299212
21
0.3065415748031496
0
LINE
8
BLACK
6
CONTINUOUS
10
-0.5047949606299212
20
0.3065415748031496
11
-0.506372125984252
21
0.3040619291338583
0
LINE
8
BLACK
6
CONTINUOUS
10
-0.506372125984252
20
0.3040619291338583
11
-0.5079130708661417
21
0.3013392913385827
0
LINE
8
BLACK
6
CONTINUOUS
10
-0.5079130708661417
20
0.3013392913385827
11
-0.5079449606299212
21
0.3012860236220473
0
LINE
8
BLACK
6
CONTINUOUS
10
-0.5079449606299212
20
0.3012860236220473
11
-0.5140027165354331
21
0.2911792913385827
0
LINE
8
BLACK
6
CONTINUOUS
10
-0.5140027165354331
20
0.2911792913385827
11
-0.5197443700787402
21
0.2804374409448819
0
LINE
8
BLACK
6
CONTINUOUS
10
-0.5197443700787402
20
0.2804374409448819
11
-0.5197444094488188
21
0.2804374803149606
0
LINE
8
BLACK
6
CONTINUOUS
10
-0.5197444094488188
20
0.2804374803149606
11
-0.5197742125984252
21
0.280381811023622
0
LINE
8
BLACK
6
CONTINUOUS
10
-0.5197742125984252
20
0.280381811023622
11
-0.5213534645669291
21
0.2775913385826771
0
LINE
8
BLACK
6
CONTINUOUS
10
-0.5213534645669291
20
0.2775913385826771
11
-0.5226191732283464
21
0.2750591732283464
0
LINE
8
BLACK
6
CONTINUOUS
10
-0.5226191732283464
20
0.2750591732283464
11
-0.5226513385826772
21
0.2749988976377953
0
LINE
8
BLACK
6
CONTINUOUS
10
-0.5226513385826772
20
0.2749988976377953
11
-0.5276707874015748
21
0.2656082283464567
0
LINE
8
BLACK
6
CONTINUOUS
10
-0.5276707874015748
20
0.2656082283464567
11
-0.5276714173228346
21
0.265606968503937
0
LINE
8
BLACK
6
CONTINUOUS
10
-0.5276714173228346
20
0.265606968503937
11
-0.5334184251968503
21
0.2534561811023622
0
LINE
8
BLACK
6
CONTINUOUS
10
-0.5334184251968503
20
0.2534561811023622
11
-0.5334183858267716
21
0.2534561417322835
0
LINE
8
BLACK
6
CONTINUOUS
10
-0.5334183858267716
20
0.2534561417322835
11
-0.5334425984251968
21
0.2534050393700787
0
LINE
8
BLACK
6
CONTINUOUS
10
-0.5334425984251968
20
0.2534050393700787
11
-0.5349522440944882
21
0.2503846456692913
0
LINE
8
BLACK
6
CONTINUOUS
10
-0.5349522440944882
20
0.2503846456692913
11
-0.5359394881889764
21
0.2481257086614173
0
LINE
8
BLACK
6
CONTINUOUS
10
-0.5359394881889764
20
0.2481257086614173
11
-0.5359712992125985
21
0.2480583858267716
0
LINE
8
BLACK
6
CONTINUOUS
10
-0.5359712992125985
20
0.2480583858267716
11
-0.5400682283464567
21
0.2393959842519685
0
LINE
8
BLACK
6
CONTINUOUS
10
-0.5400682283464567
20
0.2393959842519685
11
-0.5400687795275591
21
0.2393947637795276
0
LINE
8
BLACK
6
CONTINUOUS
10
-0.5400687795275591
20
0.2393947637795276
11
-0.5457451181102362
21
0.2256909448818898
0
LINE
8
BLACK
6
CONTINUOUS
10
-0.5457451181102362
20
0.2256909448818898
11
-0.5457647244094488
21
0.2256437007874016
0
LINE
8
BLACK
6
CONTINUOUS
10
-0.5457647244094488
20
0.2256437007874016
11
-0.5471324409448819
21
0.2225140157480315
0
LINE
8
BLACK
6
CONTINUOUS
10
-0.5471324409448819
20
0.2225140157480315
11
-0.5478554330708661
21
0.2205962992125984
0
LINE
8
BLACK
6
CONTINUOUS
10
-0.5478554330708661
20
0.2205962992125984
11
-0.5478861811023622
21
0.220521968503937
0
LINE
8
BLACK
6
CONTINUOUS
10
-0.5478861811023622
20
0.220521968503937
11
-0.547886220472441
21
0.2205218503937008
0
LINE
8
BLACK
6
CONTINUOUS
10
-0.547886220472441
20
0.2205218503937008
11
-0.5511639763779528
21
0.2126086614173228
0
LINE
8
BLACK
6
CONTINUOUS
10
-0.5511639763779528
20
0.2126086614173228
11
-0.5511648818897638
21
0.2126063385826772
0
LINE
8
BLACK
6
CONTINUOUS
10
-0.5511648818897638
20
0.2126063385826772
11
-0.5566968503937008
21
0.1971453937007874
0
LINE
8
BLACK
6
CONTINUOUS
10
-0.5566968503937008
20
0.1971453937007874
11
-0.5566968503937008
21
0.1971453543307086
0
LINE
8
BLACK
6
CONTINUOUS
10
-0.5566968503937008
20
0.1971453543307086
11
-0.5567116141732283
21
0.1971041338582677
0
LINE
8
BLACK
6
CONTINUOUS
10
-0.5567116141732283
20
0.1971041338582677
11
-0.5578617322834646
21
0.1940532677165354
0
LINE
8
BLACK
6
CONTINUOUS
10
-0.5578617322834646
20
0.1940532677165354
11
-0.5583453937007874
21
0.1925383464566929
0
LINE
8
BLACK
6
CONTINUOUS
10
-0.5583453937007874
20
0.1925383464566929
11
-0.5583746062992125
21
0.1924565748031496
0
LINE
8
BLACK
6
CONTINUOUS
10
-0.5583746062992125
20
0.1924565748031496
11
-0.5583747637795275
21
0.1924559842519685
0
LINE
8
BLACK
6
CONTINUOUS
10
-0.5583747637795275
20
0.1924559842519685
11
-0.5609327165354331
21
0.1853067716535433
0
LINE
8
BLACK
6
CONTINUOUS
10
-0.5609327165354331
20
0.1853067716535433
11
-0.560932874015748
21
0.1853063779527559
0
LINE
8
BLACK
6
CONTINUOUS
10
-0.560932874015748
20
0.1853063779527559
11
-0.5662455118110236
21
0.1677929921259843
0
LINE
8
BLACK
6
CONTINUOUS
10
-0.5662455118110236
20
0.1677929921259843
11
-0.5662568503937008
21
0.1677556692913386
0
LINE
8
BLACK
6
CONTINUOUS
10
-0.5662568503937008
20
0.1677556692913386
11
-0.5671116535433071
21
0.1650779527559055
0
LINE
8
BLACK
6
CONTINUOUS
10
-0.5671116535433071
20
0.1650779527559055
11
-0.5673914173228346
21
0.1640157086614173
0
LINE
8
BLACK
6
CONTINUOUS
10
-0.5673914173228346
20
0.1640157086614173
11
-0.5674180708661417
21
0.1639277952755905
0
LINE
8
BLACK
6
CONTINUOUS
10
-0.5674180708661417
20
0.1639277952755905
11
-0.5674182677165355
21
0.1639270078740157
0
LINE
8
BLACK
6
CONTINUOUS
10
-0.5674182677165355
20
0.1639270078740157
11
-0.5693494881889763
21
0.1575604330708661
0
LINE
8
BLACK
6
CONTINUOUS
10
-0.5693494881889763
20
0.1575604330708661
11
-0.5693496062992126
21
0.15756
0
LINE
8
BLACK
6
CONTINUOUS
10
-0.5693496062992126
20
0.15756
11
-0.5743653149606299
21
0.1375362598425197
0
LINE
8
BLACK
6
CONTINUOUS
10
-0.5743653149606299
20
0.1375362598425197
11
-0.5743653543307087
21
0.1375362992125984
0
LINE
8
BLACK
6
CONTINUOUS
10
-0.5743653543307087
20
0.1375362992125984
11
-0.5743742519685039
21
0.1375008661417323
0
LINE
8
BLACK
6
CONTINUOUS
10
-0.5743742519685039
20
0.1375008661417323
11
-0.5748577559055118
21
0.135664842519685
0
LINE
8
BLACK
6
CONTINUOUS
10
-0.5748577559055118
20
0.135664842519685
11
-0.5749768897637795
21
0.1350948031496063
0
LINE
8
BLACK
6
CONTINUOUS
10
-0.5749768897637795
20
0.1350948031496063
11
-0.5750003937007874
21
0.135000905511811
0
LINE
8
BLACK
6
CONTINUOUS
10
-0.5750003937007874
20
0.135000905511811
11
-0.5750005511811024
21
0.1350001968503937
0
LINE
8
BLACK
6
CONTINUOUS
10
-0.5750005511811024
20
0.1350001968503937
11
-0.5763948031496063
21
0.1294340157480315
0
LINE
8
BLACK
6
CONTINUOUS
10
-0.5763948031496063
20
0.1294340157480315
11
-0.581037716535433
21
0.1060927165354331
0
LINE
8
BLACK
6
CONTINUOUS
10
-0.581037716535433
20
0.1060927165354331
11
-0.581037874015748
21
0.1060918503937008
0
LINE
8
BLACK
6
CONTINUOUS
10
-0.581037874015748
20
0.1060918503937008
11
-0.5810432677165355
21
0.1060648031496063
0
LINE
8
BLACK
6
CONTINUOUS
10
-0.5810432677165355
20
0.1060648031496063
11
-0.5810793700787401
21
0.1058920078740157
0
LINE
8
BLACK
6
CONTINUOUS
10
-0.5810793700787401
20
0.1058920078740157
11
-0.5810854330708661
21
0.1058531102362205
0
LINE
8
BLACK
6
CONTINUOUS
10
-0.5810854330708661
20
0.1058531102362205
11
-0.5811052362204724
21
0.1057536614173228
0
LINE
8
BLACK
6
CONTINUOUS
10
-0.5811052362204724
20
0.1057536614173228
11
-0.5811053149606299
21
0.1057530708661417
0
LINE
8
BLACK
6
CONTINUOUS
10
-0.5811053149606299
20
0.1057530708661417
11
-0.5820517322834645
21
0.1009948031496063
0
LINE
8
BLACK
6
CONTINUOUS
10
-0.5820517322834645
20
0.1009948031496063
11
-0.5863061023622047
21
0.0723137401574803
0
LINE
8
BLACK
6
CONTINUOUS
10
-0.5863061023622047
20
0.0723137401574803
11
-0.5863061417322835
21
0.0723135039370079
0
LINE
8
BLACK
6
CONTINUOUS
10
-0.5863061417322835
20
0.0723135039370079
11
-0.5863087007874016
21
0.0722873622047244
0
LINE
8
BLACK
6
CONTINUOUS
10
-0.5863087007874016
20
0.0722873622047244
11
-0.5891481102362205
21
0.043458188976378
0
LINE
8
BLACK
6
CONTINUOUS
10
-0.5891481102362205
20
0.043458188976378
11
-0.5905708661417323
21
0.0144977165354331
0
LINE
8
BLACK
6
CONTINUOUS
10
-0.5905708661417323
20
0.0144977165354331
11
-0.5905708661417323
21
0.0144923622047244
0
LINE
8
BLACK
6
CONTINUOUS
10
-0.5905708661417323
20
0.0144923622047244
11
-0.5905708661417323
21
-0.0144977165354331
0
LINE
8
BLACK
6
CONTINUOUS
10
-0.5905708661417323
20
-0.0144977165354331
11
-0.5894829133858268
21
-0.036643937007874
0
LINE
8
BLACK
6
CONTINUOUS
10
-0.5894829133858268
20
-0.036643937007874
11
-0.5891481102362205
21
-0.0434583464566929
0
LINE
8
BLACK
6
CONTINUOUS
10
-0.5891481102362205
20
-0.0434583464566929
11
-0.5863061417322835
21
-0.0723134645669291
0
LINE
8
BLACK
6
CONTINUOUS
10
-0.5863061417322835
20
-0.0723134645669291
11
-0.5863061023622047
21
-0.0723137007874016
0
LINE
8
BLACK
6
CONTINUOUS
10
-0.5863061023622047
20
-0.0723137007874016
11
-0.5820517322834645
21
-0.1009946062992126
0
LINE
8
BLACK
6
CONTINUOUS
10
-0.5820517322834645
20
-0.1009946062992126
11
-0.5820516535433071
21
-0.1009950393700787
0
LINE
8
BLACK
6
CONTINUOUS
10
-0.5820516535433071
20
-0.1009950393700787
11
-0.5820515748031496
21
-0.1009955118110236
0
LINE
8
BLACK
6
CONTINUOUS
10
-0.5820515748031496
20
-0.1009955118110236
11
-0.5815201574803149
21
-0.1036672834645669
0
LINE
8
BLACK
6
CONTINUOUS
10
-0.5815201574803149
20
-0.1036672834645669
11
-0.5811055511811023
21
-0.1057515748031496
0
LINE
8
BLACK
6
CONTINUOUS
10
-0.5811055511811023
20
-0.1057515748031496
11
-0.581085748031496
21
-0.1058512204724409
0
LINE
8
BLACK
6
CONTINUOUS
10
-0.581085748031496
20
-0.1058512204724409
11
-0.5810793700787401
21
-0.1058920078740157
0
LINE
8
BLACK
6
CONTINUOUS
10
-0.5810793700787401
20
-0.1058920078740157
11
-0.5810425984251968
21
-0.1060681102362205
0
LINE
8
BLACK
6
CONTINUOUS
10
-0.5810425984251968
20
-0.1060681102362205
11
-0.5810379527559055
21
-0.1060914173228346
0
LINE
8
BLACK
6
CONTINUOUS
10
-0.5810379527559055
20
-0.1060914173228346
11
-0.5810376377952756
21
-0.106092874015748
0
LINE
8
BLACK
6
CONTINUOUS
10
-0.5810376377952756
20
-0.106092874015748
11
-0.5810376771653544
21
-0.1060929527559055
0
LINE
8
BLACK
6
CONTINUOUS
10
-0.5810376771653544
20
-0.1060929527559055
11
-0.5810375984251969
21
-0.1060932283464567
0
LINE
8
BLACK
6
CONTINUOUS
10
-0.5810375984251969
20
-0.1060932283464567
11
-0.5763948031496063
21
-0.1294339763779528
0
LINE
8
BLACK
6
CONTINUOUS
10
-0.5763948031496063
20
-0.1294339763779528
11
-0.5750004724409449
21
-0.1350005118110236
0
LINE
8
BLACK
6
CONTINUOUS
10
-0.5750004724409449
20
-0.1350005118110236
11
-0.5749770078740157
21
-0.1350942519685039
0
LINE
8
BLACK
6
CONTINUOUS
10
-0.5749770078740157
20
-0.1350942519685039
11
-0.5748577559055118
21
-0.135664842519685
0
LINE
8
BLACK
6
CONTINUOUS
10
-0.5748577559055118
20
-0.135664842519685
11
-0.5743734251968504
21
-0.1375040157480315
0
LINE
8
BLACK
6
CONTINUOUS
10
-0.5743734251968504
20
-0.1375040157480315
11
-0.5743662598425197
21
-0.1375325196850394
0
LINE
8
BLACK
6
CONTINUOUS
10
-0.5743662598425197
20
-0.1375325196850394
11
-0.5743658661417322
21
-0.1375339763779528
0
LINE
8
BLACK
6
CONTINUOUS
10
-0.5743658661417322
20
-0.1375339763779528
11
-0.5693496062992126
21
-0.1575599606299213
0
LINE
8
BLACK
6
CONTINUOUS
10
-0.5693496062992126
20
-0.1575599606299213
11
-0.5693494881889763
21
-0.1575603543307087
0
LINE
8
BLACK
6
CONTINUOUS
10
-0.5693494881889763
20
-0.1575603543307087
11
-0.5674185039370079
21
-0.1639261811023622
0
LINE
8
BLACK
6
CONTINUOUS
10
-0.5674185039370079
20
-0.1639261811023622
11
-0.5673917716535433
21
-0.1640142913385827
0
LINE
8
BLACK
6
CONTINUOUS
10
-0.5673917716535433
20
-0.1640142913385827
11
-0.5671116535433071
21
-0.1650779527559055
0
LINE
8
BLACK
6
CONTINUOUS
10
-0.5671116535433071
20
-0.1650779527559055
11
-0.5662568503937008
21
-0.1677557086614173
0
LINE
8
BLACK
6
CONTINUOUS
10
-0.5662568503937008
20
-0.1677557086614173
11
-0.566246968503937
21
-0.167788188976378
0
LINE
8
BLACK
6
CONTINUOUS
10
-0.566246968503937
20
-0.167788188976378
11
-0.5662455118110236
21
-0.1677927952755905
0
LINE
8
BLACK
6
CONTINUOUS
10
-0.5662455118110236
20
-0.1677927952755905
11
-0.5609325984251968
21
-0.1853070866141732
0
LINE
8
BLACK
6
CONTINUOUS
10
-0.5609325984251968
20
-0.1853070866141732
11
-0.5609324409448819
21
-0.1853074803149606
0
LINE
8
BLACK
6
CONTINUOUS
10
-0.5609324409448819
20
-0.1853074803149606
11
-0.55837468503937
21
-0.1924561417322835
0
LINE
8
BLACK
6
CONTINUOUS
10
-0.55837468503937
20
-0.1924561417322835
11
-0.5583459842519685
21
-0.1925363385826772
0
LINE
8
BLACK
6
CONTINUOUS
10
-0.5583459842519685
20
-0.1925363385826772
11
-0.5578617322834646
21
-0.1940532677165354
0
LINE
8
BLACK
6
CONTINUOUS
10
-0.5578617322834646
20
-0.1940532677165354
11
-0.5567114960629921
21
-0.1971044881889764
0
LINE
8
BLACK
6
CONTINUOUS
10
-0.5567114960629921
20
-0.1971044881889764
11
-0.5566975196850393
21
-0.1971434645669291
0
LINE
8
BLACK
6
CONTINUOUS
10
-0.5566975196850393
20
-0.1971434645669291
11
-0.5566970078740158
21
-0.1971448031496063
0
LINE
8
BLACK
6
CONTINUOUS
10
-0.5566970078740158
20
-0.1971448031496063
11
-0.5531650787401575
21
-0.2070159448818898
0
LINE
8
BLACK
6
CONTINUOUS
10
-0.5531650787401575
20
-0.2070159448818898
11
-0.5511641732283464
21
-0.2126081496062992
0
LINE
8
BLACK
6
CONTINUOUS
10
-0.5511641732283464
20
-0.2126081496062992
11
-0.547886220472441
21
-0.2205217322834646
0
LINE
8
BLACK
6
CONTINUOUS
10
-0.547886220472441
20
-0.2205217322834646
11
-0.547886220472441
21
-0.2205217716535433
0
LINE
8
BLACK
6
CONTINUOUS
10
-0.547886220472441
20
-0.2205217716535433
11
-0.5478558267716536
21
-0.220595157480315
0
LINE
8
BLACK
6
CONTINUOUS
10
-0.5478558267716536
20
-0.220595157480315
11
-0.5471324409448819
21
-0.2225140157480315
0
LINE
8
BLACK
6
CONTINUOUS
10
-0.5471324409448819
20
-0.2225140157480315
11
-0.5457650393700787
21
-0.225642874015748
0
LINE
8
BLACK
6
CONTINUOUS
10
-0.5457650393700787
20
-0.225642874015748
11
-0.5457464566929133
21
-0.2256877559055118
0
LINE
8
BLACK
6
CONTINUOUS
10
-0.5457464566929133
20
-0.2256877559055118
11
-0.5457458267716535
21
-0.2256891732283464
0
LINE
8
BLACK
6
CONTINUOUS
10
-0.5457458267716535
20
-0.2256891732283464
11
-0.5400687795275591
21
-0.2393947244094488
0
LINE
8
BLACK
6
CONTINUOUS
10
-0.5400687795275591
20
-0.2393947244094488
11
-0.5400682677165354
21
-0.2393959448818898
0
LINE
8
BLACK
6
CONTINUOUS
10
-0.5400682677165354
20
-0.2393959448818898
11
-0.5359712992125985
21
-0.2480582677165354
0
LINE
8
BLACK
6
CONTINUOUS
10
-0.5359712992125985
20
-0.2480582677165354
11
-0.535940157480315
21
-0.2481241338582677
0
LINE
8
BLACK
6
CONTINUOUS
10
-0.535940157480315
20
-0.2481241338582677
11
-0.5349522440944882
21
-0.2503846456692913
0
LINE
8
BLACK
6
CONTINUOUS
10
-0.5349522440944882
20
-0.2503846456692913
11
-0.5334415354330708
21
-0.2534070472440945
0
LINE
8
BLACK
6
CONTINUOUS
10
-0.5334415354330708
20
-0.2534070472440945
11
-0.5334183858267716
21
-0.2534560236220472
0
LINE
8
BLACK
6
CONTINUOUS
10
-0.5334183858267716
20
-0.2534560236220472
11
-0.5334180314960629
21
-0.2534567322834645
0
LINE
8
BLACK
6
CONTINUOUS
10
-0.5334180314960629
20
-0.2534567322834645
11
-0.5285871259842519
21
-0.2636707874015748
0
LINE
8
BLACK
6
CONTINUOUS
10
-0.5285871259842519
20
-0.2636707874015748
11
-0.5276714566929134
21
-0.265606811023622
0
LINE
8
BLACK
6
CONTINUOUS
10
-0.5276714566929134
20
-0.265606811023622
11
-0.527671062992126
21
-0.2656075984251968
0
LINE
8
BLACK
6
CONTINUOUS
10
-0.527671062992126
20
-0.2656075984251968
11
-0.5276707874015748
21
-0.2656081889763779
0
LINE
8
BLACK
6
CONTINUOUS
10
-0.5276707874015748
20
-0.2656081889763779
11
-0.5226516535433071
21
-0.2749982283464567
0
LINE
8
BLACK
6
CONTINUOUS
10
-0.5226516535433071
20
-0.2749982283464567
11
-0.5226197637795276
21
-0.275057874015748
0
LINE
8
BLACK
6
CONTINUOUS
10
-0.5226197637795276
20
-0.275057874015748
11
-0.5213534645669291
21
-0.2775913385826771
0
LINE
8
BLACK
6
CONTINUOUS
10
-0.5213534645669291
20
-0.2775913385826771
11
-0.5197727559055118
21
-0.2803842913385827
0
LINE
8
BLACK
6
CONTINUOUS
10
-0.5197727559055118
20
-0.2803842913385827
11
-0.5197446456692913
21
-0.2804368897637795
0
LINE
8
BLACK
6
CONTINUOUS
10
-0.5197446456692913
20
-0.2804368897637795
11
-0.514003031496063
21
-0.2911786614173228
0
LINE
8
BLACK
6
CONTINUOUS
10
-0.514003031496063
20
-0.2911786614173228
11
-0.5140023228346456
21
-0.2911799212598425
0
LINE
8
BLACK
6
CONTINUOUS
10
-0.5140023228346456
20
-0.2911799212598425
11
-0.5091329921259843
21
-0.2993038582677165
0
LINE
8
BLACK
6
CONTINUOUS
10
-0.5091329921259843
20
-0.2993038582677165
11
-0.5079444881889764
21
-0.3012867322834646
0
LINE
8
BLACK
6
CONTINUOUS
10
-0.5079444881889764
20
-0.3012867322834646
11
-0.5079141338582677
21
-0.3013373622047244
0
LINE
8
BLACK
6
CONTINUOUS
10
-0.5079141338582677
20
-0.3013373622047244
11
-0.506372125984252
21
-0.3040619291338583
0
LINE
8
BLACK
6
CONTINUOUS
10
-0.506372125984252
20
-0.3040619291338583
11
-0.5047944094488189
21
-0.3065423622047244
0
LINE
8
BLACK
6
CONTINUOUS
10
-0.5047944094488189
20
-0.3065423622047244
11
-0.5047609448818897
21
-0.306598188976378
0
LINE
8
BLACK
6
CONTINUOUS
10
-0.5047609448818897
20
-0.306598188976378
11
-0.4990964173228346
21
-0.3160488582677165
0
LINE
8
BLACK
6
CONTINUOUS
10
-0.4990964173228346
20
-0.3160488582677165
11
-0.4990956692913386
21
-0.3160500787401574
0
LINE
8
BLACK
6
CONTINUOUS
10
-0.4990956692913386
20
-0.3160500787401574
11
-0.4918698818897638
21
-0.3268642913385827
0
LINE
8
BLACK
6
CONTINUOUS
10
-0.4918698818897638
20
-0.3268642913385827
11
-0.491869842519685
21
-0.3268642913385827
0
LINE
8
BLACK
6
CONTINUOUS
10
-0.491869842519685
20
-0.3268642913385827
11
-0.4918381496062992
21
-0.3269117322834645
0
LINE
8
BLACK
6
CONTINUOUS
10
-0.4918381496062992
20
-0.3269117322834645
11
-0.4900479921259843
21
-0.3297261417322835
0
LINE
8
BLACK
6
CONTINUOUS
10
-0.4900479921259843
20
-0.3297261417322835
11
-0.4885442125984252
21
-0.3318413779527559
0
LINE
8
BLACK
6
CONTINUOUS
10
-0.4885442125984252
20
-0.3318413779527559
11
-0.4885046850393701
21
-0.3319005511811023
0
LINE
8
BLACK
6
CONTINUOUS
10
-0.4885046850393701
20
-0.3319005511811023
11
-0.4829876771653543
21
-0.3401574015748031
0
LINE
8
BLACK
6
CONTINUOUS
10
-0.4829876771653543
20
-0.3401574015748031
11
-0.4829872440944882
21
-0.3401579921259842
0
LINE
8
BLACK
6
CONTINUOUS
10
-0.4829872440944882
20
-0.3401579921259842
11
-0.4744367716535433
21
-0.3516870472440945
0
LINE
8
BLACK
6
CONTINUOUS
10
-0.4744367716535433
20
-0.3516870472440945
11
-0.4744367322834646
21
-0.3516870472440945
0
LINE
8
BLACK
6
CONTINUOUS
10
-0.4744367322834646
20
-0.3516870472440945
11
-0.4744072834645669
21
-0.3517267716535433
0
LINE
8
BLACK
6
CONTINUOUS
10
-0.4744072834645669
20
-0.3517267716535433
11
-0.4724243307086614
21
-0.3545160236220473
0
LINE
8
BLACK
6
CONTINUOUS
10
-0.4724243307086614
20
-0.3545160236220473
11
-0.4710625196850394
21
-0.3562366141732283
0
LINE
8
BLACK
6
CONTINUOUS
10
-0.4710625196850394
20
-0.3562366141732283
11
-0.4710171259842519
21
-0.3562978346456693
0
LINE
8
BLACK
6
CONTINUOUS
10
-0.4710171259842519
20
-0.3562978346456693
11
-0.4710171259842519
21
-0.3562979133858268
0
LINE
8
BLACK
6
CONTINUOUS
10
-0.4710171259842519
20
-0.3562979133858268
11
-0.4658138582677165
21
-0.3633136220472441
0
LINE
8
BLACK
6
CONTINUOUS
10
-0.4658138582677165
20
-0.3633136220472441
11
-0.4657146850393701
21
-0.3634473228346456
0
LINE
8
BLACK
6
CONTINUOUS
10
-0.4657146850393701
20
-0.3634473228346456
11
-0.4556202755905512
21
-0.3757473622047244
0
LINE
8
BLACK
6
CONTINUOUS
10
-0.4556202755905512
20
-0.3757473622047244
11
-0.4535479133858268
21
-0.3783657874015748
0
LINE
8
BLACK
6
CONTINUOUS
10
-0.4535479133858268
20
-0.3783657874015748
11
-0.4523926377952756
21
-0.3796802755905512
0
LINE
8
BLACK
6
CONTINUOUS
10
-0.4523926377952756
20
-0.3796802755905512
11
-0.4523403937007874
21
-0.379743937007874
0
LINE
8
BLACK
6
CONTINUOUS
10
-0.4523403937007874
20
-0.379743937007874
11
-0.4473200787401574
21
-0.3858612204724409
0
LINE
8
BLACK
6
CONTINUOUS
10
-0.4473200787401574
20
-0.3858612204724409
11
-0.4401162204724409
21
-0.3938094094488189
0
LINE
8
BLACK
6
CONTINUOUS
10
-0.4401162204724409
20
-0.3938094094488189
11
-0.4354779527559055
21
-0.398926968503937
0
LINE
8
BLACK
6
CONTINUOUS
10
-0.4354779527559055
20
-0.398926968503937
11
-0.435477716535433
21
-0.3989272047244095
0
LINE
8
BLACK
6
CONTINUOUS
10
-0.435477716535433
20
-0.3989272047244095
11
-0.4354544488188976
21
-0.398952874015748
0
LINE
8
BLACK
6
CONTINUOUS
10
-0.4354544488188976
20
-0.398952874015748
11
-0.4334687401574803
21
-0.4012122047244094
0
LINE
8
BLACK
6
CONTINUOUS
10
-0.4334687401574803
20
-0.4012122047244094
11
-0.4325829921259842
21
-0.402121062992126
0
LINE
8
BLACK
6
CONTINUOUS
10
-0.4325829921259842
20
-0.402121062992126
11
-0.4278481889763779
21
-0.4073451181102362
0
LINE
8
BLACK
6
CONTINUOUS
10
-0.4278481889763779
20
-0.4073451181102362
11
-0.427847874015748
21
-0.4073454330708661
0
LINE
8
BLACK
6
CONTINUOUS
10
-0.427847874015748
20
-0.4073454330708661
11
-0.4138277952755905
21
-0.4213655118110236
0
LINE
8
BLACK
6
CONTINUOUS
10
-0.4138277952755905
20
-0.4213655118110236
11
-0.4122400787401574
21
-0.4229946456692913
0
LINE
8
BLACK
6
CONTINUOUS
10
-0.4122400787401574
20
-0.4229946456692913
11
-0.4116835039370079
21
-0.4235098031496063
0
LINE
8
BLACK
6
CONTINUOUS
10
-0.4116835039370079
20
-0.4235098031496063
11
-0.4073450393700787
21
-0.4278482677165354
0
LINE
8
BLACK
6
CONTINUOUS
10
-0.4073450393700787
20
-0.4278482677165354
11
-0.3905847637795276
21
-0.4430388976377952
0
LINE
8
BLACK
6
CONTINUOUS
10
-0.3905847637795276
20
-0.4430388976377952
11
-0.3905632283464567
21
-0.4430583858267717
0
LINE
8
BLACK
6
CONTINUOUS
10
-0.3905632283464567
20
-0.4430583858267717
11
-0.3899182677165354
21
-0.4436553937007874
0
LINE
8
BLACK
6
CONTINUOUS
10
-0.3899182677165354
20
-0.4436553937007874
11
-0.3897459448818897
21
-0.4437991732283464
0
LINE
8
BLACK
6
CONTINUOUS
10
-0.3897459448818897
20
-0.4437991732283464
11
-0.3896716141732283
21
-0.4438664960629921
0
LINE
8
BLACK
6
CONTINUOUS
10
-0.3896716141732283
20
-0.4438664960629921
11
-0.3896715748031496
21
-0.4438665748031496
0
LINE
8
BLACK
6
CONTINUOUS
10
-0.3896715748031496
20
-0.4438665748031496
11
-0.3858612598425197
21
-0.4473200393700787
0
LINE
8
BLACK
6
CONTINUOUS
10
-0.3858612598425197
20
-0.4473200393700787
11
-0.385861062992126
21
-0.4473201968503937
0
LINE
8
BLACK
6
CONTINUOUS
10
-0.385861062992126
20
-0.4473201968503937
11
-0.3634473228346456
21
-0.4657146850393701
0
LINE
8
BLACK
6
CONTINUOUS
10
-0.3634473228346456
20
-0.4657146850393701
11
-0.3401579921259842
21
-0.4829872440944882
0
LINE
8
BLACK
6
CONTINUOUS
10
-0.3401579921259842
20
-0.4829872440944882
11
-0.3160491732283465
21
-0.499096220472441
0
LINE
8
BLACK
6
CONTINUOUS
10
-0.3160491732283465
20
-0.499096220472441
11
-0.3160488976377953
21
-0.4990963779527559
0
LINE
8
BLACK
6
CONTINUOUS
10
-0.3160488976377953
20
-0.4990963779527559
11
-0.2911799606299212
21
-0.5140022834645669
0
LINE
8
BLACK
6
CONTINUOUS
10
-0.2911799606299212
20
-0.5140022834645669
11
-0.2911795669291338
21
-0.5140024803149607
0
LINE
8
BLACK
6
CONTINUOUS
10
-0.2911795669291338
20
-0.5140024803149607
11
-0.2911790157480315
21
-0.5140028346456693
0
LINE
8
BLACK
6
CONTINUOUS
10
-0.2911790157480315
20
-0.5140028346456693
11
-0.2843599212598425
21
-0.5176477165354331
0
LINE
8
BLACK
6
CONTINUOUS
10
-0.2843599212598425
20
-0.5176477165354331
11
-0.2656082283464567
21
-0.5276707480314961
0
LINE
8
BLACK
6
CONTINUOUS
10
-0.2656082283464567
20
-0.5276707480314961
11
-0.2656076771653543
21
-0.5276710236220472
0
LINE
8
BLACK
6
CONTINUOUS
10
-0.2656076771653543
20
-0.5276710236220472
11
-0.2656075196850394
21
-0.5276711023622047
0
LINE
8
BLACK
6
CONTINUOUS
10
-0.2656075196850394
20
-0.5276711023622047
11
-0.2656073622047244
21
-0.5276711811023622
0
LINE
8
BLACK
6
CONTINUOUS
10
-0.2656073622047244
20
-0.5276711811023622
11
-0.2393958267716535
21
-0.5400683070866141
0
LINE
8
BLACK
6
CONTINUOUS
10
-0.2393958267716535
20
-0.5400683070866141
11
-0.2126075590551181
21
-0.5511643700787402
0
LINE
8
BLACK
6
CONTINUOUS
10
-0.2126075590551181
20
-0.5511643700787402
11
-0.1853070866141732
21
-0.5609325984251968
0
LINE
8
BLACK
6
CONTINUOUS
10
-0.1853070866141732
20
-0.5609325984251968
11
-0.1800075590551181
21
-0.5625401968503937
0
LINE
8
BLACK
6
CONTINUOUS
10
-0.1800075590551181
20
-0.5625401968503937
11
-0.179625157480315
21
-0.5626732283464567
0
LINE
8
BLACK
6
CONTINUOUS
10
-0.179625157480315
20
-0.5626732283464567
11
-0.1782381102362205
21
-0.5630769291338582
0
LINE
8
BLACK
6
CONTINUOUS
10
-0.1782381102362205
20
-0.5630769291338582
11
-0.1575602362204724
21
-0.5693495275590551
0
LINE
8
BLACK
6
CONTINUOUS
10
-0.1575602362204724
20
-0.5693495275590551
11
-0.1513148031496063
21
-0.570913937007874
0
LINE
8
BLACK
6
CONTINUOUS
10
-0.1513148031496063
20
-0.570913937007874
11
-0.1504212598425197
21
-0.5711740551181103
0
LINE
8
BLACK
6
CONTINUOUS
10
-0.1504212598425197
20
-0.5711740551181103
11
-0.1479168897637795
21
-0.5717650393700787
0
LINE
8
BLACK
6
CONTINUOUS
10
-0.1479168897637795
20
-0.5717650393700787
11
-0.1294337795275591
21
-0.576394842519685
0
LINE
8
BLACK
6
CONTINUOUS
10
-0.1294337795275591
20
-0.576394842519685
11
-0.1222123228346457
21
-0.5778312598425197
0
LINE
8
BLACK
6
CONTINUOUS
10
-0.1222123228346457
20
-0.5778312598425197
11
-0.1208185039370079
21
-0.5781602362204724
0
LINE
8
BLACK
6
CONTINUOUS
10
-0.1208185039370079
20
-0.5781602362204724
11
-0.1177185039370079
21
-0.5787251574803149
0
LINE
8
BLACK
6
CONTINUOUS
10
-0.1177185039370079
20
-0.5787251574803149
11
-0.1009955118110236
21
-0.5820515748031496
0
LINE
8
BLACK
6
CONTINUOUS
10
-0.1009955118110236
20
-0.5820515748031496
11
-0.100995157480315
21
-0.5820516141732284
0
LINE
8
BLACK
6
CONTINUOUS
10
-0.100995157480315
20
-0.5820516141732284
11
-0.1009950787401575
21
-0.5820516535433071
0
LINE
8
BLACK
6
CONTINUOUS
10
-0.1009950787401575
20
-0.5820516535433071
11
-0.0993273228346457
21
-0.5822990157480314
0
LINE
8
BLACK
6
CONTINUOUS
10
-0.0993273228346457
20
-0.5822990157480314
11
-0.0927662204724409
21
-0.5832722440944882
0
LINE
8
BLACK
6
CONTINUOUS
10
-0.0927662204724409
20
-0.5832722440944882
11
-0.0908953149606299
21
-0.5836132283464567
0
LINE
8
BLACK
6
CONTINUOUS
10
-0.0908953149606299
20
-0.5836132283464567
11
-0.0875338582677165
21
-0.5840483858267717
0
LINE
8
BLACK
6
CONTINUOUS
10
-0.0875338582677165
20
-0.5840483858267717
11
-0.0723139763779528
21
-0.586306062992126
0
LINE
8
BLACK
6
CONTINUOUS
10
-0.0723139763779528
20
-0.586306062992126
11
-0.0723129921259842
21
-0.5863061417322835
0
LINE
8
BLACK
6
CONTINUOUS
10
-0.0723129921259842
20
-0.5863061417322835
11
-0.0723128346456693
21
-0.5863061811023622
0
LINE
8
BLACK
6
CONTINUOUS
10
-0.0723128346456693
20
-0.5863061811023622
11
-0.0711522834645669
21
-0.5864204724409449
0
LINE
8
BLACK
6
CONTINUOUS
10
-0.0711522834645669
20
-0.5864204724409449
11
-0.0630451968503937
21
-0.587218937007874
0
LINE
8
BLACK
6
CONTINUOUS
10
-0.0630451968503937
20
-0.587218937007874
11
-0.0607311417322835
21
-0.5875185826771654
0
LINE
8
BLACK
6
CONTINUOUS
10
-0.0607311417322835
20
-0.5875185826771654
11
-0.0573317322834646
21
-0.587781653543307
0
LINE
8
BLACK
6
CONTINUOUS
10
-0.0573317322834646
20
-0.587781653543307
11
-0.043458188976378
21
-0.5891481102362205
0
LINE
8
BLACK
6
CONTINUOUS
10
-0.043458188976378
20
-0.5891481102362205
11
-0.0331157874015748
21
-0.5896561811023622
0
LINE
8
BLACK
6
CONTINUOUS
10
-0.0331157874015748
20
-0.5896561811023622
11
-0.0304058661417323
21
-0.5898659842519685
0
LINE
8
BLACK
6
CONTINUOUS
10
-0.0304058661417323
20
-0.5898659842519685
11
-0.0271269291338583
21
-0.5899503937007874
0
LINE
8
BLACK
6
CONTINUOUS
10
-0.0271269291338583
20
-0.5899503937007874
11
-0.0144977165354331
21
-0.5905708661417323
0
LINE
8
BLACK
6
CONTINUOUS
10
-0.0144977165354331
20
-0.5905708661417323
11
-0.0144971653543307
21
-0.5905708661417323
0
LINE
8
BLACK
6
CONTINUOUS
10
-0.0144971653543307
20
-0.5905708661417323
11
-0.0030387401574803
21
-0.5905708661417323
0
LINE
8
BLACK
6
CONTINUOUS
10
-0.0030387401574803
20
-0.5905708661417323
11
0.
21
-0.5906491338582677
0
LINE
8
BLACK
6
CONTINUOUS
10
0.
20
-0.5906491338582677
11
0.0030387401574803
21
-0.5905708661417323
0
LINE
8
BLACK
6
CONTINUOUS
10
0.0030387401574803
20
-0.5905708661417323
11
0.0144971653543307
21
-0.5905708661417323
0
LINE
8
BLACK
6
CONTINUOUS
10
0.0144971653543307
20
-0.5905708661417323
11
0.0144977165354331
21
-0.5905708661417323
0
LINE
8
BLACK
6
CONTINUOUS
10
0.0144977165354331
20
-0.5905708661417323
11
0.0271273228346457
21
-0.5899503937007874
0
LINE
8
BLACK
6
CONTINUOUS
10
0.0271273228346457
20
-0.5899503937007874
11
0.0304058661417323
21
-0.5898659842519685
0
LINE
8
BLACK
6
CONTINUOUS
10
0.0304058661417323
20
-0.5898659842519685
11
0.0331159448818898
21
-0.5896561811023622
0
LINE
8
BLACK
6
CONTINUOUS
10
0.0331159448818898
20
-0.5896561811023622
11
0.043458188976378
21
-0.5891481102362205
0
LINE
8
BLACK
6
CONTINUOUS
10
0.043458188976378
20
-0.5891481102362205
11
0.0573314173228346
21
-0.5877816929133858
0
LINE
8
BLACK
6
CONTINUOUS
10
0.0573314173228346
20
-0.5877816929133858
11
0.0607311417322835
21
-0.5875185826771654
0
LINE
8
BLACK
6
CONTINUOUS
10
0.0607311417322835
20
-0.5875185826771654
11
0.063044842519685
21
-0.5872189763779527
0
LINE
8
BLACK
6
CONTINUOUS
10
0.063044842519685
20
-0.5872189763779527
11
0.0723139763779528
21
-0.586306062992126
0
LINE
8
BLACK
6
CONTINUOUS
10
0.0723139763779528
20
-0.586306062992126
11
0.0875342125984252
21
-0.5840483464566929
0
LINE
8
BLACK
6
CONTINUOUS
10
0.0875342125984252
20
-0.5840483464566929
11
0.0908953149606299
21
-0.5836132283464567
0
LINE
8
BLACK
6
CONTINUOUS
10
0.0908953149606299
20
-0.5836132283464567
11
0.0927655511811024
21
-0.5832723622047244
0
LINE
8
BLACK
6
CONTINUOUS
10
0.0927655511811024
20
-0.5832723622047244
11
0.1000747637795276
21
-0.5821881102362204
0
LINE
8
BLACK
6
CONTINUOUS
10
0.1000747637795276
20
-0.5821881102362204
11
0.1009950393700787
21
-0.5820516535433071
0
LINE
8
BLACK
6
CONTINUOUS
10
0.1009950393700787
20
-0.5820516535433071
11
0.1009950787401575
21
-0.5820516141732284
0
LINE
8
BLACK
6
CONTINUOUS
10
0.1009950787401575
20
-0.5820516141732284
11
0.1009955118110236
21
-0.5820515748031496
0
LINE
8
BLACK
6
CONTINUOUS
10
0.1009955118110236
20
-0.5820515748031496
11
0.1177208267716535
21
-0.57872468503937
0
LINE
8
BLACK
6
CONTINUOUS
10
0.1177208267716535
20
-0.57872468503937
11
0.1208185039370079
21
-0.5781602362204724
0
LINE
8
BLACK
6
CONTINUOUS
10
0.1208185039370079
20
-0.5781602362204724
11
0.1222114960629921
21
-0.5778314173228346
0
LINE
8
BLACK
6
CONTINUOUS
10
0.1222114960629921
20
-0.5778314173228346
11
0.1294337795275591
21
-0.576394842519685
0
LINE
8
BLACK
6
CONTINUOUS
10
0.1294337795275591
20
-0.576394842519685
11
0.147918031496063
21
-0.5717647637795276
0
LINE
8
BLACK
6
CONTINUOUS
10
0.147918031496063
20
-0.5717647637795276
11
0.1504212598425197
21
-0.5711740551181103
0
LINE
8
BLACK
6
CONTINUOUS
10
0.1504212598425197
20
-0.5711740551181103
11
0.1513144488188976
21
-0.5709139763779527
0
LINE
8
BLACK
6
CONTINUOUS
10
0.1513144488188976
20
-0.5709139763779527
11
0.1575602362204724
21
-0.5693495275590551
0
LINE
8
BLACK
6
CONTINUOUS
10
0.1575602362204724
20
-0.5693495275590551
11
0.1782375984251968
21
-0.5630770866141732
0
LINE
8
BLACK
6
CONTINUOUS
10
0.1782375984251968
20
-0.5630770866141732
11
0.179625157480315
21
-0.5626732283464567
0
LINE
8
BLACK
6
CONTINUOUS
10
0.179625157480315
20
-0.5626732283464567
11
0.1800075590551181
21
-0.5625401574803149
0
LINE
8
BLACK
6
CONTINUOUS
10
0.1800075590551181
20
-0.5625401574803149
11
0.1853070866141732
21
-0.5609325984251968
0
LINE
8
BLACK
6
CONTINUOUS
10
0.1853070866141732
20
-0.5609325984251968
11
0.2126075590551181
21
-0.5511643700787402
0
LINE
8
BLACK
6
CONTINUOUS
10
0.2126075590551181
20
-0.5511643700787402
11
0.2393958267716535
21
-0.5400683070866141
0
LINE
8
BLACK
6
CONTINUOUS
10
0.2393958267716535
20
-0.5400683070866141
11
0.2656073622047244
21
-0.5276711811023622
0
LINE
8
BLACK
6
CONTINUOUS
10
0.2656073622047244
20
-0.5276711811023622
11
0.2659705118110236
21
-0.5274770866141733
0
LINE
8
BLACK
6
CONTINUOUS
10
0.2659705118110236
20
-0.5274770866141733
11
0.2711587795275591
21
-0.5247038582677165
0
LINE
8
BLACK
6
CONTINUOUS
10
0.2711587795275591
20
-0.5247038582677165
11
0.2911790157480315
21
-0.5140028346456693
0
LINE
8
BLACK
6
CONTINUOUS
10
0.2911790157480315
20
-0.5140028346456693
11
0.3160491732283465
21
-0.499096220472441
0
LINE
8
BLACK
6
CONTINUOUS
10
0.3160491732283465
20
-0.499096220472441
11
0.3401579921259842
21
-0.4829872440944882
0
LINE
8
BLACK
6
CONTINUOUS
10
0.3401579921259842
20
-0.4829872440944882
11
0.3634473228346456
21
-0.4657146850393701
0
LINE
8
BLACK
6
CONTINUOUS
10
0.3634473228346456
20
-0.4657146850393701
11
0.385861062992126
21
-0.4473201968503937
0
LINE
8
BLACK
6
CONTINUOUS
10
0.385861062992126
20
-0.4473201968503937
11
0.3897465354330709
21
-0.4437985826771653
0
LINE
8
BLACK
6
CONTINUOUS
10
0.3897465354330709
20
-0.4437985826771653
11
0.3899182677165354
21
-0.4436553937007874
0
LINE
8
BLACK
6
CONTINUOUS
10
0.3899182677165354
20
-0.4436553937007874
11
0.3905633070866142
21
-0.4430583070866141
0
LINE
8
BLACK
6
CONTINUOUS
10
0.3905633070866142
20
-0.4430583070866141
11
0.4073452362204724
21
-0.4278480708661417
0
LINE
8
BLACK
6
CONTINUOUS
10
0.4073452362204724
20
-0.4278480708661417
11
0.4116840157480315
21
-0.4235092519685039
0
LINE
8
BLACK
6
CONTINUOUS
10
0.4116840157480315
20
-0.4235092519685039
11
0.4122400787401574
21
-0.4229946456692913
0
LINE
8
BLACK
6
CONTINUOUS
10
0.4122400787401574
20
-0.4229946456692913
11
0.4138262598425197
21
-0.4213670078740158
0
LINE
8
BLACK
6
CONTINUOUS
10
0.4138262598425197
20
-0.4213670078740158
11
0.4278480708661417
21
-0.4073452362204724
0
LINE
8
BLACK
6
CONTINUOUS
10
0.4278480708661417
20
-0.4073452362204724
11
0.4325836220472441
21
-0.4021203149606299
0
LINE
8
BLACK
6
CONTINUOUS
10
0.4325836220472441
20
-0.4021203149606299
11
0.4334687401574803
21
-0.4012122047244094
0
LINE
8
BLACK
6
CONTINUOUS
10
0.4334687401574803
20
-0.4012122047244094
11
0.4354518897637795
21
-0.3989557086614173
0
LINE
8
BLACK
6
CONTINUOUS
10
0.4354518897637795
20
-0.3989557086614173
11
0.4473201968503937
21
-0.385861062992126
0
LINE
8
BLACK
6
CONTINUOUS
10
0.4473201968503937
20
-0.385861062992126
11
0.4523930708661417
21
-0.3796797244094488
0
LINE
8
BLACK
6
CONTINUOUS
10
0.4523930708661417
20
-0.3796797244094488
11
0.4535479133858268
21
-0.3783657874015748
0
LINE
8
BLACK
6
CONTINUOUS
10
0.4535479133858268
20
-0.3783657874015748
11
0.4556192913385826
21
-0.3757485433070866
0
LINE
8
BLACK
6
CONTINUOUS
10
0.4556192913385826
20
-0.3757485433070866
11
0.4657146850393701
21
-0.3634473228346456
0
LINE
8
BLACK
6
CONTINUOUS
10
0.4657146850393701
20
-0.3634473228346456
11
0.4710625984251968
21
-0.3562364566929134
0
LINE
8
BLACK
6
CONTINUOUS
10
0.4710625984251968
20
-0.3562364566929134
11
0.4724243307086614
21
-0.3545160236220473
0
LINE
8
BLACK
6
CONTINUOUS
10
0.4724243307086614
20
-0.3545160236220473
11
0.4744072440944882
21
-0.3517267716535433
0
LINE
8
BLACK
6
CONTINUOUS
10
0.4744072440944882
20
-0.3517267716535433
11
0.4829872440944882
21
-0.3401579921259842
0
LINE
8
BLACK
6
CONTINUOUS
10
0.4829872440944882
20
-0.3401579921259842
11
0.4885442519685039
21
-0.3318412598425197
0
LINE
8
BLACK
6
CONTINUOUS
10
0.4885442519685039
20
-0.3318412598425197
11
0.4900479921259843
21
-0.3297261417322835
0
LINE
8
BLACK
6
CONTINUOUS
10
0.4900479921259843
20
-0.3297261417322835
11
0.4918384645669291
21
-0.3269111417322835
0
LINE
8
BLACK
6
CONTINUOUS
10
0.4918384645669291
20
-0.3269111417322835
11
0.499096220472441
21
-0.3160491732283465
0
LINE
8
BLACK
6
CONTINUOUS
10
0.499096220472441
20
-0.3160491732283465
11
0.5047945669291338
21
-0.306541968503937
0
LINE
8
BLACK
6
CONTINUOUS
10
0.5047945669291338
20
-0.306541968503937
11
0.506372125984252
21
-0.3040619291338583
0
LINE
8
BLACK
6
CONTINUOUS
10
0.506372125984252
20
-0.3040619291338583
11
0.5079130314960629
21
-0.3013391732283465
0
LINE
8
BLACK
6
CONTINUOUS
10
0.5079130314960629
20
-0.3013391732283465
11
0.5140028346456693
21
-0.2911790157480315
0
LINE
8
BLACK
6
CONTINUOUS
10
0.5140028346456693
20
-0.2911790157480315
11
0.5197728346456693
21
-0.2803840551181102
0
LINE
8
BLACK
6
CONTINUOUS
10
0.5197728346456693
20
-0.2803840551181102
11
0.5213534645669291
21
-0.2775913385826771
0
LINE
8
BLACK
6
CONTINUOUS
10
0.5213534645669291
20
-0.2775913385826771
11
0.5226190157480315
21
-0.2750592125984252
0
LINE
8
BLACK
6
CONTINUOUS
10
0.5226190157480315
20
-0.2750592125984252
11
0.5276711811023622
21
-0.2656073622047244
0
LINE
8
BLACK
6
CONTINUOUS
10
0.5276711811023622
20
-0.2656073622047244
11
0.5334414960629921
21
-0.2534070472440945
0
LINE
8
BLACK
6
CONTINUOUS
10
0.5334414960629921
20
-0.2534070472440945
11
0.5349522440944882
21
-0.2503846456692913
0
LINE
8
BLACK
6
CONTINUOUS
10
0.5349522440944882
20
-0.2503846456692913
11
0.5359401181102362
21
-0.2481241338582677
0
LINE
8
BLACK
6
CONTINUOUS
10
0.5359401181102362
20
-0.2481241338582677
11
0.5400683070866141
21
-0.2393958267716535
0
LINE
8
BLACK
6
CONTINUOUS
10
0.5400683070866141
20
-0.2393958267716535
11
0.5457637795275591
21
-0.2256456299212598
0
LINE
8
BLACK
6
CONTINUOUS
10
0.5457637795275591
20
-0.2256456299212598
11
0.5471324409448819
21
-0.2225140157480315
0
LINE
8
BLACK
6
CONTINUOUS
10
0.5471324409448819
20
-0.2225140157480315
11
0.5478557874015748
21
-0.220595157480315
0
LINE
8
BLACK
6
CONTINUOUS
10
0.5478557874015748
20
-0.220595157480315
11
0.5511643700787402
21
-0.2126075590551181
0
LINE
8
BLACK
6
CONTINUOUS
10
0.5511643700787402
20
-0.2126075590551181
11
0.5567116535433071
21
-0.1971038582677165
0
LINE
8
BLACK
6
CONTINUOUS
10
0.5567116535433071
20
-0.1971038582677165
11
0.5578617322834646
21
-0.1940532677165354
0
LINE
8
BLACK
6
CONTINUOUS
10
0.5578617322834646
20
-0.1940532677165354
11
0.5583463385826771
21
-0.1925351181102362
0
LINE
8
BLACK
6
CONTINUOUS
10
0.5583463385826771
20
-0.1925351181102362
11
0.5609325984251968
21
-0.1853070866141732
0
LINE
8
BLACK
6
CONTINUOUS
10
0.5609325984251968
20
-0.1853070866141732
11
0.5662567716535433
21
-0.1677557086614173
0
LINE
8
BLACK
6
CONTINUOUS
10
0.5662567716535433
20
-0.1677557086614173
11
0.5671116535433071
21
-0.1650779527559055
0
LINE
8
BLACK
6
CONTINUOUS
10
0.5671116535433071
20
-0.1650779527559055
11
0.5673919291338583
21
-0.1640134645669291
0
LINE
8
BLACK
6
CONTINUOUS
10
0.5673919291338583
20
-0.1640134645669291
11
0.5693495275590551
21
-0.1575602362204724
0
LINE
8
BLACK
6
CONTINUOUS
10
0.5693495275590551
20
-0.1575602362204724
11
0.5743729921259842
21
-0.1375053543307087
0
LINE
8
BLACK
6
CONTINUOUS
10
0.5743729921259842
20
-0.1375053543307087
11
0.5748577559055118
21
-0.135664842519685
0
LINE
8
BLACK
6
CONTINUOUS
10
0.5748577559055118
20
-0.135664842519685
11
0.574976968503937
21
-0.1350941732283465
0
LINE
8
BLACK
6
CONTINUOUS
10
0.574976968503937
20
-0.1350941732283465
11
0.5759505511811024
21
-0.1312073622047244
0
LINE
8
BLACK
6
CONTINUOUS
10
0.5759505511811024
20
-0.1312073622047244
11
0.5763946062992126
21
-0.129434842519685
0
LINE
8
BLACK
6
CONTINUOUS
10
0.5763946062992126
20
-0.129434842519685
11
0.5763947244094488
21
-0.1294342519685039
0
LINE
8
BLACK
6
CONTINUOUS
10
0.5763947244094488
20
-0.1294342519685039
11
0.5763947244094488
21
-0.1294342125984252
0
LINE
8
BLACK
6
CONTINUOUS
10
0.5763947244094488
20
-0.1294342125984252
11
0.576394842519685
21
-0.1294337795275591
0
LINE
8
BLACK
6
CONTINUOUS
10
0.576394842519685
20
-0.1294337795275591
11
0.5810426771653543
21
-0.1060674803149606
0
LINE
8
BLACK
6
CONTINUOUS
10
0.5810426771653543
20
-0.1060674803149606
11
0.5810793700787401
21
-0.1058920078740157
0
LINE
8
BLACK
6
CONTINUOUS
10
0.5810793700787401
20
-0.1058920078740157
11
0.5810857086614173
21
-0.1058512204724409
0
LINE
8
BLACK
6
CONTINUOUS
10
0.5810857086614173
20
-0.1058512204724409
11
0.5820515748031496
21
-0.1009955118110236
0
LINE
8
BLACK
6
CONTINUOUS
10
0.5820515748031496
20
-0.1009955118110236
11
0.586306062992126
21
-0.0723139763779528
0
LINE
8
BLACK
6
CONTINUOUS
10
0.586306062992126
20
-0.0723139763779528
11
0.5891481102362205
21
-0.043458188976378
0
LINE
8
BLACK
6
CONTINUOUS
10
0.5891481102362205
20
-0.043458188976378
11
0.5905708661417323
21
-0.0144977165354331
0
LINE
8
BLACK
6
CONTINUOUS
10
0.5905708661417323
20
-0.0144977165354331
11
0.5905708661417323
21
0.0144977165354331
0
LINE
8
BLACK
6
CONTINUOUS
10
0.5905708661417323
20
0.0144977165354331
11
0.5891481102362205
21
0.043458188976378
0
LINE
8
BLACK
6
CONTINUOUS
10
0.5891481102362205
20
0.043458188976378
11
0.586306062992126
21
0.0723139763779528
0
LINE
8
BLACK
6
CONTINUOUS
10
0.586306062992126
20
0.0723139763779528
11
0.5820515748031496
21
0.1009955118110236
0
LINE
8
BLACK
6
CONTINUOUS
10
0.5820515748031496
20
0.1009955118110236
11
0.5810856692913385
21
0.1058514566929134
0
LINE
8
BLACK
6
CONTINUOUS
10
0.5810856692913385
20
0.1058514566929134
11
0.5810793700787401
21
0.1058920078740157
0
LINE
8
BLACK
6
CONTINUOUS
10
0.5810793700787401
20
0.1058920078740157
11
0.5810428740157481
21
0.1060665354330709
0
LINE
8
BLACK
6
CONTINUOUS
10
0.5810428740157481
20
0.1060665354330709
11
0.576394842519685
21
0.1294337795275591
0
LINE
8
BLACK
6
CONTINUOUS
10
0.576394842519685
20
0.1294337795275591
11
0.574977125984252
21
0.1350935826771653
0
LINE
8
BLACK
6
CONTINUOUS
10
0.574977125984252
20
0.1350935826771653
11
0.5748577559055118
21
0.135664842519685
0
LINE
8
BLACK
6
CONTINUOUS
10
0.5748577559055118
20
0.135664842519685
11
0.5743726771653543
21
0.1375067322834646
0
LINE
8
BLACK
6
CONTINUOUS
10
0.5743726771653543
20
0.1375067322834646
11
0.5693495275590551
21
0.1575602362204724
0
LINE
8
BLACK
6
CONTINUOUS
10
0.5693495275590551
20
0.1575602362204724
11
0.5673921259842519
21
0.1640128346456693
0
LINE
8
BLACK
6
CONTINUOUS
10
0.5673921259842519
20
0.1640128346456693
11
0.5671116535433071
21
0.1650779527559055
0
LINE
8
BLACK
6
CONTINUOUS
10
0.5671116535433071
20
0.1650779527559055
11
0.5662560236220472
21
0.167758031496063
0
LINE
8
BLACK
6
CONTINUOUS
10
0.5662560236220472
20
0.167758031496063
11
0.5609325984251968
21
0.1853070866141732
0
LINE
8
BLACK
6
CONTINUOUS
10
0.5609325984251968
20
0.1853070866141732
11
0.55837468503937
21
0.1924559842519685
0
LINE
8
BLACK
6
CONTINUOUS
10
0.55837468503937
20
0.1924559842519685
11
0.558346220472441
21
0.1925355905511811
0
LINE
8
BLACK
6
CONTINUOUS
10
0.558346220472441
20
0.1925355905511811
11
0.5578617322834646
21
0.1940532677165354
0
LINE
8
BLACK
6
CONTINUOUS
10
0.5578617322834646
20
0.1940532677165354
11
0.5567111023622047
21
0.1971053937007874
0
LINE
8
BLACK
6
CONTINUOUS
10
0.5567111023622047
20
0.1971053937007874
11
0.5566987007874016
21
0.1971401181102362
0
LINE
8
BLACK
6
CONTINUOUS
10
0.5566987007874016
20
0.1971401181102362
11
0.5566972440944882
21
0.1971441338582677
0
LINE
8
BLACK
6
CONTINUOUS
10
0.5566972440944882
20
0.1971441338582677
11
0.556696811023622
21
0.1971453937007874
0
LINE
8
BLACK
6
CONTINUOUS
10
0.556696811023622
20
0.1971453937007874
11
0.5511643700787402
21
0.2126075590551181
0
LINE
8
BLACK
6
CONTINUOUS
10
0.5511643700787402
20
0.2126075590551181
11
0.547856062992126
21
0.2205944881889764
0
LINE
8
BLACK
6
CONTINUOUS
10
0.547856062992126
20
0.2205944881889764
11
0.5471324409448819
21
0.2225140157480315
0
LINE
8
BLACK
6
CONTINUOUS
10
0.5471324409448819
20
0.2225140157480315
11
0.5457634645669291
21
0.2256464173228346
0
LINE
8
BLACK
6
CONTINUOUS
10
0.5457634645669291
20
0.2256464173228346
11
0.5400683070866141
21
0.2393958267716535
0
LINE
8
BLACK
6
CONTINUOUS
10
0.5400683070866141
20
0.2393958267716535
11
0.5359402362204724
21
0.248123937007874
0
LINE
8
BLACK
6
CONTINUOUS
10
0.5359402362204724
20
0.248123937007874
11
0.5349522440944882
21
0.2503846456692913
0
LINE
8
BLACK
6
CONTINUOUS
10
0.5349522440944882
20
0.2503846456692913
11
0.5334408267716535
21
0.2534084645669291
0
LINE
8
BLACK
6
CONTINUOUS
10
0.5334408267716535
20
0.2534084645669291
11
0.5276711811023622
21
0.2656073622047244
0
LINE
8
BLACK
6
CONTINUOUS
10
0.5276711811023622
20
0.2656073622047244
11
0.5226196062992126
21
0.2750581496062992
0
LINE
8
BLACK
6
CONTINUOUS
10
0.5226196062992126
20
0.2750581496062992
11
0.5213534645669291
21
0.2775913385826771
0
LINE
8
BLACK
6
CONTINUOUS
10
0.5213534645669291
20
0.2775913385826771
11
0.5197725984251969
21
0.2803845275590551
0
LINE
8
BLACK
6
CONTINUOUS
10
0.5197725984251969
20
0.2803845275590551
11
0.5140028346456693
21
0.2911790157480315
0
LINE
8
BLACK
6
CONTINUOUS
10
0.5140028346456693
20
0.2911790157480315
11
0.5140026771653543
21
0.2911792913385827
0
LINE
8
BLACK
6
CONTINUOUS
10
0.5140026771653543
20
0.2911792913385827
11
0.5140023228346456
21
0.2911799606299212
0
LINE
8
BLACK
6
CONTINUOUS
10
0.5140023228346456
20
0.2911799606299212
11
0.5101360236220472
21
0.2976303937007874
0
LINE
8
BLACK
6
CONTINUOUS
10
0.5101360236220472
20
0.2976303937007874
11
0.5079134251968503
21
0.3013385826771653
0
LINE
8
BLACK
6
CONTINUOUS
10
0.5079134251968503
20
0.3013385826771653
11
0.506372125984252
21
0.3040619291338583
0
LINE
8
BLACK
6
CONTINUOUS
10
0.506372125984252
20
0.3040619291338583
11
0.5047937007874016
21
0.3065435039370079
0
LINE
8
BLACK
6
CONTINUOUS
10
0.5047937007874016
20
0.3065435039370079
11
0.5010537401574803
21
0.3127832283464567
0
LINE
8
BLACK
6
CONTINUOUS
10
0.5010537401574803
20
0.3127832283464567
11
0.4990963779527559
21
0.316048937007874
0
LINE
8
BLACK
6
CONTINUOUS
10
0.4990963779527559
20
0.316048937007874
11
0.4990961023622047
21
0.3160493307086614
0
LINE
8
BLACK
6
CONTINUOUS
10
0.4990961023622047
20
0.3160493307086614
11
0.4918697637795276
21
0.3268643700787401
0
LINE
8
BLACK
6
CONTINUOUS
10
0.4918697637795276
20
0.3268643700787401
11
0.4918386220472441
21
0.3269109842519685
0
LINE
8
BLACK
6
CONTINUOUS
10
0.4918386220472441
20
0.3269109842519685
11
0.4900479921259843
21
0.3297261417322835
0
LINE
8
BLACK
6
CONTINUOUS
10
0.4900479921259843
20
0.3297261417322835
11
0.4885441732283464
21
0.3318414566929134
0
LINE
8
BLACK
6
CONTINUOUS
10
0.4885441732283464
20
0.3318414566929134
11
0.4885052362204724
21
0.3318997244094488
0
LINE
8
BLACK
6
CONTINUOUS
10
0.4885052362204724
20
0.3318997244094488
11
0.4877924015748031
21
0.3329665748031496
0
LINE
8
BLACK
6
CONTINUOUS
10
0.4877924015748031
20
0.3329665748031496
11
0.4829872440944882
21
0.3401579921259842
0
LINE
8
BLACK
6
CONTINUOUS
10
0.4829872440944882
20
0.3401579921259842
11
0.4744081496062992
21
0.3517255905511811
0
LINE
8
BLACK
6
CONTINUOUS
10
0.4744081496062992
20
0.3517255905511811
11
0.4724243307086614
21
0.3545160236220473
0
LINE
8
BLACK
6
CONTINUOUS
10
0.4724243307086614
20
0.3545160236220473
11
0.4710624409448819
21
0.3562366929133858
0
LINE
8
BLACK
6
CONTINUOUS
10
0.4710624409448819
20
0.3562366929133858
11
0.4657146850393701
21
0.3634473228346456
0
LINE
8
BLACK
6
CONTINUOUS
10
0.4657146850393701
20
0.3634473228346456
11
0.455648031496063
21
0.3757135433070866
0
LINE
8
BLACK
6
CONTINUOUS
10
0.455648031496063
20
0.3757135433070866
11
0.4555938582677165
21
0.3757807874015748
0
LINE
8
BLACK
6
CONTINUOUS
10
0.4555938582677165
20
0.3757807874015748
11
0.4553119291338583
21
0.3761370078740157
0
LINE
8
BLACK
6
CONTINUOUS
10
0.4553119291338583
20
0.3761370078740157
11
0.4553118897637795
21
0.3761370472440945
0
LINE
8
BLACK
6
CONTINUOUS
10
0.4553118897637795
20
0.3761370472440945
11
0.4535484251968504
21
0.3783651968503937
0
LINE
8
BLACK
6
CONTINUOUS
10
0.4535484251968504
20
0.3783651968503937
11
0.4535479133858268
21
0.3783657874015748
0
LINE
8
BLACK
6
CONTINUOUS
10
0.4535479133858268
20
0.3783657874015748
11
0.4530125984251969
21
0.3789748818897637
0
LINE
8
BLACK
6
CONTINUOUS
10
0.4530125984251969
20
0.3789748818897637
11
0.4524457874015748
21
0.3796198031496063
0
LINE
8
BLACK
6
CONTINUOUS
10
0.4524457874015748
20
0.3796198031496063
11
0.4523403149606299
21
0.3797440157480315
0
LINE
8
BLACK
6
CONTINUOUS
10
0.4523403149606299
20
0.3797440157480315
11
0.4523402755905512
21
0.3797440551181102
0
LINE
8
BLACK
6
CONTINUOUS
10
0.4523402755905512
20
0.3797440551181102
11
0.4474366929133858
21
0.3857191338582677
0
LINE
8
BLACK
6
CONTINUOUS
10
0.4474366929133858
20
0.3857191338582677
11
0.4473200393700787
21
0.3858612992125984
0
LINE
8
BLACK
6
CONTINUOUS
10
0.4473200393700787
20
0.3858612992125984
11
0.4370407086614173
21
0.397202716535433
0
LINE
8
BLACK
6
CONTINUOUS
10
0.4370407086614173
20
0.397202716535433
11
0.4354529133858268
21
0.3989546062992126
0
LINE
8
BLACK
6
CONTINUOUS
10
0.4354529133858268
20
0.3989546062992126
11
0.4334687401574803
21
0.4012122047244094
0
LINE
8
BLACK
6
CONTINUOUS
10
0.4334687401574803
20
0.4012122047244094
11
0.4325833464566929
21
0.4021206692913386
0
LINE
8
BLACK
6
CONTINUOUS
10
0.4325833464566929
20
0.4021206692913386
11
0.4325234251968504
21
0.402186811023622
0
LINE
8
BLACK
6
CONTINUOUS
10
0.4325234251968504
20
0.402186811023622
11
0.4278482677165354
21
0.4073450393700787
0
LINE
8
BLACK
6
CONTINUOUS
10
0.4278482677165354
20
0.4073450393700787
11
0.4138277559055118
21
0.4213655511811024
0
LINE
8
BLACK
6
CONTINUOUS
10
0.4138277559055118
20
0.4213655511811024
11
0.4122400787401574
21
0.4229946456692913
0
LINE
8
BLACK
6
CONTINUOUS
10
0.4122400787401574
20
0.4229946456692913
11
0.4116834645669291
21
0.423509842519685
0
LINE
8
BLACK
6
CONTINUOUS
10
0.4116834645669291
20
0.423509842519685
11
0.407345
21
0.4278483070866141
0
LINE
8
BLACK
6
CONTINUOUS
10
0.407345
20
0.4278483070866141
11
0.3905846456692914
21
0.4430389763779528
0
LINE
8
BLACK
6
CONTINUOUS
10
0.3905846456692914
20
0.4430389763779528
11
0.3905846062992126
21
0.4430390157480315
0
LINE
8
BLACK
6
CONTINUOUS
10
0.3905846062992126
20
0.4430390157480315
11
0.3905830708661417
21
0.4430403937007874
0
LINE
8
BLACK
6
CONTINUOUS
10
0.3905830708661417
20
0.4430403937007874
11
0.3905650393700787
21
0.4430567716535433
0
LINE
8
BLACK
6
CONTINUOUS
10
0.3905650393700787
20
0.4430567716535433
11
0.3899182677165354
21
0.4436553937007874
0
LINE
8
BLACK
6
CONTINUOUS
10
0.3899182677165354
20
0.4436553937007874
11
0.3897461023622047
21
0.4437990157480315
0
LINE
8
BLACK
6
CONTINUOUS
10
0.3897461023622047
20
0.4437990157480315
11
0.3896724409448819
21
0.4438657874015748
0
LINE
8
BLACK
6
CONTINUOUS
10
0.3896724409448819
20
0.4438657874015748
11
0.3896715354330709
21
0.4438665748031496
0
LINE
8
BLACK
6
CONTINUOUS
10
0.3896715354330709
20
0.4438665748031496
11
0.385861062992126
21
0.4473201968503937
0
LINE
8
BLACK
6
CONTINUOUS
10
0.385861062992126
20
0.4473201968503937
11
0.3858607086614173
21
0.4473204724409449
0
LINE
8
BLACK
6
CONTINUOUS
10
0.3858607086614173
20
0.4473204724409449
11
0.366182125984252
21
0.4634702755905512
0
LINE
8
BLACK
6
CONTINUOUS
10
0.366182125984252
20
0.4634702755905512
11
0.3634473228346456
21
0.4657146850393701
0
LINE
8
BLACK
6
CONTINUOUS
10
0.3634473228346456
20
0.4657146850393701
11
0.3401579921259842
21
0.4829872440944882
0
LINE
8
BLACK
6
CONTINUOUS
10
0.3401579921259842
20
0.4829872440944882
11
0.3160491732283465
21
0.499096220472441
0
LINE
8
BLACK
6
CONTINUOUS
10
0.3160491732283465
20
0.499096220472441
11
0.3160488582677165
21
0.4990964173228346
0
LINE
8
BLACK
6
CONTINUOUS
10
0.3160488582677165
20
0.4990964173228346
11
0.2911799212598425
21
0.5140023228346456
0
LINE
8
BLACK
6
CONTINUOUS
10
0.2911799212598425
20
0.5140023228346456
11
0.2911786614173228
21
0.514003031496063
0
LINE
8
BLACK
6
CONTINUOUS
10
0.2911786614173228
20
0.514003031496063
11
0.2656081889763779
21
0.5276707874015748
0
LINE
8
BLACK
6
CONTINUOUS
10
0.2656081889763779
20
0.5276707874015748
11
0.2656076377952756
21
0.527671062992126
0
LINE
8
BLACK
6
CONTINUOUS
10
0.2656076377952756
20
0.527671062992126
11
0.2393953149606299
21
0.5400685433070866
0
LINE
8
BLACK
6
CONTINUOUS
10
0.2393953149606299
20
0.5400685433070866
11
0.2393947244094488
21
0.5400687795275591
0
LINE
8
BLACK
6
CONTINUOUS
10
0.2393947244094488
20
0.5400687795275591
11
0.2130970472440945
21
0.5509616141732283
0
LINE
8
BLACK
6
CONTINUOUS
10
0.2130970472440945
20
0.5509616141732283
11
0.2126075590551181
21
0.5511643700787402
0
LINE
8
BLACK
6
CONTINUOUS
10
0.2126075590551181
20
0.5511643700787402
11
0.1853070866141732
21
0.5609325984251968
0
LINE
8
BLACK
6
CONTINUOUS
10
0.1853070866141732
20
0.5609325984251968
11
0.185306968503937
21
0.5609326377952756
0
LINE
8
BLACK
6
CONTINUOUS
10
0.185306968503937
20
0.5609326377952756
11
0.1853062992125984
21
0.560932874015748
0
LINE
8
BLACK
6
CONTINUOUS
10
0.1853062992125984
20
0.560932874015748
11
0.1801016535433071
21
0.5625116929133858
0
LINE
8
BLACK
6
CONTINUOUS
10
0.1801016535433071
20
0.5625116929133858
11
0.1801015748031496
21
0.5625116929133858
0
LINE
8
BLACK
6
CONTINUOUS
10
0.1801015748031496
20
0.5625116929133858
11
0.1800074409448819
21
0.5625402755905512
0
LINE
8
BLACK
6
CONTINUOUS
10
0.1800074409448819
20
0.5625402755905512
11
0.179625157480315
21
0.5626732283464567
0
LINE
8
BLACK
6
CONTINUOUS
10
0.179625157480315
20
0.5626732283464567
11
0.1782407874015748
21
0.5630762204724409
0
LINE
8
BLACK
6
CONTINUOUS
10
0.1782407874015748
20
0.5630762204724409
11
0.1782108661417323
21
0.5630852755905512
0
LINE
8
BLACK
6
CONTINUOUS
10
0.1782108661417323
20
0.5630852755905512
11
0.1575601181102362
21
0.5693495669291339
0
LINE
8
BLACK
6
CONTINUOUS
10
0.1575601181102362
20
0.5693495669291339
11
0.1514051968503937
21
0.5708913385826772
0
LINE
8
BLACK
6
CONTINUOUS
10
0.1514051968503937
20
0.5708913385826772
11
0.1514051968503937
21
0.5708913779527559
0
LINE
8
BLACK
6
CONTINUOUS
10
0.1514051968503937
20
0.5708913779527559
11
0.1513132677165354
21
0.5709144094488189
0
LINE
8
BLACK
6
CONTINUOUS
10
0.1513132677165354
20
0.5709144094488189
11
0.1504212598425197
21
0.5711740551181103
0
LINE
8
BLACK
6
CONTINUOUS
10
0.1504212598425197
20
0.5711740551181103
11
0.1479198031496063
21
0.5717644094488189
0
LINE
8
BLACK
6
CONTINUOUS
10
0.1479198031496063
20
0.5717644094488189
11
0.1478859448818897
21
0.5717728740157481
0
LINE
8
BLACK
6
CONTINUOUS
10
0.1478859448818897
20
0.5717728740157481
11
0.1478833858267717
21
0.5717734645669291
0
LINE
8
BLACK
6
CONTINUOUS
10
0.1478833858267717
20
0.5717734645669291
11
0.129433937007874
21
0.5763948031496063
0
LINE
8
BLACK
6
CONTINUOUS
10
0.129433937007874
20
0.5763948031496063
11
0.1294338976377953
21
0.576394842519685
0
LINE
8
BLACK
6
CONTINUOUS
10
0.1294338976377953
20
0.576394842519685
11
0.1294337795275591
21
0.576394842519685
0
LINE
8
BLACK
6
CONTINUOUS
10
0.1294337795275591
20
0.576394842519685
11
0.128572874015748
21
0.5765661023622047
0
LINE
8
BLACK
6
CONTINUOUS
10
0.128572874015748
20
0.5765661023622047
11
0.1222974409448819
21
0.5778144094488189
0
LINE
8
BLACK
6
CONTINUOUS
10
0.1222974409448819
20
0.5778144094488189
11
0.1222974409448819
21
0.5778143700787401
0
LINE
8
BLACK
6
CONTINUOUS
10
0.1222974409448819
20
0.5778143700787401
11
0.1222122440944882
21
0.5778313385826771
0
LINE
8
BLACK
6
CONTINUOUS
10
0.1222122440944882
20
0.5778313385826771
11
0.1208185039370079
21
0.5781602362204724
0
LINE
8
BLACK
6
CONTINUOUS
10
0.1208185039370079
20
0.5781602362204724
11
0.1177177165354331
21
0.57872531496063
0
LINE
8
BLACK
6
CONTINUOUS
10
0.1177177165354331
20
0.57872531496063
11
0.1176788188976378
21
0.5787330708661417
0
LINE
8
BLACK
6
CONTINUOUS
10
0.1176788188976378
20
0.5787330708661417
11
0.1176787401574803
21
0.5787331102362204
0
LINE
8
BLACK
6
CONTINUOUS
10
0.1176787401574803
20
0.5787331102362204
11
0.1009954724409449
21
0.5820516141732284
0
LINE
8
BLACK
6
CONTINUOUS
10
0.1009954724409449
20
0.5820516141732284
11
0.0928462204724409
21
0.5832604330708662
0
LINE
8
BLACK
6
CONTINUOUS
10
0.0928462204724409
20
0.5832604330708662
11
0.0928462204724409
21
0.5832604724409449
0
LINE
8
BLACK
6
CONTINUOUS
10
0.0928462204724409
20
0.5832604724409449
11
0.0927646850393701
21
0.5832725984251969
0
LINE
8
BLACK
6
CONTINUOUS
10
0.0927646850393701
20
0.5832725984251969
11
0.0908953149606299
21
0.5836132283464567
0
LINE
8
BLACK
6
CONTINUOUS
10
0.0908953149606299
20
0.5836132283464567
11
0.0875333070866142
21
0.5840485433070866
0
LINE
8
BLACK
6
CONTINUOUS
10
0.0875333070866142
20
0.5840485433070866
11
0.0874876771653543
21
0.5840552755905511
0
LINE
8
BLACK
6
CONTINUOUS
10
0.0874876771653543
20
0.5840552755905511
11
0.0786732283464567
21
0.5853627952755905
0
LINE
8
BLACK
6
CONTINUOUS
10
0.0786732283464567
20
0.5853627952755905
11
0.0723139763779528
21
0.586306062992126
0
LINE
8
BLACK
6
CONTINUOUS
10
0.0723139763779528
20
0.586306062992126
11
0.0723138188976378
21
0.5863061023622047
0
LINE
8
BLACK
6
CONTINUOUS
10
0.0723138188976378
20
0.5863061023622047
11
0.0723136614173228
21
0.5863061023622047
0
LINE
8
BLACK
6
CONTINUOUS
10
0.0723136614173228
20
0.5863061023622047
11
0.0631205118110236
21
0.5872115748031496
0
LINE
8
BLACK
6
CONTINUOUS
10
0.0631205118110236
20
0.5872115748031496
11
0.0631205118110236
21
0.5872116141732283
0
LINE
8
BLACK
6
CONTINUOUS
10
0.0631205118110236
20
0.5872116141732283
11
0.0630435826771654
21
0.5872192125984251
0
LINE
8
BLACK
6
CONTINUOUS
10
0.0630435826771654
20
0.5872192125984251
11
0.0607311417322835
21
0.5875185826771654
0
LINE
8
BLACK
6
CONTINUOUS
10
0.0607311417322835
20
0.5875185826771654
11
0.0573325590551181
21
0.5877816929133858
0
LINE
8
BLACK
6
CONTINUOUS
10
0.0573325590551181
20
0.5877816929133858
11
0.0572794488188976
21
0.5877868897637795
0
LINE
8
BLACK
6
CONTINUOUS
10
0.0572794488188976
20
0.5877868897637795
11
0.0434583464566929
21
0.5891481102362205
0
LINE
8
BLACK
6
CONTINUOUS
10
0.0434583464566929
20
0.5891481102362205
11
0.0331838582677165
21
0.5896529133858267
0
LINE
8
BLACK
6
CONTINUOUS
10
0.0331838582677165
20
0.5896529133858267
11
0.0331838582677165
21
0.5896529527559055
0
LINE
8
BLACK
6
CONTINUOUS
10
0.0331838582677165
20
0.5896529527559055
11
0.0331129527559055
21
0.5896564566929133
0
LINE
8
BLACK
6
CONTINUOUS
10
0.0331129527559055
20
0.5896564566929133
11
0.0304058661417323
21
0.5898659842519685
0
LINE
8
BLACK
6
CONTINUOUS
10
0.0304058661417323
20
0.5898659842519685
11
0.0271283464566929
21
0.5899504330708661
0
LINE
8
BLACK
6
CONTINUOUS
10
0.0271283464566929
20
0.5899504330708661
11
0.0270699212598425
21
0.5899532677165354
0
LINE
8
BLACK
6
CONTINUOUS
10
0.0270699212598425
20
0.5899532677165354
11
0.0193767716535433
21
0.5903311811023622
0
LINE
8
BLACK
6
CONTINUOUS
10
0.0193767716535433
20
0.5903311811023622
11
0.0144977165354331
21
0.5905708661417323
0
LINE
8
BLACK
6
CONTINUOUS
10
0.0144977165354331
20
0.5905708661417323
11
0.0030373622047244
21
0.5905708661417323
0
LINE
8
BLACK
6
CONTINUOUS
10
0.0030373622047244
20
0.5905708661417323
11
0.
21
0.5906490944881889
0
LINE
8
BLACK
6
CONTINUOUS
10
0.
20
0.5906490944881889
11
-0.0030373622047244
21
0.5905708661417323
0
LINE
8
BLACK
6
CONTINUOUS
10
-1.2165551181102361
20
0.9417694488188976
11
-1.2149439763779528
21
0.9357565748031496
0
LINE
8
BLACK
6
CONTINUOUS
10
-1.2149439763779528
20
0.9357565748031496
11
-1.2149438582677166
21
0.9357562992125984
0
LINE
8
BLACK
6
CONTINUOUS
10
-1.2149438582677166
20
0.9357562992125984
11
-1.2118316929133859
21
0.9303657874015748
0
LINE
8
BLACK
6
CONTINUOUS
10
-1.2118316929133859
20
0.9303657874015748
11
-1.2118315354330709
21
0.9303655905511811
0
LINE
8
BLACK
6
CONTINUOUS
10
-1.2118315354330709
20
0.9303655905511811
11
-1.2118314960629921
21
0.9303655118110236
0
LINE
8
BLACK
6
CONTINUOUS
10
-1.2118314960629921
20
0.9303655118110236
11
-1.2074297637795275
21
0.925963779527559
0
LINE
8
BLACK
6
CONTINUOUS
10
-1.2074297637795275
20
0.925963779527559
11
-1.20742968503937
21
0.9259637401574803
0
LINE
8
BLACK
6
CONTINUOUS
10
-1.20742968503937
20
0.9259637401574803
11
-1.2074295275590552
21
0.925963622047244
0
LINE
8
BLACK
6
CONTINUOUS
10
-1.2074295275590552
20
0.925963622047244
11
-1.2020390157480314
21
0.9228514566929134
0
LINE
8
BLACK
6
CONTINUOUS
10
-1.2020390157480314
20
0.9228514566929134
11
-1.2020387401574804
21
0.9228512992125985
0
LINE
8
BLACK
6
CONTINUOUS
10
-1.2020387401574804
20
0.9228512992125985
11
-1.1960258661417322
21
0.921240157480315
0
LINE
8
BLACK
6
CONTINUOUS
10
-1.1960258661417322
20
0.921240157480315
11
-1.1960257874015747
21
0.921240157480315
0
LINE
8
BLACK
6
CONTINUOUS
10
-1.1960257874015747
20
0.921240157480315
11
-1.1898009842519686
21
0.921240157480315
0
LINE
8
BLACK
6
CONTINUOUS
10
-1.1898009842519686
20
0.921240157480315
11
-1.1898009055118111
21
0.921240157480315
0
LINE
8
BLACK
6
CONTINUOUS
10
-1.1898009055118111
20
0.921240157480315
11
-1.1837880314960629
21
0.9228512992125985
0
LINE
8
BLACK
6
CONTINUOUS
10
-1.1837880314960629
20
0.9228512992125985
11
-1.1783970078740158
21
0.925963779527559
0
LINE
8
BLACK
6
CONTINUOUS
10
-1.1783970078740158
20
0.925963779527559
11
-1.1747079921259842
21
0.9296527952755905
0
LINE
8
BLACK
6
CONTINUOUS
10
-1.1747079921259842
20
0.9296527952755905
11
-1.1722937007874015
21
0.9309711023622047
0
LINE
8
BLACK
6
CONTINUOUS
10
-1.1722937007874015
20
0.9309711023622047
11
-1.1712559842519685
21
0.9310826771653543
0
LINE
8
BLACK
6
CONTINUOUS
10
-1.1712559842519685
20
0.9310826771653543
11
-1.1476416535433072
21
0.9310826771653543
0
LINE
8
BLACK
6
CONTINUOUS
10
-1.1476416535433072
20
0.9310826771653543
11
-1.1450023228346455
21
0.9303076771653543
0
LINE
8
BLACK
6
CONTINUOUS
10
-1.1450023228346455
20
0.9303076771653543
11
-1.1441896456692913
21
0.9296527952755905
0
LINE
8
BLACK
6
CONTINUOUS
10
-1.1441896456692913
20
0.9296527952755905
11
-1.1405006299212599
21
0.925963779527559
0
LINE
8
BLACK
6
CONTINUOUS
10
-1.1405006299212599
20
0.925963779527559
11
-1.1405005511811024
21
0.9259637401574803
0
LINE
8
BLACK
6
CONTINUOUS
10
-1.1405005511811024
20
0.9259637401574803
11
-1.1405003937007874
21
0.925963622047244
0
LINE
8
BLACK
6
CONTINUOUS
10
-1.1405003937007874
20
0.925963622047244
11
-1.1351098818897638
21
0.9228514566929134
0
LINE
8
BLACK
6
CONTINUOUS
10
-1.1351098818897638
20
0.9228514566929134
11
-1.1351096062992125
21
0.9228512992125985
0
LINE
8
BLACK
6
CONTINUOUS
10
-1.1351096062992125
20
0.9228512992125985
11
-1.1290967322834646
21
0.921240157480315
0
LINE
8
BLACK
6
CONTINUOUS
10
-1.1290967322834646
20
0.921240157480315
11
-1.1290966535433071
21
0.921240157480315
0
LINE
8
BLACK
6
CONTINUOUS
10
-1.1290966535433071
20
0.921240157480315
11
-1.1228718503937007
21
0.921240157480315
0
LINE
8
BLACK
6
CONTINUOUS
10
-1.1228718503937007
20
0.921240157480315
11
-1.1228717716535432
21
0.921240157480315
0
LINE
8
BLACK
6
CONTINUOUS
10
-1.1228717716535432
20
0.921240157480315
11
-1.1168588976377953
21
0.9228512992125985
0
LINE
8
BLACK
6
CONTINUOUS
10
-1.1168588976377953
20
0.9228512992125985
11
-1.111467874015748
21
0.925963779527559
0
LINE
8
BLACK
6
CONTINUOUS
10
-1.111467874015748
20
0.925963779527559
11
-1.1070661417322833
21
0.9303655118110236
0
LINE
8
BLACK
6
CONTINUOUS
10
-1.1070661417322833
20
0.9303655118110236
11
-1.1039536614173229
21
0.9357565354330708
0
LINE
8
BLACK
6
CONTINUOUS
10
-1.1039536614173229
20
0.9357565354330708
11
-1.1023425196850394
21
0.9417694094488189
0
LINE
8
BLACK
6
CONTINUOUS
10
-1.1023425196850394
20
0.9417694094488189
11
-1.1023425196850394
21
0.9479943700787401
0
LINE
8
BLACK
6
CONTINUOUS
10
-1.1023425196850394
20
0.9479943700787401
11
-1.1039536614173229
21
0.9540072440944881
0
LINE
8
BLACK
6
CONTINUOUS
10
-1.1039536614173229
20
0.9540072440944881
11
-1.1039538188976377
21
0.9540075196850394
0
LINE
8
BLACK
6
CONTINUOUS
10
-1.1039538188976377
20
0.9540075196850394
11
-1.1070659842519686
21
0.959398031496063
0
LINE
8
BLACK
6
CONTINUOUS
10
-1.1070659842519686
20
0.959398031496063
11
-1.1070662204724409
21
0.9593983464566929
0
LINE
8
BLACK
6
CONTINUOUS
10
-1.1070662204724409
20
0.9593983464566929
11
-1.1114678346456692
21
0.9637999606299212
0
LINE
8
BLACK
6
CONTINUOUS
10
-1.1114678346456692
20
0.9637999606299212
11
-1.1114681496062992
21
0.9638001968503936
0
LINE
8
BLACK
6
CONTINUOUS
10
-1.1114681496062992
20
0.9638001968503936
11
-1.1168586614173228
21
0.9669123622047244
0
LINE
8
BLACK
6
CONTINUOUS
10
-1.1168586614173228
20
0.9669123622047244
11
-1.1168588188976378
21
0.9669124409448818
0
LINE
8
BLACK
6
CONTINUOUS
10
-1.1168588188976378
20
0.9669124409448818
11
-1.1168588976377953
21
0.9669124803149606
0
LINE
8
BLACK
6
CONTINUOUS
10
-1.1168588976377953
20
0.9669124803149606
11
-1.1228717716535432
21
0.9685236220472441
0
LINE
8
BLACK
6
CONTINUOUS
10
-1.1228717716535432
20
0.9685236220472441
11
-1.1290967322834646
21
0.9685236220472441
0
LINE
8
BLACK
6
CONTINUOUS
10
-1.1290967322834646
20
0.9685236220472441
11
-1.1351096062992125
21
0.9669124803149606
0
LINE
8
BLACK
6
CONTINUOUS
10
-1.1351096062992125
20
0.9669124803149606
11
-1.1351098818897638
21
0.9669123622047244
0
LINE
8
BLACK
6
CONTINUOUS
10
-1.1351098818897638
20
0.9669123622047244
11
-1.1405003937007874
21
0.9638001968503936
0
LINE
8
BLACK
6
CONTINUOUS
10
-1.1405003937007874
20
0.9638001968503936
11
-1.1405007086614174
21
0.9637999606299212
0
LINE
8
BLACK
6
CONTINUOUS
10
-1.1405007086614174
20
0.9637999606299212
11
-1.1441896456692913
21
0.9601109842519685
0
LINE
8
BLACK
6
CONTINUOUS
10
-1.1441896456692913
20
0.9601109842519685
11
-1.146603937007874
21
0.9587926771653543
0
LINE
8
BLACK
6
CONTINUOUS
10
-1.146603937007874
20
0.9587926771653543
11
-1.1476416535433072
21
0.9586811023622047
0
LINE
8
BLACK
6
CONTINUOUS
10
-1.1476416535433072
20
0.9586811023622047
11
-1.1712559842519685
21
0.9586811023622047
0
LINE
8
BLACK
6
CONTINUOUS
10
-1.1712559842519685
20
0.9586811023622047
11
-1.1738953149606299
21
0.9594561023622047
0
LINE
8
BLACK
6
CONTINUOUS
10
-1.1738953149606299
20
0.9594561023622047
11
-1.1747079921259842
21
0.9601109842519685
0
LINE
8
BLACK
6
CONTINUOUS
10
-1.1747079921259842
20
0.9601109842519685
11
-1.178396968503937
21
0.9637999606299212
0
LINE
8
BLACK
6
CONTINUOUS
10
-1.178396968503937
20
0.9637999606299212
11
-1.1783972834645668
21
0.9638001968503936
0
LINE
8
BLACK
6
CONTINUOUS
10
-1.1783972834645668
20
0.9638001968503936
11
-1.1837877952755904
21
0.9669123622047244
0
LINE
8
BLACK
6
CONTINUOUS
10
-1.1837877952755904
20
0.9669123622047244
11
-1.1837879527559054
21
0.9669124409448818
0
LINE
8
BLACK
6
CONTINUOUS
10
-1.1837879527559054
20
0.9669124409448818
11
-1.1837880314960629
21
0.9669124803149606
0
LINE
8
BLACK
6
CONTINUOUS
10
-1.1837880314960629
20
0.9669124803149606
11
-1.1898009055118111
21
0.9685236220472441
0
LINE
8
BLACK
6
CONTINUOUS
10
-1.1898009055118111
20
0.9685236220472441
11
-1.1960258661417322
21
0.9685236220472441
0
LINE
8
BLACK
6
CONTINUOUS
10
-1.1960258661417322
20
0.9685236220472441
11
-1.2020387401574804
21
0.9669124803149606
0
LINE
8
BLACK
6
CONTINUOUS
10
-1.2020387401574804
20
0.9669124803149606
11
-1.2020390157480314
21
0.9669123622047244
0
LINE
8
BLACK
6
CONTINUOUS
10
-1.2020390157480314
20
0.9669123622047244
11
-1.2074295275590552
21
0.9638001968503936
0
LINE
8
BLACK
6
CONTINUOUS
10
-1.2074295275590552
20
0.9638001968503936
11
-1.207429842519685
21
0.9637999606299212
0
LINE
8
BLACK
6
CONTINUOUS
10
-1.207429842519685
20
0.9637999606299212
11
-1.2118314566929134
21
0.9593983464566929
0
LINE
8
BLACK
6
CONTINUOUS
10
-1.2118314566929134
20
0.9593983464566929
11
-1.2118316929133859
21
0.959398031496063
0
LINE
8
BLACK
6
CONTINUOUS
10
-1.2118316929133859
20
0.959398031496063
11
-1.2149438582677166
21
0.9540075196850394
0
LINE
8
BLACK
6
CONTINUOUS
10
-1.2149438582677166
20
0.9540075196850394
11
-1.2149439763779528
21
0.9540072440944881
0
LINE
8
BLACK
6
CONTINUOUS
10
-1.2149439763779528
20
0.9540072440944881
11
-1.2165551181102361
21
0.9479943700787401
0
LINE
8
BLACK
6
CONTINUOUS
10
-1.2165551181102361
20
0.9479943700787401
11
-1.2165551181102361
21
0.9417694488188976
0
LINE
8
BLACK
6
CONTINUOUS
10
-1.1575
20
1.3787773228346456
11
-1.1558888582677165
21
1.3727644488188977
0
LINE
8
BLACK
6
CONTINUOUS
10
-1.1558888582677165
20
1.3727644488188977
11
-1.1558887401574802
21
1.3727641732283464
0
LINE
8
BLACK
6
CONTINUOUS
10
-1.1558887401574802
20
1.3727641732283464
11
-1.1527765748031495
21
1.3673736614173229
0
LINE
8
BLACK
6
CONTINUOUS
10
-1.1527765748031495
20
1.3673736614173229
11
-1.1527764173228345
21
1.3673734645669291
0
LINE
8
BLACK
6
CONTINUOUS
10
-1.1527764173228345
20
1.3673734645669291
11
-1.1527763779527558
21
1.3673733858267716
0
LINE
8
BLACK
6
CONTINUOUS
10
-1.1527763779527558
20
1.3673733858267716
11
-1.1483746456692914
21
1.362971653543307
0
LINE
8
BLACK
6
CONTINUOUS
10
-1.1483746456692914
20
1.362971653543307
11
-1.1483745669291339
21
1.3629716141732282
0
LINE
8
BLACK
6
CONTINUOUS
10
-1.1483745669291339
20
1.3629716141732282
11
-1.1483744094488189
21
1.3629714960629922
0
LINE
8
BLACK
6
CONTINUOUS
10
-1.1483744094488189
20
1.3629714960629922
11
-1.1429838976377953
21
1.3598593307086615
0
LINE
8
BLACK
6
CONTINUOUS
10
-1.1429838976377953
20
1.3598593307086615
11
-1.142983622047244
21
1.3598591732283465
0
LINE
8
BLACK
6
CONTINUOUS
10
-1.142983622047244
20
1.3598591732283465
11
-1.1369707480314961
21
1.358248031496063
0
LINE
8
BLACK
6
CONTINUOUS
10
-1.1369707480314961
20
1.358248031496063
11
-1.1369706692913386
21
1.358248031496063
0
LINE
8
BLACK
6
CONTINUOUS
10
-1.1369706692913386
20
1.358248031496063
11
-1.1307458661417322
21
1.358248031496063
0
LINE
8
BLACK
6
CONTINUOUS
10
-1.1307458661417322
20
1.358248031496063
11
-1.1307457874015747
21
1.358248031496063
0
LINE
8
BLACK
6
CONTINUOUS
10
-1.1307457874015747
20
1.358248031496063
11
-1.1247329133858268
21
1.3598591732283465
0
LINE
8
BLACK
6
CONTINUOUS
10
-1.1247329133858268
20
1.3598591732283465
11
-1.1193418897637795
21
1.362971653543307
0
LINE
8
BLACK
6
CONTINUOUS
10
-1.1193418897637795
20
1.362971653543307
11
-1.1156528740157481
21
1.3666606692913386
0
LINE
8
BLACK
6
CONTINUOUS
10
-1.1156528740157481
20
1.3666606692913386
11
-1.1132385826771654
21
1.3679789763779526
0
LINE
8
BLACK
6
CONTINUOUS
10
-1.1132385826771654
20
1.3679789763779526
11
-1.1122008661417322
21
1.3680905511811023
0
LINE
8
BLACK
6
CONTINUOUS
10
-1.1122008661417322
20
1.3680905511811023
11
-0.8415157480314961
21
1.3680905511811023
0
LINE
8
BLACK
6
CONTINUOUS
10
-0.8415157480314961
20
1.3680905511811023
11
-0.8388764173228346
21
1.3673155511811024
0
LINE
8
BLACK
6
CONTINUOUS
10
-0.8388764173228346
20
1.3673155511811024
11
-0.8370750393700788
21
1.3652366535433071
0
LINE
8
BLACK
6
CONTINUOUS
10
-0.8370750393700788
20
1.3652366535433071
11
-0.8366338582677165
21
1.3632086614173229
0
LINE
8
BLACK
6
CONTINUOUS
10
-0.8366338582677165
20
1.3632086614173229
11
-0.8366338582677165
21
1.0019723622047243
0
LINE
8
BLACK
6
CONTINUOUS
10
-0.8366338582677165
20
1.0019723622047243
11
-0.8374088582677165
21
0.999333031496063
0
LINE
8
BLACK
6
CONTINUOUS
10
-0.8374088582677165
20
0.999333031496063
11
-0.8380637401574803
21
0.9985203543307086
0
LINE
8
BLACK
6
CONTINUOUS
10
-0.8380637401574803
20
0.9985203543307086
11
-0.8424614173228346
21
0.994122716535433
0
LINE
8
BLACK
6
CONTINUOUS
10
-0.8424614173228346
20
0.994122716535433
11
-0.842461653543307
21
0.9941224015748031
0
LINE
8
BLACK
6
CONTINUOUS
10
-0.842461653543307
20
0.9941224015748031
11
-0.8455738188976378
21
0.9887318897637795
0
LINE
8
BLACK
6
CONTINUOUS
10
-0.8455738188976378
20
0.9887318897637795
11
-0.845573937007874
21
0.9887316141732283
0
LINE
8
BLACK
6
CONTINUOUS
10
-0.845573937007874
20
0.9887316141732283
11
-0.8471850787401575
21
0.9827187401574803
0
LINE
8
BLACK
6
CONTINUOUS
10
-0.8471850787401575
20
0.9827187401574803
11
-0.8471850787401575
21
0.9764938188976378
0
LINE
8
BLACK
6
CONTINUOUS
10
-0.8471850787401575
20
0.9764938188976378
11
-0.845573937007874
21
0.9704809448818897
0
LINE
8
BLACK
6
CONTINUOUS
10
-0.845573937007874
20
0.9704809448818897
11
-0.8455738188976378
21
0.9704806692913386
0
LINE
8
BLACK
6
CONTINUOUS
10
-0.8455738188976378
20
0.9704806692913386
11
-0.842461653543307
21
0.9650901574803149
0
LINE
8
BLACK
6
CONTINUOUS
10
-0.842461653543307
20
0.9650901574803149
11
-0.8424614960629921
21
0.9650899606299213
0
LINE
8
BLACK
6
CONTINUOUS
10
-0.8424614960629921
20
0.9650899606299213
11
-0.8424614566929134
21
0.9650898818897637
0
LINE
8
BLACK
6
CONTINUOUS
10
-0.8424614566929134
20
0.9650898818897637
11
-0.8380597244094488
21
0.9606881496062992
0
LINE
8
BLACK
6
CONTINUOUS
10
-0.8380597244094488
20
0.9606881496062992
11
-0.8380596456692914
21
0.9606881102362205
0
LINE
8
BLACK
6
CONTINUOUS
10
-0.8380596456692914
20
0.9606881102362205
11
-0.8380594881889764
21
0.9606879921259842
0
LINE
8
BLACK
6
CONTINUOUS
10
-0.8380594881889764
20
0.9606879921259842
11
-0.8358251574803149
21
0.959398031496063
0
LINE
8
BLACK
6
CONTINUOUS
10
-0.8358251574803149
20
0.959398031496063
11
-0.8326687007874015
21
0.9575756692913385
0
LINE
8
BLACK
6
CONTINUOUS
10
-0.8326687007874015
20
0.9575756692913385
11
-0.8266558267716535
21
0.9559645275590551
0
LINE
8
BLACK
6
CONTINUOUS
10
-0.8266558267716535
20
0.9559645275590551
11
-0.826655748031496
21
0.9559645275590551
0
LINE
8
BLACK
6
CONTINUOUS
10
-0.826655748031496
20
0.9559645275590551
11
-0.8204309448818897
21
0.9559645275590551
0
LINE
8
BLACK
6
CONTINUOUS
10
-0.8204309448818897
20
0.9559645275590551
11
-0.8204308661417322
21
0.9559645275590551
0
LINE
8
BLACK
6
CONTINUOUS
10
-0.8204308661417322
20
0.9559645275590551
11
-0.8144179921259842
21
0.9575756692913385
0
LINE
8
BLACK
6
CONTINUOUS
10
-0.8144179921259842
20
0.9575756692913385
11
-0.809026968503937
21
0.9606881496062992
0
LINE
8
BLACK
6
CONTINUOUS
10
-0.809026968503937
20
0.9606881496062992
11
-0.8046252362204724
21
0.9650898818897637
0
LINE
8
BLACK
6
CONTINUOUS
10
-0.8046252362204724
20
0.9650898818897637
11
-0.8015127559055117
21
0.970480905511811
0
LINE
8
BLACK
6
CONTINUOUS
10
-0.8015127559055117
20
0.970480905511811
11
-0.7999016141732284
21
0.976493779527559
0
LINE
8
BLACK
6
CONTINUOUS
10
-0.7999016141732284
20
0.976493779527559
11
-0.7999016141732284
21
0.9827187401574803
0
LINE
8
BLACK
6
CONTINUOUS
10
-0.7999016141732284
20
0.9827187401574803
11
-0.8015127559055117
21
0.9887316141732283
0
LINE
8
BLACK
6
CONTINUOUS
10
-0.8015127559055117
20
0.9887316141732283
11
-0.8015129133858268
21
0.9887318897637795
0
LINE
8
BLACK
6
CONTINUOUS
10
-0.8015129133858268
20
0.9887318897637795
11
-0.8046250787401574
21
0.9941224015748031
0
LINE
8
BLACK
6
CONTINUOUS
10
-0.8046250787401574
20
0.9941224015748031
11
-0.8046251968503937
21
0.994122559055118
0
LINE
8
BLACK
6
CONTINUOUS
10
-0.8046251968503937
20
0.994122559055118
11
-0.8046252362204724
21
0.9941226377952755
0
LINE
8
BLACK
6
CONTINUOUS
10
-0.8046252362204724
20
0.9941226377952755
11
-0.8076055905511811
21
0.9971029921259842
0
LINE
8
BLACK
6
CONTINUOUS
10
-0.8076055905511811
20
0.9971029921259842
11
-0.8089238582677165
21
0.9995173228346457
0
LINE
8
BLACK
6
CONTINUOUS
10
-0.8089238582677165
20
0.9995173228346457
11
-0.8090354330708661
21
1.0005550000000001
0
LINE
8
BLACK
6
CONTINUOUS
10
-0.8090354330708661
20
1.0005550000000001
11
-0.8090354330708661
21
1.3632086614173229
0
LINE
8
BLACK
6
CONTINUOUS
10
-0.8090354330708661
20
1.3632086614173229
11
-0.8082604330708661
21
1.3658479921259843
0
LINE
8
BLACK
6
CONTINUOUS
10
-0.8082604330708661
20
1.3658479921259843
11
-0.8061815354330708
21
1.3676493700787402
0
LINE
8
BLACK
6
CONTINUOUS
10
-0.8061815354330708
20
1.3676493700787402
11
-0.8041535433070865
21
1.3680905511811023
0
LINE
8
BLACK
6
CONTINUOUS
10
-0.8041535433070865
20
1.3680905511811023
11
-0.6438526771653543
21
1.3680905511811023
0
LINE
8
BLACK
6
CONTINUOUS
10
-0.6438526771653543
20
1.3680905511811023
11
-0.6438525984251968
21
1.3680905511811023
0
LINE
8
BLACK
6
CONTINUOUS
10
-0.6438525984251968
20
1.3680905511811023
11
-0.6403429921259842
21
1.3690309448818898
0
LINE
8
BLACK
6
CONTINUOUS
10
-0.6403429921259842
20
1.3690309448818898
11
-0.6399247244094488
21
1.3692724409448818
0
LINE
8
BLACK
6
CONTINUOUS
10
-0.6399247244094488
20
1.3692724409448818
11
-0.6371963779527559
21
1.3708476377952756
0
LINE
8
BLACK
6
CONTINUOUS
10
-0.6371963779527559
20
1.3708476377952756
11
-0.619729842519685
21
1.3883142519685039
0
LINE
8
BLACK
6
CONTINUOUS
10
-0.619729842519685
20
1.3883142519685039
11
-0.6173155511811024
21
1.3896325196850394
0
LINE
8
BLACK
6
CONTINUOUS
10
-0.6173155511811024
20
1.3896325196850394
11
-0.6162778346456693
21
1.3897440944881889
0
LINE
8
BLACK
6
CONTINUOUS
10
-0.6162778346456693
20
1.3897440944881889
11
-0.6110608267716535
21
1.3897440944881889
0
LINE
8
BLACK
6
CONTINUOUS
10
-0.6110608267716535
20
1.3897440944881889
11
-0.611060748031496
21
1.3897440944881889
0
LINE
8
BLACK
6
CONTINUOUS
10
-0.611060748031496
20
1.3897440944881889
11
-0.605047874015748
21
1.3913552362204724
0
LINE
8
BLACK
6
CONTINUOUS
10
-0.605047874015748
20
1.3913552362204724
11
-0.5996568503937008
21
1.3944677165354331
0
LINE
8
BLACK
6
CONTINUOUS
10
-0.5996568503937008
20
1.3944677165354331
11
-0.5952551181102362
21
1.3988694488188975
0
LINE
8
BLACK
6
CONTINUOUS
10
-0.5952551181102362
20
1.3988694488188975
11
-0.5921426377952755
21
1.4042604724409449
0
LINE
8
BLACK
6
CONTINUOUS
10
-0.5921426377952755
20
1.4042604724409449
11
-0.5905314960629922
21
1.4102733464566928
0
LINE
8
BLACK
6
CONTINUOUS
10
-0.5905314960629922
20
1.4102733464566928
11
-0.5905314960629922
21
1.4164983070866142
0
LINE
8
BLACK
6
CONTINUOUS
10
-0.5905314960629922
20
1.4164983070866142
11
-0.5921426377952755
21
1.4225111811023621
0
LINE
8
BLACK
6
CONTINUOUS
10
-0.5921426377952755
20
1.4225111811023621
11
-0.5921427952755905
21
1.4225114566929133
0
LINE
8
BLACK
6
CONTINUOUS
10
-0.5921427952755905
20
1.4225114566929133
11
-0.5952549606299212
21
1.4279019685039369
0
LINE
8
BLACK
6
CONTINUOUS
10
-0.5952549606299212
20
1.4279019685039369
11
-0.5952551968503937
21
1.4279022834645669
0
LINE
8
BLACK
6
CONTINUOUS
10
-0.5952551968503937
20
1.4279022834645669
11
-0.599656811023622
21
1.4323038976377953
0
LINE
8
BLACK
6
CONTINUOUS
10
-0.599656811023622
20
1.4323038976377953
11
-0.5996571259842519
21
1.4323041338582676
0
LINE
8
BLACK
6
CONTINUOUS
10
-0.5996571259842519
20
1.4323041338582676
11
-0.6050476377952756
21
1.4354162992125985
0
LINE
8
BLACK
6
CONTINUOUS
10
-0.6050476377952756
20
1.4354162992125985
11
-0.6050477952755905
21
1.4354163779527558
0
LINE
8
BLACK
6
CONTINUOUS
10
-0.6050477952755905
20
1.4354163779527558
11
-0.605047874015748
21
1.4354164173228345
0
LINE
8
BLACK
6
CONTINUOUS
10
-0.605047874015748
20
1.4354164173228345
11
-0.611060748031496
21
1.437027559055118
0
LINE
8
BLACK
6
CONTINUOUS
10
-0.611060748031496
20
1.437027559055118
11
-0.6172857086614173
21
1.437027559055118
0
LINE
8
BLACK
6
CONTINUOUS
10
-0.6172857086614173
20
1.437027559055118
11
-0.6232985826771653
21
1.4354164173228345
0
LINE
8
BLACK
6
CONTINUOUS
10
-0.6232985826771653
20
1.4354164173228345
11
-0.6232988582677165
21
1.4354162992125985
0
LINE
8
BLACK
6
CONTINUOUS
10
-0.6232988582677165
20
1.4354162992125985
11
-0.6286893700787402
21
1.4323041338582676
0
LINE
8
BLACK
6
CONTINUOUS
10
-0.6286893700787402
20
1.4323041338582676
11
-0.6286896850393701
21
1.4323038976377953
0
LINE
8
BLACK
6
CONTINUOUS
10
-0.6286896850393701
20
1.4323038976377953
11
-0.6330912992125984
21
1.4279022834645669
0
LINE
8
BLACK
6
CONTINUOUS
10
-0.6330912992125984
20
1.4279022834645669
11
-0.6330915354330708
21
1.4279019685039369
0
LINE
8
BLACK
6
CONTINUOUS
10
-0.6330915354330708
20
1.4279019685039369
11
-0.6362037007874015
21
1.4225114566929133
0
LINE
8
BLACK
6
CONTINUOUS
10
-0.6362037007874015
20
1.4225114566929133
11
-0.6362038188976378
21
1.4225111811023621
0
LINE
8
BLACK
6
CONTINUOUS
10
-0.6362038188976378
20
1.4225111811023621
11
-0.6378149606299213
21
1.4164983070866142
0
LINE
8
BLACK
6
CONTINUOUS
10
-0.6378149606299213
20
1.4164983070866142
11
-0.6378149606299213
21
1.4112812992125985
0
LINE
8
BLACK
6
CONTINUOUS
10
-0.6378149606299213
20
1.4112812992125985
11
-0.6385899606299212
21
1.4086419685039371
0
LINE
8
BLACK
6
CONTINUOUS
10
-0.6385899606299212
20
1.4086419685039371
11
-0.6392448425196851
21
1.4078292913385826
0
LINE
8
BLACK
6
CONTINUOUS
10
-0.6392448425196851
20
1.4078292913385826
11
-0.6499552362204725
21
1.3971188582677165
0
LINE
8
BLACK
6
CONTINUOUS
10
-0.6499552362204725
20
1.3971188582677165
11
-0.6523695275590551
21
1.3958005511811022
0
LINE
8
BLACK
6
CONTINUOUS
10
-0.6523695275590551
20
1.3958005511811022
11
-0.6534072440944881
21
1.3956889763779528
0
LINE
8
BLACK
6
CONTINUOUS
10
-0.6534072440944881
20
1.3956889763779528
11
-1.1122008661417322
21
1.3956889763779528
0
LINE
8
BLACK
6
CONTINUOUS
10
-1.1122008661417322
20
1.3956889763779528
11
-1.1148401968503936
21
1.3964639763779527
0
LINE
8
BLACK
6
CONTINUOUS
10
-1.1148401968503936
20
1.3964639763779527
11
-1.1156528740157481
21
1.3971188582677165
0
LINE
8
BLACK
6
CONTINUOUS
10
-1.1156528740157481
20
1.3971188582677165
11
-1.1193418503937007
21
1.4008078346456692
0
LINE
8
BLACK
6
CONTINUOUS
10
-1.1193418503937007
20
1.4008078346456692
11
-1.1193421653543307
21
1.4008080708661417
0
LINE
8
BLACK
6
CONTINUOUS
10
-1.1193421653543307
20
1.4008080708661417
11
-1.1247326771653543
21
1.4039202362204724
0
LINE
8
BLACK
6
CONTINUOUS
10
-1.1247326771653543
20
1.4039202362204724
11
-1.1247328346456693
21
1.4039203149606299
0
LINE
8
BLACK
6
CONTINUOUS
10
-1.1247328346456693
20
1.4039203149606299
11
-1.1247329133858268
21
1.4039203543307086
0
LINE
8
BLACK
6
CONTINUOUS
10
-1.1247329133858268
20
1.4039203543307086
11
-1.1307457874015747
21
1.4055314960629921
0
LINE
8
BLACK
6
CONTINUOUS
10
-1.1307457874015747
20
1.4055314960629921
11
-1.1369707480314961
21
1.4055314960629921
0
LINE
8
BLACK
6
CONTINUOUS
10
-1.1369707480314961
20
1.4055314960629921
11
-1.142983622047244
21
1.4039203543307086
0
LINE
8
BLACK
6
CONTINUOUS
10
-1.142983622047244
20
1.4039203543307086
11
-1.1429838976377953
21
1.4039202362204724
0
LINE
8
BLACK
6
CONTINUOUS
10
-1.1429838976377953
20
1.4039202362204724
11
-1.1483744094488189
21
1.4008080708661417
0
LINE
8
BLACK
6
CONTINUOUS
10
-1.1483744094488189
20
1.4008080708661417
11
-1.1483747244094489
21
1.4008078346456692
0
LINE
8
BLACK
6
CONTINUOUS
10
-1.1483747244094489
20
1.4008078346456692
11
-1.152776338582677
21
1.396406220472441
0
LINE
8
BLACK
6
CONTINUOUS
10
-1.152776338582677
20
1.396406220472441
11
-1.1527765748031495
21
1.396405905511811
0
LINE
8
BLACK
6
CONTINUOUS
10
-1.1527765748031495
20
1.396405905511811
11
-1.1558887401574802
21
1.3910153937007874
0
LINE
8
BLACK
6
CONTINUOUS
10
-1.1558887401574802
20
1.3910153937007874
11
-1.1558888582677165
21
1.3910151181102361
0
LINE
8
BLACK
6
CONTINUOUS
10
-1.1558888582677165
20
1.3910151181102361
11
-1.1575
21
1.3850022440944882
0
LINE
8
BLACK
6
CONTINUOUS
10
-1.1575
20
1.3850022440944882
11
-1.1575
21
1.3787773228346456
0
LINE
8
BLACK
6
CONTINUOUS
10
-1.0551377952755905
20
1.1622418897637794
11
-1.053526653543307
21
1.1562290157480315
0
LINE
8
BLACK
6
CONTINUOUS
10
-1.053526653543307
20
1.1562290157480315
11
-1.0535265354330707
21
1.1562287401574802
0
LINE
8
BLACK
6
CONTINUOUS
10
-1.0535265354330707
20
1.1562287401574802
11
-1.0504143700787401
21
1.1508382283464567
0
LINE
8
BLACK
6
CONTINUOUS
10
-1.0504143700787401
20
1.1508382283464567
11
-1.0504141338582678
21
1.1508379133858266
0
LINE
8
BLACK
6
CONTINUOUS
10
-1.0504141338582678
20
1.1508379133858266
11
-1.0467251574803149
21
1.147148937007874
0
LINE
8
BLACK
6
CONTINUOUS
10
-1.0467251574803149
20
1.147148937007874
11
-1.0454068503937008
21
1.1447346456692913
0
LINE
8
BLACK
6
CONTINUOUS
10
-1.0454068503937008
20
1.1447346456692913
11
-1.0452952755905511
21
1.1436969291338583
0
LINE
8
BLACK
6
CONTINUOUS
10
-1.0452952755905511
20
1.1436969291338583
11
-1.0452952755905511
21
1.116145590551181
0
LINE
8
BLACK
6
CONTINUOUS
10
-1.0452952755905511
20
1.116145590551181
11
-1.0460702755905511
21
1.1135062598425196
0
LINE
8
BLACK
6
CONTINUOUS
10
-1.0460702755905511
20
1.1135062598425196
11
-1.0467251574803149
21
1.1126935826771653
0
LINE
8
BLACK
6
CONTINUOUS
10
-1.0467251574803149
20
1.1126935826771653
11
-1.0504141338582678
21
1.1090046456692912
0
LINE
8
BLACK
6
CONTINUOUS
10
-1.0504141338582678
20
1.1090046456692912
11
-1.0504143700787401
21
1.1090043307086614
0
LINE
8
BLACK
6
CONTINUOUS
10
-1.0504143700787401
20
1.1090043307086614
11
-1.0535265354330707
21
1.1036138188976379
0
LINE
8
BLACK
6
CONTINUOUS
10
-1.0535265354330707
20
1.1036138188976379
11
-1.053526653543307
21
1.1036135433070866
0
LINE
8
BLACK
6
CONTINUOUS
10
-1.053526653543307
20
1.1036135433070866
11
-1.0551377952755905
21
1.0976006692913385
0
LINE
8
BLACK
6
CONTINUOUS
10
-1.0551377952755905
20
1.0976006692913385
11
-1.0551377952755905
21
1.0913757480314961
0
LINE
8
BLACK
6
CONTINUOUS
10
-1.0551377952755905
20
1.0913757480314961
11
-1.053526653543307
21
1.0853628740157479
0
LINE
8
BLACK
6
CONTINUOUS
10
-1.053526653543307
20
1.0853628740157479
11
-1.0535265354330707
21
1.0853625984251969
0
LINE
8
BLACK
6
CONTINUOUS
10
-1.0535265354330707
20
1.0853625984251969
11
-1.0504143700787401
21
1.0799720866141731
0
LINE
8
BLACK
6
CONTINUOUS
10
-1.0504143700787401
20
1.0799720866141731
11
-1.0504142125984253
21
1.0799718897637796
0
LINE
8
BLACK
6
CONTINUOUS
10
-1.0504142125984253
20
1.0799718897637796
11
-1.0504141732283465
21
1.0799718110236221
0
LINE
8
BLACK
6
CONTINUOUS
10
-1.0504141732283465
20
1.0799718110236221
11
-1.0460124409448819
21
1.0755700787401574
0
LINE
8
BLACK
6
CONTINUOUS
10
-1.0460124409448819
20
1.0755700787401574
11
-1.0460123622047244
21
1.0755700393700787
0
LINE
8
BLACK
6
CONTINUOUS
10
-1.0460123622047244
20
1.0755700393700787
11
-1.0460122047244094
21
1.0755699212598424
0
LINE
8
BLACK
6
CONTINUOUS
10
-1.0460122047244094
20
1.0755699212598424
11
-1.0406216929133858
21
1.0724577559055117
0
LINE
8
BLACK
6
CONTINUOUS
10
-1.0406216929133858
20
1.0724577559055117
11
-1.0406214173228345
21
1.0724575984251967
0
LINE
8
BLACK
6
CONTINUOUS
10
-1.0406214173228345
20
1.0724575984251967
11
-1.0346085433070866
21
1.0708464566929135
0
LINE
8
BLACK
6
CONTINUOUS
10
-1.0346085433070866
20
1.0708464566929135
11
-1.0346084645669291
21
1.0708464566929135
0
LINE
8
BLACK
6
CONTINUOUS
10
-1.0346084645669291
20
1.0708464566929135
11
-1.0283836614173227
21
1.0708464566929135
0
LINE
8
BLACK
6
CONTINUOUS
10
-1.0283836614173227
20
1.0708464566929135
11
-1.0283835826771652
21
1.0708464566929135
0
LINE
8
BLACK
6
CONTINUOUS
10
-1.0283835826771652
20
1.0708464566929135
11
-1.0223707086614173
21
1.0724575984251967
0
LINE
8
BLACK
6
CONTINUOUS
10
-1.0223707086614173
20
1.0724575984251967
11
-1.01697968503937
21
1.0755700787401574
0
LINE
8
BLACK
6
CONTINUOUS
10
-1.01697968503937
20
1.0755700787401574
11
-1.0125779527559056
21
1.0799718110236221
0
LINE
8
BLACK
6
CONTINUOUS
10
-1.0125779527559056
20
1.0799718110236221
11
-1.0094654724409449
21
1.0853628346456692
0
LINE
8
BLACK
6
CONTINUOUS
10
-1.0094654724409449
20
1.0853628346456692
11
-1.0078543307086614
21
1.0913757086614173
0
LINE
8
BLACK
6
CONTINUOUS
10
-1.0078543307086614
20
1.0913757086614173
11
-1.0078543307086614
21
1.0976006692913385
0
LINE
8
BLACK
6
CONTINUOUS
10
-1.0078543307086614
20
1.0976006692913385
11
-1.0094654724409449
21
1.1036135433070866
0
LINE
8
BLACK
6
CONTINUOUS
10
-1.0094654724409449
20
1.1036135433070866
11
-1.0094656299212599
21
1.1036138188976379
0
LINE
8
BLACK
6
CONTINUOUS
10
-1.0094656299212599
20
1.1036138188976379
11
-1.0125777952755906
21
1.1090043307086614
0
LINE
8
BLACK
6
CONTINUOUS
10
-1.0125777952755906
20
1.1090043307086614
11
-1.0125780314960631
21
1.1090046456692912
0
LINE
8
BLACK
6
CONTINUOUS
10
-1.0125780314960631
20
1.1090046456692912
11
-1.0162669685039369
21
1.1126935826771653
0
LINE
8
BLACK
6
CONTINUOUS
10
-1.0162669685039369
20
1.1126935826771653
11
-1.0175852755905512
21
1.1151078740157481
0
LINE
8
BLACK
6
CONTINUOUS
10
-1.0175852755905512
20
1.1151078740157481
11
-1.0176968503937007
21
1.116145590551181
0
LINE
8
BLACK
6
CONTINUOUS
10
-1.0176968503937007
20
1.116145590551181
11
-1.0176968503937007
21
1.1436969291338583
0
LINE
8
BLACK
6
CONTINUOUS
10
-1.0176968503937007
20
1.1436969291338583
11
-1.0169218503937008
21
1.1463362598425197
0
LINE
8
BLACK
6
CONTINUOUS
10
-1.0169218503937008
20
1.1463362598425197
11
-1.0162669685039369
21
1.147148937007874
0
LINE
8
BLACK
6
CONTINUOUS
10
-1.0162669685039369
20
1.147148937007874
11
-1.0125779527559056
21
1.1508379527559054
0
LINE
8
BLACK
6
CONTINUOUS
10
-1.0125779527559056
20
1.1508379527559054
11
-1.0094654724409449
21
1.1562289763779527
0
LINE
8
BLACK
6
CONTINUOUS
10
-1.0094654724409449
20
1.1562289763779527
11
-1.0078543307086614
21
1.1622418503937009
0
LINE
8
BLACK
6
CONTINUOUS
10
-1.0078543307086614
20
1.1622418503937009
11
-1.0078543307086614
21
1.168466811023622
0
LINE
8
BLACK
6
CONTINUOUS
10
-1.0078543307086614
20
1.168466811023622
11
-1.0094654724409449
21
1.1744796850393699
0
LINE
8
BLACK
6
CONTINUOUS
10
-1.0094654724409449
20
1.1744796850393699
11
-1.0107444488188977
21
1.1766949606299213
0
LINE
8
BLACK
6
CONTINUOUS
10
-1.0107444488188977
20
1.1766949606299213
11
-1.0125777952755906
21
1.1798704724409448
0
LINE
8
BLACK
6
CONTINUOUS
10
-1.0125777952755906
20
1.1798704724409448
11
-1.0125780314960631
21
1.1798707874015748
0
LINE
8
BLACK
6
CONTINUOUS
10
-1.0125780314960631
20
1.1798707874015748
11
-1.0169796456692912
21
1.1842724015748032
0
LINE
8
BLACK
6
CONTINUOUS
10
-1.0169796456692912
20
1.1842724015748032
11
-1.0169799606299212
21
1.1842726377952755
0
LINE
8
BLACK
6
CONTINUOUS
10
-1.0169799606299212
20
1.1842726377952755
11
-1.0223704724409448
21
1.1873848031496064
0
LINE
8
BLACK
6
CONTINUOUS
10
-1.0223704724409448
20
1.1873848031496064
11
-1.0223706299212598
21
1.1873848818897637
0
LINE
8
BLACK
6
CONTINUOUS
10
-1.0223706299212598
20
1.1873848818897637
11
-1.0223707086614173
21
1.1873849212598424
0
LINE
8
BLACK
6
CONTINUOUS
10
-1.0223707086614173
20
1.1873849212598424
11
-1.0283835826771652
21
1.1889960629921259
0
LINE
8
BLACK
6
CONTINUOUS
10
-1.0283835826771652
20
1.1889960629921259
11
-1.0346085433070866
21
1.1889960629921259
0
LINE
8
BLACK
6
CONTINUOUS
10
-1.0346085433070866
20
1.1889960629921259
11
-1.0406214173228345
21
1.1873849212598424
0
LINE
8
BLACK
6
CONTINUOUS
10
-1.0406214173228345
20
1.1873849212598424
11
-1.0406216929133858
21
1.1873848031496064
0
LINE
8
BLACK
6
CONTINUOUS
10
-1.0406216929133858
20
1.1873848031496064
11
-1.0460122047244094
21
1.1842726377952755
0
LINE
8
BLACK
6
CONTINUOUS
10
-1.0460122047244094
20
1.1842726377952755
11
-1.0460125196850394
21
1.1842724015748032
0
LINE
8
BLACK
6
CONTINUOUS
10
-1.0460125196850394
20
1.1842724015748032
11
-1.0504141338582678
21
1.1798707874015748
0
LINE
8
BLACK
6
CONTINUOUS
10
-1.0504141338582678
20
1.1798707874015748
11
-1.0504143700787401
21
1.1798704724409448
0
LINE
8
BLACK
6
CONTINUOUS
10
-1.0504143700787401
20
1.1798704724409448
11
-1.0535265354330707
21
1.1744799606299212
0
LINE
8
BLACK
6
CONTINUOUS
10
-1.0535265354330707
20
1.1744799606299212
11
-1.053526653543307
21
1.1744796850393699
0
LINE
8
BLACK
6
CONTINUOUS
10
-1.053526653543307
20
1.1744796850393699
11
-1.0551377952755905
21
1.168466811023622
0
LINE
8
BLACK
6
CONTINUOUS
10
-1.0551377952755905
20
1.168466811023622
11
-1.0551377952755905
21
1.1622418897637794
0
LINE
8
BLACK
6
CONTINUOUS
10
-0.0768578346456693
20
1.7126291338582678
11
-0.0830504330708661
21
1.7094738582677165
0
LINE
8
BLACK
6
CONTINUOUS
10
-0.0830504330708661
20
1.7094738582677165
11
-0.0896603937007874
21
1.7073261417322834
0
LINE
8
BLACK
6
CONTINUOUS
10
-0.0896603937007874
20
1.7073261417322834
11
-0.0965249606299213
21
1.7062388976377951
0
LINE
8
BLACK
6
CONTINUOUS
10
-0.0965249606299213
20
1.7062388976377951
11
-0.1034750393700787
21
1.7062388976377951
0
LINE
8
BLACK
6
CONTINUOUS
10
-0.1034750393700787
20
1.7062388976377951
11
-0.1103396062992126
21
1.7073261417322834
0
LINE
8
BLACK
6
CONTINUOUS
10
-0.1103396062992126
20
1.7073261417322834
11
-0.1169495669291339
21
1.7094738582677165
0
LINE
8
BLACK
6
CONTINUOUS
10
-0.1169495669291339
20
1.7094738582677165
11
-0.1231421653543307
21
1.7126291338582678
0
LINE
8
BLACK
6
CONTINUOUS
10
-0.1231421653543307
20
1.7126291338582678
11
-0.1235494094488189
21
1.712925
0
LINE
8
BLACK
6
CONTINUOUS
10
-0.1235494094488189
20
1.712925
11
-0.1377400787401575
21
1.6987343307086613
0
LINE
8
BLACK
6
CONTINUOUS
10
-0.1377400787401575
20
1.6987343307086613
11
-0.1335309842519685
21
1.6956762204724409
0
LINE
8
BLACK
6
CONTINUOUS
10
-0.1335309842519685
20
1.6956762204724409
11
-0.1245584645669291
21
1.6911044488188975
0
LINE
8
BLACK
6
CONTINUOUS
10
-0.1245584645669291
20
1.6911044488188975
11
-0.1245583464566929
21
1.6911044094488188
0
LINE
8
BLACK
6
CONTINUOUS
10
-0.1245583464566929
20
1.6911044094488188
11
-0.1149812598425197
21
1.6879926771653544
0
LINE
8
BLACK
6
CONTINUOUS
10
-0.1149812598425197
20
1.6879926771653544
11
-0.105035
21
1.6864173228346457
0
LINE
8
BLACK
6
CONTINUOUS
10
-0.105035
20
1.6864173228346457
11
-0.094965
21
1.6864173228346457
0
LINE
8
BLACK
6
CONTINUOUS
10
-0.094965
20
1.6864173228346457
11
-0.0850187795275591
21
1.6879926771653544
0
LINE
8
BLACK
6
CONTINUOUS
10
-0.0850187795275591
20
1.6879926771653544
11
-0.0754416929133858
21
1.6911044094488188
0
LINE
8
BLACK
6
CONTINUOUS
10
-0.0754416929133858
20
1.6911044094488188
11
-0.0754415748031496
21
1.6911044488188975
0
LINE
8
BLACK
6
CONTINUOUS
10
-0.0754415748031496
20
1.6911044488188975
11
-0.066469094488189
21
1.6956761811023622
0
LINE
8
BLACK
6
CONTINUOUS
10
-0.066469094488189
20
1.6956761811023622
11
-0.0622600393700787
21
1.6987343307086613
0
LINE
8
BLACK
6
CONTINUOUS
10
-0.0622600393700787
20
1.6987343307086613
11
-0.06226
21
1.6987343307086613
0
LINE
8
BLACK
6
CONTINUOUS
10
-0.06226
20
1.6987343307086613
11
-0.0764506692913386
21
1.712925
0
LINE
8
BLACK
6
CONTINUOUS
10
-0.0764506692913386
20
1.712925
11
-0.0768578346456693
21
1.7126291338582678
0
LINE
8
BLACK
6
CONTINUOUS
10
0.1231421653543307
20
1.7126291338582678
11
0.1169495669291339
21
1.7094738582677165
0
LINE
8
BLACK
6
CONTINUOUS
10
0.1169495669291339
20
1.7094738582677165
11
0.1103396062992126
21
1.7073261417322834
0
LINE
8
BLACK
6
CONTINUOUS
10
0.1103396062992126
20
1.7073261417322834
11
0.1034750393700787
21
1.7062388976377951
0
LINE
8
BLACK
6
CONTINUOUS
10
0.1034750393700787
20
1.7062388976377951
11
0.0965249606299213
21
1.7062388976377951
0
LINE
8
BLACK
6
CONTINUOUS
10
0.0965249606299213
20
1.7062388976377951
11
0.0896603937007874
21
1.7073261417322834
0
LINE
8
BLACK
6
CONTINUOUS
10
0.0896603937007874
20
1.7073261417322834
11
0.0830504330708661
21
1.7094738582677165
0
LINE
8
BLACK
6
CONTINUOUS
10
0.0830504330708661
20
1.7094738582677165
11
0.0768578346456693
21
1.7126291338582678
0
LINE
8
BLACK
6
CONTINUOUS
10
0.0768578346456693
20
1.7126291338582678
11
0.0764505905511811
21
1.712925
0
LINE
8
BLACK
6
CONTINUOUS
10
0.0764505905511811
20
1.712925
11
0.0622599212598425
21
1.6987343307086613
0
LINE
8
BLACK
6
CONTINUOUS
10
0.0622599212598425
20
1.6987343307086613
11
0.0664690157480315
21
1.6956762204724409
0
LINE
8
BLACK
6
CONTINUOUS
10
0.0664690157480315
20
1.6956762204724409
11
0.0754415354330709
21
1.6911044488188975
0
LINE
8
BLACK
6
CONTINUOUS
10
0.0754415354330709
20
1.6911044488188975
11
0.0754416535433071
21
1.6911044094488188
0
LINE
8
BLACK
6
CONTINUOUS
10
0.0754416535433071
20
1.6911044094488188
11
0.0850187401574803
21
1.6879926771653544
0
LINE
8
BLACK
6
CONTINUOUS
10
0.0850187401574803
20
1.6879926771653544
11
0.094965
21
1.6864173228346457
0
LINE
8
BLACK
6
CONTINUOUS
10
0.094965
20
1.6864173228346457
11
0.105035
21
1.6864173228346457
0
LINE
8
BLACK
6
CONTINUOUS
10
0.105035
20
1.6864173228346457
11
0.1149812204724409
21
1.6879926771653544
0
LINE
8
BLACK
6
CONTINUOUS
10
0.1149812204724409
20
1.6879926771653544
11
0.1245583070866142
21
1.6911044094488188
0
LINE
8
BLACK
6
CONTINUOUS
10
0.1245583070866142
20
1.6911044094488188
11
0.1245584251968504
21
1.6911044488188975
0
LINE
8
BLACK
6
CONTINUOUS
10
0.1245584251968504
20
1.6911044488188975
11
0.133530905511811
21
1.6956761811023622
0
LINE
8
BLACK
6
CONTINUOUS
10
0.133530905511811
20
1.6956761811023622
11
0.1377399606299212
21
1.6987343307086613
0
LINE
8
BLACK
6
CONTINUOUS
10
0.1377399606299212
20
1.6987343307086613
11
0.13774
21
1.6987343307086613
0
LINE
8
BLACK
6
CONTINUOUS
10
0.13774
20
1.6987343307086613
11
0.1235493307086614
21
1.712925
0
LINE
8
BLACK
6
CONTINUOUS
10
0.1235493307086614
20
1.712925
11
0.1231421653543307
21
1.7126291338582678
0
LINE
8
BLACK
6
CONTINUOUS
10
-0.0375989763779528
20
1.7653749606299212
11
-0.0407107086614173
21
1.7749520472440945
0
LINE
8
BLACK
6
CONTINUOUS
10
-0.0407107086614173
20
1.7749520472440945
11
-0.0407107480314961
21
1.7749521653543308
0
LINE
8
BLACK
6
CONTINUOUS
10
-0.0407107480314961
20
1.7749521653543308
11
-0.0452825196850394
21
1.78392468503937
0
LINE
8
BLACK
6
CONTINUOUS
10
-0.0452825196850394
20
1.78392468503937
11
-0.0483406299212598
21
1.7881337401574802
0
LINE
8
BLACK
6
CONTINUOUS
10
-0.0483406299212598
20
1.7881337401574802
11
-0.0483406299212598
21
1.7881337795275589
0
LINE
8
BLACK
6
CONTINUOUS
10
-0.0483406299212598
20
1.7881337795275589
11
-0.0625313385826772
21
1.7739431102362204
0
LINE
8
BLACK
6
CONTINUOUS
10
-0.0625313385826772
20
1.7739431102362204
11
-0.0622354330708661
21
1.7735358661417322
0
LINE
8
BLACK
6
CONTINUOUS
10
-0.0622354330708661
20
1.7735358661417322
11
-0.059080157480315
21
1.7673432677165355
0
LINE
8
BLACK
6
CONTINUOUS
10
-0.059080157480315
20
1.7673432677165355
11
-0.0569324409448819
21
1.7607333070866142
0
LINE
8
BLACK
6
CONTINUOUS
10
-0.0569324409448819
20
1.7607333070866142
11
-0.0558451968503937
21
1.7538687401574802
0
LINE
8
BLACK
6
CONTINUOUS
10
-0.0558451968503937
20
1.7538687401574802
11
-0.0558451968503937
21
1.7469186614173229
0
LINE
8
BLACK
6
CONTINUOUS
10
-0.0558451968503937
20
1.7469186614173229
11
-0.0569324409448819
21
1.740054094488189
0
LINE
8
BLACK
6
CONTINUOUS
10
-0.0569324409448819
20
1.740054094488189
11
-0.059080157480315
21
1.7334441338582676
0
LINE
8
BLACK
6
CONTINUOUS
10
-0.059080157480315
20
1.7334441338582676
11
-0.0622354330708661
21
1.7272515354330709
0
LINE
8
BLACK
6
CONTINUOUS
10
-0.0622354330708661
20
1.7272515354330709
11
-0.0625312992125984
21
1.7268443700787401
0
LINE
8
BLACK
6
CONTINUOUS
10
-0.0625312992125984
20
1.7268443700787401
11
-0.0483406299212598
21
1.7126537007874016
0
LINE
8
BLACK
6
CONTINUOUS
10
-0.0483406299212598
20
1.7126537007874016
11
-0.0483406299212598
21
1.7126537401574802
0
LINE
8
BLACK
6
CONTINUOUS
10
-0.0483406299212598
20
1.7126537401574802
11
-0.0452824803149606
21
1.7168627952755906
0
LINE
8
BLACK
6
CONTINUOUS
10
-0.0452824803149606
20
1.7168627952755906
11
-0.0407107480314961
21
1.7258352755905511
0
LINE
8
BLACK
6
CONTINUOUS
10
-0.0407107480314961
20
1.7258352755905511
11
-0.0407107086614173
21
1.7258353937007873
0
LINE
8
BLACK
6
CONTINUOUS
10
-0.0407107086614173
20
1.7258353937007873
11
-0.0375989763779528
21
1.7354124803149606
0
LINE
8
BLACK
6
CONTINUOUS
10
-0.0375989763779528
20
1.7354124803149606
11
-0.0360236220472441
21
1.7453587007874016
0
LINE
8
BLACK
6
CONTINUOUS
10
-0.0360236220472441
20
1.7453587007874016
11
-0.0360236220472441
21
1.7554287401574802
0
LINE
8
BLACK
6
CONTINUOUS
10
-0.0360236220472441
20
1.7554287401574802
11
-0.0375989763779528
21
1.7653749606299212
0
LINE
8
BLACK
6
CONTINUOUS
10
0.1374686614173228
20
1.7739431102362204
11
0.1377645669291339
21
1.7735358661417322
0
LINE
8
BLACK
6
CONTINUOUS
10
0.1377645669291339
20
1.7735358661417322
11
0.140919842519685
21
1.7673432677165355
0
LINE
8
BLACK
6
CONTINUOUS
10
0.140919842519685
20
1.7673432677165355
11
0.1430675590551181
21
1.7607333070866142
0
LINE
8
BLACK
6
CONTINUOUS
10
0.1430675590551181
20
1.7607333070866142
11
0.1441548031496063
21
1.7538687401574802
0
LINE
8
BLACK
6
CONTINUOUS
10
0.1441548031496063
20
1.7538687401574802
11
0.1441548031496063
21
1.7469186614173229
0
LINE
8
BLACK
6
CONTINUOUS
10
0.1441548031496063
20
1.7469186614173229
11
0.1430675590551181
21
1.740054094488189
0
LINE
8
BLACK
6
CONTINUOUS
10
0.1430675590551181
20
1.740054094488189
11
0.140919842519685
21
1.7334441338582676
0
LINE
8
BLACK
6
CONTINUOUS
10
0.140919842519685
20
1.7334441338582676
11
0.1377645669291339
21
1.7272515354330709
0
LINE
8
BLACK
6
CONTINUOUS
10
0.1377645669291339
20
1.7272515354330709
11
0.1374687007874016
21
1.7268443700787401
0
LINE
8
BLACK
6
CONTINUOUS
10
0.1374687007874016
20
1.7268443700787401
11
0.1516593700787401
21
1.7126537007874016
0
LINE
8
BLACK
6
CONTINUOUS
10
0.1516593700787401
20
1.7126537007874016
11
0.1516593700787401
21
1.7126537401574802
0
LINE
8
BLACK
6
CONTINUOUS
10
0.1516593700787401
20
1.7126537401574802
11
0.1547175196850394
21
1.7168627952755906
0
LINE
8
BLACK
6
CONTINUOUS
10
0.1547175196850394
20
1.7168627952755906
11
0.1592892519685039
21
1.7258352755905511
0
LINE
8
BLACK
6
CONTINUOUS
10
0.1592892519685039
20
1.7258352755905511
11
0.1592892913385827
21
1.7258353937007873
0
LINE
8
BLACK
6
CONTINUOUS
10
0.1592892913385827
20
1.7258353937007873
11
0.1624010236220473
21
1.7354124803149606
0
LINE
8
BLACK
6
CONTINUOUS
10
0.1624010236220473
20
1.7354124803149606
11
0.1639763779527559
21
1.7453587007874016
0
LINE
8
BLACK
6
CONTINUOUS
10
0.1639763779527559
20
1.7453587007874016
11
0.1639763779527559
21
1.7554287401574802
0
LINE
8
BLACK
6
CONTINUOUS
10
0.1639763779527559
20
1.7554287401574802
11
0.1624010236220473
21
1.7653749606299212
0
LINE
8
BLACK
6
CONTINUOUS
10
0.1624010236220473
20
1.7653749606299212
11
0.1592892913385827
21
1.7749520472440945
0
LINE
8
BLACK
6
CONTINUOUS
10
0.1592892913385827
20
1.7749520472440945
11
0.1592892519685039
21
1.7749521653543308
0
LINE
8
BLACK
6
CONTINUOUS
10
0.1592892519685039
20
1.7749521653543308
11
0.1547174803149606
21
1.78392468503937
0
LINE
8
BLACK
6
CONTINUOUS
10
0.1547174803149606
20
1.78392468503937
11
0.1516593700787401
21
1.7881337401574802
0
LINE
8
BLACK
6
CONTINUOUS
10
0.1516593700787401
20
1.7881337401574802
11
0.1516593700787401
21
1.7881337795275589
0
LINE
8
BLACK
6
CONTINUOUS
10
0.1516593700787401
20
1.7881337795275589
11
0.1374686614173228
21
1.7739431102362204
0
LINE
8
BLACK
6
CONTINUOUS
10
-0.1149812598425197
20
1.8127947637795274
11
-0.1245583464566929
21
1.809683031496063
0
LINE
8
BLACK
6
CONTINUOUS
10
-0.1245583464566929
20
1.809683031496063
11
-0.1245584645669291
21
1.8096829921259843
0
LINE
8
BLACK
6
CONTINUOUS
10
-0.1245584645669291
20
1.8096829921259843
11
-0.1335311023622047
21
1.8051111417322834
0
LINE
8
BLACK
6
CONTINUOUS
10
-0.1335311023622047
20
1.8051111417322834
11
-0.1377400393700787
21
1.802053188976378
0
LINE
8
BLACK
6
CONTINUOUS
10
-0.1377400393700787
20
1.802053188976378
11
-0.1377400787401575
21
1.8020531496062993
0
LINE
8
BLACK
6
CONTINUOUS
10
-0.1377400787401575
20
1.8020531496062993
11
-0.1235493700787402
21
1.7878624409448818
0
LINE
8
BLACK
6
CONTINUOUS
10
-0.1235493700787402
20
1.7878624409448818
11
-0.1231421653543307
21
1.7881582677165353
0
LINE
8
BLACK
6
CONTINUOUS
10
-0.1231421653543307
20
1.7881582677165353
11
-0.1169495669291339
21
1.7913135433070866
0
LINE
8
BLACK
6
CONTINUOUS
10
-0.1169495669291339
20
1.7913135433070866
11
-0.1103396062992126
21
1.7934612598425197
0
LINE
8
BLACK
6
CONTINUOUS
10
-0.1103396062992126
20
1.7934612598425197
11
-0.1034750393700787
21
1.7945485039370079
0
LINE
8
BLACK
6
CONTINUOUS
10
-0.1034750393700787
20
1.7945485039370079
11
-0.0965249606299213
21
1.7945485039370079
0
LINE
8
BLACK
6
CONTINUOUS
10
-0.0965249606299213
20
1.7945485039370079
11
-0.0896603937007874
21
1.7934612598425197
0
LINE
8
BLACK
6
CONTINUOUS
10
-0.0896603937007874
20
1.7934612598425197
11
-0.0830504330708661
21
1.7913135433070866
0
LINE
8
BLACK
6
CONTINUOUS
10
-0.0830504330708661
20
1.7913135433070866
11
-0.0768578346456693
21
1.7881582677165353
0
LINE
8
BLACK
6
CONTINUOUS
10
-0.0768578346456693
20
1.7881582677165353
11
-0.0764507480314961
21
1.7878625196850393
0
LINE
8
BLACK
6
CONTINUOUS
10
-0.0764507480314961
20
1.7878625196850393
11
-0.06226
21
1.8020531496062993
0
LINE
8
BLACK
6
CONTINUOUS
10
-0.06226
20
1.8020531496062993
11
-0.0664690551181102
21
1.8051112204724409
0
LINE
8
BLACK
6
CONTINUOUS
10
-0.0664690551181102
20
1.8051112204724409
11
-0.0754415748031496
21
1.8096829921259843
0
LINE
8
BLACK
6
CONTINUOUS
10
-0.0754415748031496
20
1.8096829921259843
11
-0.0754416929133858
21
1.809683031496063
0
LINE
8
BLACK
6
CONTINUOUS
10
-0.0754416929133858
20
1.809683031496063
11
-0.0850187795275591
21
1.8127947637795274
0
LINE
8
BLACK
6
CONTINUOUS
10
-0.0850187795275591
20
1.8127947637795274
11
-0.094965
21
1.8143700787401575
0
LINE
8
BLACK
6
CONTINUOUS
10
-0.094965
20
1.8143700787401575
11
-0.105035
21
1.8143700787401575
0
LINE
8
BLACK
6
CONTINUOUS
10
-0.105035
20
1.8143700787401575
11
-0.1149812598425197
21
1.8127947637795274
0
LINE
8
BLACK
6
CONTINUOUS
10
0.0850187401574803
20
1.8127947637795274
11
0.0754416535433071
21
1.809683031496063
0
LINE
8
BLACK
6
CONTINUOUS
10
0.0754416535433071
20
1.809683031496063
11
0.0754415354330709
21
1.8096829921259843
0
LINE
8
BLACK
6
CONTINUOUS
10
0.0754415354330709
20
1.8096829921259843
11
0.0664688976377953
21
1.8051111417322834
0
LINE
8
BLACK
6
CONTINUOUS
10
0.0664688976377953
20
1.8051111417322834
11
0.0622599606299213
21
1.802053188976378
0
LINE
8
BLACK
6
CONTINUOUS
10
0.0622599606299213
20
1.802053188976378
11
0.0622599212598425
21
1.8020531496062993
0
LINE
8
BLACK
6
CONTINUOUS
10
0.0622599212598425
20
1.8020531496062993
11
0.0764506299212598
21
1.7878624409448818
0
LINE
8
BLACK
6
CONTINUOUS
10
0.0764506299212598
20
1.7878624409448818
11
0.0768578346456693
21
1.7881582677165353
0
LINE
8
BLACK
6
CONTINUOUS
10
0.0768578346456693
20
1.7881582677165353
11
0.0830504330708661
21
1.7913135433070866
0
LINE
8
BLACK
6
CONTINUOUS
10
0.0830504330708661
20
1.7913135433070866
11
0.0896603937007874
21
1.7934612598425197
0
LINE
8
BLACK
6
CONTINUOUS
10
0.0896603937007874
20
1.7934612598425197
11
0.0965249606299213
21
1.7945485039370079
0
LINE
8
BLACK
6
CONTINUOUS
10
0.0965249606299213
20
1.7945485039370079
11
0.1034750393700787
21
1.7945485039370079
0
LINE
8
BLACK
6
CONTINUOUS
10
0.1034750393700787
20
1.7945485039370079
11
0.1103396062992126
21
1.7934612598425197
0
LINE
8
BLACK
6
CONTINUOUS
10
0.1103396062992126
20
1.7934612598425197
11
0.1169495669291339
21
1.7913135433070866
0
LINE
8
BLACK
6
CONTINUOUS
10
0.1169495669291339
20
1.7913135433070866
11
0.1231421653543307
21
1.7881582677165353
0
LINE
8
BLACK
6
CONTINUOUS
10
0.1231421653543307
20
1.7881582677165353
11
0.1235492519685039
21
1.7878625196850393
0
LINE
8
BLACK
6
CONTINUOUS
10
0.1235492519685039
20
1.7878625196850393
11
0.13774
21
1.8020531496062993
0
LINE
8
BLACK
6
CONTINUOUS
10
0.13774
20
1.8020531496062993
11
0.1335309448818898
21
1.8051112204724409
0
LINE
8
BLACK
6
CONTINUOUS
10
0.1335309448818898
20
1.8051112204724409
11
0.1245584251968504
21
1.8096829921259843
0
LINE
8
BLACK
6
CONTINUOUS
10
0.1245584251968504
20
1.8096829921259843
11
0.1245583070866142
21
1.809683031496063
0
LINE
8
BLACK
6
CONTINUOUS
10
0.1245583070866142
20
1.809683031496063
11
0.1149812204724409
21
1.8127947637795274
0
LINE
8
BLACK
6
CONTINUOUS
10
0.1149812204724409
20
1.8127947637795274
11
0.105035
21
1.8143700787401575
0
LINE
8
BLACK
6
CONTINUOUS
10
0.105035
20
1.8143700787401575
11
0.094965
21
1.8143700787401575
0
LINE
8
BLACK
6
CONTINUOUS
10
0.094965
20
1.8143700787401575
11
0.0850187401574803
21
1.8127947637795274
0
LINE
8
BLACK
6
CONTINUOUS
10
-0.8543503937007874
20
1.8748403149606299
11
-0.8527392519685039
21
1.868827440944882
0
LINE
8
BLACK
6
CONTINUOUS
10
-0.8527392519685039
20
1.868827440944882
11
-0.8527391338582677
21
1.8688271653543307
0
LINE
8
BLACK
6
CONTINUOUS
10
-0.8527391338582677
20
1.8688271653543307
11
-0.849626968503937
21
1.8634366535433071
0
LINE
8
BLACK
6
CONTINUOUS
10
-0.849626968503937
20
1.8634366535433071
11
-0.8496267322834645
21
1.8634363385826771
0
LINE
8
BLACK
6
CONTINUOUS
10
-0.8496267322834645
20
1.8634363385826771
11
-0.8459377559055118
21
1.8597473622047245
0
LINE
8
BLACK
6
CONTINUOUS
10
-0.8459377559055118
20
1.8597473622047245
11
-0.8446194488188976
21
1.8573330708661417
0
LINE
8
BLACK
6
CONTINUOUS
10
-0.8446194488188976
20
1.8573330708661417
11
-0.844507874015748
21
1.8562953543307086
0
LINE
8
BLACK
6
CONTINUOUS
10
-0.844507874015748
20
1.8562953543307086
11
-0.844507874015748
21
1.836618031496063
0
LINE
8
BLACK
6
CONTINUOUS
10
-0.844507874015748
20
1.836618031496063
11
-0.845282874015748
21
1.8339787007874016
0
LINE
8
BLACK
6
CONTINUOUS
10
-0.845282874015748
20
1.8339787007874016
11
-0.8459377559055118
21
1.8331660236220473
0
LINE
8
BLACK
6
CONTINUOUS
10
-0.8459377559055118
20
1.8331660236220473
11
-0.8496267322834645
21
1.8294770866141732
0
LINE
8
BLACK
6
CONTINUOUS
10
-0.8496267322834645
20
1.8294770866141732
11
-0.849626968503937
21
1.8294767716535432
0
LINE
8
BLACK
6
CONTINUOUS
10
-0.849626968503937
20
1.8294767716535432
11
-0.8527391338582677
21
1.8240862598425196
0
LINE
8
BLACK
6
CONTINUOUS
10
-0.8527391338582677
20
1.8240862598425196
11
-0.8527392519685039
21
1.8240859842519686
0
LINE
8
BLACK
6
CONTINUOUS
10
-0.8527392519685039
20
1.8240859842519686
11
-0.8543503937007874
21
1.8180731102362204
0
LINE
8
BLACK
6
CONTINUOUS
10
-0.8543503937007874
20
1.8180731102362204
11
-0.8543503937007874
21
1.811848188976378
0
LINE
8
BLACK
6
CONTINUOUS
10
-0.8543503937007874
20
1.811848188976378
11
-0.8527392519685039
21
1.8058353149606299
0
LINE
8
BLACK
6
CONTINUOUS
10
-0.8527392519685039
20
1.8058353149606299
11
-0.8527391338582677
21
1.8058350393700786
0
LINE
8
BLACK
6
CONTINUOUS
10
-0.8527391338582677
20
1.8058350393700786
11
-0.849626968503937
21
1.800444527559055
0
LINE
8
BLACK
6
CONTINUOUS
10
-0.849626968503937
20
1.800444527559055
11
-0.849626811023622
21
1.8004443307086613
0
LINE
8
BLACK
6
CONTINUOUS
10
-0.849626811023622
20
1.8004443307086613
11
-0.8496267716535433
21
1.800444251968504
0
LINE
8
BLACK
6
CONTINUOUS
10
-0.8496267716535433
20
1.800444251968504
11
-0.8452250393700788
21
1.7960425196850394
0
LINE
8
BLACK
6
CONTINUOUS
10
-0.8452250393700788
20
1.7960425196850394
11
-0.8452249606299213
21
1.7960424803149606
0
LINE
8
BLACK
6
CONTINUOUS
10
-0.8452249606299213
20
1.7960424803149606
11
-0.8452248031496062
21
1.7960423622047244
0
LINE
8
BLACK
6
CONTINUOUS
10
-0.8452248031496062
20
1.7960423622047244
11
-0.8398342913385827
21
1.7929301968503937
0
LINE
8
BLACK
6
CONTINUOUS
10
-0.8398342913385827
20
1.7929301968503937
11
-0.8398340157480315
21
1.7929300393700787
0
LINE
8
BLACK
6
CONTINUOUS
10
-0.8398340157480315
20
1.7929300393700787
11
-0.8338211417322835
21
1.7913188976377952
0
LINE
8
BLACK
6
CONTINUOUS
10
-0.8338211417322835
20
1.7913188976377952
11
-0.833821062992126
21
1.7913188976377952
0
LINE
8
BLACK
6
CONTINUOUS
10
-0.833821062992126
20
1.7913188976377952
11
-0.8275962598425197
21
1.7913188976377952
0
LINE
8
BLACK
6
CONTINUOUS
10
-0.8275962598425197
20
1.7913188976377952
11
-0.8275961811023622
21
1.7913188976377952
0
LINE
8
BLACK
6
CONTINUOUS
10
-0.8275961811023622
20
1.7913188976377952
11
-0.8215833070866142
21
1.7929300393700787
0
LINE
8
BLACK
6
CONTINUOUS
10
-0.8215833070866142
20
1.7929300393700787
11
-0.816192283464567
21
1.7960425196850394
0
LINE
8
BLACK
6
CONTINUOUS
10
-0.816192283464567
20
1.7960425196850394
11
-0.8117905511811023
21
1.800444251968504
0
LINE
8
BLACK
6
CONTINUOUS
10
-0.8117905511811023
20
1.800444251968504
11
-0.8101223228346457
21
1.8033337007874015
0
LINE
8
BLACK
6
CONTINUOUS
10
-0.8101223228346457
20
1.8033337007874015
11
-0.8086781889763779
21
1.8058350393700786
0
LINE
8
BLACK
6
CONTINUOUS
10
-0.8086781889763779
20
1.8058350393700786
11
-0.8086781889763779
21
1.8058351181102361
0
LINE
8
BLACK
6
CONTINUOUS
10
-0.8086781889763779
20
1.8058351181102361
11
-0.8086780708661417
21
1.8058352755905511
0
LINE
8
BLACK
6
CONTINUOUS
10
-0.8086780708661417
20
1.8058352755905511
11
-0.8070669291338582
21
1.8118481496062993
0
LINE
8
BLACK
6
CONTINUOUS
10
-0.8070669291338582
20
1.8118481496062993
11
-0.8070669291338582
21
1.8180731102362204
0
LINE
8
BLACK
6
CONTINUOUS
10
-0.8070669291338582
20
1.8180731102362204
11
-0.8086780708661417
21
1.8240859842519686
0
LINE
8
BLACK
6
CONTINUOUS
10
-0.8086780708661417
20
1.8240859842519686
11
-0.8100430708661417
21
1.8264502755905512
0
LINE
8
BLACK
6
CONTINUOUS
10
-0.8100430708661417
20
1.8264502755905512
11
-0.8117903937007874
21
1.8294767716535432
0
LINE
8
BLACK
6
CONTINUOUS
10
-0.8117903937007874
20
1.8294767716535432
11
-0.8117906299212598
21
1.8294770866141732
0
LINE
8
BLACK
6
CONTINUOUS
10
-0.8117906299212598
20
1.8294770866141732
11
-0.8154795669291338
21
1.8331660236220473
0
LINE
8
BLACK
6
CONTINUOUS
10
-0.8154795669291338
20
1.8331660236220473
11
-0.816797874015748
21
1.8355803149606298
0
LINE
8
BLACK
6
CONTINUOUS
10
-0.816797874015748
20
1.8355803149606298
11
-0.8169094488188976
21
1.836618031496063
0
LINE
8
BLACK
6
CONTINUOUS
10
-0.8169094488188976
20
1.836618031496063
11
-0.8169094488188976
21
1.8541909055118109
0
LINE
8
BLACK
6
CONTINUOUS
10
-0.8169094488188976
20
1.8541909055118109
11
-0.8169094488188976
21
1.8562953543307086
0
LINE
8
BLACK
6
CONTINUOUS
10
-0.8169094488188976
20
1.8562953543307086
11
-0.8161344488188976
21
1.85893468503937
0
LINE
8
BLACK
6
CONTINUOUS
10
-0.8161344488188976
20
1.85893468503937
11
-0.8154795669291338
21
1.8597473622047245
0
LINE
8
BLACK
6
CONTINUOUS
10
-0.8154795669291338
20
1.8597473622047245
11
-0.8117905511811023
21
1.8634363779527559
0
LINE
8
BLACK
6
CONTINUOUS
10
-0.8117905511811023
20
1.8634363779527559
11
-0.8086780708661417
21
1.8688274015748032
0
LINE
8
BLACK
6
CONTINUOUS
10
-0.8086780708661417
20
1.8688274015748032
11
-0.8070669291338582
21
1.8748402755905511
0
LINE
8
BLACK
6
CONTINUOUS
10
-0.8070669291338582
20
1.8748402755905511
11
-0.8070669291338582
21
1.8810652362204725
0
LINE
8
BLACK
6
CONTINUOUS
10
-0.8070669291338582
20
1.8810652362204725
11
-0.8086780708661417
21
1.8870781102362204
0
LINE
8
BLACK
6
CONTINUOUS
10
-0.8086780708661417
20
1.8870781102362204
11
-0.811322874015748
21
1.891659094488189
0
LINE
8
BLACK
6
CONTINUOUS
10
-0.811322874015748
20
1.891659094488189
11
-0.8117903937007874
21
1.8924688976377952
0
LINE
8
BLACK
6
CONTINUOUS
10
-0.8117903937007874
20
1.8924688976377952
11
-0.8117906299212598
21
1.892469212598425
0
LINE
8
BLACK
6
CONTINUOUS
10
-0.8117906299212598
20
1.892469212598425
11
-0.816192283464567
21
1.8968708661417322
0
LINE
8
BLACK
6
CONTINUOUS
10
-0.816192283464567
20
1.8968708661417322
11
-0.8161924803149606
21
1.8968710236220472
0
LINE
8
BLACK
6
CONTINUOUS
10
-0.8161924803149606
20
1.8968710236220472
11
-0.8215830708661417
21
1.8999832283464566
0
LINE
8
BLACK
6
CONTINUOUS
10
-0.8215830708661417
20
1.8999832283464566
11
-0.8215832283464567
21
1.8999833070866141
0
LINE
8
BLACK
6
CONTINUOUS
10
-0.8215832283464567
20
1.8999833070866141
11
-0.8215833070866142
21
1.8999833464566929
0
LINE
8
BLACK
6
CONTINUOUS
10
-0.8215833070866142
20
1.8999833464566929
11
-0.8275961811023622
21
1.9015944881889764
0
LINE
8
BLACK
6
CONTINUOUS
10
-0.8275961811023622
20
1.9015944881889764
11
-0.8338211417322835
21
1.9015944881889764
0
LINE
8
BLACK
6
CONTINUOUS
10
-0.8338211417322835
20
1.9015944881889764
11
-0.8398340157480315
21
1.8999833464566929
0
LINE
8
BLACK
6
CONTINUOUS
10
-0.8398340157480315
20
1.8999833464566929
11
-0.8398342913385827
21
1.8999832283464566
0
LINE
8
BLACK
6
CONTINUOUS
10
-0.8398342913385827
20
1.8999832283464566
11
-0.8452248031496062
21
1.8968710629921259
0
LINE
8
BLACK
6
CONTINUOUS
10
-0.8452248031496062
20
1.8968710629921259
11
-0.8452251181102362
21
1.8968708267716534
0
LINE
8
BLACK
6
CONTINUOUS
10
-0.8452251181102362
20
1.8968708267716534
11
-0.8496267322834645
21
1.892469212598425
0
LINE
8
BLACK
6
CONTINUOUS
10
-0.8496267322834645
20
1.892469212598425
11
-0.849626968503937
21
1.8924688976377952
0
LINE
8
BLACK
6
CONTINUOUS
10
-0.849626968503937
20
1.8924688976377952
11
-0.8527391338582677
21
1.8870783858267717
0
LINE
8
BLACK
6
CONTINUOUS
10
-0.8527391338582677
20
1.8870783858267717
11
-0.8527392519685039
21
1.8870781102362204
0
LINE
8
BLACK
6
CONTINUOUS
10
-0.8527392519685039
20
1.8870781102362204
11
-0.8543503937007874
21
1.8810652362204725
0
LINE
8
BLACK
6
CONTINUOUS
10
-0.8543503937007874
20
1.8810652362204725
11
-0.8543503937007874
21
1.8748403149606299
0
LINE
8
BLACK
6
CONTINUOUS
10
-0.048248031496063
20
1.8465965354330709
11
-0.0470600393700787
21
1.8390957086614172
0
LINE
8
BLACK
6
CONTINUOUS
10
-0.0470600393700787
20
1.8390957086614172
11
-0.04706
21
1.839095590551181
0
LINE
8
BLACK
6
CONTINUOUS
10
-0.04706
20
1.839095590551181
11
-0.044713188976378
21
1.8318728740157479
0
LINE
8
BLACK
6
CONTINUOUS
10
-0.044713188976378
20
1.8318728740157479
11
-0.0412653937007874
21
1.8251062204724409
0
LINE
8
BLACK
6
CONTINUOUS
10
-0.0412653937007874
20
1.8251062204724409
11
-0.0368015354330709
21
1.8189622440944881
0
LINE
8
BLACK
6
CONTINUOUS
10
-0.0368015354330709
20
1.8189622440944881
11
-0.0314314566929134
21
1.8135921653543308
0
LINE
8
BLACK
6
CONTINUOUS
10
-0.0314314566929134
20
1.8135921653543308
11
-0.0252874803149606
21
1.8091283070866142
0
LINE
8
BLACK
6
CONTINUOUS
10
-0.0252874803149606
20
1.8091283070866142
11
-0.0185208267716535
21
1.8056805118110235
0
LINE
8
BLACK
6
CONTINUOUS
10
-0.0185208267716535
20
1.8056805118110235
11
-0.0112981102362205
21
1.8033337007874015
0
LINE
8
BLACK
6
CONTINUOUS
10
-0.0112981102362205
20
1.8033337007874015
11
-0.0037972047244094
21
1.8021456692913385
0
LINE
8
BLACK
6
CONTINUOUS
10
-0.0037972047244094
20
1.8021456692913385
11
-0.0037971653543307
21
1.8021456692913385
0
LINE
8
BLACK
6
CONTINUOUS
10
-0.0037971653543307
20
1.8021456692913385
11
0.0037971653543307
21
1.8021456692913385
0
LINE
8
BLACK
6
CONTINUOUS
10
0.0037971653543307
20
1.8021456692913385
11
0.0037972047244094
21
1.8021456692913385
0
LINE
8
BLACK
6
CONTINUOUS
10
0.0037972047244094
20
1.8021456692913385
11
0.0112981102362205
21
1.8033337007874015
0
LINE
8
BLACK
6
CONTINUOUS
10
0.0112981102362205
20
1.8033337007874015
11
0.0185208267716535
21
1.8056805118110235
0
LINE
8
BLACK
6
CONTINUOUS
10
0.0185208267716535
20
1.8056805118110235
11
0.0252874803149606
21
1.8091283070866142
0
LINE
8
BLACK
6
CONTINUOUS
10
0.0252874803149606
20
1.8091283070866142
11
0.0314314566929134
21
1.8135921653543308
0
LINE
8
BLACK
6
CONTINUOUS
10
0.0314314566929134
20
1.8135921653543308
11
0.0368015354330709
21
1.8189622440944881
0
LINE
8
BLACK
6
CONTINUOUS
10
0.0368015354330709
20
1.8189622440944881
11
0.0412653937007874
21
1.8251062204724409
0
LINE
8
BLACK
6
CONTINUOUS
10
0.0412653937007874
20
1.8251062204724409
11
0.044713188976378
21
1.8318728740157479
0
LINE
8
BLACK
6
CONTINUOUS
10
0.044713188976378
20
1.8318728740157479
11
0.04706
21
1.839095590551181
0
LINE
8
BLACK
6
CONTINUOUS
10
0.04706
20
1.839095590551181
11
0.048248031496063
21
1.8465964960629921
0
LINE
8
BLACK
6
CONTINUOUS
10
0.048248031496063
20
1.8465964960629921
11
0.048248031496063
21
1.8541909055118109
0
LINE
8
BLACK
6
CONTINUOUS
10
0.048248031496063
20
1.8541909055118109
11
0.04706
21
1.861691811023622
0
LINE
8
BLACK
6
CONTINUOUS
10
0.04706
20
1.861691811023622
11
0.044713188976378
21
1.8689145275590551
0
LINE
8
BLACK
6
CONTINUOUS
10
0.044713188976378
20
1.8689145275590551
11
0.0412653937007874
21
1.8756811811023621
0
LINE
8
BLACK
6
CONTINUOUS
10
0.0412653937007874
20
1.8756811811023621
11
0.0368015354330709
21
1.8818251574803149
0
LINE
8
BLACK
6
CONTINUOUS
10
0.0368015354330709
20
1.8818251574803149
11
0.0314314566929134
21
1.8871952362204725
0
LINE
8
BLACK
6
CONTINUOUS
10
0.0314314566929134
20
1.8871952362204725
11
0.0252874803149606
21
1.891659094488189
0
LINE
8
BLACK
6
CONTINUOUS
10
0.0252874803149606
20
1.891659094488189
11
0.0185208267716535
21
1.8951068897637795
0
LINE
8
BLACK
6
CONTINUOUS
10
0.0185208267716535
20
1.8951068897637795
11
0.0112981102362205
21
1.8974537007874015
0
LINE
8
BLACK
6
CONTINUOUS
10
0.0112981102362205
20
1.8974537007874015
11
0.0112979921259843
21
1.8974537401574803
0
LINE
8
BLACK
6
CONTINUOUS
10
0.0112979921259843
20
1.8974537401574803
11
0.0055359842519685
21
1.8983663385826772
0
LINE
8
BLACK
6
CONTINUOUS
10
0.0055359842519685
20
1.8983663385826772
11
0.0037972047244094
21
1.8986417322834646
0
LINE
8
BLACK
6
CONTINUOUS
10
0.0037972047244094
20
1.8986417322834646
11
-0.0037972047244094
21
1.8986417322834646
0
LINE
8
BLACK
6
CONTINUOUS
10
-0.0037972047244094
20
1.8986417322834646
11
-0.0052087795275591
21
1.8984181889763778
0
LINE
8
BLACK
6
CONTINUOUS
10
-0.0052087795275591
20
1.8984181889763778
11
-0.011298031496063
21
1.8974537401574803
0
LINE
8
BLACK
6
CONTINUOUS
10
-0.011298031496063
20
1.8974537401574803
11
-0.0185209448818898
21
1.8951068503937007
0
LINE
8
BLACK
6
CONTINUOUS
10
-0.0185209448818898
20
1.8951068503937007
11
-0.0252875196850394
21
1.891659094488189
0
LINE
8
BLACK
6
CONTINUOUS
10
-0.0252875196850394
20
1.891659094488189
11
-0.028792874015748
21
1.8891123228346456
0
LINE
8
BLACK
6
CONTINUOUS
10
-0.028792874015748
20
1.8891123228346456
11
-0.0314314566929134
21
1.8871952362204725
0
LINE
8
BLACK
6
CONTINUOUS
10
-0.0314314566929134
20
1.8871952362204725
11
-0.0314315354330709
21
1.887195157480315
0
LINE
8
BLACK
6
CONTINUOUS
10
-0.0314315354330709
20
1.887195157480315
11
-0.0314315748031496
21
1.887195157480315
0
LINE
8
BLACK
6
CONTINUOUS
10
-0.0314315748031496
20
1.887195157480315
11
-0.0368014566929134
21
1.8818252755905511
0
LINE
8
BLACK
6
CONTINUOUS
10
-0.0368014566929134
20
1.8818252755905511
11
-0.0368014566929134
21
1.8818252362204724
0
LINE
8
BLACK
6
CONTINUOUS
10
-0.0368014566929134
20
1.8818252362204724
11
-0.0368015354330709
21
1.8818251574803149
0
LINE
8
BLACK
6
CONTINUOUS
10
-0.0368015354330709
20
1.8818251574803149
11
-0.0373537007874016
21
1.881065157480315
0
LINE
8
BLACK
6
CONTINUOUS
10
-0.0373537007874016
20
1.881065157480315
11
-0.0412653937007874
21
1.8756812204724409
0
LINE
8
BLACK
6
CONTINUOUS
10
-0.0412653937007874
20
1.8756812204724409
11
-0.0447131496062992
21
1.8689146456692913
0
LINE
8
BLACK
6
CONTINUOUS
10
-0.0447131496062992
20
1.8689146456692913
11
-0.0470600393700787
21
1.8616917322834645
0
LINE
8
BLACK
6
CONTINUOUS
10
-0.0470600393700787
20
1.8616917322834645
11
-0.048248031496063
21
1.8541909055118109
0
LINE
8
BLACK
6
CONTINUOUS
10
-0.048248031496063
20
1.8541909055118109
11
-0.048248031496063
21
1.8465965354330709
0
LINE
8
BLACK
6
CONTINUOUS
10
-0.0768578346456693
20
1.9126291338582677
11
-0.0830504330708661
21
1.9094738582677164
0
LINE
8
BLACK
6
CONTINUOUS
10
-0.0830504330708661
20
1.9094738582677164
11
-0.0896603937007874
21
1.9073261417322833
0
LINE
8
BLACK
6
CONTINUOUS
10
-0.0896603937007874
20
1.9073261417322833
11
-0.0965249606299213
21
1.9062388976377953
0
LINE
8
BLACK
6
CONTINUOUS
10
-0.0965249606299213
20
1.9062388976377953
11
-0.1034750393700787
21
1.9062388976377953
0
LINE
8
BLACK
6
CONTINUOUS
10
-0.1034750393700787
20
1.9062388976377953
11
-0.1103396062992126
21
1.9073261417322833
0
LINE
8
BLACK
6
CONTINUOUS
10
-0.1103396062992126
20
1.9073261417322833
11
-0.1169495669291339
21
1.9094738582677164
0
LINE
8
BLACK
6
CONTINUOUS
10
-0.1169495669291339
20
1.9094738582677164
11
-0.1231421653543307
21
1.9126291338582677
0
LINE
8
BLACK
6
CONTINUOUS
10
-0.1231421653543307
20
1.9126291338582677
11
-0.1235494094488189
21
1.912925
0
LINE
8
BLACK
6
CONTINUOUS
10
-0.1235494094488189
20
1.912925
11
-0.1377400787401575
21
1.8987343307086613
0
LINE
8
BLACK
6
CONTINUOUS
10
-0.1377400787401575
20
1.8987343307086613
11
-0.1335309842519685
21
1.8956762204724409
0
LINE
8
BLACK
6
CONTINUOUS
10
-0.1335309842519685
20
1.8956762204724409
11
-0.1245584645669291
21
1.8911044488188975
0
LINE
8
BLACK
6
CONTINUOUS
10
-0.1245584645669291
20
1.8911044488188975
11
-0.1245583464566929
21
1.8911044094488187
0
LINE
8
BLACK
6
CONTINUOUS
10
-0.1245583464566929
20
1.8911044094488187
11
-0.1149812598425197
21
1.8879926771653543
0
LINE
8
BLACK
6
CONTINUOUS
10
-0.1149812598425197
20
1.8879926771653543
11
-0.105035
21
1.8864173228346457
0
LINE
8
BLACK
6
CONTINUOUS
10
-0.105035
20
1.8864173228346457
11
-0.094965
21
1.8864173228346457
0
LINE
8
BLACK
6
CONTINUOUS
10
-0.094965
20
1.8864173228346457
11
-0.0850187795275591
21
1.8879926771653543
0
LINE
8
BLACK
6
CONTINUOUS
10
-0.0850187795275591
20
1.8879926771653543
11
-0.0754416929133858
21
1.8911044094488187
0
LINE
8
BLACK
6
CONTINUOUS
10
-0.0754416929133858
20
1.8911044094488187
11
-0.0754415748031496
21
1.8911044488188975
0
LINE
8
BLACK
6
CONTINUOUS
10
-0.0754415748031496
20
1.8911044488188975
11
-0.066469094488189
21
1.8956761811023621
0
LINE
8
BLACK
6
CONTINUOUS
10
-0.066469094488189
20
1.8956761811023621
11
-0.0622600393700787
21
1.8987343307086613
0
LINE
8
BLACK
6
CONTINUOUS
10
-0.0622600393700787
20
1.8987343307086613
11
-0.06226
21
1.8987343307086613
0
LINE
8
BLACK
6
CONTINUOUS
10
-0.06226
20
1.8987343307086613
11
-0.0764506692913386
21
1.912925
0
LINE
8
BLACK
6
CONTINUOUS
10
-0.0764506692913386
20
1.912925
11
-0.0768578346456693
21
1.9126291338582677
0
LINE
8
BLACK
6
CONTINUOUS
10
0.1231421653543307
20
1.9126291338582677
11
0.1169495669291339
21
1.9094738582677164
0
LINE
8
BLACK
6
CONTINUOUS
10
0.1169495669291339
20
1.9094738582677164
11
0.1103396062992126
21
1.9073261417322833
0
LINE
8
BLACK
6
CONTINUOUS
10
0.1103396062992126
20
1.9073261417322833
11
0.1034750393700787
21
1.9062388976377953
0
LINE
8
BLACK
6
CONTINUOUS
10
0.1034750393700787
20
1.9062388976377953
11
0.0965249606299213
21
1.9062388976377953
0
LINE
8
BLACK
6
CONTINUOUS
10
0.0965249606299213
20
1.9062388976377953
11
0.0896603937007874
21
1.9073261417322833
0
LINE
8
BLACK
6
CONTINUOUS
10
0.0896603937007874
20
1.9073261417322833
11
0.0830504330708661
21
1.9094738582677164
0
LINE
8
BLACK
6
CONTINUOUS
10
0.0830504330708661
20
1.9094738582677164
11
0.0768578346456693
21
1.9126291338582677
0
LINE
8
BLACK
6
CONTINUOUS
10
0.0768578346456693
20
1.9126291338582677
11
0.0764505905511811
21
1.912925
0
LINE
8
BLACK
6
CONTINUOUS
10
0.0764505905511811
20
1.912925
11
0.0622599212598425
21
1.8987343307086613
0
LINE
8
BLACK
6
CONTINUOUS
10
0.0622599212598425
20
1.8987343307086613
11
0.0664690157480315
21
1.8956762204724409
0
LINE
8
BLACK
6
CONTINUOUS
10
0.0664690157480315
20
1.8956762204724409
11
0.0754415354330709
21
1.8911044488188975
0
LINE
8
BLACK
6
CONTINUOUS
10
0.0754415354330709
20
1.8911044488188975
11
0.0754416535433071
21
1.8911044094488187
0
LINE
8
BLACK
6
CONTINUOUS
10
0.0754416535433071
20
1.8911044094488187
11
0.0850187401574803
21
1.8879926771653543
0
LINE
8
BLACK
6
CONTINUOUS
10
0.0850187401574803
20
1.8879926771653543
11
0.094965
21
1.8864173228346457
0
LINE
8
BLACK
6
CONTINUOUS
10
0.094965
20
1.8864173228346457
11
0.105035
21
1.8864173228346457
0
LINE
8
BLACK
6
CONTINUOUS
10
0.105035
20
1.8864173228346457
11
0.1149812204724409
21
1.8879926771653543
0
LINE
8
BLACK
6
CONTINUOUS
10
0.1149812204724409
20
1.8879926771653543
11
0.1245583070866142
21
1.8911044094488187
0
LINE
8
BLACK
6
CONTINUOUS
10
0.1245583070866142
20
1.8911044094488187
11
0.1245584251968504
21
1.8911044488188975
0
LINE
8
BLACK
6
CONTINUOUS
10
0.1245584251968504
20
1.8911044488188975
11
0.133530905511811
21
1.8956761811023621
0
LINE
8
BLACK
6
CONTINUOUS
10
0.133530905511811
20
1.8956761811023621
11
0.1377399606299212
21
1.8987343307086613
0
LINE
8
BLACK
6
CONTINUOUS
10
0.1377399606299212
20
1.8987343307086613
11
0.13774
21
1.8987343307086613
0
LINE
8
BLACK
6
CONTINUOUS
10
0.13774
20
1.8987343307086613
11
0.1235493307086614
21
1.912925
0
LINE
8
BLACK
6
CONTINUOUS
10
0.1235493307086614
20
1.912925
11
0.1231421653543307
21
1.9126291338582677
0
LINE
8
BLACK
6
CONTINUOUS
10
-0.0375989763779528
20
1.9653749606299211
11
-0.0407107086614173
21
1.9749520472440945
0
LINE
8
BLACK
6
CONTINUOUS
10
-0.0407107086614173
20
1.9749520472440945
11
-0.0407107480314961
21
1.9749521653543307
0
LINE
8
BLACK
6
CONTINUOUS
10
-0.0407107480314961
20
1.9749521653543307
11
-0.0452825196850394
21
1.9839246850393701
0
LINE
8
BLACK
6
CONTINUOUS
10
-0.0452825196850394
20
1.9839246850393701
11
-0.0483406299212598
21
1.9881337401574803
0
LINE
8
BLACK
6
CONTINUOUS
10
-0.0483406299212598
20
1.9881337401574803
11
-0.0483406299212598
21
1.9881337795275591
0
LINE
8
BLACK
6
CONTINUOUS
10
-0.0483406299212598
20
1.9881337795275591
11
-0.0625313385826772
21
1.9739431102362204
0
LINE
8
BLACK
6
CONTINUOUS
10
-0.0625313385826772
20
1.9739431102362204
11
-0.0622354330708661
21
1.9735358661417322
0
LINE
8
BLACK
6
CONTINUOUS
10
-0.0622354330708661
20
1.9735358661417322
11
-0.059080157480315
21
1.9673432677165354
0
LINE
8
BLACK
6
CONTINUOUS
10
-0.059080157480315
20
1.9673432677165354
11
-0.0569324409448819
21
1.9607333070866142
0
LINE
8
BLACK
6
CONTINUOUS
10
-0.0569324409448819
20
1.9607333070866142
11
-0.0558451968503937
21
1.9538687401574804
0
LINE
8
BLACK
6
CONTINUOUS
10
-0.0558451968503937
20
1.9538687401574804
11
-0.0558451968503937
21
1.9469186614173228
0
LINE
8
BLACK
6
CONTINUOUS
10
-0.0558451968503937
20
1.9469186614173228
11
-0.0569324409448819
21
1.940054094488189
0
LINE
8
BLACK
6
CONTINUOUS
10
-0.0569324409448819
20
1.940054094488189
11
-0.059080157480315
21
1.9334441338582677
0
LINE
8
BLACK
6
CONTINUOUS
10
-0.059080157480315
20
1.9334441338582677
11
-0.0622354330708661
21
1.9272515354330708
0
LINE
8
BLACK
6
CONTINUOUS
10
-0.0622354330708661
20
1.9272515354330708
11
-0.0625312992125984
21
1.9268443700787401
0
LINE
8
BLACK
6
CONTINUOUS
10
-0.0625312992125984
20
1.9268443700787401
11
-0.0483406299212598
21
1.9126537007874016
0
LINE
8
BLACK
6
CONTINUOUS
10
-0.0483406299212598
20
1.9126537007874016
11
-0.0483406299212598
21
1.9126537401574804
0
LINE
8
BLACK
6
CONTINUOUS
10
-0.0483406299212598
20
1.9126537401574804
11
-0.0452824803149606
21
1.9168627952755906
0
LINE
8
BLACK
6
CONTINUOUS
10
-0.0452824803149606
20
1.9168627952755906
11
-0.0407107480314961
21
1.9258352755905512
0
LINE
8
BLACK
6
CONTINUOUS
10
-0.0407107480314961
20
1.9258352755905512
11
-0.0407107086614173
21
1.9258353937007873
0
LINE
8
BLACK
6
CONTINUOUS
10
-0.0407107086614173
20
1.9258353937007873
11
-0.0375989763779528
21
1.9354124803149606
0
LINE
8
BLACK
6
CONTINUOUS
10
-0.0375989763779528
20
1.9354124803149606
11
-0.0360236220472441
21
1.9453587007874016
0
LINE
8
BLACK
6
CONTINUOUS
10
-0.0360236220472441
20
1.9453587007874016
11
-0.0360236220472441
21
1.9554287401574804
0
LINE
8
BLACK
6
CONTINUOUS
10
-0.0360236220472441
20
1.9554287401574804
11
-0.0375989763779528
21
1.9653749606299211
0
LINE
8
BLACK
6
CONTINUOUS
10
0.1374686614173228
20
1.9739431102362204
11
0.1377645669291339
21
1.9735358661417322
0
LINE
8
BLACK
6
CONTINUOUS
10
0.1377645669291339
20
1.9735358661417322
11
0.140919842519685
21
1.9673432677165354
0
LINE
8
BLACK
6
CONTINUOUS
10
0.140919842519685
20
1.9673432677165354
11
0.1430675590551181
21
1.9607333070866142
0
LINE
8
BLACK
6
CONTINUOUS
10
0.1430675590551181
20
1.9607333070866142
11
0.1441548031496063
21
1.9538687401574804
0
LINE
8
BLACK
6
CONTINUOUS
10
0.1441548031496063
20
1.9538687401574804
11
0.1441548031496063
21
1.9469186614173228
0
LINE
8
BLACK
6
CONTINUOUS
10
0.1441548031496063
20
1.9469186614173228
11
0.1430675590551181
21
1.940054094488189
0
LINE
8
BLACK
6
CONTINUOUS
10
0.1430675590551181
20
1.940054094488189
11
0.140919842519685
21
1.9334441338582677
0
LINE
8
BLACK
6
CONTINUOUS
10
0.140919842519685
20
1.9334441338582677
11
0.1377645669291339
21
1.9272515354330708
0
LINE
8
BLACK
6
CONTINUOUS
10
0.1377645669291339
20
1.9272515354330708
11
0.1374687007874016
21
1.9268443700787401
0
LINE
8
BLACK
6
CONTINUOUS
10
0.1374687007874016
20
1.9268443700787401
11
0.1516593700787401
21
1.9126537007874016
0
LINE
8
BLACK
6
CONTINUOUS
10
0.1516593700787401
20
1.9126537007874016
11
0.1516593700787401
21
1.9126537401574804
0
LINE
8
BLACK
6
CONTINUOUS
10
0.1516593700787401
20
1.9126537401574804
11
0.1547175196850394
21
1.9168627952755906
0
LINE
8
BLACK
6
CONTINUOUS
10
0.1547175196850394
20
1.9168627952755906
11
0.1592892519685039
21
1.9258352755905512
0
LINE
8
BLACK
6
CONTINUOUS
10
0.1592892519685039
20
1.9258352755905512
11
0.1592892913385827
21
1.9258353937007873
0
LINE
8
BLACK
6
CONTINUOUS
10
0.1592892913385827
20
1.9258353937007873
11
0.1624010236220473
21
1.9354124803149606
0
LINE
8
BLACK
6
CONTINUOUS
10
0.1624010236220473
20
1.9354124803149606
11
0.1639763779527559
21
1.9453587007874016
0
LINE
8
BLACK
6
CONTINUOUS
10
0.1639763779527559
20
1.9453587007874016
11
0.1639763779527559
21
1.9554287401574804
0
LINE
8
BLACK
6
CONTINUOUS
10
0.1639763779527559
20
1.9554287401574804
11
0.1624010236220473
21
1.9653749606299211
0
LINE
8
BLACK
6
CONTINUOUS
10
0.1624010236220473
20
1.9653749606299211
11
0.1592892913385827
21
1.9749520472440945
0
LINE
8
BLACK
6
CONTINUOUS
10
0.1592892913385827
20
1.9749520472440945
11
0.1592892519685039
21
1.9749521653543307
0
LINE
8
BLACK
6
CONTINUOUS
10
0.1592892519685039
20
1.9749521653543307
11
0.1547174803149606
21
1.9839246850393701
0
LINE
8
BLACK
6
CONTINUOUS
10
0.1547174803149606
20
1.9839246850393701
11
0.1516593700787401
21
1.9881337401574803
0
LINE
8
BLACK
6
CONTINUOUS
10
0.1516593700787401
20
1.9881337401574803
11
0.1516593700787401
21
1.9881337795275591
0
LINE
8
BLACK
6
CONTINUOUS
10
0.1516593700787401
20
1.9881337795275591
11
0.1374686614173228
21
1.9739431102362204
0
LINE
8
BLACK
6
CONTINUOUS
10
-0.1149812598425197
20
2.0127947637795276
11
-0.1245583464566929
21
2.009683031496063
0
LINE
8
BLACK
6
CONTINUOUS
10
-0.1245583464566929
20
2.009683031496063
11
-0.1245584645669291
21
2.0096829921259842
0
LINE
8
BLACK
6
CONTINUOUS
10
-0.1245584645669291
20
2.0096829921259842
11
-0.1335311023622047
21
2.0051111417322836
0
LINE
8
BLACK
6
CONTINUOUS
10
-0.1335311023622047
20
2.0051111417322836
11
-0.1377400393700787
21
2.0020531889763777
0
LINE
8
BLACK
6
CONTINUOUS
10
-0.1377400393700787
20
2.0020531889763777
11
-0.1377400787401575
21
2.002053149606299
0
LINE
8
BLACK
6
CONTINUOUS
10
-0.1377400787401575
20
2.002053149606299
11
-0.1235493700787402
21
1.9878624409448817
0
LINE
8
BLACK
6
CONTINUOUS
10
-0.1235493700787402
20
1.9878624409448817
11
-0.1231421653543307
21
1.9881582677165355
0
LINE
8
BLACK
6
CONTINUOUS
10
-0.1231421653543307
20
1.9881582677165355
11
-0.1169495669291339
21
1.9913135433070865
0
LINE
8
BLACK
6
CONTINUOUS
10
-0.1169495669291339
20
1.9913135433070865
11
-0.1103396062992126
21
1.9934612598425197
0
LINE
8
BLACK
6
CONTINUOUS
10
-0.1103396062992126
20
1.9934612598425197
11
-0.1034750393700787
21
1.9945485039370079
0
LINE
8
BLACK
6
CONTINUOUS
10
-0.1034750393700787
20
1.9945485039370079
11
-0.0965249606299213
21
1.9945485039370079
0
LINE
8
BLACK
6
CONTINUOUS
10
-0.0965249606299213
20
1.9945485039370079
11
-0.0896603937007874
21
1.9934612598425197
0
LINE
8
BLACK
6
CONTINUOUS
10
-0.0896603937007874
20
1.9934612598425197
11
-0.0830504330708661
21
1.9913135433070865
0
LINE
8
BLACK
6
CONTINUOUS
10
-0.0830504330708661
20
1.9913135433070865
11
-0.0768578346456693
21
1.9881582677165355
0
LINE
8
BLACK
6
CONTINUOUS
10
-0.0768578346456693
20
1.9881582677165355
11
-0.0764507480314961
21
1.9878625196850392
0
LINE
8
BLACK
6
CONTINUOUS
10
-0.0764507480314961
20
1.9878625196850392
11
-0.06226
21
2.002053149606299
0
LINE
8
BLACK
6
CONTINUOUS
10
-0.06226
20
2.002053149606299
11
-0.0664690551181102
21
2.0051112204724411
0
LINE
8
BLACK
6
CONTINUOUS
10
-0.0664690551181102
20
2.0051112204724411
11
-0.0754415748031496
21
2.0096829921259842
0
LINE
8
BLACK
6
CONTINUOUS
10
-0.0754415748031496
20
2.0096829921259842
11
-0.0754416929133858
21
2.009683031496063
0
LINE
8
BLACK
6
CONTINUOUS
10
-0.0754416929133858
20
2.009683031496063
11
-0.0850187795275591
21
2.0127947637795276
0
LINE
8
BLACK
6
CONTINUOUS
10
-0.0850187795275591
20
2.0127947637795276
11
-0.094965
21
2.0143700787401575
0
LINE
8
BLACK
6
CONTINUOUS
10
-0.094965
20
2.0143700787401575
11
-0.105035
21
2.0143700787401575
0
LINE
8
BLACK
6
CONTINUOUS
10
-0.105035
20
2.0143700787401575
11
-0.1149812598425197
21
2.0127947637795276
0
LINE
8
BLACK
6
CONTINUOUS
10
0.0850187401574803
20
2.0127947637795276
11
0.0754416535433071
21
2.009683031496063
0
LINE
8
BLACK
6
CONTINUOUS
10
0.0754416535433071
20
2.009683031496063
11
0.0754415354330709
21
2.0096829921259842
0
LINE
8
BLACK
6
CONTINUOUS
10
0.0754415354330709
20
2.0096829921259842
11
0.0664688976377953
21
2.0051111417322836
0
LINE
8
BLACK
6
CONTINUOUS
10
0.0664688976377953
20
2.0051111417322836
11
0.0622599606299213
21
2.0020531889763777
0
LINE
8
BLACK
6
CONTINUOUS
10
0.0622599606299213
20
2.0020531889763777
11
0.0622599212598425
21
2.002053149606299
0
LINE
8
BLACK
6
CONTINUOUS
10
0.0622599212598425
20
2.002053149606299
11
0.0764506299212598
21
1.9878624409448817
0
LINE
8
BLACK
6
CONTINUOUS
10
0.0764506299212598
20
1.9878624409448817
11
0.0768578346456693
21
1.9881582677165355
0
LINE
8
BLACK
6
CONTINUOUS
10
0.0768578346456693
20
1.9881582677165355
11
0.0830504330708661
21
1.9913135433070865
0
LINE
8
BLACK
6
CONTINUOUS
10
0.0830504330708661
20
1.9913135433070865
11
0.0896603937007874
21
1.9934612598425197
0
LINE
8
BLACK
6
CONTINUOUS
10
0.0896603937007874
20
1.9934612598425197
11
0.0965249606299213
21
1.9945485039370079
0
LINE
8
BLACK
6
CONTINUOUS
10
0.0965249606299213
20
1.9945485039370079
11
0.1034750393700787
21
1.9945485039370079
0
LINE
8
BLACK
6
CONTINUOUS
10
0.1034750393700787
20
1.9945485039370079
11
0.1103396062992126
21
1.9934612598425197
0
LINE
8
BLACK
6
CONTINUOUS
10
0.1103396062992126
20
1.9934612598425197
11
0.1169495669291339
21
1.9913135433070865
0
LINE
8
BLACK
6
CONTINUOUS
10
0.1169495669291339
20
1.9913135433070865
11
0.1231421653543307
21
1.9881582677165355
0
LINE
8
BLACK
6
CONTINUOUS
10
0.1231421653543307
20
1.9881582677165355
11
0.1235492519685039
21
1.9878625196850392
0
LINE
8
BLACK
6
CONTINUOUS
10
0.1235492519685039
20
1.9878625196850392
11
0.13774
21
2.002053149606299
0
LINE
8
BLACK
6
CONTINUOUS
10
0.13774
20
2.002053149606299
11
0.1335309448818898
21
2.0051112204724411
0
LINE
8
BLACK
6
CONTINUOUS
10
0.1335309448818898
20
2.0051112204724411
11
0.1245584251968504
21
2.0096829921259842
0
LINE
8
BLACK
6
CONTINUOUS
10
0.1245584251968504
20
2.0096829921259842
11
0.1245583070866142
21
2.009683031496063
0
LINE
8
BLACK
6
CONTINUOUS
10
0.1245583070866142
20
2.009683031496063
11
0.1149812204724409
21
2.0127947637795276
0
LINE
8
BLACK
6
CONTINUOUS
10
0.1149812204724409
20
2.0127947637795276
11
0.105035
21
2.0143700787401575
0
LINE
8
BLACK
6
CONTINUOUS
10
0.105035
20
2.0143700787401575
11
0.094965
21
2.0143700787401575
0
LINE
8
BLACK
6
CONTINUOUS
10
0.094965
20
2.0143700787401575
11
0.0850187401574803
21
2.0127947637795276
0
LINE
8
BLACK
6
CONTINUOUS
10
0.7361417322834646
20
-2.1098425196850394
11
0.7558267716535433
21
-2.1098425196850394
0
LINE
8
BLACK
6
CONTINUOUS
10
0.7558267716535433
20
-2.1098425196850394
11
0.7558267716535433
21
-2.0896850393700785
0
LINE
8
BLACK
6
CONTINUOUS
10
0.7558267716535433
20
-2.0896850393700785
11
0.775984251968504
21
-2.0896850393700785
0
LINE
8
BLACK
6
CONTINUOUS
10
0.775984251968504
20
-2.0896850393700785
11
0.775984251968504
21
-2.0699999999999998
0
LINE
8
BLACK
6
CONTINUOUS
10
0.775984251968504
20
-2.0699999999999998
11
0.7539431102362204
21
-2.0699999999999998
0
LINE
8
BLACK
6
CONTINUOUS
10
0.7539431102362204
20
-2.0699999999999998
11
0.7515994881889764
21
-2.0702520078740156
0
LINE
8
BLACK
6
CONTINUOUS
10
0.7515994881889764
20
-2.0702520078740156
11
0.7515992125984252
21
-2.0702520866141731
0
LINE
8
BLACK
6
CONTINUOUS
10
0.7515992125984252
20
-2.0702520866141731
11
0.7462957874015748
21
-2.0722301181102361
0
LINE
8
BLACK
6
CONTINUOUS
10
0.7462957874015748
20
-2.0722301181102361
11
0.7462955118110236
21
-2.0722302755905511
0
LINE
8
BLACK
6
CONTINUOUS
10
0.7462955118110236
20
-2.0722302755905511
11
0.7417642519685039
21
-2.0756224015748033
0
LINE
8
BLACK
6
CONTINUOUS
10
0.7417642519685039
20
-2.0756224015748033
11
0.7417641338582677
21
-2.0756225196850395
0
LINE
8
BLACK
6
CONTINUOUS
10
0.7417641338582677
20
-2.0756225196850395
11
0.7383720078740157
21
-2.0801537795275591
0
LINE
8
BLACK
6
CONTINUOUS
10
0.7383720078740157
20
-2.0801537795275591
11
0.7383718503937008
21
-2.0801540551181104
0
LINE
8
BLACK
6
CONTINUOUS
10
0.7383718503937008
20
-2.0801540551181104
11
0.7363938188976378
21
-2.0854574803149606
0
LINE
8
BLACK
6
CONTINUOUS
10
0.7363938188976378
20
-2.0854574803149606
11
0.7363937401574803
21
-2.0854577559055119
0
LINE
8
BLACK
6
CONTINUOUS
10
0.7363937401574803
20
-2.0854577559055119
11
0.7361417322834646
21
-2.087801377952756
0
LINE
8
BLACK
6
CONTINUOUS
10
0.7361417322834646
20
-2.087801377952756
11
0.7361417322834646
21
-2.1098425196850394
0
LINE
8
BLACK
6
CONTINUOUS
10
0.7361417322834646
20
-1.9098425196850393
11
0.7558267716535433
21
-1.9098425196850393
0
LINE
8
BLACK
6
CONTINUOUS
10
0.7558267716535433
20
-1.9098425196850393
11
0.7558267716535433
21
-1.8896850393700786
0
LINE
8
BLACK
6
CONTINUOUS
10
0.7558267716535433
20
-1.8896850393700786
11
0.775984251968504
21
-1.8896850393700786
0
LINE
8
BLACK
6
CONTINUOUS
10
0.775984251968504
20
-1.8896850393700786
11
0.775984251968504
21
-1.8699999999999999
0
LINE
8
BLACK
6
CONTINUOUS
10
0.775984251968504
20
-1.8699999999999999
11
0.7539431102362204
21
-1.8699999999999999
0
LINE
8
BLACK
6
CONTINUOUS
10
0.7539431102362204
20
-1.8699999999999999
11
0.7515994881889764
21
-1.8702520078740157
0
LINE
8
BLACK
6
CONTINUOUS
10
0.7515994881889764
20
-1.8702520078740157
11
0.7515992125984252
21
-1.8702520866141732
0
LINE
8
BLACK
6
CONTINUOUS
10
0.7515992125984252
20
-1.8702520866141732
11
0.7462957874015748
21
-1.8722301181102361
0
LINE
8
BLACK
6
CONTINUOUS
10
0.7462957874015748
20
-1.8722301181102361
11
0.7462955118110236
21
-1.8722302755905511
0
LINE
8
BLACK
6
CONTINUOUS
10
0.7462955118110236
20
-1.8722302755905511
11
0.7417642519685039
21
-1.8756224015748031
0
LINE
8
BLACK
6
CONTINUOUS
10
0.7417642519685039
20
-1.8756224015748031
11
0.7417641338582677
21
-1.8756225196850393
0
LINE
8
BLACK
6
CONTINUOUS
10
0.7417641338582677
20
-1.8756225196850393
11
0.7383720078740157
21
-1.8801537795275589
0
LINE
8
BLACK
6
CONTINUOUS
10
0.7383720078740157
20
-1.8801537795275589
11
0.7383718503937008
21
-1.8801540551181102
0
LINE
8
BLACK
6
CONTINUOUS
10
0.7383718503937008
20
-1.8801540551181102
11
0.7363938188976378
21
-1.8854574803149606
0
LINE
8
BLACK
6
CONTINUOUS
10
0.7363938188976378
20
-1.8854574803149606
11
0.7363937401574803
21
-1.8854577559055117
0
LINE
8
BLACK
6
CONTINUOUS
10
0.7363937401574803
20
-1.8854577559055117
11
0.7361417322834646
21
-1.8878013779527558
0
LINE
8
BLACK
6
CONTINUOUS
10
0.7361417322834646
20
-1.8878013779527558
11
0.7361417322834646
21
-1.9098425196850393
0
LINE
8
BLACK
6
CONTINUOUS
10
-0.2878937007874016
20
-1.9492815748031496
11
-0.2874357874015748
21
-1.9515838188976378
0
LINE
8
BLACK
6
CONTINUOUS
10
-0.2874357874015748
20
-1.9515838188976378
11
-0.2874357480314961
21
-1.9515838582677165
0
LINE
8
BLACK
6
CONTINUOUS
10
-0.2874357480314961
20
-1.9515838582677165
11
-0.285691062992126
21
-1.9541949606299212
0
LINE
8
BLACK
6
CONTINUOUS
10
-0.285691062992126
20
-1.9541949606299212
11
-0.2830799606299212
21
-1.9559396456692912
0
LINE
8
BLACK
6
CONTINUOUS
10
-0.2830799606299212
20
-1.9559396456692912
11
-0.2830799212598425
21
-1.95593968503937
0
LINE
8
BLACK
6
CONTINUOUS
10
-0.2830799212598425
20
-1.95593968503937
11
-0.2807776771653543
21
-1.9563975984251969
0
LINE
8
BLACK
6
CONTINUOUS
10
-0.2807776771653543
20
-1.9563975984251969
11
-0.2807775590551181
21
-1.9563976377952756
0
LINE
8
BLACK
6
CONTINUOUS
10
-0.2807775590551181
20
-1.9563976377952756
11
-0.2807774803149606
21
-1.9563976377952756
0
LINE
8
BLACK
6
CONTINUOUS
10
-0.2807774803149606
20
-1.9563976377952756
11
-0.2192224409448819
21
-1.9563976377952756
0
LINE
8
BLACK
6
CONTINUOUS
10
-0.2192224409448819
20
-1.9563976377952756
11
-0.2192224015748031
21
-1.9563975984251969
0
LINE
8
BLACK
6
CONTINUOUS
10
-0.2192224015748031
20
-1.9563975984251969
11
-0.2186390551181102
21
-1.9562815748031495
0
LINE
8
BLACK
6
CONTINUOUS
10
-0.2186390551181102
20
-1.9562815748031495
11
-0.2169201181102362
21
-1.95593968503937
0
LINE
8
BLACK
6
CONTINUOUS
10
-0.2169201181102362
20
-1.95593968503937
11
-0.2169201181102362
21
-1.9559396456692912
0
LINE
8
BLACK
6
CONTINUOUS
10
-0.2169201181102362
20
-1.9559396456692912
11
-0.2169200393700787
21
-1.9559396456692912
0
LINE
8
BLACK
6
CONTINUOUS
10
-0.2169200393700787
20
-1.9559396456692912
11
-0.2143089763779528
21
-1.9541949606299212
0
LINE
8
BLACK
6
CONTINUOUS
10
-0.2143089763779528
20
-1.9541949606299212
11
-0.2125642913385827
21
-1.9515838976377953
0
LINE
8
BLACK
6
CONTINUOUS
10
-0.2125642913385827
20
-1.9515838976377953
11
-0.2125642913385827
21
-1.9515838188976378
0
LINE
8
BLACK
6
CONTINUOUS
10
-0.2125642913385827
20
-1.9515838188976378
11
-0.2125642519685039
21
-1.9515838188976378
0
LINE
8
BLACK
6
CONTINUOUS
10
-0.2125642519685039
20
-1.9515838188976378
11
-0.2121063385826772
21
-1.9492815748031496
0
LINE
8
BLACK
6
CONTINUOUS
10
-0.2121063385826772
20
-1.9492815748031496
11
-0.2121062992125984
21
-1.9492814960629921
0
LINE
8
BLACK
6
CONTINUOUS
10
-0.2121062992125984
20
-1.9492814960629921
11
-0.2121062992125984
21
-1.9422290551181103
0
LINE
8
BLACK
6
CONTINUOUS
10
-0.2121062992125984
20
-1.9422290551181103
11
-0.2131637401574803
21
-1.9432864960629921
0
LINE
8
BLACK
6
CONTINUOUS
10
-0.2131637401574803
20
-1.9432864960629921
11
-0.2167240551181102
21
-1.9453420472440945
0
LINE
8
BLACK
6
CONTINUOUS
10
-0.2167240551181102
20
-1.9453420472440945
11
-0.22
21
-1.9462198031496063
0
LINE
8
BLACK
6
CONTINUOUS
10
-0.22
20
-1.9462198031496063
11
-0.22
21
-1.9485039370078741
0
LINE
8
BLACK
6
CONTINUOUS
10
-0.22
20
-1.9485039370078741
11
-0.28
21
-1.9485039370078741
0
LINE
8
BLACK
6
CONTINUOUS
10
-0.28
20
-1.9485039370078741
11
-0.28
21
-1.888503937007874
0
LINE
8
BLACK
6
CONTINUOUS
10
-0.28
20
-1.888503937007874
11
-0.22
21
-1.888503937007874
0
LINE
8
BLACK
6
CONTINUOUS
10
-0.22
20
-1.888503937007874
11
-0.22
21
-1.9153656692913386
0
LINE
8
BLACK
6
CONTINUOUS
10
-0.22
20
-1.9153656692913386
11
-0.2167240551181102
21
-1.9162434645669291
0
LINE
8
BLACK
6
CONTINUOUS
10
-0.2167240551181102
20
-1.9162434645669291
11
-0.2131637401574803
21
-1.9182990157480315
0
LINE
8
BLACK
6
CONTINUOUS
10
-0.2131637401574803
20
-1.9182990157480315
11
-0.2121062992125984
21
-1.9193564566929133
0
LINE
8
BLACK
6
CONTINUOUS
10
-0.2121062992125984
20
-1.9193564566929133
11
-0.2121062992125984
21
-1.887726338582677
0
LINE
8
BLACK
6
CONTINUOUS
10
-0.2121062992125984
20
-1.887726338582677
11
-0.2121063385826772
21
-1.8877262598425197
0
LINE
8
BLACK
6
CONTINUOUS
10
-0.2121063385826772
20
-1.8877262598425197
11
-0.2125642519685039
21
-1.8854240157480315
0
LINE
8
BLACK
6
CONTINUOUS
10
-0.2125642519685039
20
-1.8854240157480315
11
-0.2125642913385827
21
-1.8854239763779528
0
LINE
8
BLACK
6
CONTINUOUS
10
-0.2125642913385827
20
-1.8854239763779528
11
-0.2143089763779528
21
-1.8828128740157479
0
LINE
8
BLACK
6
CONTINUOUS
10
-0.2143089763779528
20
-1.8828128740157479
11
-0.2169200787401575
21
-1.8810681889763778
0
LINE
8
BLACK
6
CONTINUOUS
10
-0.2169200787401575
20
-1.8810681889763778
11
-0.2169201181102362
21
-1.8810681496062991
0
LINE
8
BLACK
6
CONTINUOUS
10
-0.2169201181102362
20
-1.8810681496062991
11
-0.2192223622047244
21
-1.8806102362204724
0
LINE
8
BLACK
6
CONTINUOUS
10
-0.2192223622047244
20
-1.8806102362204724
11
-0.2192225196850394
21
-1.8806102362204724
0
LINE
8
BLACK
6
CONTINUOUS
10
-0.2192225196850394
20
-1.8806102362204724
11
-0.2807774803149606
21
-1.8806102362204724
0
LINE
8
BLACK
6
CONTINUOUS
10
-0.2807774803149606
20
-1.8806102362204724
11
-0.2807776771653543
21
-1.8806102362204724
0
LINE
8
BLACK
6
CONTINUOUS
10
-0.2807776771653543
20
-1.8806102362204724
11
-0.2830799212598425
21
-1.8810681496062991
0
LINE
8
BLACK
6
CONTINUOUS
10
-0.2830799212598425
20
-1.8810681496062991
11
-0.2830799606299212
21
-1.8810681889763778
0
LINE
8
BLACK
6
CONTINUOUS
10
-0.2830799606299212
20
-1.8810681889763778
11
-0.285691062992126
21
-1.8828128740157479
0
LINE
8
BLACK
6
CONTINUOUS
10
-0.285691062992126
20
-1.8828128740157479
11
-0.2874357480314961
21
-1.8854239763779528
0
LINE
8
BLACK
6
CONTINUOUS
10
-0.2874357480314961
20
-1.8854239763779528
11
-0.2874357874015748
21
-1.8854240157480315
0
LINE
8
BLACK
6
CONTINUOUS
10
-0.2874357874015748
20
-1.8854240157480315
11
-0.2878937007874016
21
-1.8877262598425197
0
LINE
8
BLACK
6
CONTINUOUS
10
-0.2878937007874016
20
-1.8877262598425197
11
-0.2878937007874016
21
-1.9492815748031496
0
LINE
8
BLACK
6
CONTINUOUS
10
-0.4996850393700787
20
-1.9086614173228347
11
-0.48
21
-1.9086614173228347
0
LINE
8
BLACK
6
CONTINUOUS
10
-0.48
20
-1.9086614173228347
11
-0.48
21
-1.888503937007874
0
LINE
8
BLACK
6
CONTINUOUS
10
-0.48
20
-1.888503937007874
11
-0.4598425196850394
21
-1.888503937007874
0
LINE
8
BLACK
6
CONTINUOUS
10
-0.4598425196850394
20
-1.888503937007874
11
-0.4598425196850394
21
-1.8688188976377953
0
LINE
8
BLACK
6
CONTINUOUS
10
-0.4598425196850394
20
-1.8688188976377953
11
-0.4818836614173228
21
-1.8688188976377953
0
LINE
8
BLACK
6
CONTINUOUS
10
-0.4818836614173228
20
-1.8688188976377953
11
-0.4842272834645669
21
-1.8690709055118109
0
LINE
8
BLACK
6
CONTINUOUS
10
-0.4842272834645669
20
-1.8690709055118109
11
-0.4842275590551181
21
-1.8690709842519684
0
LINE
8
BLACK
6
CONTINUOUS
10
-0.4842275590551181
20
-1.8690709842519684
11
-0.4895309842519685
21
-1.8710490157480315
0
LINE
8
BLACK
6
CONTINUOUS
10
-0.4895309842519685
20
-1.8710490157480315
11
-0.4895312598425197
21
-1.8710491732283465
0
LINE
8
BLACK
6
CONTINUOUS
10
-0.4895312598425197
20
-1.8710491732283465
11
-0.4940625196850393
21
-1.8744412992125983
0
LINE
8
BLACK
6
CONTINUOUS
10
-0.4940625196850393
20
-1.8744412992125983
11
-0.4940626377952756
21
-1.8744414173228345
0
LINE
8
BLACK
6
CONTINUOUS
10
-0.4940626377952756
20
-1.8744414173228345
11
-0.4974547637795275
21
-1.8789726771653543
0
LINE
8
BLACK
6
CONTINUOUS
10
-0.4974547637795275
20
-1.8789726771653543
11
-0.4974549212598425
21
-1.8789729527559054
0
LINE
8
BLACK
6
CONTINUOUS
10
-0.4974549212598425
20
-1.8789729527559054
11
-0.4994329527559055
21
-1.8842763779527558
0
LINE
8
BLACK
6
CONTINUOUS
10
-0.4994329527559055
20
-1.8842763779527558
11
-0.499433031496063
21
-1.8842766535433071
0
LINE
8
BLACK
6
CONTINUOUS
10
-0.499433031496063
20
-1.8842766535433071
11
-0.4996850393700787
21
-1.8866202755905512
0
LINE
8
BLACK
6
CONTINUOUS
10
-0.4996850393700787
20
-1.8866202755905512
11
-0.4996850393700787
21
-1.9086614173228347
0
LINE
8
BLACK
6
CONTINUOUS
10
-0.063011811023622
20
-0.7529905905511811
11
-0.0614602362204724
21
-0.762786811023622
0
LINE
8
BLACK
6
CONTINUOUS
10
-0.0614602362204724
20
-0.762786811023622
11
-0.0583952755905512
21
-0.7722198031496063
0
LINE
8
BLACK
6
CONTINUOUS
10
-0.0583952755905512
20
-0.7722198031496063
11
-0.0580415354330709
21
-0.7729140157480314
0
LINE
8
BLACK
6
CONTINUOUS
10
-0.0580415354330709
20
-0.7729140157480314
11
-0.0545899212598425
21
-0.7796881889763779
0
LINE
8
BLACK
6
CONTINUOUS
10
-0.0545899212598425
20
-0.7796881889763779
11
-0.0538924409448819
21
-0.7810570078740158
0
LINE
8
BLACK
6
CONTINUOUS
10
-0.0538924409448819
20
-0.7810570078740158
11
-0.0480629527559055
21
-0.7890806692913386
0
LINE
8
BLACK
6
CONTINUOUS
10
-0.0480629527559055
20
-0.7890806692913386
11
-0.0480627952755905
21
-0.7890808661417322
0
LINE
8
BLACK
6
CONTINUOUS
10
-0.0480627952755905
20
-0.7890808661417322
11
-0.0410494094488189
21
-0.7960942519685039
0
LINE
8
BLACK
6
CONTINUOUS
10
-0.0410494094488189
20
-0.7960942519685039
11
-0.0410492125984252
21
-0.7960944094488189
0
LINE
8
BLACK
6
CONTINUOUS
10
-0.0410492125984252
20
-0.7960944094488189
11
-0.0340505118110236
21
-0.8011792125984252
0
LINE
8
BLACK
6
CONTINUOUS
10
-0.0340505118110236
20
-0.8011792125984252
11
-0.0330253937007874
21
-0.8019240157480315
0
LINE
8
BLACK
6
CONTINUOUS
10
-0.0330253937007874
20
-0.8019240157480315
11
-0.0273943307086614
21
-0.804793188976378
0
LINE
8
BLACK
6
CONTINUOUS
10
-0.0273943307086614
20
-0.804793188976378
11
-0.0241883464566929
21
-0.8064267322834645
0
LINE
8
BLACK
6
CONTINUOUS
10
-0.0241883464566929
20
-0.8064267322834645
11
-0.0241882677165354
21
-0.8064267322834645
0
LINE
8
BLACK
6
CONTINUOUS
10
-0.0241882677165354
20
-0.8064267322834645
11
-0.0241881496062992
21
-0.806426811023622
0
LINE
8
BLACK
6
CONTINUOUS
10
-0.0241881496062992
20
-0.806426811023622
11
-0.0147553149606299
21
-0.8094917322834645
0
LINE
8
BLACK
6
CONTINUOUS
10
-0.0147553149606299
20
-0.8094917322834645
11
-0.0049591338582677
21
-0.8110433070866142
0
LINE
8
BLACK
6
CONTINUOUS
10
-0.0049591338582677
20
-0.8110433070866142
11
-0.004959094488189
21
-0.8110433070866142
0
LINE
8
BLACK
6
CONTINUOUS
10
-0.004959094488189
20
-0.8110433070866142
11
0.004959094488189
21
-0.8110433070866142
0
LINE
8
BLACK
6
CONTINUOUS
10
0.004959094488189
20
-0.8110433070866142
11
0.0049591338582677
21
-0.8110433070866142
0
LINE
8
BLACK
6
CONTINUOUS
10
0.0049591338582677
20
-0.8110433070866142
11
0.0147553149606299
21
-0.8094917322834645
0
LINE
8
BLACK
6
CONTINUOUS
10
0.0147553149606299
20
-0.8094917322834645
11
0.0241881496062992
21
-0.806426811023622
0
LINE
8
BLACK
6
CONTINUOUS
10
0.0241881496062992
20
-0.806426811023622
11
0.0330253937007874
21
-0.8019240157480315
0
LINE
8
BLACK
6
CONTINUOUS
10
0.0330253937007874
20
-0.8019240157480315
11
0.0410494488188976
21
-0.7960942125984252
0
LINE
8
BLACK
6
CONTINUOUS
10
0.0410494488188976
20
-0.7960942125984252
11
0.0480627165354331
21
-0.7890809448818897
0
LINE
8
BLACK
6
CONTINUOUS
10
0.0480627165354331
20
-0.7890809448818897
11
0.0538925196850394
21
-0.7810568897637795
0
LINE
8
BLACK
6
CONTINUOUS
10
0.0538925196850394
20
-0.7810568897637795
11
0.0583953149606299
21
-0.7722196456692914
0
LINE
8
BLACK
6
CONTINUOUS
10
0.0583953149606299
20
-0.7722196456692914
11
0.0614602362204724
21
-0.762786811023622
0
LINE
8
BLACK
6
CONTINUOUS
10
0.0614602362204724
20
-0.762786811023622
11
0.063011811023622
21
-0.7529906299212599
0
LINE
8
BLACK
6
CONTINUOUS
10
0.063011811023622
20
-0.7529906299212599
11
0.063011811023622
21
-0.7430723622047244
0
LINE
8
BLACK
6
CONTINUOUS
10
0.063011811023622
20
-0.7430723622047244
11
0.0614602362204724
21
-0.7332761811023621
0
LINE
8
BLACK
6
CONTINUOUS
10
0.0614602362204724
20
-0.7332761811023621
11
0.0583953149606299
21
-0.7238433464566929
0
LINE
8
BLACK
6
CONTINUOUS
10
0.0583953149606299
20
-0.7238433464566929
11
0.0583952362204724
21
-0.7238432283464566
0
LINE
8
BLACK
6
CONTINUOUS
10
0.0583952362204724
20
-0.7238432283464566
11
0.0583952362204724
21
-0.7238431496062991
0
LINE
8
BLACK
6
CONTINUOUS
10
0.0583952362204724
20
-0.7238431496062991
11
0.0567616929133858
21
-0.7206371653543306
0
LINE
8
BLACK
6
CONTINUOUS
10
0.0567616929133858
20
-0.7206371653543306
11
0.0538925196850394
21
-0.7150061023622047
0
LINE
8
BLACK
6
CONTINUOUS
10
0.0538925196850394
20
-0.7150061023622047
11
0.0522943307086614
21
-0.7128063779527559
0
LINE
8
BLACK
6
CONTINUOUS
10
0.0522943307086614
20
-0.7128063779527559
11
0.0480629133858268
21
-0.7069822834645669
0
LINE
8
BLACK
6
CONTINUOUS
10
0.0480629133858268
20
-0.7069822834645669
11
0.0480627559055118
21
-0.7069820866141732
0
LINE
8
BLACK
6
CONTINUOUS
10
0.0480627559055118
20
-0.7069820866141732
11
0.0410493700787402
21
-0.6999687007874016
0
LINE
8
BLACK
6
CONTINUOUS
10
0.0410493700787402
20
-0.6999687007874016
11
0.0410491732283465
21
-0.6999685433070866
0
LINE
8
BLACK
6
CONTINUOUS
10
0.0410491732283465
20
-0.6999685433070866
11
0.0330255118110236
21
-0.6941390551181102
0
LINE
8
BLACK
6
CONTINUOUS
10
0.0330255118110236
20
-0.6941390551181102
11
0.0330254724409449
21
-0.6941390157480315
0
LINE
8
BLACK
6
CONTINUOUS
10
0.0330254724409449
20
-0.6941390157480315
11
0.0330253937007874
21
-0.6941389763779527
0
LINE
8
BLACK
6
CONTINUOUS
10
0.0330253937007874
20
-0.6941389763779527
11
0.0302656299212598
21
-0.6927327952755905
0
LINE
8
BLACK
6
CONTINUOUS
10
0.0302656299212598
20
-0.6927327952755905
11
0.0241883070866142
21
-0.6896362204724409
0
LINE
8
BLACK
6
CONTINUOUS
10
0.0241883070866142
20
-0.6896362204724409
11
0.0147553149606299
21
-0.6865712598425197
0
LINE
8
BLACK
6
CONTINUOUS
10
0.0147553149606299
20
-0.6865712598425197
11
0.0049591338582677
21
-0.6850196850393701
0
LINE
8
BLACK
6
CONTINUOUS
10
0.0049591338582677
20
-0.6850196850393701
11
-0.0049591338582677
21
-0.6850196850393701
0
LINE
8
BLACK
6
CONTINUOUS
10
-0.0049591338582677
20
-0.6850196850393701
11
-0.0098572440944882
21
-0.6857954724409449
0
LINE
8
BLACK
6
CONTINUOUS
10
-0.0098572440944882
20
-0.6857954724409449
11
-0.0147553543307087
21
-0.6865712598425197
0
LINE
8
BLACK
6
CONTINUOUS
10
-0.0147553543307087
20
-0.6865712598425197
11
-0.0241883464566929
21
-0.6896362204724409
0
LINE
8
BLACK
6
CONTINUOUS
10
-0.0241883464566929
20
-0.6896362204724409
11
-0.0330255511811024
21
-0.6941390551181102
0
LINE
8
BLACK
6
CONTINUOUS
10
-0.0330255511811024
20
-0.6941390551181102
11
-0.0410492125984252
21
-0.6999685433070866
0
LINE
8
BLACK
6
CONTINUOUS
10
-0.0410492125984252
20
-0.6999685433070866
11
-0.0410494094488189
21
-0.6999687007874016
0
LINE
8
BLACK
6
CONTINUOUS
10
-0.0410494094488189
20
-0.6999687007874016
11
-0.0480627952755905
21
-0.7069820866141732
0
LINE
8
BLACK
6
CONTINUOUS
10
-0.0480627952755905
20
-0.7069820866141732
11
-0.0480629527559055
21
-0.7069822834645669
0
LINE
8
BLACK
6
CONTINUOUS
10
-0.0480629527559055
20
-0.7069822834645669
11
-0.0538924409448819
21
-0.7150059448818897
0
LINE
8
BLACK
6
CONTINUOUS
10
-0.0538924409448819
20
-0.7150059448818897
11
-0.0583952755905512
21
-0.7238431496062991
0
LINE
8
BLACK
6
CONTINUOUS
10
-0.0583952755905512
20
-0.7238431496062991
11
-0.0614602362204724
21
-0.7332761417322834
0
LINE
8
BLACK
6
CONTINUOUS
10
-0.0614602362204724
20
-0.7332761417322834
11
-0.063011811023622
21
-0.7430723622047244
0
LINE
8
BLACK
6
CONTINUOUS
10
-0.063011811023622
20
-0.7430723622047244
11
-0.063011811023622
21
-0.7529905905511811
0
LINE
8
BLACK
6
CONTINUOUS
10
-0.7108261023622047
20
0.3690566535433071
11
-0.7092745275590551
21
0.3592604330708661
0
LINE
8
BLACK
6
CONTINUOUS
10
-0.7092745275590551
20
0.3592604330708661
11
-0.7062095669291338
21
0.3498274409448819
0
LINE
8
BLACK
6
CONTINUOUS
10
-0.7062095669291338
20
0.3498274409448819
11
-0.7017067322834646
21
0.3409902362204724
0
LINE
8
BLACK
6
CONTINUOUS
10
-0.7017067322834646
20
0.3409902362204724
11
-0.6958772440944881
21
0.3329665748031496
0
LINE
8
BLACK
6
CONTINUOUS
10
-0.6958772440944881
20
0.3329665748031496
11
-0.6958770866141732
21
0.3329663779527559
0
LINE
8
BLACK
6
CONTINUOUS
10
-0.6958770866141732
20
0.3329663779527559
11
-0.6888637007874016
21
0.3259529921259842
0
LINE
8
BLACK
6
CONTINUOUS
10
-0.6888637007874016
20
0.3259529921259842
11
-0.6888635039370079
21
0.3259528346456693
0
LINE
8
BLACK
6
CONTINUOUS
10
-0.6888635039370079
20
0.3259528346456693
11
-0.6818648031496063
21
0.320868031496063
0
LINE
8
BLACK
6
CONTINUOUS
10
-0.6818648031496063
20
0.320868031496063
11
-0.6808396850393701
21
0.3201232283464567
0
LINE
8
BLACK
6
CONTINUOUS
10
-0.6808396850393701
20
0.3201232283464567
11
-0.6752086220472441
21
0.3172540551181102
0
LINE
8
BLACK
6
CONTINUOUS
10
-0.6752086220472441
20
0.3172540551181102
11
-0.6720026377952756
21
0.3156205118110236
0
LINE
8
BLACK
6
CONTINUOUS
10
-0.6720026377952756
20
0.3156205118110236
11
-0.6720025590551181
21
0.3156205118110236
0
LINE
8
BLACK
6
CONTINUOUS
10
-0.6720025590551181
20
0.3156205118110236
11
-0.6720024409448819
21
0.3156204330708661
0
LINE
8
BLACK
6
CONTINUOUS
10
-0.6720024409448819
20
0.3156204330708661
11
-0.6625696062992126
21
0.3125555118110236
0
LINE
8
BLACK
6
CONTINUOUS
10
-0.6625696062992126
20
0.3125555118110236
11
-0.6527734251968503
21
0.311003937007874
0
LINE
8
BLACK
6
CONTINUOUS
10
-0.6527734251968503
20
0.311003937007874
11
-0.6527733858267717
21
0.311003937007874
0
LINE
8
BLACK
6
CONTINUOUS
10
-0.6527733858267717
20
0.311003937007874
11
-0.6428551968503937
21
0.311003937007874
0
LINE
8
BLACK
6
CONTINUOUS
10
-0.6428551968503937
20
0.311003937007874
11
-0.642855157480315
21
0.311003937007874
0
LINE
8
BLACK
6
CONTINUOUS
10
-0.642855157480315
20
0.311003937007874
11
-0.6330589763779527
21
0.3125555118110236
0
LINE
8
BLACK
6
CONTINUOUS
10
-0.6330589763779527
20
0.3125555118110236
11
-0.6236261417322835
21
0.3156204330708661
0
LINE
8
BLACK
6
CONTINUOUS
10
-0.6236261417322835
20
0.3156204330708661
11
-0.6147888976377952
21
0.3201232283464567
0
LINE
8
BLACK
6
CONTINUOUS
10
-0.6147888976377952
20
0.3201232283464567
11
-0.606764842519685
21
0.325953031496063
0
LINE
8
BLACK
6
CONTINUOUS
10
-0.606764842519685
20
0.325953031496063
11
-0.5997515748031496
21
0.3329662992125984
0
LINE
8
BLACK
6
CONTINUOUS
10
-0.5997515748031496
20
0.3329662992125984
11
-0.5939217716535433
21
0.3409903543307087
0
LINE
8
BLACK
6
CONTINUOUS
10
-0.5939217716535433
20
0.3409903543307087
11
-0.5894189763779527
21
0.3498275984251968
0
LINE
8
BLACK
6
CONTINUOUS
10
-0.5894189763779527
20
0.3498275984251968
11
-0.5863540551181102
21
0.3592604330708661
0
LINE
8
BLACK
6
CONTINUOUS
10
-0.5863540551181102
20
0.3592604330708661
11
-0.5848024803149606
21
0.3690566141732283
0
LINE
8
BLACK
6
CONTINUOUS
10
-0.5848024803149606
20
0.3690566141732283
11
-0.5848024803149606
21
0.3789748818897637
0
LINE
8
BLACK
6
CONTINUOUS
10
-0.5848024803149606
20
0.3789748818897637
11
-0.5863540551181102
21
0.388771062992126
0
LINE
8
BLACK
6
CONTINUOUS
10
-0.5863540551181102
20
0.388771062992126
11
-0.5894189763779527
21
0.3982038976377953
0
LINE
8
BLACK
6
CONTINUOUS
10
-0.5894189763779527
20
0.3982038976377953
11
-0.5894190551181102
21
0.3982040157480315
0
LINE
8
BLACK
6
CONTINUOUS
10
-0.5894190551181102
20
0.3982040157480315
11
-0.5894190551181102
21
0.3982040944881889
0
LINE
8
BLACK
6
CONTINUOUS
10
-0.5894190551181102
20
0.3982040944881889
11
-0.5914146850393701
21
0.4021206692913386
0
LINE
8
BLACK
6
CONTINUOUS
10
-0.5914146850393701
20
0.4021206692913386
11
-0.5939217716535433
21
0.4070411417322835
0
LINE
8
BLACK
6
CONTINUOUS
10
-0.5939217716535433
20
0.4070411417322835
11
-0.5946665748031496
21
0.4080662598425197
0
LINE
8
BLACK
6
CONTINUOUS
10
-0.5946665748031496
20
0.4080662598425197
11
-0.5997513779527559
21
0.4150649606299213
0
LINE
8
BLACK
6
CONTINUOUS
10
-0.5997513779527559
20
0.4150649606299213
11
-0.5997515354330708
21
0.415065157480315
0
LINE
8
BLACK
6
CONTINUOUS
10
-0.5997515354330708
20
0.415065157480315
11
-0.6067649212598425
21
0.4220785433070866
0
LINE
8
BLACK
6
CONTINUOUS
10
-0.6067649212598425
20
0.4220785433070866
11
-0.6067651181102363
21
0.4220787007874016
0
LINE
8
BLACK
6
CONTINUOUS
10
-0.6067651181102363
20
0.4220787007874016
11
-0.6147887795275591
21
0.4279081889763779
0
LINE
8
BLACK
6
CONTINUOUS
10
-0.6147887795275591
20
0.4279081889763779
11
-0.6147888188976378
21
0.4279082283464567
0
LINE
8
BLACK
6
CONTINUOUS
10
-0.6147888188976378
20
0.4279082283464567
11
-0.6147888976377952
21
0.4279082677165355
0
LINE
8
BLACK
6
CONTINUOUS
10
-0.6147888976377952
20
0.4279082677165355
11
-0.6175486614173228
21
0.4293144488188976
0
LINE
8
BLACK
6
CONTINUOUS
10
-0.6175486614173228
20
0.4293144488188976
11
-0.6236259842519685
21
0.4324110236220473
0
LINE
8
BLACK
6
CONTINUOUS
10
-0.6236259842519685
20
0.4324110236220473
11
-0.6330589763779527
21
0.4354759842519685
0
LINE
8
BLACK
6
CONTINUOUS
10
-0.6330589763779527
20
0.4354759842519685
11
-0.642855157480315
21
0.4370275590551181
0
LINE
8
BLACK
6
CONTINUOUS
10
-0.642855157480315
20
0.4370275590551181
11
-0.6527734251968503
21
0.4370275590551181
0
LINE
8
BLACK
6
CONTINUOUS
10
-0.6527734251968503
20
0.4370275590551181
11
-0.6576715354330709
21
0.4362517716535433
0
LINE
8
BLACK
6
CONTINUOUS
10
-0.6576715354330709
20
0.4362517716535433
11
-0.6625696456692913
21
0.4354759842519685
0
LINE
8
BLACK
6
CONTINUOUS
10
-0.6625696456692913
20
0.4354759842519685
11
-0.6720026377952756
21
0.4324110236220473
0
LINE
8
BLACK
6
CONTINUOUS
10
-0.6720026377952756
20
0.4324110236220473
11
-0.680839842519685
21
0.4279081889763779
0
LINE
8
BLACK
6
CONTINUOUS
10
-0.680839842519685
20
0.4279081889763779
11
-0.6888635039370079
21
0.4220787007874016
0
LINE
8
BLACK
6
CONTINUOUS
10
-0.6888635039370079
20
0.4220787007874016
11
-0.6888637007874016
21
0.4220785433070866
0
LINE
8
BLACK
6
CONTINUOUS
10
-0.6888637007874016
20
0.4220785433070866
11
-0.6958770866141732
21
0.415065157480315
0
LINE
8
BLACK
6
CONTINUOUS
10
-0.6958770866141732
20
0.415065157480315
11
-0.6958772440944881
21
0.4150649606299213
0
LINE
8
BLACK
6
CONTINUOUS
10
-0.6958772440944881
20
0.4150649606299213
11
-0.6994885433070867
21
0.4100944488188976
0
LINE
8
BLACK
6
CONTINUOUS
10
-0.6994885433070867
20
0.4100944488188976
11
-0.6980491338582677
21
0.4076012992125984
0
LINE
8
BLACK
6
CONTINUOUS
10
-0.6980491338582677
20
0.4076012992125984
11
-0.6969851181102362
21
0.4036303149606299
0
LINE
8
BLACK
6
CONTINUOUS
10
-0.6969851181102362
20
0.4036303149606299
11
-0.6969851181102362
21
0.3995192913385827
0
LINE
8
BLACK
6
CONTINUOUS
10
-0.6969851181102362
20
0.3995192913385827
11
-0.6980491338582677
21
0.3955483070866141
0
LINE
8
BLACK
6
CONTINUOUS
10
-0.6980491338582677
20
0.3955483070866141
11
-0.7001046850393701
21
0.3919879921259842
0
LINE
8
BLACK
6
CONTINUOUS
10
-0.7001046850393701
20
0.3919879921259842
11
-0.7030116141732283
21
0.389081062992126
0
LINE
8
BLACK
6
CONTINUOUS
10
-0.7030116141732283
20
0.389081062992126
11
-0.7065719291338582
21
0.3870255118110236
0
LINE
8
BLACK
6
CONTINUOUS
10
-0.7065719291338582
20
0.3870255118110236
11
-0.7096830708661417
21
0.3861919291338582
0
LINE
8
BLACK
6
CONTINUOUS
10
-0.7096830708661417
20
0.3861919291338582
11
-0.7108261023622047
21
0.3789748818897637
0
LINE
8
BLACK
6
CONTINUOUS
10
-0.7108261023622047
20
0.3789748818897637
11
-0.7108261023622047
21
0.3690566535433071
0
LINE
8
BLACK
6
CONTINUOUS
10
0.5848024803149606
20
0.3690566535433071
11
0.5863540551181102
21
0.3592604330708661
0
LINE
8
BLACK
6
CONTINUOUS
10
0.5863540551181102
20
0.3592604330708661
11
0.5894190157480315
21
0.3498274409448819
0
LINE
8
BLACK
6
CONTINUOUS
10
0.5894190157480315
20
0.3498274409448819
11
0.5939218503937008
21
0.3409902362204724
0
LINE
8
BLACK
6
CONTINUOUS
10
0.5939218503937008
20
0.3409902362204724
11
0.5997513385826772
21
0.3329665748031496
0
LINE
8
BLACK
6
CONTINUOUS
10
0.5997513385826772
20
0.3329665748031496
11
0.5997514960629922
21
0.3329663779527559
0
LINE
8
BLACK
6
CONTINUOUS
10
0.5997514960629922
20
0.3329663779527559
11
0.6067648818897637
21
0.3259529921259842
0
LINE
8
BLACK
6
CONTINUOUS
10
0.6067648818897637
20
0.3259529921259842
11
0.6067650787401575
21
0.3259528346456693
0
LINE
8
BLACK
6
CONTINUOUS
10
0.6067650787401575
20
0.3259528346456693
11
0.613763779527559
21
0.320868031496063
0
LINE
8
BLACK
6
CONTINUOUS
10
0.613763779527559
20
0.320868031496063
11
0.6147888976377952
21
0.3201232283464567
0
LINE
8
BLACK
6
CONTINUOUS
10
0.6147888976377952
20
0.3201232283464567
11
0.6204199606299212
21
0.3172540551181102
0
LINE
8
BLACK
6
CONTINUOUS
10
0.6204199606299212
20
0.3172540551181102
11
0.6236259448818897
21
0.3156205118110236
0
LINE
8
BLACK
6
CONTINUOUS
10
0.6236259448818897
20
0.3156205118110236
11
0.6236260236220472
21
0.3156205118110236
0
LINE
8
BLACK
6
CONTINUOUS
10
0.6236260236220472
20
0.3156205118110236
11
0.6236261417322835
21
0.3156204330708661
0
LINE
8
BLACK
6
CONTINUOUS
10
0.6236261417322835
20
0.3156204330708661
11
0.6330589763779527
21
0.3125555118110236
0
LINE
8
BLACK
6
CONTINUOUS
10
0.6330589763779527
20
0.3125555118110236
11
0.642855157480315
21
0.311003937007874
0
LINE
8
BLACK
6
CONTINUOUS
10
0.642855157480315
20
0.311003937007874
11
0.6428551968503937
21
0.311003937007874
0
LINE
8
BLACK
6
CONTINUOUS
10
0.6428551968503937
20
0.311003937007874
11
0.6527733858267717
21
0.311003937007874
0
LINE
8
BLACK
6
CONTINUOUS
10
0.6527733858267717
20
0.311003937007874
11
0.6527734251968503
21
0.311003937007874
0
LINE
8
BLACK
6
CONTINUOUS
10
0.6527734251968503
20
0.311003937007874
11
0.6625696062992126
21
0.3125555118110236
0
LINE
8
BLACK
6
CONTINUOUS
10
0.6625696062992126
20
0.3125555118110236
11
0.6720024409448819
21
0.3156204330708661
0
LINE
8
BLACK
6
CONTINUOUS
10
0.6720024409448819
20
0.3156204330708661
11
0.6808396850393701
21
0.3201232283464567
0
LINE
8
BLACK
6
CONTINUOUS
10
0.6808396850393701
20
0.3201232283464567
11
0.6888637401574803
21
0.325953031496063
0
LINE
8
BLACK
6
CONTINUOUS
10
0.6888637401574803
20
0.325953031496063
11
0.6958770078740157
21
0.3329662992125984
0
LINE
8
BLACK
6
CONTINUOUS
10
0.6958770078740157
20
0.3329662992125984
11
0.701706811023622
21
0.3409903543307087
0
LINE
8
BLACK
6
CONTINUOUS
10
0.701706811023622
20
0.3409903543307087
11
0.7062096062992126
21
0.3498275984251968
0
LINE
8
BLACK
6
CONTINUOUS
10
0.7062096062992126
20
0.3498275984251968
11
0.7092745275590551
21
0.3592604330708661
0
LINE
8
BLACK
6
CONTINUOUS
10
0.7092745275590551
20
0.3592604330708661
11
0.7108261023622047
21
0.3690566141732283
0
LINE
8
BLACK
6
CONTINUOUS
10
0.7108261023622047
20
0.3690566141732283
11
0.7108261023622047
21
0.3789748818897637
0
LINE
8
BLACK
6
CONTINUOUS
10
0.7108261023622047
20
0.3789748818897637
11
0.7092745275590551
21
0.388771062992126
0
LINE
8
BLACK
6
CONTINUOUS
10
0.7092745275590551
20
0.388771062992126
11
0.7062096062992126
21
0.3982038976377953
0
LINE
8
BLACK
6
CONTINUOUS
10
0.7062096062992126
20
0.3982038976377953
11
0.7062095275590551
21
0.3982040157480315
0
LINE
8
BLACK
6
CONTINUOUS
10
0.7062095275590551
20
0.3982040157480315
11
0.7062095275590551
21
0.3982040944881889
0
LINE
8
BLACK
6
CONTINUOUS
10
0.7062095275590551
20
0.3982040944881889
11
0.7042138976377953
21
0.4021206692913386
0
LINE
8
BLACK
6
CONTINUOUS
10
0.7042138976377953
20
0.4021206692913386
11
0.701706811023622
21
0.4070411417322835
0
LINE
8
BLACK
6
CONTINUOUS
10
0.701706811023622
20
0.4070411417322835
11
0.7009620078740157
21
0.4080662598425197
0
LINE
8
BLACK
6
CONTINUOUS
10
0.7009620078740157
20
0.4080662598425197
11
0.6958772047244094
21
0.4150649606299213
0
LINE
8
BLACK
6
CONTINUOUS
10
0.6958772047244094
20
0.4150649606299213
11
0.6958770472440945
21
0.415065157480315
0
LINE
8
BLACK
6
CONTINUOUS
10
0.6958770472440945
20
0.415065157480315
11
0.6888636614173228
21
0.4220785433070866
0
LINE
8
BLACK
6
CONTINUOUS
10
0.6888636614173228
20
0.4220785433070866
11
0.6888634645669292
21
0.4220787007874016
0
LINE
8
BLACK
6
CONTINUOUS
10
0.6888634645669292
20
0.4220787007874016
11
0.6808398031496062
21
0.4279081889763779
0
LINE
8
BLACK
6
CONTINUOUS
10
0.6808398031496062
20
0.4279081889763779
11
0.6808397637795276
21
0.4279082283464567
0
LINE
8
BLACK
6
CONTINUOUS
10
0.6808397637795276
20
0.4279082283464567
11
0.6808396850393701
21
0.4279082677165355
0
LINE
8
BLACK
6
CONTINUOUS
10
0.6808396850393701
20
0.4279082677165355
11
0.6780799212598425
21
0.4293144488188976
0
LINE
8
BLACK
6
CONTINUOUS
10
0.6780799212598425
20
0.4293144488188976
11
0.6720025984251968
21
0.4324110236220473
0
LINE
8
BLACK
6
CONTINUOUS
10
0.6720025984251968
20
0.4324110236220473
11
0.6625696062992126
21
0.4354759842519685
0
LINE
8
BLACK
6
CONTINUOUS
10
0.6625696062992126
20
0.4354759842519685
11
0.6527734251968503
21
0.4370275590551181
0
LINE
8
BLACK
6
CONTINUOUS
10
0.6527734251968503
20
0.4370275590551181
11
0.642855157480315
21
0.4370275590551181
0
LINE
8
BLACK
6
CONTINUOUS
10
0.642855157480315
20
0.4370275590551181
11
0.6379570472440945
21
0.4362517716535433
0
LINE
8
BLACK
6
CONTINUOUS
10
0.6379570472440945
20
0.4362517716535433
11
0.633058937007874
21
0.4354759842519685
0
LINE
8
BLACK
6
CONTINUOUS
10
0.633058937007874
20
0.4354759842519685
11
0.6236259448818897
21
0.4324110236220473
0
LINE
8
BLACK
6
CONTINUOUS
10
0.6236259448818897
20
0.4324110236220473
11
0.6147887401574803
21
0.4279081889763779
0
LINE
8
BLACK
6
CONTINUOUS
10
0.6147887401574803
20
0.4279081889763779
11
0.6067650787401575
21
0.4220787007874016
0
LINE
8
BLACK
6
CONTINUOUS
10
0.6067650787401575
20
0.4220787007874016
11
0.6067648818897637
21
0.4220785433070866
0
LINE
8
BLACK
6
CONTINUOUS
10
0.6067648818897637
20
0.4220785433070866
11
0.5997514960629922
21
0.415065157480315
0
LINE
8
BLACK
6
CONTINUOUS
10
0.5997514960629922
20
0.415065157480315
11
0.5997513385826772
21
0.4150649606299213
0
LINE
8
BLACK
6
CONTINUOUS
10
0.5997513385826772
20
0.4150649606299213
11
0.5939218503937008
21
0.4070412992125984
0
LINE
8
BLACK
6
CONTINUOUS
10
0.5939218503937008
20
0.4070412992125984
11
0.5894190157480315
21
0.3982040944881889
0
LINE
8
BLACK
6
CONTINUOUS
10
0.5894190157480315
20
0.3982040944881889
11
0.5863540551181102
21
0.3887711023622047
0
LINE
8
BLACK
6
CONTINUOUS
10
0.5863540551181102
20
0.3887711023622047
11
0.5848024803149606
21
0.3789748818897637
0
LINE
8
BLACK
6
CONTINUOUS
10
0.5848024803149606
20
0.3789748818897637
11
0.5848024803149606
21
0.3690566535433071
0
LINE
8
BLACK
6
CONTINUOUS
10
-0.1639763779527559
20
1.7453587007874016
11
-0.162401062992126
21
1.7354124803149606
0
LINE
8
BLACK
6
CONTINUOUS
10
-0.162401062992126
20
1.7354124803149606
11
-0.1592893307086614
21
1.7258353937007873
0
LINE
8
BLACK
6
CONTINUOUS
10
-0.1592893307086614
20
1.7258353937007873
11
-0.1592892913385827
21
1.7258352755905511
0
LINE
8
BLACK
6
CONTINUOUS
10
-0.1592892913385827
20
1.7258352755905511
11
-0.1547175196850394
21
1.7168627559055119
0
LINE
8
BLACK
6
CONTINUOUS
10
-0.1547175196850394
20
1.7168627559055119
11
-0.1516594488188976
21
1.7126537401574802
0
LINE
8
BLACK
6
CONTINUOUS
10
-0.1516594488188976
20
1.7126537401574802
11
-0.1516594488188976
21
1.7126537007874016
0
LINE
8
BLACK
6
CONTINUOUS
10
-0.1516594488188976
20
1.7126537007874016
11
-0.1374687795275591
21
1.7268444094488189
0
LINE
8
BLACK
6
CONTINUOUS
10
-0.1374687795275591
20
1.7268444094488189
11
-0.1377645669291339
21
1.7272515354330709
0
LINE
8
BLACK
6
CONTINUOUS
10
-0.1377645669291339
20
1.7272515354330709
11
-0.140919842519685
21
1.7334441338582676
0
LINE
8
BLACK
6
CONTINUOUS
10
-0.140919842519685
20
1.7334441338582676
11
-0.1430675590551181
21
1.740054094488189
0
LINE
8
BLACK
6
CONTINUOUS
10
-0.1430675590551181
20
1.740054094488189
11
-0.1441548031496063
21
1.7469186614173229
0
LINE
8
BLACK
6
CONTINUOUS
10
-0.1441548031496063
20
1.7469186614173229
11
-0.1441548031496063
21
1.7538687401574802
0
LINE
8
BLACK
6
CONTINUOUS
10
-0.1441548031496063
20
1.7538687401574802
11
-0.1430675590551181
21
1.7607333070866142
0
LINE
8
BLACK
6
CONTINUOUS
10
-0.1430675590551181
20
1.7607333070866142
11
-0.140919842519685
21
1.7673432677165355
0
LINE
8
BLACK
6
CONTINUOUS
10
-0.140919842519685
20
1.7673432677165355
11
-0.1377645669291339
21
1.7735358661417322
0
LINE
8
BLACK
6
CONTINUOUS
10
-0.1377645669291339
20
1.7735358661417322
11
-0.1374687401574803
21
1.7739430708661417
0
LINE
8
BLACK
6
CONTINUOUS
10
-0.1374687401574803
20
1.7739430708661417
11
-0.1516594488188976
21
1.7881337795275589
0
LINE
8
BLACK
6
CONTINUOUS
10
-0.1516594488188976
20
1.7881337795275589
11
-0.1516594881889764
21
1.7881337401574802
0
LINE
8
BLACK
6
CONTINUOUS
10
-0.1516594881889764
20
1.7881337401574802
11
-0.1547174409448819
21
1.7839248031496062
0
LINE
8
BLACK
6
CONTINUOUS
10
-0.1547174409448819
20
1.7839248031496062
11
-0.1592892913385827
21
1.7749521653543308
0
LINE
8
BLACK
6
CONTINUOUS
10
-0.1592892913385827
20
1.7749521653543308
11
-0.1592893307086614
21
1.7749520472440945
0
LINE
8
BLACK
6
CONTINUOUS
10
-0.1592893307086614
20
1.7749520472440945
11
-0.162401062992126
21
1.7653749606299212
0
LINE
8
BLACK
6
CONTINUOUS
10
-0.162401062992126
20
1.7653749606299212
11
-0.1639763779527559
21
1.7554287401574802
0
LINE
8
BLACK
6
CONTINUOUS
10
-0.1639763779527559
20
1.7554287401574802
11
-0.1639763779527559
21
1.7453587007874016
0
LINE
8
BLACK
6
CONTINUOUS
10
0.0360236220472441
20
1.7453587007874016
11
0.037598937007874
21
1.7354124803149606
0
LINE
8
BLACK
6
CONTINUOUS
10
0.037598937007874
20
1.7354124803149606
11
0.0407106692913386
21
1.7258353937007873
0
LINE
8
BLACK
6
CONTINUOUS
10
0.0407106692913386
20
1.7258353937007873
11
0.0407107086614173
21
1.7258352755905511
0
LINE
8
BLACK
6
CONTINUOUS
10
0.0407107086614173
20
1.7258352755905511
11
0.0452824803149606
21
1.7168627559055119
0
LINE
8
BLACK
6
CONTINUOUS
10
0.0452824803149606
20
1.7168627559055119
11
0.0483405511811024
21
1.7126537401574802
0
LINE
8
BLACK
6
CONTINUOUS
10
0.0483405511811024
20
1.7126537401574802
11
0.0483405511811024
21
1.7126537007874016
0
LINE
8
BLACK
6
CONTINUOUS
10
0.0483405511811024
20
1.7126537007874016
11
0.0625312204724409
21
1.7268444094488189
0
LINE
8
BLACK
6
CONTINUOUS
10
0.0625312204724409
20
1.7268444094488189
11
0.0622354330708661
21
1.7272515354330709
0
LINE
8
BLACK
6
CONTINUOUS
10
0.0622354330708661
20
1.7272515354330709
11
0.059080157480315
21
1.7334441338582676
0
LINE
8
BLACK
6
CONTINUOUS
10
0.059080157480315
20
1.7334441338582676
11
0.0569324409448819
21
1.740054094488189
0
LINE
8
BLACK
6
CONTINUOUS
10
0.0569324409448819
20
1.740054094488189
11
0.0558451968503937
21
1.7469186614173229
0
LINE
8
BLACK
6
CONTINUOUS
10
0.0558451968503937
20
1.7469186614173229
11
0.0558451968503937
21
1.7538687401574802
0
LINE
8
BLACK
6
CONTINUOUS
10
0.0558451968503937
20
1.7538687401574802
11
0.0569324409448819
21
1.7607333070866142
0
LINE
8
BLACK
6
CONTINUOUS
10
0.0569324409448819
20
1.7607333070866142
11
0.059080157480315
21
1.7673432677165355
0
LINE
8
BLACK
6
CONTINUOUS
10
0.059080157480315
20
1.7673432677165355
11
0.0622354330708661
21
1.7735358661417322
0
LINE
8
BLACK
6
CONTINUOUS
10
0.0622354330708661
20
1.7735358661417322
11
0.0625312598425197
21
1.7739430708661417
0
LINE
8
BLACK
6
CONTINUOUS
10
0.0625312598425197
20
1.7739430708661417
11
0.0483405511811024
21
1.7881337795275589
0
LINE
8
BLACK
6
CONTINUOUS
10
0.0483405511811024
20
1.7881337795275589
11
0.0483405118110236
21
1.7881337401574802
0
LINE
8
BLACK
6
CONTINUOUS
10
0.0483405118110236
20
1.7881337401574802
11
0.0452825590551181
21
1.7839248031496062
0
LINE
8
BLACK
6
CONTINUOUS
10
0.0452825590551181
20
1.7839248031496062
11
0.0407107086614173
21
1.7749521653543308
0
LINE
8
BLACK
6
CONTINUOUS
10
0.0407107086614173
20
1.7749521653543308
11
0.0407106692913386
21
1.7749520472440945
0
LINE
8
BLACK
6
CONTINUOUS
10
0.0407106692913386
20
1.7749520472440945
11
0.037598937007874
21
1.7653749606299212
0
LINE
8
BLACK
6
CONTINUOUS
10
0.037598937007874
20
1.7653749606299212
11
0.0360236220472441
21
1.7554287401574802
0
LINE
8
BLACK
6
CONTINUOUS
10
0.0360236220472441
20
1.7554287401574802
11
0.0360236220472441
21
1.7453587007874016
0
LINE
8
BLACK
6
CONTINUOUS
10
-0.1639763779527559
20
1.9453587007874016
11
-0.162401062992126
21
1.9354124803149606
0
LINE
8
BLACK
6
CONTINUOUS
10
-0.162401062992126
20
1.9354124803149606
11
-0.1592893307086614
21
1.9258353937007873
0
LINE
8
BLACK
6
CONTINUOUS
10
-0.1592893307086614
20
1.9258353937007873
11
-0.1592892913385827
21
1.9258352755905512
0
LINE
8
BLACK
6
CONTINUOUS
10
-0.1592892913385827
20
1.9258352755905512
11
-0.1547175196850394
21
1.9168627559055118
0
LINE
8
BLACK
6
CONTINUOUS
10
-0.1547175196850394
20
1.9168627559055118
11
-0.1516594488188976
21
1.9126537401574804
0
LINE
8
BLACK
6
CONTINUOUS
10
-0.1516594488188976
20
1.9126537401574804
11
-0.1516594488188976
21
1.9126537007874016
0
LINE
8
BLACK
6
CONTINUOUS
10
-0.1516594488188976
20
1.9126537007874016
11
-0.1374687795275591
21
1.9268444094488189
0
LINE
8
BLACK
6
CONTINUOUS
10
-0.1374687795275591
20
1.9268444094488189
11
-0.1377645669291339
21
1.9272515354330708
0
LINE
8
BLACK
6
CONTINUOUS
10
-0.1377645669291339
20
1.9272515354330708
11
-0.140919842519685
21
1.9334441338582677
0
LINE
8
BLACK
6
CONTINUOUS
10
-0.140919842519685
20
1.9334441338582677
11
-0.1430675590551181
21
1.940054094488189
0
LINE
8
BLACK
6
CONTINUOUS
10
-0.1430675590551181
20
1.940054094488189
11
-0.1441548031496063
21
1.9469186614173228
0
LINE
8
BLACK
6
CONTINUOUS
10
-0.1441548031496063
20
1.9469186614173228
11
-0.1441548031496063
21
1.9538687401574804
0
LINE
8
BLACK
6
CONTINUOUS
10
-0.1441548031496063
20
1.9538687401574804
11
-0.1430675590551181
21
1.9607333070866142
0
LINE
8
BLACK
6
CONTINUOUS
10
-0.1430675590551181
20
1.9607333070866142
11
-0.140919842519685
21
1.9673432677165354
0
LINE
8
BLACK
6
CONTINUOUS
10
-0.140919842519685
20
1.9673432677165354
11
-0.1377645669291339
21
1.9735358661417322
0
LINE
8
BLACK
6
CONTINUOUS
10
-0.1377645669291339
20
1.9735358661417322
11
-0.1374687401574803
21
1.9739430708661416
0
LINE
8
BLACK
6
CONTINUOUS
10
-0.1374687401574803
20
1.9739430708661416
11
-0.1516594488188976
21
1.9881337795275591
0
LINE
8
BLACK
6
CONTINUOUS
10
-0.1516594488188976
20
1.9881337795275591
11
-0.1516594881889764
21
1.9881337401574803
0
LINE
8
BLACK
6
CONTINUOUS
10
-0.1516594881889764
20
1.9881337401574803
11
-0.1547174409448819
21
1.9839248031496062
0
LINE
8
BLACK
6
CONTINUOUS
10
-0.1547174409448819
20
1.9839248031496062
11
-0.1592892913385827
21
1.9749521653543307
0
LINE
8
BLACK
6
CONTINUOUS
10
-0.1592892913385827
20
1.9749521653543307
11
-0.1592893307086614
21
1.9749520472440945
0
LINE
8
BLACK
6
CONTINUOUS
10
-0.1592893307086614
20
1.9749520472440945
11
-0.162401062992126
21
1.9653749606299211
0
LINE
8
BLACK
6
CONTINUOUS
10
-0.162401062992126
20
1.9653749606299211
11
-0.1639763779527559
21
1.9554287401574804
0
LINE
8
BLACK
6
CONTINUOUS
10
-0.1639763779527559
20
1.9554287401574804
11
-0.1639763779527559
21
1.9453587007874016
0
LINE
8
BLACK
6
CONTINUOUS
10
0.0360236220472441
20
1.9453587007874016
11
0.037598937007874
21
1.9354124803149606
0
LINE
8
BLACK
6
CONTINUOUS
10
0.037598937007874
20
1.9354124803149606
11
0.0407106692913386
21
1.9258353937007873
0
LINE
8
BLACK
6
CONTINUOUS
10
0.0407106692913386
20
1.9258353937007873
11
0.0407107086614173
21
1.9258352755905512
0
LINE
8
BLACK
6
CONTINUOUS
10
0.0407107086614173
20
1.9258352755905512
11
0.0452824803149606
21
1.9168627559055118
0
LINE
8
BLACK
6
CONTINUOUS
10
0.0452824803149606
20
1.9168627559055118
11
0.0483405511811024
21
1.9126537401574804
0
LINE
8
BLACK
6
CONTINUOUS
10
0.0483405511811024
20
1.9126537401574804
11
0.0483405511811024
21
1.9126537007874016
0
LINE
8
BLACK
6
CONTINUOUS
10
0.0483405511811024
20
1.9126537007874016
11
0.0625312204724409
21
1.9268444094488189
0
LINE
8
BLACK
6
CONTINUOUS
10
0.0625312204724409
20
1.9268444094488189
11
0.0622354330708661
21
1.9272515354330708
0
LINE
8
BLACK
6
CONTINUOUS
10
0.0622354330708661
20
1.9272515354330708
11
0.059080157480315
21
1.9334441338582677
0
LINE
8
BLACK
6
CONTINUOUS
10
0.059080157480315
20
1.9334441338582677
11
0.0569324409448819
21
1.940054094488189
0
LINE
8
BLACK
6
CONTINUOUS
10
0.0569324409448819
20
1.940054094488189
11
0.0558451968503937
21
1.9469186614173228
0
LINE
8
BLACK
6
CONTINUOUS
10
0.0558451968503937
20
1.9469186614173228
11
0.0558451968503937
21
1.9538687401574804
0
LINE
8
BLACK
6
CONTINUOUS
10
0.0558451968503937
20
1.9538687401574804
11
0.0569324409448819
21
1.9607333070866142
0
LINE
8
BLACK
6
CONTINUOUS
10
0.0569324409448819
20
1.9607333070866142
11
0.059080157480315
21
1.9673432677165354
0
LINE
8
BLACK
6
CONTINUOUS
10
0.059080157480315
20
1.9673432677165354
11
0.0622354330708661
21
1.9735358661417322
0
LINE
8
BLACK
6
CONTINUOUS
10
0.0622354330708661
20
1.9735358661417322
11
0.0625312598425197
21
1.9739430708661416
0
LINE
8
BLACK
6
CONTINUOUS
10
0.0625312598425197
20
1.9739430708661416
11
0.0483405511811024
21
1.9881337795275591
0
LINE
8
BLACK
6
CONTINUOUS
10
0.0483405511811024
20
1.9881337795275591
11
0.0483405118110236
21
1.9881337401574803
0
LINE
8
BLACK
6
CONTINUOUS
10
0.0483405118110236
20
1.9881337401574803
11
0.0452825590551181
21
1.9839248031496062
0
LINE
8
BLACK
6
CONTINUOUS
10
0.0452825590551181
20
1.9839248031496062
11
0.0407107086614173
21
1.9749521653543307
0
LINE
8
BLACK
6
CONTINUOUS
10
0.0407107086614173
20
1.9749521653543307
11
0.0407106692913386
21
1.9749520472440945
0
LINE
8
BLACK
6
CONTINUOUS
10
0.0407106692913386
20
1.9749520472440945
11
0.037598937007874
21
1.9653749606299211
0
LINE
8
BLACK
6
CONTINUOUS
10
0.037598937007874
20
1.9653749606299211
11
0.0360236220472441
21
1.9554287401574804
0
LINE
8
BLACK
6
CONTINUOUS
10
0.0360236220472441
20
1.9554287401574804
11
0.0360236220472441
21
1.9453587007874016
0
CIRCLE
8
BLACK
10
0.45
20
-1.918503937007874
40
0.0068897637795276
0
CIRCLE
8
BLACK
10
0.45
20
-2.0185039370078739
40
0.0068897637795276
0
CIRCLE
8
BLACK
10
0.35
20
-1.918503937007874
40
0.0068897637795276
0
CIRCLE
8
BLACK
10
0.35
20
-2.0185039370078739
40
0.0068897637795276
0
CIRCLE
8
BLACK
10
0.25
20
-1.918503937007874
40
0.0068897637795276
0
CIRCLE
8
BLACK
10
0.25
20
-2.0185039370078739
40
0.0068897637795276
0
CIRCLE
8
BLACK
10
0.15
20
-1.918503937007874
40
0.0068897637795276
0
CIRCLE
8
BLACK
10
0.15
20
-2.0185039370078739
40
0.0068897637795276
0
CIRCLE
8
BLACK
10
0.05
20
-1.918503937007874
40
0.0068897637795276
0
CIRCLE
8
BLACK
10
0.05
20
-2.0185039370078739
40
0.0068897637795276
0
CIRCLE
8
BLACK
10
-0.05
20
-1.918503937007874
40
0.0068897637795276
0
CIRCLE
8
BLACK
10
-0.05
20
-2.0185039370078739
40
0.0068897637795276
0
CIRCLE
8
BLACK
10
-0.15
20
-1.918503937007874
40
0.0068897637795276
0
CIRCLE
8
BLACK
10
-0.15
20
-2.0185039370078739
40
0.0068897637795276
0
CIRCLE
8
BLACK
10
-0.25
20
-1.918503937007874
40
0.0068897637795276
0
CIRCLE
8
BLACK
10
-0.25
20
-2.0185039370078739
40
0.0068897637795276
0
CIRCLE
8
BLACK
10
-0.35
20
-1.918503937007874
40
0.0068897637795276
0
CIRCLE
8
BLACK
10
-0.35
20
-2.0185039370078739
40
0.0068897637795276
0
CIRCLE
8
BLACK
10
-0.45
20
-1.918503937007874
40
0.0068897637795276
0
CIRCLE
8
BLACK
10
-0.45
20
-2.0185039370078739
40
0.0068897637795276
0
CIRCLE
8
BLACK
10
0.7858267716535433
20
-1.9196850393700786
40
0.0068897637795276
0
CIRCLE
8
BLACK
10
0.8858267716535433
20
-1.9196850393700786
40
0.0068897637795276
0
CIRCLE
8
BLACK
10
0.7858267716535433
20
-2.0196850393700787
40
0.0068897637795276
0
CIRCLE
8
BLACK
10
0.8858267716535433
20
-2.0196850393700787
40
0.0068897637795276
0
CIRCLE
8
BLACK
10
0.7858267716535433
20
-2.1196850393700788
40
0.0068897637795276
0
CIRCLE
8
BLACK
10
0.8858267716535433
20
-2.1196850393700788
40
0.0068897637795276
0
CIRCLE
8
BLACK
10
0.
20
1.8503937007874016
40
0.0068897637795276
0
CIRCLE
8
BLACK
10
-0.1
20
1.9503937007874015
40
0.0068897637795276
0
CIRCLE
8
BLACK
10
-0.1
20
1.7503937007874015
40
0.0068897637795276
0
CIRCLE
8
BLACK
10
0.1
20
1.9503937007874015
40
0.0068897637795276
0
CIRCLE
8
BLACK
10
0.1
20
1.7503937007874015
40
0.0068897637795276
0
CIRCLE
8
BLACK
10
-1.1259842519685039
20
0.9448818897637795
40
0.0078740157480315
0
CIRCLE
8
BLACK
10
-1.0314960629921259
20
1.094488188976378
40
0.0078740157480315
0
CIRCLE
8
BLACK
10
-1.0314960629921259
20
1.1653543307086613
40
0.0078740157480315
0
CIRCLE
8
BLACK
10
-0.8307086614173228
20
1.8779527559055118
40
0.0078740157480315
0
CIRCLE
8
BLACK
10
-0.8307086614173228
20
1.8149606299212597
40
0.0078740157480315
0
CIRCLE
8
BLACK
10
-1.1929133858267715
20
0.9448818897637795
40
0.0078740157480315
0
CIRCLE
8
BLACK
10
-1.1338582677165354
20
1.3818897637795275
40
0.0078740157480315
0
CIRCLE
8
BLACK
10
-0.6141732283464567
20
1.4133858267716535
40
0.0078740157480315
0
CIRCLE
8
BLACK
10
-0.8235433464566929
20
0.9796062598425197
40
0.0078740157480315
0
CIRCLE
8
BLACK
10
-0.9606299212598425
20
0.8346456692913385
40
0.0078740157480315
0
CIRCLE
8
BLACK
10
-0.0433070866141732
20
-1.6998031496062991
40
0.0078740157480315
0
CIRCLE
8
BLACK
10
-0.9160092913385827
20
0.833332125984252
40
0.0078740157480315
0
CIRCLE
8
BLACK
10
-0.1496062992125984
20
-1.3740157480314961
40
0.0078740157480315
0
CIRCLE
8
BLACK
10
-0.8700787401574803
20
0.8346456692913385
40
0.0078740157480315
0
CIRCLE
8
BLACK
10
-0.2440944881889764
20
-1.2204724409448819
40
0.0078740157480315
0
CIRCLE
8
BLACK
10
-0.7244094488188976
20
-0.4173228346456693
40
0.0078740157480315
0
CIRCLE
8
BLACK
10
-0.9645669291338582
20
-0.405511811023622
40
0.0078740157480315
0
CIRCLE
8
BLACK
10
-0.5821175590551181
20
-1.3824493700787401
40
0.0078740157480315
0
CIRCLE
8
BLACK
10
-0.6681721653543307
20
-1.4853711417322835
40
0.0078740157480315
0
CIRCLE
8
BLACK
10
-1.3503937007874016
20
-0.1929133858267716
40
0.0078740157480315
0
CIRCLE
8
BLACK
10
-0.6805228740157481
20
-1.0753826377952755
40
0.0078740157480315
0
CIRCLE
8
BLACK
10
-0.563531811023622
20
-0.373476062992126
40
0.0078740157480315
0
CIRCLE
8
BLACK
10
-0.9645669291338582
20
0.0669291338582677
40
0.0078740157480315
0
CIRCLE
8
BLACK
10
-1.3503937007874016
20
-0.2716535433070866
40
0.0078740157480315
0
CIRCLE
8
BLACK
10
0.4386667716535433
20
-1.3756746456692912
40
0.0078740157480315
0
CIRCLE
8
BLACK
10
-0.9718614566929134
20
-0.9927054724409449
40
0.0078740157480315
0
CIRCLE
8
BLACK
10
-0.006754842519685
20
-0.930253031496063
40
0.0078740157480315
0
CIRCLE
8
BLACK
10
-0.6192095275590551
20
-0.3177983464566929
40
0.0078740157480315
0
CIRCLE
8
BLACK
10
-0.8543307086614172
20
0.1811023622047244
40
0.0078740157480315
0
CIRCLE
8
BLACK
10
-1.1732283464566928
20
-0.5984251968503936
40
0.0078740157480315
0
CIRCLE
8
BLACK
10
-1.3503937007874016
20
-0.3503937007874016
40
0.0078740157480315
0
CIRCLE
8
BLACK
10
-0.4021344094488189
20
-1.3537711023622048
40
0.0078740157480315
0
CIRCLE
8
BLACK
10
-0.6248451968503936
20
-1.13106031496063
40
0.0078740157480315
0
CIRCLE
8
BLACK
10
-1.3503937007874016
20
-0.5078740157480315
40
0.0078740157480315
0
CIRCLE
8
BLACK
10
-1.057916062992126
20
-1.0956272440944881
40
0.0078740157480315
0
CIRCLE
8
BLACK
10
-0.0624325196850394
20
-0.8745753543307087
40
0.0078740157480315
0
CIRCLE
8
BLACK
10
-0.860506062992126
20
-1.1040608661417322
40
0.0078740157480315
0
CIRCLE
8
BLACK
10
0.3829890551181102
20
-1.3199969291338582
40
0.0078740157480315
0
CIRCLE
8
BLACK
10
-0.7125984251968503
20
0.1653543307086614
40
0.0078740157480315
0
CIRCLE
8
BLACK
10
-0.3408210236220472
20
-0.5961868503937008
40
0.0078740157480315
0
CIRCLE
8
BLACK
10
-1.3503937007874016
20
-0.6653543307086615
40
0.0078740157480315
0
CIRCLE
8
BLACK
10
-0.6653344488188976
20
-0.8582875984251969
40
0.0078740157480315
0
CIRCLE
8
BLACK
10
-0.916183779527559
20
-1.0483831496062992
40
0.0078740157480315
0
CIRCLE
8
BLACK
10
-0.9645669291338582
20
0.1456692913385827
40
0.0078740157480315
0
CIRCLE
8
BLACK
10
-1.1732283464566928
20
-0.1259842519685039
40
0.0078740157480315
0
CIRCLE
8
BLACK
10
0.3273113385826771
20
-1.2643192125984251
40
0.0078740157480315
0
CIRCLE
8
BLACK
10
-0.6377952755905512
20
-1.326771653543307
40
0.0078740157480315
0
CIRCLE
8
BLACK
10
-0.7125984251968503
20
-0.1496062992125984
40
0.0078740157480315
0
CIRCLE
8
BLACK
10
-0.1181102362204724
20
-0.8188976377952756
40
0.0078740157480315
0
CIRCLE
8
BLACK
10
-0.494923937007874
20
-0.6704303937007874
40
0.0078740157480315
0
CIRCLE
8
BLACK
10
-1.3503937007874016
20
-0.7440944881889764
40
0.0078740157480315
0
CIRCLE
8
BLACK
10
-1.3503937007874016
20
0.0433070866141732
40
0.0078740157480315
0
CIRCLE
8
BLACK
10
-0.2722131496062992
20
-0.8931411811023622
40
0.0078740157480315
0
CIRCLE
8
BLACK
10
-1.1732283464566928
20
0.031496062992126
40
0.0078740157480315
0
CIRCLE
8
BLACK
10
-0.0528797637795276
20
-1.4707422834645669
40
0.0078740157480315
0
CIRCLE
8
BLACK
10
-1.3503937007874016
20
0.437007874015748
40
0.0078740157480315
0
CIRCLE
8
BLACK
10
-0.8543307086614172
20
-0.6062992125984252
40
0.0078740157480315
0
CIRCLE
8
BLACK
10
-0.9645669291338582
20
-0.484251968503937
40
0.0078740157480315
0
CIRCLE
8
BLACK
10
-0.5539790551181102
20
-0.9696429921259843
40
0.0078740157480315
0
CIRCLE
8
BLACK
10
0.1732084645669291
20
-1.3385627952755905
40
0.0078740157480315
0
CIRCLE
8
BLACK
10
-0.6062793307086614
20
-0.559075
40
0.0078740157480315
0
CIRCLE
8
BLACK
10
-0.8352052755905511
20
-1.3183380314960629
40
0.0078740157480315
0
CIRCLE
8
BLACK
10
-0.3964987401574803
20
-0.5405091338582677
40
0.0078740157480315
0
CIRCLE
8
BLACK
10
-0.4521764173228346
20
-0.4848314566929134
40
0.0078740157480315
0
CIRCLE
8
BLACK
10
0.2288861417322835
20
-1.394240472440945
40
0.0078740157480315
0
CIRCLE
8
BLACK
10
-0.8543307086614172
20
-0.0551181102362205
40
0.0078740157480315
0
CIRCLE
8
BLACK
10
-1.1732283464566928
20
0.3464566929133858
40
0.0078740157480315
0
CIRCLE
8
BLACK
10
-0.8543307086614172
20
-0.4488188976377953
40
0.0078740157480315
0
CIRCLE
8
BLACK
10
0.2716336614173228
20
-1.2086415354330708
40
0.0078740157480315
0
CIRCLE
8
BLACK
10
-1.0832168503937007
20
-0.8813500787401575
40
0.0078740157480315
0
CIRCLE
8
BLACK
10
-0.8543307086614172
20
-0.2913385826771653
40
0.0078740157480315
0
CIRCLE
8
BLACK
10
0.0618530708661417
20
-1.2272074015748031
40
0.0078740157480315
0
CIRCLE
8
BLACK
10
-0.7244094488188976
20
-0.5748031496062992
40
0.0078740157480315
0
CIRCLE
8
BLACK
10
0.1046005511811024
20
-1.0416084251968503
40
0.0078740157480315
0
CIRCLE
8
BLACK
10
-0.8048283858267716
20
-1.1597385433070866
40
0.0078740157480315
0
CIRCLE
8
BLACK
10
-0.9645669291338582
20
0.3818897637795275
40
0.0078740157480315
0
CIRCLE
8
BLACK
10
0.2845638582677165
20
-1.4499181889763779
40
0.0078740157480315
0
CIRCLE
8
BLACK
10
-0.9645669291338582
20
-0.1692913385826772
40
0.0078740157480315
0
CIRCLE
8
BLACK
10
0.3402415748031496
20
-1.5055959055118109
40
0.0078740157480315
0
CIRCLE
8
BLACK
10
-0.2294656299212599
20
-0.7075422440944882
40
0.0078740157480315
0
CIRCLE
8
BLACK
10
-0.8543307086614172
20
0.4173228346456693
40
0.0078740157480315
0
CIRCLE
8
BLACK
10
-0.9645669291338582
20
0.3031496062992126
40
0.0078740157480315
0
CIRCLE
8
BLACK
10
-1.1692714566929134
20
-0.9842718503937008
40
0.0078740157480315
0
CIRCLE
8
BLACK
10
-0.4983013385826772
20
-1.0253207086614173
40
0.0078740157480315
0
CIRCLE
8
BLACK
10
-0.8646457480314961
20
1.130708622047244
40
0.0078740157480315
0
CIRCLE
8
BLACK
10
-0.5011390551181102
20
-1.6524042519685038
40
0.0078740157480315
0
CIRCLE
8
BLACK
10
-1.3503937007874016
20
-0.1141732283464567
40
0.0078740157480315
0
CIRCLE
8
BLACK
10
-0.7491506692913386
20
-1.2154162598425196
40
0.0078740157480315
0
CIRCLE
8
BLACK
10
-0.7125984251968503
20
0.4015748031496063
40
0.0078740157480315
0
CIRCLE
8
BLACK
10
-1.3503937007874016
20
0.1220472440944882
40
0.0078740157480315
0
CIRCLE
8
BLACK
10
-0.8543307086614172
20
0.3385826771653543
40
0.0078740157480315
0
CIRCLE
8
BLACK
10
-1.1732283464566928
20
-0.2834645669291339
40
0.0078740157480315
0
CIRCLE
8
BLACK
10
-1.3503937007874016
20
0.515748031496063
40
0.0078740157480315
0
CIRCLE
8
BLACK
10
-0.5568167716535433
20
-1.5967265354330709
40
0.0078740157480315
0
CIRCLE
8
BLACK
10
-0.3464566929133858
20
-1.4094488188976377
40
0.0078740157480315
0
CIRCLE
8
BLACK
10
-0.9645669291338582
20
0.5393700787401575
40
0.0078740157480315
0
CIRCLE
8
BLACK
10
-1.1062992125984252
20
0.8858267716535433
40
0.0078740157480315
0
CIRCLE
8
BLACK
10
-1.3503937007874016
20
-0.0354330708661417
40
0.0078740157480315
0
CIRCLE
8
BLACK
10
-0.5264398818897638
20
-1.4381270472440943
40
0.0078740157480315
0
CIRCLE
8
BLACK
10
-1.1732283464566928
20
-0.6771653543307087
40
0.0078740157480315
0
CIRCLE
8
BLACK
10
-0.9645669291338582
20
-0.3267716535433071
40
0.0078740157480315
0
CIRCLE
8
BLACK
10
-0.723849842519685
20
-1.429693464566929
40
0.0078740157480315
0
CIRCLE
8
BLACK
10
-0.8543307086614172
20
0.0236220472440945
40
0.0078740157480315
0
CIRCLE
8
BLACK
10
-0.4454613779527559
20
-1.7080819291338583
40
0.0078740157480315
0
CIRCLE
8
BLACK
10
-0.0495023228346457
20
-1.1158520078740157
40
0.0078740157480315
0
CIRCLE
8
BLACK
10
-1.3503937007874016
20
-0.5866141732283464
40
0.0078740157480315
0
CIRCLE
8
BLACK
10
-1.0275391732283465
20
-0.9370277559055118
40
0.0078740157480315
0
CIRCLE
8
BLACK
10
-0.9645669291338582
20
-0.2480314960629921
40
0.0078740157480315
0
CIRCLE
8
BLACK
10
-0.6934729921259842
20
-1.271093937007874
40
0.0078740157480315
0
CIRCLE
8
BLACK
10
-0.776689842519685
20
-0.7469322047244095
40
0.0078740157480315
0
CIRCLE
8
BLACK
10
-0.7125984251968503
20
0.2440944881889764
40
0.0078740157480315
0
CIRCLE
8
BLACK
10
-1.1062992125984252
20
0.8110236220472441
40
0.0078740157480315
0
CIRCLE
8
BLACK
10
-0.6096567322834645
20
-0.9139653149606299
40
0.0078740157480315
0
CIRCLE
8
BLACK
10
-1.2806268503937008
20
-0.8729164566929134
40
0.0078740157480315
0
CIRCLE
8
BLACK
10
-0.7125984251968503
20
0.0866141732283465
40
0.0078740157480315
0
CIRCLE
8
BLACK
10
-0.7244094488188976
20
-0.4960629921259843
40
0.0078740157480315
0
CIRCLE
8
BLACK
10
-1.1732283464566928
20
0.2677165354330708
40
0.0078740157480315
0
CIRCLE
8
BLACK
10
-0.736200590551181
20
-1.0197049212598426
40
0.0078740157480315
0
CIRCLE
8
BLACK
10
-0.7125984251968503
20
0.3228346456692913
40
0.0078740157480315
0
CIRCLE
8
BLACK
10
-0.4707621653543307
20
-1.4938047637795275
40
0.0078740157480315
0
CIRCLE
8
BLACK
10
-1.1732283464566928
20
-0.3622047244094488
40
0.0078740157480315
0
CIRCLE
8
BLACK
10
-0.2227505511811023
20
-1.9307927559055118
40
0.0078740157480315
0
CIRCLE
8
BLACK
10
-0.6124944488188976
20
-1.5410488582677164
40
0.0078740157480315
0
CIRCLE
8
BLACK
10
-0.7125984251968503
20
0.5590551181102362
40
0.0078740157480315
0
CIRCLE
8
BLACK
10
-0.4150844881889764
20
-1.5494824409448817
40
0.0078740157480315
0
CIRCLE
8
BLACK
10
-1.1732283464566928
20
-0.5196850393700787
40
0.0078740157480315
0
CIRCLE
8
BLACK
10
-1.3503937007874016
20
0.358267716535433
40
0.0078740157480315
0
CIRCLE
8
BLACK
10
-1.1388945669291339
20
-0.8256723622047244
40
0.0078740157480315
0
CIRCLE
8
BLACK
10
0.048922874015748
20
-0.9859307480314961
40
0.0078740157480315
0
CIRCLE
8
BLACK
10
-1.3503937007874016
20
0.2795275590551181
40
0.0078740157480315
0
CIRCLE
8
BLACK
10
-1.1732283464566928
20
0.4251968503937008
40
0.0078740157480315
0
CIRCLE
8
BLACK
10
0.2159559448818898
20
-1.1529638188976377
40
0.0078740157480315
0
CIRCLE
8
BLACK
10
-1.1732283464566928
20
-0.7559055118110236
40
0.0078740157480315
0
CIRCLE
8
BLACK
10
-0.3312682677165354
20
-1.1923537795275589
40
0.0078740157480315
0
CIRCLE
8
BLACK
10
-0.4578120866141732
20
-1.2980934251968503
40
0.0078740157480315
0
CIRCLE
8
BLACK
10
-0.8543307086614172
20
-0.5275590551181102
40
0.0078740157480315
0
CIRCLE
8
BLACK
10
-0.5078541338582677
20
-0.4291537401574803
40
0.0078740157480315
0
CIRCLE
8
BLACK
10
-0.8543307086614172
20
0.2598425196850394
40
0.0078740157480315
0
CIRCLE
8
BLACK
10
-0.8543307086614172
20
-0.3700787401574803
40
0.0078740157480315
0
CIRCLE
8
BLACK
10
0.1175307480314961
20
-1.2828850787401576
40
0.0078740157480315
0
CIRCLE
8
BLACK
10
-0.8543307086614172
20
0.1023622047244094
40
0.0078740157480315
0
CIRCLE
8
BLACK
10
-1.2249491338582676
20
-0.9285941732283465
40
0.0078740157480315
0
CIRCLE
8
BLACK
10
-0.9645669291338582
20
0.4606299212598425
40
0.0078740157480315
0
CIRCLE
8
BLACK
10
-0.8543307086614172
20
-0.6850393700787402
40
0.0078740157480315
0
CIRCLE
8
BLACK
10
-1.1732283464566928
20
0.1889763779527559
40
0.0078740157480315
0
CIRCLE
8
BLACK
10
-0.8908829527559055
20
-1.2626603543307087
40
0.0078740157480315
0
CIRCLE
8
BLACK
10
-0.5691674803149607
20
-1.1867380314960629
40
0.0078740157480315
0
CIRCLE
8
BLACK
10
-0.8543307086614172
20
0.4960629921259843
40
0.0078740157480315
0
CIRCLE
8
BLACK
10
-0.9645669291338582
20
0.2244094488188976
40
0.0078740157480315
0
CIRCLE
8
BLACK
10
-0.7125984251968503
20
0.4803149606299212
40
0.0078740157480315
0
CIRCLE
8
BLACK
10
-1.1732283464566928
20
-0.2047244094488189
40
0.0078740157480315
0
CIRCLE
8
BLACK
10
-0.3869459448818898
20
-1.1366761023622047
40
0.0078740157480315
0
CIRCLE
8
BLACK
10
-0.4392462204724409
20
-0.7261081102362205
40
0.0078740157480315
0
CIRCLE
8
BLACK
10
0.0027979527559055
20
-1.5264199999999999
40
0.0078740157480315
0
CIRCLE
8
BLACK
10
-0.7125984251968503
20
0.0078740157480315
40
0.0078740157480315
0
CIRCLE
8
BLACK
10
-0.9645669291338582
20
-0.6417322834645669
40
0.0078740157480315
0
CIRCLE
8
BLACK
10
-0.1737879527559055
20
-0.7632199212598425
40
0.0078740157480315
0
CIRCLE
8
BLACK
10
-0.9465606692913385
20
-1.2069826377952755
40
0.0078740157480315
0
CIRCLE
8
BLACK
10
-0.4426236614173228
20
-1.0809983858267715
40
0.0078740157480315
0
CIRCLE
8
BLACK
10
-0.9645669291338582
20
-0.7204724409448818
40
0.0078740157480315
0
CIRCLE
8
BLACK
10
-0.2165354330708661
20
-0.9488188976377953
40
0.0078740157480315
0
CIRCLE
8
BLACK
10
-0.5134898031496062
20
-1.2424157086614174
40
0.0078740157480315
0
CIRCLE
8
BLACK
10
-0.9645669291338582
20
-0.7992125984251969
40
0.0078740157480315
0
CIRCLE
8
BLACK
10
-0.7918782677165355
20
-0.9640272440944881
40
0.0078740157480315
0
CIRCLE
8
BLACK
10
0.0061753543307087
20
-1.1715296850393702
40
0.0078740157480315
0
CIRCLE
8
BLACK
10
-0.2851433464566929
20
-0.6518645275590551
40
0.0078740157480315
0
CIRCLE
8
BLACK
10
-0.5506016141732283
20
-0.6147527165354331
40
0.0078740157480315
0
CIRCLE
8
BLACK
10
-1.0022383464566929
20
-1.1513049606299213
40
0.0078740157480315
0
CIRCLE
8
BLACK
10
-0.3278908267716535
20
-0.8374635039370079
40
0.0078740157480315
0
CIRCLE
8
BLACK
10
-0.7125984251968503
20
-0.2283464566929134
40
0.0078740157480315
0
CIRCLE
8
BLACK
10
-1.3503937007874016
20
0.2007874015748032
40
0.0078740157480315
0
CIRCLE
8
BLACK
10
-0.3835685433070866
20
-0.7817857874015748
40
0.0078740157480315
0
CIRCLE
8
BLACK
10
-1.1732283464566928
20
0.1102362204724409
40
0.0078740157480315
0
CIRCLE
8
BLACK
10
-0.1608577165354331
20
-1.0044966141732283
40
0.0078740157480315
0
CIRCLE
8
BLACK
10
-0.1051800393700787
20
-1.0601742913385828
40
0.0078740157480315
0
CIRCLE
8
BLACK
10
-1.1732283464566928
20
-0.047244094488189
40
0.0078740157480315
0
CIRCLE
8
BLACK
10
-1.1732283464566928
20
-0.4409448818897638
40
0.0078740157480315
0
CIRCLE
8
BLACK
10
-0.7795275590551181
20
-1.3740157480314961
40
0.0078740157480315
0
CIRCLE
8
BLACK
10
-1.3503937007874016
20
-0.8228346456692913
40
0.0078740157480315
0
CIRCLE
8
BLACK
10
-0.7125984251968503
20
-0.0708661417322835
40
0.0078740157480315
0
CIRCLE
8
BLACK
10
-1.3503937007874016
20
-0.4291338582677166
40
0.0078740157480315
0
CIRCLE
8
BLACK
10
0.0584756299212598
20
-1.5820976771653543
40
0.0078740157480315
0
CIRCLE
8
BLACK
10
-0.9645669291338582
20
-0.562992125984252
40
0.0078740157480315
0
CIRCLE
8
BLACK
10
-1.1135937401574802
20
-1.0399495669291339
40
0.0078740157480315
0
CIRCLE
8
BLACK
10
0.1602782677165354
20
-1.0972861417322834
40
0.0078740157480315
  0
ENDSEC
  0
EOF
